2025-07-06 15:01:02 - ModbusReader - INFO - wind speed: 0.0 m/s, wind level: 0, wind direction angle: 126.0, wind direction: ES
2025-07-06 15:01:32 - ModbusReader - INFO - wind speed: 0.0 m/s, wind level: 0, wind direction angle: 260.2, wind direction: W
2025-07-06 15:01:33 - ModbusReader - INFO - wind speed: 0.0 m/s, wind level: 0, wind direction angle: 260.2, wind direction: W
2025-07-06 15:02:04 - ModbusReader - INFO - wind speed: 0.0 m/s, wind level: 0, wind direction angle: 31.0, wind direction: NNE
2025-07-06 15:02:04 - ModbusReader - INFO - wind speed: 0.0 m/s, wind level: 0, wind direction angle: 31.0, wind direction: NNE
2025-07-06 15:02:35 - ModbusReader - INFO - wind speed: 0.0 m/s, wind level: 0, wind direction angle: 147.5, wind direction: SSE
2025-07-06 15:02:35 - ModbusReader - INFO - wind speed: 0.0 m/s, wind level: 0, wind direction angle: 147.5, wind direction: SSE
2025-07-06 15:03:06 - ModbusReader - INFO - wind speed: 0.0 m/s, wind level: 0, wind direction angle: 137.7, wind direction: ES
2025-07-06 15:03:07 - ModbusReader - INFO - wind speed: 0.0 m/s, wind level: 0, wind direction angle: 137.7, wind direction: ES
2025-07-06 15:03:37 - ModbusReader - INFO - wind speed: 0.0 m/s, wind level: 0, wind direction angle: 77.5, wind direction: ENE
2025-07-06 15:03:38 - ModbusReader - INFO - wind speed: 0.0 m/s, wind level: 0, wind direction angle: 77.5, wind direction: ENE
2025-07-06 15:04:08 - ModbusReader - INFO - wind speed: 0.0 m/s, wind level: 0, wind direction angle: 13.6, wind direction: NNE
2025-07-06 15:04:09 - ModbusReader - INFO - wind speed: 0.0 m/s, wind level: 0, wind direction angle: 13.6, wind direction: NNE
2025-07-06 15:04:40 - ModbusReader - INFO - wind speed: 0.0 m/s, wind level: 0, wind direction angle: 50.1, wind direction: EN
2025-07-06 15:04:40 - ModbusReader - INFO - wind speed: 0.0 m/s, wind level: 0, wind direction angle: 50.1, wind direction: EN
2025-07-06 15:05:11 - ModbusReader - INFO - wind speed: 0.0 m/s, wind level: 0, wind direction angle: 197.8, wind direction: SSW
2025-07-06 15:05:11 - ModbusReader - INFO - wind speed: 0.0 m/s, wind level: 0, wind direction angle: 197.8, wind direction: SSW
2025-07-06 15:05:42 - ModbusReader - INFO - wind speed: 0.0 m/s, wind level: 0, wind direction angle: 127.4, wind direction: ES
2025-07-06 15:05:43 - ModbusReader - INFO - wind speed: 0.0 m/s, wind level: 0, wind direction angle: 127.4, wind direction: ES
2025-07-06 15:06:13 - ModbusReader - INFO - wind speed: 0.1 m/s, wind level: 0, wind direction angle: 359.8, wind direction: N
2025-07-06 15:06:14 - ModbusReader - INFO - wind speed: 0.0 m/s, wind level: 0, wind direction angle: 50.6, wind direction: EN
2025-07-06 15:06:44 - ModbusReader - INFO - wind speed: 0.0 m/s, wind level: 0, wind direction angle: 17.0, wind direction: NNE
2025-07-06 15:06:45 - ModbusReader - INFO - wind speed: 0.0 m/s, wind level: 0, wind direction angle: 17.0, wind direction: NNE
2025-07-06 15:07:16 - ModbusReader - INFO - wind speed: 0.0 m/s, wind level: 0, wind direction angle: 149.0, wind direction: SSE
2025-07-06 15:07:16 - ModbusReader - INFO - wind speed: 0.0 m/s, wind level: 0, wind direction angle: 149.0, wind direction: SSE
2025-07-06 15:07:47 - ModbusReader - INFO - wind speed: 0.8 m/s, wind level: 1, wind direction angle: 162.8, wind direction: SSE
2025-07-06 15:07:47 - ModbusReader - INFO - wind speed: 0.8 m/s, wind level: 1, wind direction angle: 162.8, wind direction: SSE
2025-07-06 15:08:18 - ModbusReader - INFO - wind speed: 0.4 m/s, wind level: 1, wind direction angle: 46.9, wind direction: EN
2025-07-06 15:08:19 - ModbusReader - INFO - wind speed: 0.4 m/s, wind level: 1, wind direction angle: 46.9, wind direction: EN
2025-07-06 15:08:49 - ModbusReader - INFO - wind speed: 0.7 m/s, wind level: 1, wind direction angle: 107.9, wind direction: ESE
2025-07-06 15:08:50 - ModbusReader - INFO - wind speed: 0.7 m/s, wind level: 1, wind direction angle: 107.9, wind direction: ESE
2025-07-06 15:09:20 - ModbusReader - INFO - wind speed: 0.8 m/s, wind level: 1, wind direction angle: 184.0, wind direction: S
2025-07-06 15:09:21 - ModbusReader - INFO - wind speed: 0.8 m/s, wind level: 1, wind direction angle: 184.0, wind direction: S
2025-07-06 15:09:52 - ModbusReader - INFO - wind speed: 0.0 m/s, wind level: 0, wind direction angle: 59.7, wind direction: ENE
2025-07-06 15:09:52 - ModbusReader - INFO - wind speed: 0.0 m/s, wind level: 0, wind direction angle: 59.7, wind direction: ENE
2025-07-06 15:10:23 - ModbusReader - INFO - wind speed: 0.0 m/s, wind level: 0, wind direction angle: 153.2, wind direction: SSE
2025-07-06 15:10:23 - ModbusReader - INFO - wind speed: 0.0 m/s, wind level: 0, wind direction angle: 153.2, wind direction: SSE
2025-07-06 15:10:54 - ModbusReader - INFO - wind speed: 0.0 m/s, wind level: 0, wind direction angle: 105.4, wind direction: ESE
2025-07-06 15:10:55 - ModbusReader - INFO - wind speed: 0.0 m/s, wind level: 0, wind direction angle: 105.4, wind direction: ESE
2025-07-06 15:11:25 - ModbusReader - INFO - wind speed: 0.0 m/s, wind level: 0, wind direction angle: 310.7, wind direction: WN
2025-07-06 15:11:26 - ModbusReader - INFO - wind speed: 0.0 m/s, wind level: 0, wind direction angle: 310.7, wind direction: WN
2025-07-06 15:11:56 - ModbusReader - INFO - wind speed: 0.0 m/s, wind level: 0, wind direction angle: 31.3, wind direction: NNE
2025-07-06 15:11:57 - ModbusReader - INFO - wind speed: 0.0 m/s, wind level: 0, wind direction angle: 31.3, wind direction: NNE
2025-07-06 15:12:28 - ModbusReader - INFO - wind speed: 0.0 m/s, wind level: 0, wind direction angle: 46.5, wind direction: EN
2025-07-06 15:12:28 - ModbusReader - INFO - wind speed: 0.0 m/s, wind level: 0, wind direction angle: 46.5, wind direction: EN
2025-07-06 15:12:59 - ModbusReader - INFO - wind speed: 0.1 m/s, wind level: 0, wind direction angle: 132.2, wind direction: ES
2025-07-06 15:12:59 - ModbusReader - INFO - wind speed: 0.1 m/s, wind level: 0, wind direction angle: 132.2, wind direction: ES
2025-07-06 15:13:30 - ModbusReader - INFO - wind speed: 0.0 m/s, wind level: 0, wind direction angle: 164.0, wind direction: SSE
2025-07-06 15:13:31 - ModbusReader - INFO - wind speed: 0.0 m/s, wind level: 0, wind direction angle: 153.9, wind direction: SSE
2025-07-06 15:14:01 - ModbusReader - INFO - wind speed: 0.0 m/s, wind level: 0, wind direction angle: 144.6, wind direction: ES
2025-07-06 15:14:02 - ModbusReader - INFO - wind speed: 0.0 m/s, wind level: 0, wind direction angle: 144.6, wind direction: ES
2025-07-06 15:14:32 - ModbusReader - INFO - wind speed: 0.0 m/s, wind level: 0, wind direction angle: 180.7, wind direction: S
2025-07-06 15:14:33 - ModbusReader - INFO - wind speed: 0.0 m/s, wind level: 0, wind direction angle: 180.7, wind direction: S
2025-07-06 15:15:04 - ModbusReader - INFO - wind speed: 0.0 m/s, wind level: 0, wind direction angle: 21.2, wind direction: NNE
2025-07-06 15:15:04 - ModbusReader - INFO - wind speed: 0.0 m/s, wind level: 0, wind direction angle: 21.2, wind direction: NNE
2025-07-06 15:15:35 - ModbusReader - INFO - wind speed: 0.0 m/s, wind level: 0, wind direction angle: 317.6, wind direction: WN
2025-07-06 15:15:35 - ModbusReader - INFO - wind speed: 0.0 m/s, wind level: 0, wind direction angle: 317.6, wind direction: WN
2025-07-06 15:16:06 - ModbusReader - INFO - wind speed: 0.0 m/s, wind level: 0, wind direction angle: 340.8, wind direction: NNW
2025-07-06 15:16:07 - ModbusReader - INFO - wind speed: 0.0 m/s, wind level: 0, wind direction angle: 340.8, wind direction: NNW
2025-07-06 15:16:37 - ModbusReader - INFO - wind speed: 0.0 m/s, wind level: 0, wind direction angle: 194.8, wind direction: SSW
2025-07-06 15:16:38 - ModbusReader - INFO - wind speed: 0.0 m/s, wind level: 0, wind direction angle: 194.8, wind direction: SSW
2025-07-06 15:17:08 - ModbusReader - INFO - wind speed: 0.0 m/s, wind level: 0, wind direction angle: 338.3, wind direction: NNW
2025-07-06 15:17:09 - ModbusReader - INFO - wind speed: 0.0 m/s, wind level: 0, wind direction angle: 338.3, wind direction: NNW
2025-07-06 15:17:40 - ModbusReader - INFO - wind speed: 0.0 m/s, wind level: 0, wind direction angle: 330.6, wind direction: NNW
2025-07-06 15:17:40 - ModbusReader - INFO - wind speed: 0.0 m/s, wind level: 0, wind direction angle: 330.6, wind direction: NNW
2025-07-06 15:18:11 - ModbusReader - INFO - wind speed: 0.0 m/s, wind level: 0, wind direction angle: 91.5, wind direction: E
2025-07-06 15:18:11 - ModbusReader - INFO - wind speed: 0.0 m/s, wind level: 0, wind direction angle: 91.5, wind direction: E
2025-07-06 15:18:42 - ModbusReader - INFO - wind speed: 0.0 m/s, wind level: 0, wind direction angle: 165.9, wind direction: SSE
2025-07-06 15:18:43 - ModbusReader - INFO - wind speed: 0.0 m/s, wind level: 0, wind direction angle: 165.9, wind direction: SSE
2025-07-06 15:19:13 - ModbusReader - INFO - wind speed: 0.0 m/s, wind level: 0, wind direction angle: 139.6, wind direction: ES
2025-07-06 15:19:14 - ModbusReader - INFO - wind speed: 0.0 m/s, wind level: 0, wind direction angle: 139.6, wind direction: ES
2025-07-06 15:19:44 - ModbusReader - INFO - wind speed: 0.0 m/s, wind level: 0, wind direction angle: 244.3, wind direction: WSW
2025-07-06 15:19:45 - ModbusReader - INFO - wind speed: 0.0 m/s, wind level: 0, wind direction angle: 244.3, wind direction: WSW
2025-07-06 15:20:16 - ModbusReader - INFO - wind speed: 0.0 m/s, wind level: 0, wind direction angle: 139.5, wind direction: ES
2025-07-06 15:20:16 - ModbusReader - INFO - wind speed: 0.0 m/s, wind level: 0, wind direction angle: 139.5, wind direction: ES
2025-07-06 15:20:47 - ModbusReader - INFO - wind speed: 0.0 m/s, wind level: 0, wind direction angle: 158.7, wind direction: SSE
2025-07-06 15:20:47 - ModbusReader - INFO - wind speed: 0.0 m/s, wind level: 0, wind direction angle: 198.9, wind direction: SSW
2025-07-06 15:21:18 - ModbusReader - INFO - wind speed: 0.0 m/s, wind level: 0, wind direction angle: 150.3, wind direction: SSE
2025-07-06 15:21:19 - ModbusReader - INFO - wind speed: 0.0 m/s, wind level: 0, wind direction angle: 150.3, wind direction: SSE
2025-07-06 15:21:49 - ModbusReader - INFO - wind speed: 0.0 m/s, wind level: 0, wind direction angle: 159.0, wind direction: SSE
2025-07-06 15:21:50 - ModbusReader - INFO - wind speed: 0.0 m/s, wind level: 0, wind direction angle: 159.0, wind direction: SSE
2025-07-06 15:22:20 - ModbusReader - INFO - wind speed: 0.0 m/s, wind level: 0, wind direction angle: 158.2, wind direction: SSE
2025-07-06 15:22:21 - ModbusReader - INFO - wind speed: 0.0 m/s, wind level: 0, wind direction angle: 158.2, wind direction: SSE
2025-07-06 15:22:52 - ModbusReader - INFO - wind speed: 0.1 m/s, wind level: 0, wind direction angle: 141.3, wind direction: ES
2025-07-06 15:22:52 - ModbusReader - INFO - wind speed: 0.1 m/s, wind level: 0, wind direction angle: 141.3, wind direction: ES
2025-07-06 15:23:23 - ModbusReader - INFO - wind speed: 0.5 m/s, wind level: 1, wind direction angle: 296.6, wind direction: WNW
2025-07-06 15:23:23 - ModbusReader - INFO - wind speed: 0.5 m/s, wind level: 1, wind direction angle: 296.6, wind direction: WNW
2025-07-06 15:23:54 - ModbusReader - INFO - wind speed: 0.0 m/s, wind level: 0, wind direction angle: 274.0, wind direction: W
2025-07-06 15:23:55 - ModbusReader - INFO - wind speed: 0.0 m/s, wind level: 0, wind direction angle: 274.0, wind direction: W
2025-07-06 15:24:25 - ModbusReader - INFO - wind speed: 0.0 m/s, wind level: 0, wind direction angle: 170.4, wind direction: S
2025-07-06 15:24:26 - ModbusReader - INFO - wind speed: 0.0 m/s, wind level: 0, wind direction angle: 170.4, wind direction: S
2025-07-06 15:24:56 - ModbusReader - INFO - wind speed: 0.0 m/s, wind level: 0, wind direction angle: 136.2, wind direction: ES
2025-07-06 15:24:57 - ModbusReader - INFO - wind speed: 0.0 m/s, wind level: 0, wind direction angle: 136.2, wind direction: ES
2025-07-06 15:25:28 - ModbusReader - INFO - wind speed: 0.0 m/s, wind level: 0, wind direction angle: 94.2, wind direction: E
2025-07-06 15:25:28 - ModbusReader - INFO - wind speed: 0.0 m/s, wind level: 0, wind direction angle: 94.2, wind direction: E
2025-07-06 15:25:59 - ModbusReader - INFO - wind speed: 0.0 m/s, wind level: 0, wind direction angle: 133.3, wind direction: ES
2025-07-06 15:25:59 - ModbusReader - INFO - wind speed: 0.0 m/s, wind level: 0, wind direction angle: 133.3, wind direction: ES
2025-07-06 15:26:30 - ModbusReader - INFO - wind speed: 0.5 m/s, wind level: 1, wind direction angle: 178.4, wind direction: S
2025-07-06 15:26:31 - ModbusReader - INFO - wind speed: 0.5 m/s, wind level: 1, wind direction angle: 178.4, wind direction: S
2025-07-06 15:27:01 - ModbusReader - INFO - wind speed: 0.0 m/s, wind level: 0, wind direction angle: 162.9, wind direction: SSE
2025-07-06 15:27:02 - ModbusReader - INFO - wind speed: 0.0 m/s, wind level: 0, wind direction angle: 162.9, wind direction: SSE
2025-07-06 15:27:32 - ModbusReader - INFO - wind speed: 0.0 m/s, wind level: 0, wind direction angle: 17.1, wind direction: NNE
2025-07-06 15:27:33 - ModbusReader - INFO - wind speed: 0.0 m/s, wind level: 0, wind direction angle: 17.1, wind direction: NNE
2025-07-06 15:28:04 - ModbusReader - INFO - wind speed: 0.9 m/s, wind level: 1, wind direction angle: 79.8, wind direction: E
2025-07-06 15:28:04 - ModbusReader - INFO - wind speed: 0.8 m/s, wind level: 1, wind direction angle: 152.8, wind direction: SSE
2025-07-06 15:28:35 - ModbusReader - INFO - wind speed: 0.9 m/s, wind level: 1, wind direction angle: 117.9, wind direction: ESE
2025-07-06 15:28:35 - ModbusReader - INFO - wind speed: 0.9 m/s, wind level: 1, wind direction angle: 117.9, wind direction: ESE
2025-07-06 15:29:06 - ModbusReader - INFO - wind speed: 1.0 m/s, wind level: 1, wind direction angle: 12.4, wind direction: NNE
2025-07-06 15:29:07 - ModbusReader - INFO - wind speed: 1.0 m/s, wind level: 1, wind direction angle: 12.4, wind direction: NNE
2025-07-06 15:29:37 - ModbusReader - INFO - wind speed: 0.6 m/s, wind level: 1, wind direction angle: 352.1, wind direction: N
2025-07-06 15:29:38 - ModbusReader - INFO - wind speed: 0.6 m/s, wind level: 1, wind direction angle: 352.1, wind direction: N
2025-07-06 15:30:08 - ModbusReader - INFO - wind speed: 0.6 m/s, wind level: 1, wind direction angle: 248.8, wind direction: WSW
2025-07-06 15:30:09 - ModbusReader - INFO - wind speed: 0.6 m/s, wind level: 1, wind direction angle: 248.8, wind direction: WSW
2025-07-06 15:30:40 - ModbusReader - INFO - wind speed: 1.0 m/s, wind level: 1, wind direction angle: 192.6, wind direction: SSW
2025-07-06 15:30:40 - ModbusReader - INFO - wind speed: 1.0 m/s, wind level: 1, wind direction angle: 192.6, wind direction: SSW
2025-07-06 15:31:11 - ModbusReader - INFO - wind speed: 0.6 m/s, wind level: 1, wind direction angle: 285.2, wind direction: WNW
2025-07-06 15:31:11 - ModbusReader - INFO - wind speed: 0.6 m/s, wind level: 1, wind direction angle: 285.2, wind direction: WNW
2025-07-06 15:31:42 - ModbusReader - INFO - wind speed: 0.4 m/s, wind level: 1, wind direction angle: 69.3, wind direction: ENE
2025-07-06 15:31:43 - ModbusReader - INFO - wind speed: 0.4 m/s, wind level: 1, wind direction angle: 69.3, wind direction: ENE
2025-07-06 15:32:13 - ModbusReader - INFO - wind speed: 0.5 m/s, wind level: 1, wind direction angle: 112.9, wind direction: ESE
2025-07-06 15:32:14 - ModbusReader - INFO - wind speed: 0.5 m/s, wind level: 1, wind direction angle: 112.9, wind direction: ESE
2025-07-06 15:32:44 - ModbusReader - INFO - wind speed: 0.0 m/s, wind level: 0, wind direction angle: 147.1, wind direction: SSE
2025-07-06 15:32:45 - ModbusReader - INFO - wind speed: 0.0 m/s, wind level: 0, wind direction angle: 147.1, wind direction: SSE
2025-07-06 15:33:16 - ModbusReader - INFO - wind speed: 0.7 m/s, wind level: 1, wind direction angle: 221.9, wind direction: WS
2025-07-06 15:33:16 - ModbusReader - INFO - wind speed: 0.7 m/s, wind level: 1, wind direction angle: 221.9, wind direction: WS
2025-07-06 15:33:47 - ModbusReader - INFO - wind speed: 0.5 m/s, wind level: 1, wind direction angle: 139.3, wind direction: ES
2025-07-06 15:33:47 - ModbusReader - INFO - wind speed: 0.5 m/s, wind level: 1, wind direction angle: 139.3, wind direction: ES
2025-07-06 15:34:18 - ModbusReader - INFO - wind speed: 0.5 m/s, wind level: 1, wind direction angle: 167.0, wind direction: SSE
2025-07-06 15:34:19 - ModbusReader - INFO - wind speed: 0.5 m/s, wind level: 1, wind direction angle: 167.0, wind direction: SSE
2025-07-06 15:34:49 - ModbusReader - INFO - wind speed: 1.1 m/s, wind level: 1, wind direction angle: 154.5, wind direction: SSE
2025-07-06 15:34:50 - ModbusReader - INFO - wind speed: 1.1 m/s, wind level: 1, wind direction angle: 154.5, wind direction: SSE
2025-07-06 15:35:20 - ModbusReader - INFO - wind speed: 0.7 m/s, wind level: 1, wind direction angle: 116.7, wind direction: ESE
2025-07-06 15:35:21 - ModbusReader - INFO - wind speed: 0.3 m/s, wind level: 1, wind direction angle: 196.3, wind direction: SSW
2025-07-06 15:35:52 - ModbusReader - INFO - wind speed: 0.0 m/s, wind level: 0, wind direction angle: 139.4, wind direction: ES
2025-07-06 15:35:52 - ModbusReader - INFO - wind speed: 0.0 m/s, wind level: 0, wind direction angle: 139.4, wind direction: ES
2025-07-06 15:36:23 - ModbusReader - INFO - wind speed: 0.0 m/s, wind level: 0, wind direction angle: 178.0, wind direction: S
2025-07-06 15:36:23 - ModbusReader - INFO - wind speed: 0.0 m/s, wind level: 0, wind direction angle: 178.0, wind direction: S
2025-07-06 15:36:54 - ModbusReader - INFO - wind speed: 0.0 m/s, wind level: 0, wind direction angle: 154.0, wind direction: SSE
2025-07-06 15:36:55 - ModbusReader - INFO - wind speed: 0.0 m/s, wind level: 0, wind direction angle: 154.0, wind direction: SSE
2025-07-06 15:37:25 - ModbusReader - INFO - wind speed: 0.0 m/s, wind level: 0, wind direction angle: 169.9, wind direction: S
2025-07-06 15:37:26 - ModbusReader - INFO - wind speed: 0.0 m/s, wind level: 0, wind direction angle: 169.9, wind direction: S
2025-07-06 15:37:56 - ModbusReader - INFO - wind speed: 0.0 m/s, wind level: 0, wind direction angle: 175.0, wind direction: S
2025-07-06 15:37:57 - ModbusReader - INFO - wind speed: 0.0 m/s, wind level: 0, wind direction angle: 175.0, wind direction: S
2025-07-06 15:38:28 - ModbusReader - INFO - wind speed: 0.0 m/s, wind level: 0, wind direction angle: 124.9, wind direction: ES
2025-07-06 15:38:28 - ModbusReader - INFO - wind speed: 0.0 m/s, wind level: 0, wind direction angle: 124.9, wind direction: ES
2025-07-06 15:38:59 - ModbusReader - INFO - wind speed: 0.0 m/s, wind level: 0, wind direction angle: 166.8, wind direction: SSE
2025-07-06 15:38:59 - ModbusReader - INFO - wind speed: 0.0 m/s, wind level: 0, wind direction angle: 166.8, wind direction: SSE
2025-07-06 15:39:30 - ModbusReader - INFO - wind speed: 0.0 m/s, wind level: 0, wind direction angle: 105.6, wind direction: ESE
2025-07-06 15:39:31 - ModbusReader - INFO - wind speed: 0.0 m/s, wind level: 0, wind direction angle: 105.6, wind direction: ESE
2025-07-06 15:40:01 - ModbusReader - INFO - wind speed: 0.0 m/s, wind level: 0, wind direction angle: 164.8, wind direction: SSE
2025-07-06 15:40:02 - ModbusReader - INFO - wind speed: 0.0 m/s, wind level: 0, wind direction angle: 164.8, wind direction: SSE
2025-07-06 15:40:32 - ModbusReader - INFO - wind speed: 0.0 m/s, wind level: 0, wind direction angle: 223.4, wind direction: WS
2025-07-06 15:40:33 - ModbusReader - INFO - wind speed: 0.0 m/s, wind level: 0, wind direction angle: 223.4, wind direction: WS
2025-07-06 15:41:04 - ModbusReader - INFO - wind speed: 0.0 m/s, wind level: 0, wind direction angle: 97.9, wind direction: E
2025-07-06 15:41:04 - ModbusReader - INFO - wind speed: 0.0 m/s, wind level: 0, wind direction angle: 97.9, wind direction: E
2025-07-06 15:41:35 - ModbusReader - INFO - wind speed: 0.0 m/s, wind level: 0, wind direction angle: 359.1, wind direction: N
2025-07-06 15:41:35 - ModbusReader - INFO - wind speed: 0.0 m/s, wind level: 0, wind direction angle: 359.1, wind direction: N
2025-07-06 15:42:06 - ModbusReader - INFO - wind speed: 0.0 m/s, wind level: 0, wind direction angle: 96.4, wind direction: E
2025-07-06 15:42:07 - ModbusReader - INFO - wind speed: 0.0 m/s, wind level: 0, wind direction angle: 96.4, wind direction: E
2025-07-06 15:42:37 - ModbusReader - INFO - wind speed: 0.0 m/s, wind level: 0, wind direction angle: 119.0, wind direction: ESE
2025-07-06 15:42:38 - ModbusReader - INFO - wind speed: 0.0 m/s, wind level: 0, wind direction angle: 160.8, wind direction: SSE
2025-07-06 15:43:08 - ModbusReader - INFO - wind speed: 0.0 m/s, wind level: 0, wind direction angle: 177.8, wind direction: S
2025-07-06 15:43:09 - ModbusReader - INFO - wind speed: 0.0 m/s, wind level: 0, wind direction angle: 177.8, wind direction: S
2025-07-06 15:43:40 - ModbusReader - INFO - wind speed: 0.0 m/s, wind level: 0, wind direction angle: 263.6, wind direction: W
2025-07-06 15:43:40 - ModbusReader - INFO - wind speed: 0.0 m/s, wind level: 0, wind direction angle: 263.6, wind direction: W
2025-07-06 15:44:11 - ModbusReader - INFO - wind speed: 0.0 m/s, wind level: 0, wind direction angle: 81.8, wind direction: E
2025-07-06 15:44:11 - ModbusReader - INFO - wind speed: 0.0 m/s, wind level: 0, wind direction angle: 81.8, wind direction: E
2025-07-06 15:44:42 - ModbusReader - INFO - wind speed: 0.0 m/s, wind level: 0, wind direction angle: 154.6, wind direction: SSE
2025-07-06 15:44:43 - ModbusReader - INFO - wind speed: 0.0 m/s, wind level: 0, wind direction angle: 154.6, wind direction: SSE
2025-07-06 15:45:13 - ModbusReader - INFO - wind speed: 0.0 m/s, wind level: 0, wind direction angle: 39.1, wind direction: EN
2025-07-06 15:45:14 - ModbusReader - INFO - wind speed: 0.0 m/s, wind level: 0, wind direction angle: 39.1, wind direction: EN
2025-07-06 15:45:44 - ModbusReader - INFO - wind speed: 0.0 m/s, wind level: 0, wind direction angle: 100.2, wind direction: E
2025-07-06 15:45:45 - ModbusReader - INFO - wind speed: 0.0 m/s, wind level: 0, wind direction angle: 100.2, wind direction: E
2025-07-06 15:46:16 - ModbusReader - INFO - wind speed: 0.0 m/s, wind level: 0, wind direction angle: 84.6, wind direction: E
2025-07-06 15:46:16 - ModbusReader - INFO - wind speed: 0.0 m/s, wind level: 0, wind direction angle: 84.6, wind direction: E
2025-07-06 15:46:47 - ModbusReader - INFO - wind speed: 0.0 m/s, wind level: 0, wind direction angle: 31.0, wind direction: NNE
2025-07-06 15:46:47 - ModbusReader - INFO - wind speed: 0.0 m/s, wind level: 0, wind direction angle: 31.0, wind direction: NNE
2025-07-06 15:47:18 - ModbusReader - INFO - wind speed: 0.0 m/s, wind level: 0, wind direction angle: 247.9, wind direction: WSW
2025-07-06 15:47:19 - ModbusReader - INFO - wind speed: 0.0 m/s, wind level: 0, wind direction angle: 247.9, wind direction: WSW
2025-07-06 15:47:49 - ModbusReader - INFO - wind speed: 0.0 m/s, wind level: 0, wind direction angle: 346.3, wind direction: NNW
2025-07-06 15:47:50 - ModbusReader - INFO - wind speed: 0.0 m/s, wind level: 0, wind direction angle: 346.3, wind direction: NNW
2025-07-06 15:48:20 - ModbusReader - INFO - wind speed: 0.0 m/s, wind level: 0, wind direction angle: 155.9, wind direction: SSE
2025-07-06 15:48:21 - ModbusReader - INFO - wind speed: 0.0 m/s, wind level: 0, wind direction angle: 155.9, wind direction: SSE
2025-07-06 15:48:52 - ModbusReader - INFO - wind speed: 0.0 m/s, wind level: 0, wind direction angle: 163.5, wind direction: SSE
2025-07-06 15:48:52 - ModbusReader - INFO - wind speed: 0.0 m/s, wind level: 0, wind direction angle: 163.5, wind direction: SSE
2025-07-06 15:49:23 - ModbusReader - INFO - wind speed: 0.0 m/s, wind level: 0, wind direction angle: 203.9, wind direction: SSW
2025-07-06 15:49:23 - ModbusReader - INFO - wind speed: 0.0 m/s, wind level: 0, wind direction angle: 203.9, wind direction: SSW
2025-07-06 15:49:54 - ModbusReader - INFO - wind speed: 0.0 m/s, wind level: 0, wind direction angle: 87.8, wind direction: E
2025-07-06 15:49:55 - ModbusReader - INFO - wind speed: 0.0 m/s, wind level: 0, wind direction angle: 144.6, wind direction: ES
2025-07-06 15:50:25 - ModbusReader - INFO - wind speed: 0.4 m/s, wind level: 1, wind direction angle: 118.4, wind direction: ESE
2025-07-06 15:50:26 - ModbusReader - INFO - wind speed: 0.4 m/s, wind level: 1, wind direction angle: 118.4, wind direction: ESE
2025-07-06 15:50:56 - ModbusReader - INFO - wind speed: 0.5 m/s, wind level: 1, wind direction angle: 222.0, wind direction: WS
2025-07-06 15:50:57 - ModbusReader - INFO - wind speed: 0.5 m/s, wind level: 1, wind direction angle: 222.0, wind direction: WS
2025-07-06 15:51:28 - ModbusReader - INFO - wind speed: 0.9 m/s, wind level: 1, wind direction angle: 111.6, wind direction: ESE
2025-07-06 15:51:28 - ModbusReader - INFO - wind speed: 0.9 m/s, wind level: 1, wind direction angle: 111.6, wind direction: ESE
2025-07-06 15:51:59 - ModbusReader - INFO - wind speed: 0.4 m/s, wind level: 1, wind direction angle: 280.6, wind direction: W
2025-07-06 15:51:59 - ModbusReader - INFO - wind speed: 0.4 m/s, wind level: 1, wind direction angle: 280.6, wind direction: W
2025-07-06 15:52:30 - ModbusReader - INFO - wind speed: 0.0 m/s, wind level: 0, wind direction angle: 312.7, wind direction: WN
2025-07-06 15:52:31 - ModbusReader - INFO - wind speed: 0.0 m/s, wind level: 0, wind direction angle: 312.7, wind direction: WN
2025-07-06 15:53:01 - ModbusReader - INFO - wind speed: 0.0 m/s, wind level: 0, wind direction angle: 181.2, wind direction: S
2025-07-06 15:53:02 - ModbusReader - INFO - wind speed: 0.0 m/s, wind level: 0, wind direction angle: 181.2, wind direction: S
2025-07-06 15:53:32 - ModbusReader - INFO - wind speed: 0.0 m/s, wind level: 0, wind direction angle: 204.9, wind direction: SSW
2025-07-06 15:53:33 - ModbusReader - INFO - wind speed: 0.0 m/s, wind level: 0, wind direction angle: 204.9, wind direction: SSW
2025-07-06 15:54:04 - ModbusReader - INFO - wind speed: 0.0 m/s, wind level: 0, wind direction angle: 237.4, wind direction: WSW
2025-07-06 15:54:04 - ModbusReader - INFO - wind speed: 0.0 m/s, wind level: 0, wind direction angle: 237.4, wind direction: WSW
2025-07-06 15:54:35 - ModbusReader - INFO - wind speed: 0.1 m/s, wind level: 0, wind direction angle: 148.0, wind direction: SSE
2025-07-06 15:54:35 - ModbusReader - INFO - wind speed: 0.1 m/s, wind level: 0, wind direction angle: 148.0, wind direction: SSE
2025-07-06 15:55:06 - ModbusReader - INFO - wind speed: 0.0 m/s, wind level: 0, wind direction angle: 75.0, wind direction: ENE
2025-07-06 15:55:07 - ModbusReader - INFO - wind speed: 0.0 m/s, wind level: 0, wind direction angle: 75.0, wind direction: ENE
2025-07-06 15:55:37 - ModbusReader - INFO - wind speed: 0.0 m/s, wind level: 0, wind direction angle: 188.0, wind direction: S
2025-07-06 15:55:38 - ModbusReader - INFO - wind speed: 0.0 m/s, wind level: 0, wind direction angle: 188.0, wind direction: S
2025-07-06 15:56:08 - ModbusReader - INFO - wind speed: 0.0 m/s, wind level: 0, wind direction angle: 183.0, wind direction: S
2025-07-06 15:56:09 - ModbusReader - INFO - wind speed: 0.0 m/s, wind level: 0, wind direction angle: 183.0, wind direction: S
2025-07-06 15:56:40 - ModbusReader - INFO - wind speed: 0.9 m/s, wind level: 1, wind direction angle: 137.4, wind direction: ES
2025-07-06 15:56:40 - ModbusReader - INFO - wind speed: 0.9 m/s, wind level: 1, wind direction angle: 137.4, wind direction: ES
2025-07-06 15:57:11 - ModbusReader - INFO - wind speed: 0.8 m/s, wind level: 1, wind direction angle: 161.1, wind direction: SSE
2025-07-06 15:57:11 - ModbusReader - INFO - wind speed: 0.4 m/s, wind level: 1, wind direction angle: 139.5, wind direction: ES
2025-07-06 15:57:42 - ModbusReader - INFO - wind speed: 0.0 m/s, wind level: 0, wind direction angle: 223.5, wind direction: WS
2025-07-06 15:57:43 - ModbusReader - INFO - wind speed: 0.0 m/s, wind level: 0, wind direction angle: 223.5, wind direction: WS
2025-07-06 15:58:13 - ModbusReader - INFO - wind speed: 0.0 m/s, wind level: 0, wind direction angle: 179.3, wind direction: S
2025-07-06 15:58:14 - ModbusReader - INFO - wind speed: 0.0 m/s, wind level: 0, wind direction angle: 179.3, wind direction: S
2025-07-06 15:58:44 - ModbusReader - INFO - wind speed: 0.0 m/s, wind level: 0, wind direction angle: 96.6, wind direction: E
2025-07-06 15:58:45 - ModbusReader - INFO - wind speed: 0.0 m/s, wind level: 0, wind direction angle: 96.6, wind direction: E
2025-07-06 15:59:16 - ModbusReader - INFO - wind speed: 0.7 m/s, wind level: 1, wind direction angle: 289.1, wind direction: WNW
2025-07-06 15:59:16 - ModbusReader - INFO - wind speed: 0.7 m/s, wind level: 1, wind direction angle: 289.1, wind direction: WNW
2025-07-06 15:59:47 - ModbusReader - INFO - wind speed: 0.0 m/s, wind level: 0, wind direction angle: 246.8, wind direction: WSW
2025-07-06 15:59:47 - ModbusReader - INFO - wind speed: 0.0 m/s, wind level: 0, wind direction angle: 246.8, wind direction: WSW
2025-07-06 16:00:18 - ModbusReader - INFO - wind speed: 0.0 m/s, wind level: 0, wind direction angle: 337.5, wind direction: NNW
2025-07-06 16:00:19 - ModbusReader - INFO - wind speed: 0.0 m/s, wind level: 0, wind direction angle: 337.5, wind direction: NNW
2025-07-06 16:00:49 - ModbusReader - INFO - wind speed: 0.0 m/s, wind level: 0, wind direction angle: 131.7, wind direction: ES
2025-07-06 16:00:50 - ModbusReader - INFO - wind speed: 0.0 m/s, wind level: 0, wind direction angle: 131.7, wind direction: ES
2025-07-06 16:01:20 - ModbusReader - INFO - wind speed: 0.0 m/s, wind level: 0, wind direction angle: 161.7, wind direction: SSE
2025-07-06 16:01:21 - ModbusReader - INFO - wind speed: 0.0 m/s, wind level: 0, wind direction angle: 161.7, wind direction: SSE
2025-07-06 16:01:52 - ModbusReader - INFO - wind speed: 0.0 m/s, wind level: 0, wind direction angle: 162.0, wind direction: SSE
2025-07-06 16:01:52 - ModbusReader - INFO - wind speed: 0.0 m/s, wind level: 0, wind direction angle: 162.0, wind direction: SSE
2025-07-06 16:02:23 - ModbusReader - INFO - wind speed: 0.0 m/s, wind level: 0, wind direction angle: 138.9, wind direction: ES
2025-07-06 16:02:23 - ModbusReader - INFO - wind speed: 0.0 m/s, wind level: 0, wind direction angle: 138.9, wind direction: ES
2025-07-06 16:02:54 - ModbusReader - INFO - wind speed: 0.0 m/s, wind level: 0, wind direction angle: 130.3, wind direction: ES
2025-07-06 16:02:54 - ModbusReader - INFO - wind speed: 0.0 m/s, wind level: 0, wind direction angle: 130.3, wind direction: ES
2025-07-06 16:03:25 - ModbusReader - INFO - wind speed: 0.0 m/s, wind level: 0, wind direction angle: 249.3, wind direction: WSW
2025-07-06 16:03:26 - ModbusReader - INFO - wind speed: 0.0 m/s, wind level: 0, wind direction angle: 249.3, wind direction: WSW
2025-07-06 16:03:56 - ModbusReader - INFO - wind speed: 0.0 m/s, wind level: 0, wind direction angle: 246.2, wind direction: WSW
2025-07-06 16:03:57 - ModbusReader - INFO - wind speed: 0.0 m/s, wind level: 0, wind direction angle: 246.2, wind direction: WSW
2025-07-06 16:04:28 - ModbusReader - INFO - wind speed: 0.0 m/s, wind level: 0, wind direction angle: 110.0, wind direction: ESE
2025-07-06 16:04:28 - ModbusReader - INFO - wind speed: 0.0 m/s, wind level: 0, wind direction angle: 196.0, wind direction: SSW
2025-07-06 16:04:59 - ModbusReader - INFO - wind speed: 0.0 m/s, wind level: 0, wind direction angle: 123.5, wind direction: ESE
2025-07-06 16:04:59 - ModbusReader - INFO - wind speed: 0.0 m/s, wind level: 0, wind direction angle: 123.5, wind direction: ESE
2025-07-06 16:05:30 - ModbusReader - INFO - wind speed: 0.0 m/s, wind level: 0, wind direction angle: 221.5, wind direction: WS
2025-07-06 16:05:30 - ModbusReader - INFO - wind speed: 0.0 m/s, wind level: 0, wind direction angle: 221.5, wind direction: WS
2025-07-06 16:06:01 - ModbusReader - INFO - wind speed: 0.0 m/s, wind level: 0, wind direction angle: 292.3, wind direction: WNW
2025-07-06 16:06:02 - ModbusReader - INFO - wind speed: 0.0 m/s, wind level: 0, wind direction angle: 292.3, wind direction: WNW
2025-07-06 16:06:32 - ModbusReader - INFO - wind speed: 0.0 m/s, wind level: 0, wind direction angle: 133.4, wind direction: ES
2025-07-06 16:06:33 - ModbusReader - INFO - wind speed: 0.0 m/s, wind level: 0, wind direction angle: 133.4, wind direction: ES
2025-07-06 16:07:03 - ModbusReader - INFO - wind speed: 0.0 m/s, wind level: 0, wind direction angle: 235.1, wind direction: WS
2025-07-06 16:07:04 - ModbusReader - INFO - wind speed: 0.0 m/s, wind level: 0, wind direction angle: 235.1, wind direction: WS
2025-07-06 16:07:35 - ModbusReader - INFO - wind speed: 0.0 m/s, wind level: 0, wind direction angle: 352.4, wind direction: N
2025-07-06 16:07:35 - ModbusReader - INFO - wind speed: 0.0 m/s, wind level: 0, wind direction angle: 352.4, wind direction: N
2025-07-06 16:08:06 - ModbusReader - INFO - wind speed: 0.9 m/s, wind level: 1, wind direction angle: 111.5, wind direction: ESE
2025-07-06 16:08:06 - ModbusReader - INFO - wind speed: 0.9 m/s, wind level: 1, wind direction angle: 111.5, wind direction: ESE
2025-07-06 16:08:37 - ModbusReader - INFO - wind speed: 0.3 m/s, wind level: 1, wind direction angle: 167.2, wind direction: SSE
2025-07-06 16:08:38 - ModbusReader - INFO - wind speed: 0.3 m/s, wind level: 1, wind direction angle: 167.2, wind direction: SSE
2025-07-06 16:09:08 - ModbusReader - INFO - wind speed: 0.0 m/s, wind level: 0, wind direction angle: 235.2, wind direction: WS
2025-07-06 16:09:09 - ModbusReader - INFO - wind speed: 0.0 m/s, wind level: 0, wind direction angle: 235.2, wind direction: WS
2025-07-06 16:09:39 - ModbusReader - INFO - wind speed: 0.0 m/s, wind level: 0, wind direction angle: 84.9, wind direction: E
2025-07-06 16:09:40 - ModbusReader - INFO - wind speed: 0.0 m/s, wind level: 0, wind direction angle: 84.9, wind direction: E
2025-07-06 16:10:11 - ModbusReader - INFO - wind speed: 0.8 m/s, wind level: 1, wind direction angle: 148.5, wind direction: SSE
2025-07-06 16:10:11 - ModbusReader - INFO - wind speed: 0.8 m/s, wind level: 1, wind direction angle: 148.5, wind direction: SSE
2025-07-06 16:10:42 - ModbusReader - INFO - wind speed: 0.3 m/s, wind level: 1, wind direction angle: 115.1, wind direction: ESE
2025-07-06 16:10:42 - ModbusReader - INFO - wind speed: 0.3 m/s, wind level: 1, wind direction angle: 115.1, wind direction: ESE
2025-07-06 16:11:13 - ModbusReader - INFO - wind speed: 0.0 m/s, wind level: 0, wind direction angle: 161.2, wind direction: SSE
2025-07-06 16:11:14 - ModbusReader - INFO - wind speed: 0.0 m/s, wind level: 0, wind direction angle: 161.2, wind direction: SSE
2025-07-06 16:11:44 - ModbusReader - INFO - wind speed: 0.0 m/s, wind level: 0, wind direction angle: 0.8, wind direction: N
2025-07-06 16:11:45 - ModbusReader - INFO - wind speed: 0.0 m/s, wind level: 0, wind direction angle: 129.5, wind direction: ES
2025-07-06 16:12:15 - ModbusReader - INFO - wind speed: 0.0 m/s, wind level: 0, wind direction angle: 193.3, wind direction: SSW
2025-07-06 16:12:16 - ModbusReader - INFO - wind speed: 0.0 m/s, wind level: 0, wind direction angle: 193.3, wind direction: SSW
2025-07-06 16:12:47 - ModbusReader - INFO - wind speed: 0.0 m/s, wind level: 0, wind direction angle: 132.2, wind direction: ES
2025-07-06 16:12:47 - ModbusReader - INFO - wind speed: 0.0 m/s, wind level: 0, wind direction angle: 132.2, wind direction: ES
2025-07-06 16:13:18 - ModbusReader - INFO - wind speed: 0.0 m/s, wind level: 0, wind direction angle: 199.0, wind direction: SSW
2025-07-06 16:13:18 - ModbusReader - INFO - wind speed: 0.0 m/s, wind level: 0, wind direction angle: 199.0, wind direction: SSW
2025-07-06 16:13:49 - ModbusReader - INFO - wind speed: 0.0 m/s, wind level: 0, wind direction angle: 175.0, wind direction: S
2025-07-06 16:13:50 - ModbusReader - INFO - wind speed: 0.0 m/s, wind level: 0, wind direction angle: 175.0, wind direction: S
2025-07-06 16:14:20 - ModbusReader - INFO - wind speed: 0.0 m/s, wind level: 0, wind direction angle: 175.7, wind direction: S
2025-07-06 16:14:21 - ModbusReader - INFO - wind speed: 0.0 m/s, wind level: 0, wind direction angle: 175.7, wind direction: S
2025-07-06 16:14:51 - ModbusReader - INFO - wind speed: 0.1 m/s, wind level: 0, wind direction angle: 186.6, wind direction: S
2025-07-06 16:14:52 - ModbusReader - INFO - wind speed: 0.1 m/s, wind level: 0, wind direction angle: 186.6, wind direction: S
2025-07-06 16:15:23 - ModbusReader - INFO - wind speed: 0.0 m/s, wind level: 0, wind direction angle: 143.4, wind direction: ES
2025-07-06 16:15:23 - ModbusReader - INFO - wind speed: 0.0 m/s, wind level: 0, wind direction angle: 143.4, wind direction: ES
2025-07-06 16:15:54 - ModbusReader - INFO - wind speed: 0.0 m/s, wind level: 0, wind direction angle: 185.2, wind direction: S
2025-07-06 16:15:54 - ModbusReader - INFO - wind speed: 0.0 m/s, wind level: 0, wind direction angle: 185.2, wind direction: S
2025-07-06 16:16:25 - ModbusReader - INFO - wind speed: 0.0 m/s, wind level: 0, wind direction angle: 192.9, wind direction: SSW
2025-07-06 16:16:26 - ModbusReader - INFO - wind speed: 0.0 m/s, wind level: 0, wind direction angle: 192.9, wind direction: SSW
2025-07-06 16:16:56 - ModbusReader - INFO - wind speed: 0.9 m/s, wind level: 1, wind direction angle: 55.0, wind direction: EN
2025-07-06 16:16:57 - ModbusReader - INFO - wind speed: 0.9 m/s, wind level: 1, wind direction angle: 55.0, wind direction: EN
2025-07-06 16:17:27 - ModbusReader - INFO - wind speed: 1.0 m/s, wind level: 1, wind direction angle: 105.4, wind direction: ESE
2025-07-06 16:17:28 - ModbusReader - INFO - wind speed: 1.0 m/s, wind level: 1, wind direction angle: 105.4, wind direction: ESE
2025-07-06 16:17:59 - ModbusReader - INFO - wind speed: 0.7 m/s, wind level: 1, wind direction angle: 293.4, wind direction: WNW
2025-07-06 16:17:59 - ModbusReader - INFO - wind speed: 0.7 m/s, wind level: 1, wind direction angle: 293.4, wind direction: WNW
2025-07-06 16:18:30 - ModbusReader - INFO - wind speed: 0.6 m/s, wind level: 1, wind direction angle: 69.5, wind direction: ENE
2025-07-06 16:18:30 - ModbusReader - INFO - wind speed: 0.6 m/s, wind level: 1, wind direction angle: 69.5, wind direction: ENE
2025-07-06 16:19:01 - ModbusReader - INFO - wind speed: 0.7 m/s, wind level: 1, wind direction angle: 228.0, wind direction: WS
2025-07-06 16:19:02 - ModbusReader - INFO - wind speed: 0.5 m/s, wind level: 1, wind direction angle: 75.2, wind direction: ENE
2025-07-06 16:19:32 - ModbusReader - INFO - wind speed: 0.0 m/s, wind level: 0, wind direction angle: 177.9, wind direction: S
2025-07-06 16:19:33 - ModbusReader - INFO - wind speed: 0.0 m/s, wind level: 0, wind direction angle: 177.9, wind direction: S
2025-07-06 16:20:03 - ModbusReader - INFO - wind speed: 0.4 m/s, wind level: 1, wind direction angle: 149.3, wind direction: SSE
2025-07-06 16:20:04 - ModbusReader - INFO - wind speed: 0.4 m/s, wind level: 1, wind direction angle: 149.3, wind direction: SSE
2025-07-06 16:20:35 - ModbusReader - INFO - wind speed: 0.6 m/s, wind level: 1, wind direction angle: 149.4, wind direction: SSE
2025-07-06 16:20:35 - ModbusReader - INFO - wind speed: 0.6 m/s, wind level: 1, wind direction angle: 149.4, wind direction: SSE
2025-07-06 16:21:06 - ModbusReader - INFO - wind speed: 0.5 m/s, wind level: 1, wind direction angle: 180.4, wind direction: S
2025-07-06 16:21:06 - ModbusReader - INFO - wind speed: 0.5 m/s, wind level: 1, wind direction angle: 180.4, wind direction: S
2025-07-06 16:21:37 - ModbusReader - INFO - wind speed: 0.6 m/s, wind level: 1, wind direction angle: 165.5, wind direction: SSE
2025-07-06 16:21:38 - ModbusReader - INFO - wind speed: 0.6 m/s, wind level: 1, wind direction angle: 165.5, wind direction: SSE
2025-07-06 16:22:08 - ModbusReader - INFO - wind speed: 1.7 m/s, wind level: 2, wind direction angle: 148.2, wind direction: SSE
2025-07-06 16:22:09 - ModbusReader - INFO - wind speed: 1.7 m/s, wind level: 2, wind direction angle: 148.2, wind direction: SSE
2025-07-06 16:22:39 - ModbusReader - INFO - wind speed: 0.8 m/s, wind level: 1, wind direction angle: 40.6, wind direction: EN
2025-07-06 16:22:40 - ModbusReader - INFO - wind speed: 0.8 m/s, wind level: 1, wind direction angle: 40.6, wind direction: EN
2025-07-06 16:23:11 - ModbusReader - INFO - wind speed: 0.0 m/s, wind level: 0, wind direction angle: 67.1, wind direction: ENE
2025-07-06 16:23:11 - ModbusReader - INFO - wind speed: 0.0 m/s, wind level: 0, wind direction angle: 67.1, wind direction: ENE
2025-07-06 16:23:42 - ModbusReader - INFO - wind speed: 0.1 m/s, wind level: 0, wind direction angle: 29.6, wind direction: NNE
2025-07-06 16:23:42 - ModbusReader - INFO - wind speed: 0.1 m/s, wind level: 0, wind direction angle: 29.6, wind direction: NNE
2025-07-06 16:24:13 - ModbusReader - INFO - wind speed: 0.0 m/s, wind level: 0, wind direction angle: 281.9, wind direction: WNW
2025-07-06 16:24:14 - ModbusReader - INFO - wind speed: 0.0 m/s, wind level: 0, wind direction angle: 281.9, wind direction: WNW
2025-07-06 16:24:44 - ModbusReader - INFO - wind speed: 0.0 m/s, wind level: 0, wind direction angle: 112.5, wind direction: ESE
2025-07-06 16:24:45 - ModbusReader - INFO - wind speed: 0.0 m/s, wind level: 0, wind direction angle: 112.5, wind direction: ESE
2025-07-06 16:25:15 - ModbusReader - INFO - wind speed: 0.0 m/s, wind level: 0, wind direction angle: 124.8, wind direction: ES
2025-07-06 16:25:16 - ModbusReader - INFO - wind speed: 0.0 m/s, wind level: 0, wind direction angle: 124.8, wind direction: ES
2025-07-06 16:25:47 - ModbusReader - INFO - wind speed: 0.0 m/s, wind level: 0, wind direction angle: 197.6, wind direction: SSW
2025-07-06 16:25:47 - ModbusReader - INFO - wind speed: 0.0 m/s, wind level: 0, wind direction angle: 197.6, wind direction: SSW
2025-07-06 16:26:18 - ModbusReader - INFO - wind speed: 0.1 m/s, wind level: 0, wind direction angle: 164.7, wind direction: SSE
2025-07-06 16:26:18 - ModbusReader - INFO - wind speed: 0.0 m/s, wind level: 0, wind direction angle: 359.3, wind direction: N
2025-07-06 16:26:49 - ModbusReader - INFO - wind speed: 0.0 m/s, wind level: 0, wind direction angle: 15.9, wind direction: NNE
2025-07-06 16:26:50 - ModbusReader - INFO - wind speed: 0.0 m/s, wind level: 0, wind direction angle: 15.9, wind direction: NNE
2025-07-06 16:27:20 - ModbusReader - INFO - wind speed: 0.7 m/s, wind level: 1, wind direction angle: 189.0, wind direction: S
2025-07-06 16:27:21 - ModbusReader - INFO - wind speed: 0.7 m/s, wind level: 1, wind direction angle: 189.0, wind direction: S
2025-07-06 16:27:51 - ModbusReader - INFO - wind speed: 0.7 m/s, wind level: 1, wind direction angle: 151.3, wind direction: SSE
2025-07-06 16:27:52 - ModbusReader - INFO - wind speed: 0.7 m/s, wind level: 1, wind direction angle: 151.3, wind direction: SSE
2025-07-06 16:28:23 - ModbusReader - INFO - wind speed: 0.0 m/s, wind level: 0, wind direction angle: 206.7, wind direction: SSW
2025-07-06 16:28:23 - ModbusReader - INFO - wind speed: 0.0 m/s, wind level: 0, wind direction angle: 206.7, wind direction: SSW
2025-07-06 16:28:54 - ModbusReader - INFO - wind speed: 0.0 m/s, wind level: 0, wind direction angle: 129.2, wind direction: ES
2025-07-06 16:28:54 - ModbusReader - INFO - wind speed: 0.0 m/s, wind level: 0, wind direction angle: 129.2, wind direction: ES
2025-07-06 16:29:25 - ModbusReader - INFO - wind speed: 0.0 m/s, wind level: 0, wind direction angle: 149.2, wind direction: SSE
2025-07-06 16:29:26 - ModbusReader - INFO - wind speed: 0.0 m/s, wind level: 0, wind direction angle: 149.2, wind direction: SSE
2025-07-06 16:29:56 - ModbusReader - INFO - wind speed: 0.0 m/s, wind level: 0, wind direction angle: 19.9, wind direction: NNE
2025-07-06 16:29:57 - ModbusReader - INFO - wind speed: 0.0 m/s, wind level: 0, wind direction angle: 19.9, wind direction: NNE
2025-07-06 16:30:27 - ModbusReader - INFO - wind speed: 0.0 m/s, wind level: 0, wind direction angle: 148.1, wind direction: SSE
2025-07-06 16:30:28 - ModbusReader - INFO - wind speed: 0.0 m/s, wind level: 0, wind direction angle: 148.1, wind direction: SSE
2025-07-06 16:30:59 - ModbusReader - INFO - wind speed: 0.0 m/s, wind level: 0, wind direction angle: 77.4, wind direction: ENE
2025-07-06 16:30:59 - ModbusReader - INFO - wind speed: 0.0 m/s, wind level: 0, wind direction angle: 77.4, wind direction: ENE
2025-07-06 16:31:30 - ModbusReader - INFO - wind speed: 0.0 m/s, wind level: 0, wind direction angle: 329.0, wind direction: NNW
2025-07-06 16:31:30 - ModbusReader - INFO - wind speed: 0.0 m/s, wind level: 0, wind direction angle: 329.0, wind direction: NNW
2025-07-06 16:32:01 - ModbusReader - INFO - wind speed: 0.3 m/s, wind level: 1, wind direction angle: 226.8, wind direction: WS
2025-07-06 16:32:02 - ModbusReader - INFO - wind speed: 0.3 m/s, wind level: 1, wind direction angle: 226.8, wind direction: WS
2025-07-06 16:32:32 - ModbusReader - INFO - wind speed: 0.0 m/s, wind level: 0, wind direction angle: 186.0, wind direction: S
2025-07-06 16:32:33 - ModbusReader - INFO - wind speed: 0.0 m/s, wind level: 0, wind direction angle: 186.0, wind direction: S
2025-07-06 16:33:03 - ModbusReader - INFO - wind speed: 1.0 m/s, wind level: 1, wind direction angle: 157.8, wind direction: SSE
2025-07-06 16:33:04 - ModbusReader - INFO - wind speed: 1.0 m/s, wind level: 1, wind direction angle: 157.8, wind direction: SSE
2025-07-06 16:33:35 - ModbusReader - INFO - wind speed: 0.7 m/s, wind level: 1, wind direction angle: 98.1, wind direction: E
2025-07-06 16:33:35 - ModbusReader - INFO - wind speed: 0.8 m/s, wind level: 1, wind direction angle: 144.5, wind direction: ES
2025-07-06 16:34:06 - ModbusReader - INFO - wind speed: 0.4 m/s, wind level: 1, wind direction angle: 180.0, wind direction: S
2025-07-06 16:34:06 - ModbusReader - INFO - wind speed: 0.4 m/s, wind level: 1, wind direction angle: 180.0, wind direction: S
2025-07-06 16:34:37 - ModbusReader - INFO - wind speed: 0.5 m/s, wind level: 1, wind direction angle: 23.4, wind direction: NNE
2025-07-06 16:34:38 - ModbusReader - INFO - wind speed: 0.5 m/s, wind level: 1, wind direction angle: 23.4, wind direction: NNE
2025-07-06 16:35:08 - ModbusReader - INFO - wind speed: 0.6 m/s, wind level: 1, wind direction angle: 159.9, wind direction: SSE
2025-07-06 16:35:09 - ModbusReader - INFO - wind speed: 0.6 m/s, wind level: 1, wind direction angle: 159.9, wind direction: SSE
2025-07-06 16:35:39 - ModbusReader - INFO - wind speed: 0.0 m/s, wind level: 0, wind direction angle: 159.7, wind direction: SSE
2025-07-06 16:35:40 - ModbusReader - INFO - wind speed: 0.0 m/s, wind level: 0, wind direction angle: 159.7, wind direction: SSE
2025-07-06 16:36:11 - ModbusReader - INFO - wind speed: 0.5 m/s, wind level: 1, wind direction angle: 202.7, wind direction: SSW
2025-07-06 16:36:11 - ModbusReader - INFO - wind speed: 0.5 m/s, wind level: 1, wind direction angle: 202.7, wind direction: SSW
2025-07-06 16:36:42 - ModbusReader - INFO - wind speed: 0.6 m/s, wind level: 1, wind direction angle: 230.8, wind direction: WS
2025-07-06 16:36:42 - ModbusReader - INFO - wind speed: 0.6 m/s, wind level: 1, wind direction angle: 230.8, wind direction: WS
2025-07-06 16:37:13 - ModbusReader - INFO - wind speed: 0.0 m/s, wind level: 0, wind direction angle: 287.5, wind direction: WNW
2025-07-06 16:37:14 - ModbusReader - INFO - wind speed: 0.0 m/s, wind level: 0, wind direction angle: 287.5, wind direction: WNW
2025-07-06 16:37:44 - ModbusReader - INFO - wind speed: 0.0 m/s, wind level: 0, wind direction angle: 344.8, wind direction: NNW
2025-07-06 16:37:45 - ModbusReader - INFO - wind speed: 0.0 m/s, wind level: 0, wind direction angle: 344.8, wind direction: NNW
2025-07-06 16:38:15 - ModbusReader - INFO - wind speed: 0.0 m/s, wind level: 0, wind direction angle: 108.1, wind direction: ESE
2025-07-06 16:38:16 - ModbusReader - INFO - wind speed: 0.0 m/s, wind level: 0, wind direction angle: 108.1, wind direction: ESE
2025-07-06 16:38:47 - ModbusReader - INFO - wind speed: 0.0 m/s, wind level: 0, wind direction angle: 24.5, wind direction: NNE
2025-07-06 16:38:47 - ModbusReader - INFO - wind speed: 0.0 m/s, wind level: 0, wind direction angle: 24.5, wind direction: NNE
2025-07-06 16:39:18 - ModbusReader - INFO - wind speed: 0.8 m/s, wind level: 1, wind direction angle: 341.1, wind direction: NNW
2025-07-06 16:39:18 - ModbusReader - INFO - wind speed: 0.8 m/s, wind level: 1, wind direction angle: 341.1, wind direction: NNW
2025-07-06 16:39:49 - ModbusReader - INFO - wind speed: 0.6 m/s, wind level: 1, wind direction angle: 92.9, wind direction: E
2025-07-06 16:39:50 - ModbusReader - INFO - wind speed: 0.6 m/s, wind level: 1, wind direction angle: 92.9, wind direction: E
2025-07-06 16:40:20 - ModbusReader - INFO - wind speed: 0.9 m/s, wind level: 1, wind direction angle: 50.8, wind direction: EN
2025-07-06 16:40:21 - ModbusReader - INFO - wind speed: 0.9 m/s, wind level: 1, wind direction angle: 50.8, wind direction: EN
2025-07-06 16:40:51 - ModbusReader - INFO - wind speed: 0.6 m/s, wind level: 1, wind direction angle: 47.6, wind direction: EN
2025-07-06 16:40:52 - ModbusReader - INFO - wind speed: 0.4 m/s, wind level: 1, wind direction angle: 99.7, wind direction: E
2025-07-06 16:41:23 - ModbusReader - INFO - wind speed: 0.7 m/s, wind level: 1, wind direction angle: 110.2, wind direction: ESE
2025-07-06 16:41:23 - ModbusReader - INFO - wind speed: 0.7 m/s, wind level: 1, wind direction angle: 110.2, wind direction: ESE
2025-07-06 16:41:54 - ModbusReader - INFO - wind speed: 1.1 m/s, wind level: 1, wind direction angle: 112.2, wind direction: ESE
2025-07-06 16:41:54 - ModbusReader - INFO - wind speed: 1.1 m/s, wind level: 1, wind direction angle: 112.2, wind direction: ESE
2025-07-06 16:42:25 - ModbusReader - INFO - wind speed: 1.6 m/s, wind level: 2, wind direction angle: 98.0, wind direction: E
2025-07-06 16:42:26 - ModbusReader - INFO - wind speed: 1.6 m/s, wind level: 2, wind direction angle: 98.0, wind direction: E
2025-07-06 16:42:56 - ModbusReader - INFO - wind speed: 1.3 m/s, wind level: 1, wind direction angle: 166.2, wind direction: SSE
2025-07-06 16:42:57 - ModbusReader - INFO - wind speed: 1.3 m/s, wind level: 1, wind direction angle: 166.2, wind direction: SSE
2025-07-06 16:43:27 - ModbusReader - INFO - wind speed: 1.3 m/s, wind level: 1, wind direction angle: 261.9, wind direction: W
2025-07-06 16:43:28 - ModbusReader - INFO - wind speed: 1.3 m/s, wind level: 1, wind direction angle: 261.9, wind direction: W
2025-07-06 16:43:59 - ModbusReader - INFO - wind speed: 0.7 m/s, wind level: 1, wind direction angle: 146.8, wind direction: SSE
2025-07-06 16:43:59 - ModbusReader - INFO - wind speed: 0.7 m/s, wind level: 1, wind direction angle: 146.8, wind direction: SSE
2025-07-06 16:44:30 - ModbusReader - INFO - wind speed: 0.7 m/s, wind level: 1, wind direction angle: 182.2, wind direction: S
2025-07-06 16:44:30 - ModbusReader - INFO - wind speed: 0.7 m/s, wind level: 1, wind direction angle: 182.2, wind direction: S
2025-07-06 16:45:01 - ModbusReader - INFO - wind speed: 1.8 m/s, wind level: 2, wind direction angle: 160.7, wind direction: SSE
2025-07-06 16:45:02 - ModbusReader - INFO - wind speed: 1.8 m/s, wind level: 2, wind direction angle: 160.7, wind direction: SSE
2025-07-06 16:45:32 - ModbusReader - INFO - wind speed: 1.4 m/s, wind level: 1, wind direction angle: 99.5, wind direction: E
2025-07-06 16:45:33 - ModbusReader - INFO - wind speed: 1.4 m/s, wind level: 1, wind direction angle: 99.5, wind direction: E
2025-07-06 16:46:03 - ModbusReader - INFO - wind speed: 1.0 m/s, wind level: 1, wind direction angle: 63.2, wind direction: ENE
2025-07-06 16:46:04 - ModbusReader - INFO - wind speed: 1.0 m/s, wind level: 1, wind direction angle: 63.2, wind direction: ENE
2025-07-06 16:46:35 - ModbusReader - INFO - wind speed: 1.1 m/s, wind level: 1, wind direction angle: 295.4, wind direction: WNW
2025-07-06 16:46:35 - ModbusReader - INFO - wind speed: 1.1 m/s, wind level: 1, wind direction angle: 295.4, wind direction: WNW
2025-07-06 16:47:06 - ModbusReader - INFO - wind speed: 0.9 m/s, wind level: 1, wind direction angle: 245.9, wind direction: WSW
2025-07-06 16:47:06 - ModbusReader - INFO - wind speed: 0.9 m/s, wind level: 1, wind direction angle: 245.9, wind direction: WSW
2025-07-06 16:47:37 - ModbusReader - INFO - wind speed: 1.5 m/s, wind level: 1, wind direction angle: 29.0, wind direction: NNE
2025-07-06 16:47:38 - ModbusReader - INFO - wind speed: 1.5 m/s, wind level: 1, wind direction angle: 29.0, wind direction: NNE
2025-07-06 16:48:08 - ModbusReader - INFO - wind speed: 1.5 m/s, wind level: 1, wind direction angle: 150.2, wind direction: SSE
2025-07-06 16:48:09 - ModbusReader - INFO - wind speed: 1.4 m/s, wind level: 1, wind direction angle: 295.4, wind direction: WNW
2025-07-06 16:48:39 - ModbusReader - INFO - wind speed: 1.6 m/s, wind level: 2, wind direction angle: 93.7, wind direction: E
2025-07-06 16:48:40 - ModbusReader - INFO - wind speed: 1.6 m/s, wind level: 2, wind direction angle: 93.7, wind direction: E
2025-07-06 16:49:11 - ModbusReader - INFO - wind speed: 0.9 m/s, wind level: 1, wind direction angle: 84.8, wind direction: E
2025-07-06 16:49:11 - ModbusReader - INFO - wind speed: 0.9 m/s, wind level: 1, wind direction angle: 84.8, wind direction: E
2025-07-06 16:49:42 - ModbusReader - INFO - wind speed: 0.8 m/s, wind level: 1, wind direction angle: 99.2, wind direction: E
2025-07-06 16:49:42 - ModbusReader - INFO - wind speed: 0.8 m/s, wind level: 1, wind direction angle: 99.2, wind direction: E
2025-07-06 16:50:13 - ModbusReader - INFO - wind speed: 1.2 m/s, wind level: 1, wind direction angle: 205.2, wind direction: SSW
2025-07-06 16:50:14 - ModbusReader - INFO - wind speed: 1.2 m/s, wind level: 1, wind direction angle: 205.2, wind direction: SSW
2025-07-06 16:50:44 - ModbusReader - INFO - wind speed: 0.8 m/s, wind level: 1, wind direction angle: 200.1, wind direction: SSW
2025-07-06 16:50:45 - ModbusReader - INFO - wind speed: 0.8 m/s, wind level: 1, wind direction angle: 200.1, wind direction: SSW
2025-07-06 16:51:15 - ModbusReader - INFO - wind speed: 0.7 m/s, wind level: 1, wind direction angle: 65.2, wind direction: ENE
2025-07-06 16:51:16 - ModbusReader - INFO - wind speed: 0.7 m/s, wind level: 1, wind direction angle: 65.2, wind direction: ENE
2025-07-06 16:51:47 - ModbusReader - INFO - wind speed: 0.1 m/s, wind level: 0, wind direction angle: 298.5, wind direction: WNW
2025-07-06 16:51:47 - ModbusReader - INFO - wind speed: 0.1 m/s, wind level: 0, wind direction angle: 298.5, wind direction: WNW
2025-07-06 16:52:18 - ModbusReader - INFO - wind speed: 0.1 m/s, wind level: 0, wind direction angle: 99.0, wind direction: E
2025-07-06 16:52:18 - ModbusReader - INFO - wind speed: 0.1 m/s, wind level: 0, wind direction angle: 99.0, wind direction: E
2025-07-06 16:52:49 - ModbusReader - INFO - wind speed: 0.0 m/s, wind level: 0, wind direction angle: 202.7, wind direction: SSW
2025-07-06 16:52:50 - ModbusReader - INFO - wind speed: 0.0 m/s, wind level: 0, wind direction angle: 202.7, wind direction: SSW
2025-07-06 16:53:20 - ModbusReader - INFO - wind speed: 0.0 m/s, wind level: 0, wind direction angle: 328.4, wind direction: NNW
2025-07-06 16:53:21 - ModbusReader - INFO - wind speed: 0.0 m/s, wind level: 0, wind direction angle: 328.4, wind direction: NNW
2025-07-06 16:53:51 - ModbusReader - INFO - wind speed: 0.4 m/s, wind level: 1, wind direction angle: 186.8, wind direction: S
2025-07-06 16:53:52 - ModbusReader - INFO - wind speed: 0.4 m/s, wind level: 1, wind direction angle: 186.8, wind direction: S
2025-07-06 16:54:23 - ModbusReader - INFO - wind speed: 1.0 m/s, wind level: 1, wind direction angle: 260.1, wind direction: W
2025-07-06 16:54:23 - ModbusReader - INFO - wind speed: 1.0 m/s, wind level: 1, wind direction angle: 260.1, wind direction: W
2025-07-06 16:54:54 - ModbusReader - INFO - wind speed: 0.5 m/s, wind level: 1, wind direction angle: 299.8, wind direction: WNW
2025-07-06 16:54:54 - ModbusReader - INFO - wind speed: 0.5 m/s, wind level: 1, wind direction angle: 138.5, wind direction: ES
2025-07-06 16:55:25 - ModbusReader - INFO - wind speed: 0.0 m/s, wind level: 0, wind direction angle: 76.0, wind direction: ENE
2025-07-06 16:55:26 - ModbusReader - INFO - wind speed: 0.0 m/s, wind level: 0, wind direction angle: 76.0, wind direction: ENE
2025-07-06 16:55:56 - ModbusReader - INFO - wind speed: 0.0 m/s, wind level: 0, wind direction angle: 192.9, wind direction: SSW
2025-07-06 16:55:57 - ModbusReader - INFO - wind speed: 0.0 m/s, wind level: 0, wind direction angle: 192.9, wind direction: SSW
2025-07-06 16:56:27 - ModbusReader - INFO - wind speed: 0.0 m/s, wind level: 0, wind direction angle: 343.5, wind direction: NNW
2025-07-06 16:56:28 - ModbusReader - INFO - wind speed: 0.0 m/s, wind level: 0, wind direction angle: 343.5, wind direction: NNW
2025-07-06 16:56:59 - ModbusReader - INFO - wind speed: 0.0 m/s, wind level: 0, wind direction angle: 140.1, wind direction: ES
2025-07-06 16:56:59 - ModbusReader - INFO - wind speed: 0.0 m/s, wind level: 0, wind direction angle: 140.1, wind direction: ES
2025-07-06 16:57:30 - ModbusReader - INFO - wind speed: 0.0 m/s, wind level: 0, wind direction angle: 178.1, wind direction: S
2025-07-06 16:57:30 - ModbusReader - INFO - wind speed: 0.0 m/s, wind level: 0, wind direction angle: 178.1, wind direction: S
2025-07-06 16:58:01 - ModbusReader - INFO - wind speed: 0.0 m/s, wind level: 0, wind direction angle: 156.8, wind direction: SSE
2025-07-06 16:58:02 - ModbusReader - INFO - wind speed: 0.0 m/s, wind level: 0, wind direction angle: 156.8, wind direction: SSE
2025-07-06 16:58:32 - ModbusReader - INFO - wind speed: 0.0 m/s, wind level: 0, wind direction angle: 68.1, wind direction: ENE
2025-07-06 16:58:33 - ModbusReader - INFO - wind speed: 0.0 m/s, wind level: 0, wind direction angle: 68.1, wind direction: ENE
2025-07-06 16:59:03 - ModbusReader - INFO - wind speed: 0.0 m/s, wind level: 0, wind direction angle: 350.3, wind direction: N
2025-07-06 16:59:04 - ModbusReader - INFO - wind speed: 0.0 m/s, wind level: 0, wind direction angle: 350.3, wind direction: N
2025-07-06 16:59:35 - ModbusReader - INFO - wind speed: 0.0 m/s, wind level: 0, wind direction angle: 179.3, wind direction: S
2025-07-06 16:59:35 - ModbusReader - INFO - wind speed: 0.0 m/s, wind level: 0, wind direction angle: 179.3, wind direction: S
2025-07-06 17:00:06 - ModbusReader - INFO - wind speed: 0.0 m/s, wind level: 0, wind direction angle: 117.1, wind direction: ESE
2025-07-06 17:00:06 - ModbusReader - INFO - wind speed: 0.0 m/s, wind level: 0, wind direction angle: 117.1, wind direction: ESE
2025-07-06 17:00:37 - ModbusReader - INFO - wind speed: 0.0 m/s, wind level: 0, wind direction angle: 141.6, wind direction: ES
2025-07-06 17:00:38 - ModbusReader - INFO - wind speed: 0.0 m/s, wind level: 0, wind direction angle: 141.6, wind direction: ES
2025-07-06 17:01:08 - ModbusReader - INFO - wind speed: 0.3 m/s, wind level: 1, wind direction angle: 339.0, wind direction: NNW
2025-07-06 17:01:09 - ModbusReader - INFO - wind speed: 0.3 m/s, wind level: 1, wind direction angle: 339.0, wind direction: NNW
2025-07-06 17:01:39 - ModbusReader - INFO - wind speed: 1.1 m/s, wind level: 1, wind direction angle: 175.4, wind direction: S
2025-07-06 17:01:40 - ModbusReader - INFO - wind speed: 1.1 m/s, wind level: 1, wind direction angle: 175.4, wind direction: S
2025-07-06 17:02:11 - ModbusReader - INFO - wind speed: 0.7 m/s, wind level: 1, wind direction angle: 146.1, wind direction: ES
2025-07-06 17:02:11 - ModbusReader - INFO - wind speed: 0.7 m/s, wind level: 1, wind direction angle: 106.5, wind direction: ESE
2025-07-06 17:02:42 - ModbusReader - INFO - wind speed: 1.0 m/s, wind level: 1, wind direction angle: 110.5, wind direction: ESE
2025-07-06 17:02:42 - ModbusReader - INFO - wind speed: 1.0 m/s, wind level: 1, wind direction angle: 110.5, wind direction: ESE
2025-07-06 17:03:13 - ModbusReader - INFO - wind speed: 1.1 m/s, wind level: 1, wind direction angle: 192.8, wind direction: SSW
2025-07-06 17:03:14 - ModbusReader - INFO - wind speed: 1.1 m/s, wind level: 1, wind direction angle: 192.8, wind direction: SSW
2025-07-06 17:03:44 - ModbusReader - INFO - wind speed: 0.7 m/s, wind level: 1, wind direction angle: 243.9, wind direction: WSW
2025-07-06 17:03:45 - ModbusReader - INFO - wind speed: 0.7 m/s, wind level: 1, wind direction angle: 243.9, wind direction: WSW
2025-07-06 17:04:15 - ModbusReader - INFO - wind speed: 0.0 m/s, wind level: 0, wind direction angle: 55.3, wind direction: EN
2025-07-06 17:04:16 - ModbusReader - INFO - wind speed: 0.0 m/s, wind level: 0, wind direction angle: 55.3, wind direction: EN
2025-07-06 17:04:47 - ModbusReader - INFO - wind speed: 0.0 m/s, wind level: 0, wind direction angle: 18.7, wind direction: NNE
2025-07-06 17:04:47 - ModbusReader - INFO - wind speed: 0.0 m/s, wind level: 0, wind direction angle: 18.7, wind direction: NNE
2025-07-06 17:05:18 - ModbusReader - INFO - wind speed: 0.0 m/s, wind level: 0, wind direction angle: 344.7, wind direction: NNW
2025-07-06 17:05:18 - ModbusReader - INFO - wind speed: 0.0 m/s, wind level: 0, wind direction angle: 344.7, wind direction: NNW
2025-07-06 17:05:49 - ModbusReader - INFO - wind speed: 0.0 m/s, wind level: 0, wind direction angle: 109.0, wind direction: ESE
2025-07-06 17:05:50 - ModbusReader - INFO - wind speed: 0.0 m/s, wind level: 0, wind direction angle: 109.0, wind direction: ESE
2025-07-06 17:06:20 - ModbusReader - INFO - wind speed: 0.0 m/s, wind level: 0, wind direction angle: 218.7, wind direction: WS
2025-07-06 17:06:21 - ModbusReader - INFO - wind speed: 0.0 m/s, wind level: 0, wind direction angle: 218.7, wind direction: WS
2025-07-06 17:06:51 - ModbusReader - INFO - wind speed: 0.6 m/s, wind level: 1, wind direction angle: 117.3, wind direction: ESE
2025-07-06 17:06:52 - ModbusReader - INFO - wind speed: 0.6 m/s, wind level: 1, wind direction angle: 117.3, wind direction: ESE
2025-07-06 17:07:23 - ModbusReader - INFO - wind speed: 0.8 m/s, wind level: 1, wind direction angle: 214.4, wind direction: WS
2025-07-06 17:07:23 - ModbusReader - INFO - wind speed: 0.8 m/s, wind level: 1, wind direction angle: 214.4, wind direction: WS
2025-07-06 17:07:54 - ModbusReader - INFO - wind speed: 0.8 m/s, wind level: 1, wind direction angle: 142.0, wind direction: ES
2025-07-06 17:07:54 - ModbusReader - INFO - wind speed: 0.8 m/s, wind level: 1, wind direction angle: 142.0, wind direction: ES
2025-07-06 17:08:25 - ModbusReader - INFO - wind speed: 1.1 m/s, wind level: 1, wind direction angle: 140.1, wind direction: ES
2025-07-06 17:08:26 - ModbusReader - INFO - wind speed: 1.1 m/s, wind level: 1, wind direction angle: 140.1, wind direction: ES
2025-07-06 17:08:56 - ModbusReader - INFO - wind speed: 0.7 m/s, wind level: 1, wind direction angle: 188.8, wind direction: S
2025-07-06 17:08:57 - ModbusReader - INFO - wind speed: 0.7 m/s, wind level: 1, wind direction angle: 188.8, wind direction: S
2025-07-06 17:09:27 - ModbusReader - INFO - wind speed: 0.3 m/s, wind level: 1, wind direction angle: 251.5, wind direction: WSW
2025-07-06 17:09:28 - ModbusReader - INFO - wind speed: 0.8 m/s, wind level: 1, wind direction angle: 161.1, wind direction: SSE
2025-07-06 17:09:59 - ModbusReader - INFO - wind speed: 1.2 m/s, wind level: 1, wind direction angle: 140.8, wind direction: ES
2025-07-06 17:09:59 - ModbusReader - INFO - wind speed: 1.2 m/s, wind level: 1, wind direction angle: 140.8, wind direction: ES
2025-07-06 17:10:30 - ModbusReader - INFO - wind speed: 0.7 m/s, wind level: 1, wind direction angle: 272.4, wind direction: W
2025-07-06 17:10:30 - ModbusReader - INFO - wind speed: 0.7 m/s, wind level: 1, wind direction angle: 272.4, wind direction: W
2025-07-06 17:11:01 - ModbusReader - INFO - wind speed: 0.6 m/s, wind level: 1, wind direction angle: 149.9, wind direction: SSE
2025-07-06 17:11:02 - ModbusReader - INFO - wind speed: 0.6 m/s, wind level: 1, wind direction angle: 149.9, wind direction: SSE
2025-07-06 17:11:32 - ModbusReader - INFO - wind speed: 0.0 m/s, wind level: 0, wind direction angle: 136.7, wind direction: ES
2025-07-06 17:11:33 - ModbusReader - INFO - wind speed: 0.0 m/s, wind level: 0, wind direction angle: 136.7, wind direction: ES
2025-07-06 17:12:03 - ModbusReader - INFO - wind speed: 0.0 m/s, wind level: 0, wind direction angle: 0.5, wind direction: N
2025-07-06 17:12:04 - ModbusReader - INFO - wind speed: 0.0 m/s, wind level: 0, wind direction angle: 0.5, wind direction: N
2025-07-06 17:12:35 - ModbusReader - INFO - wind speed: 0.0 m/s, wind level: 0, wind direction angle: 17.6, wind direction: NNE
2025-07-06 17:12:35 - ModbusReader - INFO - wind speed: 0.0 m/s, wind level: 0, wind direction angle: 17.6, wind direction: NNE
2025-07-06 17:13:06 - ModbusReader - INFO - wind speed: 0.0 m/s, wind level: 0, wind direction angle: 197.1, wind direction: SSW
2025-07-06 17:13:06 - ModbusReader - INFO - wind speed: 0.0 m/s, wind level: 0, wind direction angle: 197.1, wind direction: SSW
2025-07-06 17:13:37 - ModbusReader - INFO - wind speed: 0.0 m/s, wind level: 0, wind direction angle: 278.6, wind direction: W
2025-07-06 17:13:38 - ModbusReader - INFO - wind speed: 0.0 m/s, wind level: 0, wind direction angle: 278.6, wind direction: W
2025-07-06 17:14:08 - ModbusReader - INFO - wind speed: 0.0 m/s, wind level: 0, wind direction angle: 115.9, wind direction: ESE
2025-07-06 17:14:09 - ModbusReader - INFO - wind speed: 0.0 m/s, wind level: 0, wind direction angle: 115.9, wind direction: ESE
2025-07-06 17:14:39 - ModbusReader - INFO - wind speed: 0.0 m/s, wind level: 0, wind direction angle: 140.8, wind direction: ES
2025-07-06 17:14:40 - ModbusReader - INFO - wind speed: 0.0 m/s, wind level: 0, wind direction angle: 140.8, wind direction: ES
2025-07-06 17:15:11 - ModbusReader - INFO - wind speed: 0.0 m/s, wind level: 0, wind direction angle: 177.5, wind direction: S
2025-07-06 17:15:11 - ModbusReader - INFO - wind speed: 0.0 m/s, wind level: 0, wind direction angle: 177.5, wind direction: S
2025-07-06 17:15:42 - ModbusReader - INFO - wind speed: 0.0 m/s, wind level: 0, wind direction angle: 147.9, wind direction: SSE
2025-07-06 17:15:42 - ModbusReader - INFO - wind speed: 0.0 m/s, wind level: 0, wind direction angle: 147.9, wind direction: SSE
2025-07-06 17:16:13 - ModbusReader - INFO - wind speed: 0.9 m/s, wind level: 1, wind direction angle: 88.6, wind direction: E
2025-07-06 17:16:14 - ModbusReader - INFO - wind speed: 0.9 m/s, wind level: 1, wind direction angle: 88.6, wind direction: E
2025-07-06 17:16:44 - ModbusReader - INFO - wind speed: 1.2 m/s, wind level: 1, wind direction angle: 157.7, wind direction: SSE
2025-07-06 17:16:45 - ModbusReader - INFO - wind speed: 0.9 m/s, wind level: 1, wind direction angle: 156.7, wind direction: SSE
2025-07-06 17:17:15 - ModbusReader - INFO - wind speed: 0.5 m/s, wind level: 1, wind direction angle: 341.8, wind direction: NNW
2025-07-06 17:17:16 - ModbusReader - INFO - wind speed: 0.5 m/s, wind level: 1, wind direction angle: 341.8, wind direction: NNW
2025-07-06 17:17:47 - ModbusReader - INFO - wind speed: 0.7 m/s, wind level: 1, wind direction angle: 79.4, wind direction: E
2025-07-06 17:17:47 - ModbusReader - INFO - wind speed: 0.7 m/s, wind level: 1, wind direction angle: 79.4, wind direction: E
2025-07-06 17:18:18 - ModbusReader - INFO - wind speed: 0.0 m/s, wind level: 0, wind direction angle: 206.9, wind direction: SSW
2025-07-06 17:18:18 - ModbusReader - INFO - wind speed: 0.0 m/s, wind level: 0, wind direction angle: 206.9, wind direction: SSW
2025-07-06 17:18:49 - ModbusReader - INFO - wind speed: 0.0 m/s, wind level: 0, wind direction angle: 155.3, wind direction: SSE
2025-07-06 17:18:50 - ModbusReader - INFO - wind speed: 0.0 m/s, wind level: 0, wind direction angle: 155.3, wind direction: SSE
2025-07-06 17:19:20 - ModbusReader - INFO - wind speed: 0.0 m/s, wind level: 0, wind direction angle: 95.4, wind direction: E
2025-07-06 17:19:21 - ModbusReader - INFO - wind speed: 0.0 m/s, wind level: 0, wind direction angle: 95.4, wind direction: E
2025-07-06 17:19:51 - ModbusReader - INFO - wind speed: 0.0 m/s, wind level: 0, wind direction angle: 178.8, wind direction: S
2025-07-06 17:19:52 - ModbusReader - INFO - wind speed: 0.0 m/s, wind level: 0, wind direction angle: 178.8, wind direction: S
2025-07-06 17:20:23 - ModbusReader - INFO - wind speed: 0.0 m/s, wind level: 0, wind direction angle: 353.3, wind direction: N
2025-07-06 17:20:23 - ModbusReader - INFO - wind speed: 0.0 m/s, wind level: 0, wind direction angle: 353.3, wind direction: N
2025-07-06 17:20:54 - ModbusReader - INFO - wind speed: 0.0 m/s, wind level: 0, wind direction angle: 205.3, wind direction: SSW
2025-07-06 17:20:54 - ModbusReader - INFO - wind speed: 0.0 m/s, wind level: 0, wind direction angle: 205.3, wind direction: SSW
2025-07-06 17:21:25 - ModbusReader - INFO - wind speed: 0.0 m/s, wind level: 0, wind direction angle: 180.1, wind direction: S
2025-07-06 17:21:26 - ModbusReader - INFO - wind speed: 0.0 m/s, wind level: 0, wind direction angle: 180.1, wind direction: S
2025-07-06 17:21:56 - ModbusReader - INFO - wind speed: 0.0 m/s, wind level: 0, wind direction angle: 160.4, wind direction: SSE
2025-07-06 17:21:57 - ModbusReader - INFO - wind speed: 0.0 m/s, wind level: 0, wind direction angle: 160.4, wind direction: SSE
2025-07-06 17:22:27 - ModbusReader - INFO - wind speed: 0.2 m/s, wind level: 0, wind direction angle: 134.2, wind direction: ES
2025-07-06 17:22:28 - ModbusReader - INFO - wind speed: 0.2 m/s, wind level: 0, wind direction angle: 134.2, wind direction: ES
2025-07-06 17:22:59 - ModbusReader - INFO - wind speed: 0.8 m/s, wind level: 1, wind direction angle: 157.6, wind direction: SSE
2025-07-06 17:22:59 - ModbusReader - INFO - wind speed: 0.8 m/s, wind level: 1, wind direction angle: 157.6, wind direction: SSE
2025-07-06 17:23:30 - ModbusReader - INFO - wind speed: 1.0 m/s, wind level: 1, wind direction angle: 178.6, wind direction: S
2025-07-06 17:23:30 - ModbusReader - INFO - wind speed: 1.0 m/s, wind level: 1, wind direction angle: 178.6, wind direction: S
2025-07-06 17:24:01 - ModbusReader - INFO - wind speed: 0.7 m/s, wind level: 1, wind direction angle: 192.4, wind direction: SSW
2025-07-06 17:24:02 - ModbusReader - INFO - wind speed: 0.6 m/s, wind level: 1, wind direction angle: 95.1, wind direction: E
2025-07-06 17:24:32 - ModbusReader - INFO - wind speed: 0.0 m/s, wind level: 0, wind direction angle: 28.4, wind direction: NNE
2025-07-06 17:24:33 - ModbusReader - INFO - wind speed: 0.0 m/s, wind level: 0, wind direction angle: 28.4, wind direction: NNE
2025-07-06 17:25:03 - ModbusReader - INFO - wind speed: 1.3 m/s, wind level: 1, wind direction angle: 213.8, wind direction: WS
2025-07-06 17:25:04 - ModbusReader - INFO - wind speed: 1.3 m/s, wind level: 1, wind direction angle: 213.8, wind direction: WS
2025-07-06 17:25:35 - ModbusReader - INFO - wind speed: 0.7 m/s, wind level: 1, wind direction angle: 119.4, wind direction: ESE
2025-07-06 17:25:35 - ModbusReader - INFO - wind speed: 0.7 m/s, wind level: 1, wind direction angle: 119.4, wind direction: ESE
2025-07-06 17:26:06 - ModbusReader - INFO - wind speed: 1.1 m/s, wind level: 1, wind direction angle: 244.8, wind direction: WSW
2025-07-06 17:26:06 - ModbusReader - INFO - wind speed: 1.1 m/s, wind level: 1, wind direction angle: 244.8, wind direction: WSW
2025-07-06 17:26:37 - ModbusReader - INFO - wind speed: 1.0 m/s, wind level: 1, wind direction angle: 179.3, wind direction: S
2025-07-06 17:26:38 - ModbusReader - INFO - wind speed: 1.0 m/s, wind level: 1, wind direction angle: 179.3, wind direction: S
2025-07-06 17:27:08 - ModbusReader - INFO - wind speed: 0.9 m/s, wind level: 1, wind direction angle: 157.4, wind direction: SSE
2025-07-06 17:27:09 - ModbusReader - INFO - wind speed: 0.9 m/s, wind level: 1, wind direction angle: 157.4, wind direction: SSE
2025-07-06 17:27:39 - ModbusReader - INFO - wind speed: 1.0 m/s, wind level: 1, wind direction angle: 111.3, wind direction: ESE
2025-07-06 17:27:40 - ModbusReader - INFO - wind speed: 1.0 m/s, wind level: 1, wind direction angle: 111.3, wind direction: ESE
2025-07-06 17:28:11 - ModbusReader - INFO - wind speed: 0.9 m/s, wind level: 1, wind direction angle: 148.2, wind direction: SSE
2025-07-06 17:28:11 - ModbusReader - INFO - wind speed: 0.9 m/s, wind level: 1, wind direction angle: 148.2, wind direction: SSE
2025-07-06 17:28:42 - ModbusReader - INFO - wind speed: 0.8 m/s, wind level: 1, wind direction angle: 357.9, wind direction: N
2025-07-06 17:28:42 - ModbusReader - INFO - wind speed: 0.8 m/s, wind level: 1, wind direction angle: 357.9, wind direction: N
2025-07-06 17:29:13 - ModbusReader - INFO - wind speed: 1.1 m/s, wind level: 1, wind direction angle: 321.6, wind direction: WN
2025-07-06 17:29:14 - ModbusReader - INFO - wind speed: 1.1 m/s, wind level: 1, wind direction angle: 321.6, wind direction: WN
2025-07-06 17:29:44 - ModbusReader - INFO - wind speed: 1.2 m/s, wind level: 1, wind direction angle: 218.3, wind direction: WS
2025-07-06 17:29:45 - ModbusReader - INFO - wind speed: 1.2 m/s, wind level: 1, wind direction angle: 218.3, wind direction: WS
2025-07-06 17:30:15 - ModbusReader - INFO - wind speed: 2.0 m/s, wind level: 2, wind direction angle: 200.6, wind direction: SSW
2025-07-06 17:30:16 - ModbusReader - INFO - wind speed: 2.0 m/s, wind level: 2, wind direction angle: 200.6, wind direction: SSW
2025-07-06 17:30:47 - ModbusReader - INFO - wind speed: 1.5 m/s, wind level: 1, wind direction angle: 147.4, wind direction: SSE
2025-07-06 17:30:47 - ModbusReader - INFO - wind speed: 1.5 m/s, wind level: 1, wind direction angle: 147.4, wind direction: SSE
2025-07-06 17:31:18 - ModbusReader - INFO - wind speed: 1.2 m/s, wind level: 1, wind direction angle: 252.2, wind direction: WSW
2025-07-06 17:31:18 - ModbusReader - INFO - wind speed: 1.1 m/s, wind level: 1, wind direction angle: 145.7, wind direction: ES
2025-07-06 17:31:49 - ModbusReader - INFO - wind speed: 0.8 m/s, wind level: 1, wind direction angle: 242.4, wind direction: WSW
2025-07-06 17:31:50 - ModbusReader - INFO - wind speed: 0.8 m/s, wind level: 1, wind direction angle: 242.4, wind direction: WSW
2025-07-06 17:32:20 - ModbusReader - INFO - wind speed: 1.0 m/s, wind level: 1, wind direction angle: 93.0, wind direction: E
2025-07-06 17:32:21 - ModbusReader - INFO - wind speed: 1.0 m/s, wind level: 1, wind direction angle: 93.0, wind direction: E
2025-07-06 17:32:51 - ModbusReader - INFO - wind speed: 1.0 m/s, wind level: 1, wind direction angle: 112.8, wind direction: ESE
2025-07-06 17:32:52 - ModbusReader - INFO - wind speed: 1.0 m/s, wind level: 1, wind direction angle: 112.8, wind direction: ESE
2025-07-06 17:33:23 - ModbusReader - INFO - wind speed: 0.9 m/s, wind level: 1, wind direction angle: 265.4, wind direction: W
2025-07-06 17:33:23 - ModbusReader - INFO - wind speed: 0.9 m/s, wind level: 1, wind direction angle: 265.4, wind direction: W
2025-07-06 17:33:54 - ModbusReader - INFO - wind speed: 0.5 m/s, wind level: 1, wind direction angle: 181.1, wind direction: S
2025-07-06 17:33:54 - ModbusReader - INFO - wind speed: 0.5 m/s, wind level: 1, wind direction angle: 181.1, wind direction: S
2025-07-06 17:34:25 - ModbusReader - INFO - wind speed: 0.7 m/s, wind level: 1, wind direction angle: 181.9, wind direction: S
2025-07-06 17:34:26 - ModbusReader - INFO - wind speed: 0.7 m/s, wind level: 1, wind direction angle: 181.9, wind direction: S
2025-07-06 17:34:56 - ModbusReader - INFO - wind speed: 0.8 m/s, wind level: 1, wind direction angle: 90.0, wind direction: E
2025-07-06 17:34:57 - ModbusReader - INFO - wind speed: 0.8 m/s, wind level: 1, wind direction angle: 90.0, wind direction: E
2025-07-06 17:35:27 - ModbusReader - INFO - wind speed: 1.3 m/s, wind level: 1, wind direction angle: 58.0, wind direction: ENE
2025-07-06 17:35:28 - ModbusReader - INFO - wind speed: 1.3 m/s, wind level: 1, wind direction angle: 58.0, wind direction: ENE
2025-07-06 17:35:59 - ModbusReader - INFO - wind speed: 0.9 m/s, wind level: 1, wind direction angle: 140.0, wind direction: ES
2025-07-06 17:35:59 - ModbusReader - INFO - wind speed: 0.9 m/s, wind level: 1, wind direction angle: 140.0, wind direction: ES
2025-07-06 17:36:30 - ModbusReader - INFO - wind speed: 1.3 m/s, wind level: 1, wind direction angle: 269.2, wind direction: W
2025-07-06 17:36:30 - ModbusReader - INFO - wind speed: 1.3 m/s, wind level: 1, wind direction angle: 269.2, wind direction: W
2025-07-06 17:37:01 - ModbusReader - INFO - wind speed: 1.0 m/s, wind level: 1, wind direction angle: 155.2, wind direction: SSE
2025-07-06 17:37:02 - ModbusReader - INFO - wind speed: 1.0 m/s, wind level: 1, wind direction angle: 155.2, wind direction: SSE
2025-07-06 17:37:32 - ModbusReader - INFO - wind speed: 0.7 m/s, wind level: 1, wind direction angle: 157.7, wind direction: SSE
2025-07-06 17:37:33 - ModbusReader - INFO - wind speed: 0.7 m/s, wind level: 1, wind direction angle: 157.7, wind direction: SSE
2025-07-06 17:38:03 - ModbusReader - INFO - wind speed: 0.7 m/s, wind level: 1, wind direction angle: 105.7, wind direction: ESE
2025-07-06 17:38:04 - ModbusReader - INFO - wind speed: 0.7 m/s, wind level: 1, wind direction angle: 105.7, wind direction: ESE
2025-07-06 17:38:35 - ModbusReader - INFO - wind speed: 0.0 m/s, wind level: 0, wind direction angle: 322.1, wind direction: WN
2025-07-06 17:38:35 - ModbusReader - INFO - wind speed: 0.0 m/s, wind level: 0, wind direction angle: 127.0, wind direction: ES
2025-07-06 17:39:06 - ModbusReader - INFO - wind speed: 0.0 m/s, wind level: 0, wind direction angle: 179.3, wind direction: S
2025-07-06 17:39:06 - ModbusReader - INFO - wind speed: 0.0 m/s, wind level: 0, wind direction angle: 179.3, wind direction: S
2025-07-06 17:39:37 - ModbusReader - INFO - wind speed: 0.0 m/s, wind level: 0, wind direction angle: 232.6, wind direction: WS
2025-07-06 17:39:38 - ModbusReader - INFO - wind speed: 0.0 m/s, wind level: 0, wind direction angle: 232.6, wind direction: WS
2025-07-06 17:40:08 - ModbusReader - INFO - wind speed: 0.0 m/s, wind level: 0, wind direction angle: 204.0, wind direction: SSW
2025-07-06 17:40:09 - ModbusReader - INFO - wind speed: 0.0 m/s, wind level: 0, wind direction angle: 204.0, wind direction: SSW
2025-07-06 17:40:39 - ModbusReader - INFO - wind speed: 0.0 m/s, wind level: 0, wind direction angle: 144.9, wind direction: ES
2025-07-06 17:40:40 - ModbusReader - INFO - wind speed: 0.0 m/s, wind level: 0, wind direction angle: 144.9, wind direction: ES
2025-07-06 17:41:11 - ModbusReader - INFO - wind speed: 0.0 m/s, wind level: 0, wind direction angle: 183.2, wind direction: S
2025-07-06 17:41:11 - ModbusReader - INFO - wind speed: 0.0 m/s, wind level: 0, wind direction angle: 183.2, wind direction: S
2025-07-06 17:41:42 - ModbusReader - INFO - wind speed: 0.0 m/s, wind level: 0, wind direction angle: 161.3, wind direction: SSE
2025-07-06 17:41:42 - ModbusReader - INFO - wind speed: 0.0 m/s, wind level: 0, wind direction angle: 161.3, wind direction: SSE
2025-07-06 17:42:13 - ModbusReader - INFO - wind speed: 0.0 m/s, wind level: 0, wind direction angle: 166.6, wind direction: SSE
2025-07-06 17:42:14 - ModbusReader - INFO - wind speed: 0.0 m/s, wind level: 0, wind direction angle: 166.6, wind direction: SSE
2025-07-06 17:42:44 - ModbusReader - INFO - wind speed: 0.0 m/s, wind level: 0, wind direction angle: 13.5, wind direction: NNE
2025-07-06 17:42:45 - ModbusReader - INFO - wind speed: 0.0 m/s, wind level: 0, wind direction angle: 13.5, wind direction: NNE
2025-07-06 17:43:15 - ModbusReader - INFO - wind speed: 0.0 m/s, wind level: 0, wind direction angle: 148.8, wind direction: SSE
2025-07-06 17:43:16 - ModbusReader - INFO - wind speed: 0.0 m/s, wind level: 0, wind direction angle: 148.8, wind direction: SSE
2025-07-06 17:43:47 - ModbusReader - INFO - wind speed: 0.0 m/s, wind level: 0, wind direction angle: 186.2, wind direction: S
2025-07-06 17:43:47 - ModbusReader - INFO - wind speed: 0.0 m/s, wind level: 0, wind direction angle: 186.2, wind direction: S
2025-07-06 17:44:18 - ModbusReader - INFO - wind speed: 0.0 m/s, wind level: 0, wind direction angle: 158.0, wind direction: SSE
2025-07-06 17:44:18 - ModbusReader - INFO - wind speed: 0.0 m/s, wind level: 0, wind direction angle: 158.0, wind direction: SSE
2025-07-06 17:44:49 - ModbusReader - INFO - wind speed: 0.9 m/s, wind level: 1, wind direction angle: 202.3, wind direction: SSW
2025-07-06 17:44:50 - ModbusReader - INFO - wind speed: 0.9 m/s, wind level: 1, wind direction angle: 202.3, wind direction: SSW
2025-07-06 17:45:20 - ModbusReader - INFO - wind speed: 0.7 m/s, wind level: 1, wind direction angle: 0.0, wind direction: N
2025-07-06 17:45:21 - ModbusReader - INFO - wind speed: 0.7 m/s, wind level: 1, wind direction angle: 0.0, wind direction: N
2025-07-06 17:45:51 - ModbusReader - INFO - wind speed: 0.0 m/s, wind level: 0, wind direction angle: 58.7, wind direction: ENE
2025-07-06 17:45:52 - ModbusReader - INFO - wind speed: 0.0 m/s, wind level: 0, wind direction angle: 155.9, wind direction: SSE
2025-07-06 17:46:23 - ModbusReader - INFO - wind speed: 1.0 m/s, wind level: 1, wind direction angle: 49.5, wind direction: EN
2025-07-06 17:46:23 - ModbusReader - INFO - wind speed: 1.0 m/s, wind level: 1, wind direction angle: 49.5, wind direction: EN
2025-07-06 17:46:54 - ModbusReader - INFO - wind speed: 0.4 m/s, wind level: 1, wind direction angle: 158.5, wind direction: SSE
2025-07-06 17:46:54 - ModbusReader - INFO - wind speed: 0.4 m/s, wind level: 1, wind direction angle: 158.5, wind direction: SSE
2025-07-06 17:47:25 - ModbusReader - INFO - wind speed: 0.6 m/s, wind level: 1, wind direction angle: 54.1, wind direction: EN
2025-07-06 17:47:26 - ModbusReader - INFO - wind speed: 0.6 m/s, wind level: 1, wind direction angle: 54.1, wind direction: EN
2025-07-06 17:47:56 - ModbusReader - INFO - wind speed: 0.0 m/s, wind level: 0, wind direction angle: 190.7, wind direction: S
2025-07-06 17:47:57 - ModbusReader - INFO - wind speed: 0.0 m/s, wind level: 0, wind direction angle: 190.7, wind direction: S
2025-07-06 17:48:27 - ModbusReader - INFO - wind speed: 0.0 m/s, wind level: 0, wind direction angle: 327.6, wind direction: NNW
2025-07-06 17:48:28 - ModbusReader - INFO - wind speed: 0.0 m/s, wind level: 0, wind direction angle: 327.6, wind direction: NNW
2025-07-06 17:48:59 - ModbusReader - INFO - wind speed: 0.0 m/s, wind level: 0, wind direction angle: 140.2, wind direction: ES
2025-07-06 17:48:59 - ModbusReader - INFO - wind speed: 0.0 m/s, wind level: 0, wind direction angle: 140.2, wind direction: ES
2025-07-06 17:49:30 - ModbusReader - INFO - wind speed: 0.6 m/s, wind level: 1, wind direction angle: 164.2, wind direction: SSE
2025-07-06 17:49:30 - ModbusReader - INFO - wind speed: 0.6 m/s, wind level: 1, wind direction angle: 164.2, wind direction: SSE
2025-07-06 17:50:01 - ModbusReader - INFO - wind speed: 0.5 m/s, wind level: 1, wind direction angle: 154.2, wind direction: SSE
2025-07-06 17:50:01 - ModbusReader - INFO - wind speed: 0.5 m/s, wind level: 1, wind direction angle: 154.2, wind direction: SSE
2025-07-06 17:50:32 - ModbusReader - INFO - wind speed: 0.5 m/s, wind level: 1, wind direction angle: 41.8, wind direction: EN
2025-07-06 17:50:33 - ModbusReader - INFO - wind speed: 0.5 m/s, wind level: 1, wind direction angle: 41.8, wind direction: EN
2025-07-06 17:51:03 - ModbusReader - INFO - wind speed: 0.0 m/s, wind level: 0, wind direction angle: 68.2, wind direction: ENE
2025-07-06 17:51:04 - ModbusReader - INFO - wind speed: 0.0 m/s, wind level: 0, wind direction angle: 68.2, wind direction: ENE
2025-07-06 17:51:34 - ModbusReader - INFO - wind speed: 0.8 m/s, wind level: 1, wind direction angle: 150.6, wind direction: SSE
2025-07-06 17:51:35 - ModbusReader - INFO - wind speed: 0.8 m/s, wind level: 1, wind direction angle: 150.6, wind direction: SSE
2025-07-06 17:52:06 - ModbusReader - INFO - wind speed: 0.6 m/s, wind level: 1, wind direction angle: 200.7, wind direction: SSW
2025-07-06 17:52:06 - ModbusReader - INFO - wind speed: 0.6 m/s, wind level: 1, wind direction angle: 200.7, wind direction: SSW
2025-07-06 17:52:37 - ModbusReader - INFO - wind speed: 1.7 m/s, wind level: 2, wind direction angle: 219.2, wind direction: WS
2025-07-06 17:52:38 - ModbusReader - INFO - wind speed: 1.7 m/s, wind level: 2, wind direction angle: 219.2, wind direction: WS
2025-07-06 17:53:08 - ModbusReader - INFO - wind speed: 1.1 m/s, wind level: 1, wind direction angle: 105.0, wind direction: ESE
2025-07-06 17:53:09 - ModbusReader - INFO - wind speed: 0.9 m/s, wind level: 1, wind direction angle: 211.9, wind direction: SSW
2025-07-06 17:53:39 - ModbusReader - INFO - wind speed: 0.9 m/s, wind level: 1, wind direction angle: 197.6, wind direction: SSW
2025-07-06 17:53:40 - ModbusReader - INFO - wind speed: 0.9 m/s, wind level: 1, wind direction angle: 197.6, wind direction: SSW
2025-07-06 17:54:10 - ModbusReader - INFO - wind speed: 1.3 m/s, wind level: 1, wind direction angle: 140.5, wind direction: ES
2025-07-06 17:54:11 - ModbusReader - INFO - wind speed: 1.3 m/s, wind level: 1, wind direction angle: 140.5, wind direction: ES
2025-07-06 17:54:42 - ModbusReader - INFO - wind speed: 0.8 m/s, wind level: 1, wind direction angle: 286.2, wind direction: WNW
2025-07-06 17:54:42 - ModbusReader - INFO - wind speed: 0.8 m/s, wind level: 1, wind direction angle: 286.2, wind direction: WNW
2025-07-06 17:55:13 - ModbusReader - INFO - wind speed: 0.4 m/s, wind level: 1, wind direction angle: 256.6, wind direction: WSW
2025-07-06 17:55:13 - ModbusReader - INFO - wind speed: 0.4 m/s, wind level: 1, wind direction angle: 256.6, wind direction: WSW
2025-07-06 17:55:44 - ModbusReader - INFO - wind speed: 0.7 m/s, wind level: 1, wind direction angle: 351.4, wind direction: N
2025-07-06 17:55:45 - ModbusReader - INFO - wind speed: 0.7 m/s, wind level: 1, wind direction angle: 351.4, wind direction: N
2025-07-06 17:56:15 - ModbusReader - INFO - wind speed: 0.0 m/s, wind level: 0, wind direction angle: 165.6, wind direction: SSE
2025-07-06 17:56:16 - ModbusReader - INFO - wind speed: 0.0 m/s, wind level: 0, wind direction angle: 165.6, wind direction: SSE
2025-07-06 17:56:46 - ModbusReader - INFO - wind speed: 0.6 m/s, wind level: 1, wind direction angle: 258.2, wind direction: WSW
2025-07-06 17:56:47 - ModbusReader - INFO - wind speed: 0.6 m/s, wind level: 1, wind direction angle: 258.2, wind direction: WSW
2025-07-06 17:57:18 - ModbusReader - INFO - wind speed: 1.4 m/s, wind level: 1, wind direction angle: 100.2, wind direction: E
2025-07-06 17:57:18 - ModbusReader - INFO - wind speed: 1.4 m/s, wind level: 1, wind direction angle: 100.2, wind direction: E
2025-07-06 17:57:49 - ModbusReader - INFO - wind speed: 0.9 m/s, wind level: 1, wind direction angle: 153.4, wind direction: SSE
2025-07-06 17:57:49 - ModbusReader - INFO - wind speed: 0.9 m/s, wind level: 1, wind direction angle: 153.4, wind direction: SSE
2025-07-06 17:58:20 - ModbusReader - INFO - wind speed: 1.0 m/s, wind level: 1, wind direction angle: 202.0, wind direction: SSW
2025-07-06 17:58:21 - ModbusReader - INFO - wind speed: 1.0 m/s, wind level: 1, wind direction angle: 202.0, wind direction: SSW
2025-07-06 17:58:51 - ModbusReader - INFO - wind speed: 1.0 m/s, wind level: 1, wind direction angle: 276.7, wind direction: W
2025-07-06 17:58:52 - ModbusReader - INFO - wind speed: 1.0 m/s, wind level: 1, wind direction angle: 276.7, wind direction: W
2025-07-06 17:59:22 - ModbusReader - INFO - wind speed: 1.3 m/s, wind level: 1, wind direction angle: 163.0, wind direction: SSE
2025-07-06 17:59:23 - ModbusReader - INFO - wind speed: 1.3 m/s, wind level: 1, wind direction angle: 163.0, wind direction: SSE
2025-07-06 17:59:54 - ModbusReader - INFO - wind speed: 1.0 m/s, wind level: 1, wind direction angle: 212.1, wind direction: SSW
2025-07-06 17:59:54 - ModbusReader - INFO - wind speed: 1.0 m/s, wind level: 1, wind direction angle: 212.1, wind direction: SSW
2025-07-06 18:00:25 - ModbusReader - INFO - wind speed: 0.6 m/s, wind level: 1, wind direction angle: 198.8, wind direction: SSW
2025-07-06 18:00:25 - ModbusReader - INFO - wind speed: 0.9 m/s, wind level: 1, wind direction angle: 324.5, wind direction: WN
2025-07-07 09:05:12 - ModbusReader - INFO - 找到 wind speed計 設備: COM4
2025-07-07 09:05:13 - ModbusReader - INFO - wind speed: 0.0 m/s, wind level: 0, wind direction angle: 148.8, wind direction: SSE
2025-07-07 09:05:13 - ModbusReader - INFO - wind speed: 0.0 m/s, wind level: 0, wind direction angle: 148.8, wind direction: SSE
2025-07-07 09:05:14 - ModbusReader - INFO - wind speed: 0.0 m/s, wind level: 0, wind direction angle: 148.8, wind direction: SSE
2025-07-07 09:05:45 - ModbusReader - INFO - wind speed: 0.0 m/s, wind level: 0, wind direction angle: 136.7, wind direction: ES
2025-07-07 09:05:45 - ModbusReader - INFO - wind speed: 0.0 m/s, wind level: 0, wind direction angle: 178.2, wind direction: S
2025-07-07 09:06:16 - ModbusReader - INFO - wind speed: 0.0 m/s, wind level: 0, wind direction angle: 167.1, wind direction: SSE
2025-07-07 09:06:16 - ModbusReader - INFO - wind speed: 0.0 m/s, wind level: 0, wind direction angle: 167.1, wind direction: SSE
2025-07-07 09:06:47 - ModbusReader - INFO - wind speed: 0.0 m/s, wind level: 0, wind direction angle: 147.1, wind direction: SSE
2025-07-07 09:06:48 - ModbusReader - INFO - wind speed: 0.0 m/s, wind level: 0, wind direction angle: 147.1, wind direction: SSE
2025-07-07 09:07:18 - ModbusReader - INFO - wind speed: 0.0 m/s, wind level: 0, wind direction angle: 25.7, wind direction: NNE
2025-07-07 09:07:19 - ModbusReader - INFO - wind speed: 0.0 m/s, wind level: 0, wind direction angle: 25.7, wind direction: NNE
2025-07-07 09:07:49 - ModbusReader - INFO - wind speed: 0.0 m/s, wind level: 0, wind direction angle: 144.5, wind direction: ES
2025-07-07 09:07:50 - ModbusReader - INFO - wind speed: 0.0 m/s, wind level: 0, wind direction angle: 144.5, wind direction: ES
2025-07-07 09:08:21 - ModbusReader - INFO - wind speed: 0.0 m/s, wind level: 0, wind direction angle: 152.6, wind direction: SSE
2025-07-07 09:08:21 - ModbusReader - INFO - wind speed: 0.0 m/s, wind level: 0, wind direction angle: 152.6, wind direction: SSE
2025-07-07 09:08:52 - ModbusReader - INFO - wind speed: 0.0 m/s, wind level: 0, wind direction angle: 136.2, wind direction: ES
2025-07-07 09:08:52 - ModbusReader - INFO - wind speed: 0.0 m/s, wind level: 0, wind direction angle: 136.2, wind direction: ES
2025-07-07 09:09:23 - ModbusReader - INFO - wind speed: 0.0 m/s, wind level: 0, wind direction angle: 146.0, wind direction: ES
2025-07-07 09:09:24 - ModbusReader - INFO - wind speed: 0.0 m/s, wind level: 0, wind direction angle: 146.0, wind direction: ES
2025-07-07 09:09:54 - ModbusReader - INFO - wind speed: 0.0 m/s, wind level: 0, wind direction angle: 174.5, wind direction: S
2025-07-07 09:09:55 - ModbusReader - INFO - wind speed: 0.0 m/s, wind level: 0, wind direction angle: 174.5, wind direction: S
2025-07-07 09:10:25 - ModbusReader - INFO - wind speed: 0.0 m/s, wind level: 0, wind direction angle: 128.8, wind direction: ES
2025-07-07 09:10:26 - ModbusReader - INFO - wind speed: 0.0 m/s, wind level: 0, wind direction angle: 128.8, wind direction: ES
2025-07-07 09:10:57 - ModbusReader - INFO - wind speed: 0.0 m/s, wind level: 0, wind direction angle: 158.2, wind direction: SSE
2025-07-07 09:10:57 - ModbusReader - INFO - wind speed: 0.0 m/s, wind level: 0, wind direction angle: 158.2, wind direction: SSE
2025-07-07 09:11:28 - ModbusReader - INFO - wind speed: 0.0 m/s, wind level: 0, wind direction angle: 156.2, wind direction: SSE
2025-07-07 09:11:28 - ModbusReader - INFO - wind speed: 0.0 m/s, wind level: 0, wind direction angle: 156.2, wind direction: SSE
2025-07-07 09:11:59 - ModbusReader - INFO - wind speed: 0.0 m/s, wind level: 0, wind direction angle: 135.2, wind direction: ES
2025-07-07 09:12:00 - ModbusReader - INFO - wind speed: 0.0 m/s, wind level: 0, wind direction angle: 135.2, wind direction: ES
2025-07-07 09:12:30 - ModbusReader - INFO - wind speed: 0.0 m/s, wind level: 0, wind direction angle: 141.9, wind direction: ES
2025-07-07 09:12:31 - ModbusReader - INFO - wind speed: 0.0 m/s, wind level: 0, wind direction angle: 141.9, wind direction: ES
2025-07-07 09:13:01 - ModbusReader - INFO - wind speed: 0.0 m/s, wind level: 0, wind direction angle: 156.1, wind direction: SSE
2025-07-07 09:13:02 - ModbusReader - INFO - wind speed: 0.0 m/s, wind level: 0, wind direction angle: 154.2, wind direction: SSE
2025-07-07 09:13:33 - ModbusReader - INFO - wind speed: 0.0 m/s, wind level: 0, wind direction angle: 157.0, wind direction: SSE
2025-07-07 09:13:33 - ModbusReader - INFO - wind speed: 0.0 m/s, wind level: 0, wind direction angle: 157.0, wind direction: SSE
2025-07-07 09:14:04 - ModbusReader - INFO - wind speed: 0.0 m/s, wind level: 0, wind direction angle: 136.9, wind direction: ES
2025-07-07 09:14:04 - ModbusReader - INFO - wind speed: 0.0 m/s, wind level: 0, wind direction angle: 136.9, wind direction: ES
2025-07-07 09:14:35 - ModbusReader - INFO - wind speed: 0.0 m/s, wind level: 0, wind direction angle: 159.2, wind direction: SSE
2025-07-07 09:14:36 - ModbusReader - INFO - wind speed: 0.0 m/s, wind level: 0, wind direction angle: 159.2, wind direction: SSE
2025-07-07 09:15:06 - ModbusReader - INFO - wind speed: 0.0 m/s, wind level: 0, wind direction angle: 168.7, wind direction: SSE
2025-07-07 09:15:07 - ModbusReader - INFO - wind speed: 0.0 m/s, wind level: 0, wind direction angle: 168.7, wind direction: SSE
2025-07-07 09:15:36 - ModbusReader - INFO - wind speed: 0.0 m/s, wind level: 0, wind direction angle: 135.3, wind direction: ES
2025-07-07 09:15:36 - ModbusReader - INFO - wind speed: 0.0 m/s, wind level: 0, wind direction angle: 135.3, wind direction: ES
2025-07-07 09:16:07 - ModbusReader - INFO - wind speed: 0.0 m/s, wind level: 0, wind direction angle: 97.3, wind direction: E
2025-07-07 09:16:07 - ModbusReader - INFO - wind speed: 0.0 m/s, wind level: 0, wind direction angle: 97.3, wind direction: E
2025-07-07 09:16:38 - ModbusReader - INFO - wind speed: 0.0 m/s, wind level: 0, wind direction angle: 8.8, wind direction: N
2025-07-07 09:16:39 - ModbusReader - INFO - wind speed: 0.0 m/s, wind level: 0, wind direction angle: 8.8, wind direction: N
2025-07-07 09:17:09 - ModbusReader - INFO - wind speed: 0.0 m/s, wind level: 0, wind direction angle: 8.8, wind direction: N
2025-07-07 09:17:10 - ModbusReader - INFO - wind speed: 0.0 m/s, wind level: 0, wind direction angle: 8.8, wind direction: N
2025-07-07 09:17:40 - ModbusReader - INFO - wind speed: 0.0 m/s, wind level: 0, wind direction angle: 8.8, wind direction: N
2025-07-07 09:17:41 - ModbusReader - INFO - wind speed: 0.0 m/s, wind level: 0, wind direction angle: 8.8, wind direction: N
2025-07-07 09:18:12 - ModbusReader - INFO - wind speed: 0.0 m/s, wind level: 0, wind direction angle: 8.8, wind direction: N
2025-07-07 09:18:12 - ModbusReader - INFO - wind speed: 0.0 m/s, wind level: 0, wind direction angle: 8.8, wind direction: N
2025-07-07 09:18:43 - ModbusReader - INFO - wind speed: 0.0 m/s, wind level: 0, wind direction angle: 358.7, wind direction: N
2025-07-07 09:18:43 - ModbusReader - INFO - wind speed: 0.0 m/s, wind level: 0, wind direction angle: 358.7, wind direction: N
2025-07-07 09:19:14 - ModbusReader - INFO - wind speed: 0.0 m/s, wind level: 0, wind direction angle: 358.8, wind direction: N
2025-07-07 09:19:15 - ModbusReader - INFO - wind speed: 0.0 m/s, wind level: 0, wind direction angle: 358.8, wind direction: N
2025-07-07 09:19:45 - ModbusReader - INFO - wind speed: 0.0 m/s, wind level: 0, wind direction angle: 0.1, wind direction: N
2025-07-07 09:19:46 - ModbusReader - INFO - wind speed: 0.0 m/s, wind level: 0, wind direction angle: 0.1, wind direction: N
2025-07-07 09:20:16 - ModbusReader - INFO - wind speed: 0.0 m/s, wind level: 0, wind direction angle: 0.5, wind direction: N
2025-07-07 09:20:17 - ModbusReader - INFO - wind speed: 0.0 m/s, wind level: 0, wind direction angle: 0.5, wind direction: N
2025-07-07 09:20:48 - ModbusReader - INFO - wind speed: 0.0 m/s, wind level: 0, wind direction angle: 1.0, wind direction: N
2025-07-07 09:20:48 - ModbusReader - INFO - wind speed: 0.0 m/s, wind level: 0, wind direction angle: 1.0, wind direction: N
2025-07-07 09:21:19 - ModbusReader - INFO - wind speed: 0.0 m/s, wind level: 0, wind direction angle: 6.5, wind direction: N
2025-07-07 09:21:19 - ModbusReader - INFO - wind speed: 0.0 m/s, wind level: 0, wind direction angle: 6.5, wind direction: N
2025-07-07 09:21:50 - ModbusReader - INFO - wind speed: 0.0 m/s, wind level: 0, wind direction angle: 0.7, wind direction: N
2025-07-07 09:21:51 - ModbusReader - INFO - wind speed: 0.0 m/s, wind level: 0, wind direction angle: 0.7, wind direction: N
2025-07-07 09:22:21 - ModbusReader - INFO - wind speed: 0.0 m/s, wind level: 0, wind direction angle: 2.5, wind direction: N
2025-07-07 09:22:22 - ModbusReader - INFO - wind speed: 0.0 m/s, wind level: 0, wind direction angle: 2.5, wind direction: N
2025-07-07 09:22:52 - ModbusReader - INFO - wind speed: 0.0 m/s, wind level: 0, wind direction angle: 1.6, wind direction: N
2025-07-07 09:22:53 - ModbusReader - INFO - wind speed: 0.0 m/s, wind level: 0, wind direction angle: 1.6, wind direction: N
2025-07-07 09:23:24 - ModbusReader - INFO - wind speed: 0.0 m/s, wind level: 0, wind direction angle: 2.1, wind direction: N
2025-07-07 09:23:24 - ModbusReader - INFO - wind speed: 0.0 m/s, wind level: 0, wind direction angle: 2.1, wind direction: N
2025-07-07 09:23:55 - ModbusReader - INFO - wind speed: 0.0 m/s, wind level: 0, wind direction angle: 2.1, wind direction: N
2025-07-07 09:23:55 - ModbusReader - INFO - wind speed: 0.0 m/s, wind level: 0, wind direction angle: 2.1, wind direction: N
2025-07-07 09:24:26 - ModbusReader - INFO - wind speed: 0.0 m/s, wind level: 0, wind direction angle: 2.1, wind direction: N
2025-07-07 09:24:27 - ModbusReader - INFO - wind speed: 0.0 m/s, wind level: 0, wind direction angle: 2.1, wind direction: N
2025-07-07 09:24:57 - ModbusReader - INFO - wind speed: 0.0 m/s, wind level: 0, wind direction angle: 1.6, wind direction: N
2025-07-07 09:24:58 - ModbusReader - INFO - wind speed: 0.0 m/s, wind level: 0, wind direction angle: 1.6, wind direction: N
2025-07-07 09:25:28 - ModbusReader - INFO - wind speed: 0.0 m/s, wind level: 0, wind direction angle: 1.4, wind direction: N
2025-07-07 09:25:29 - ModbusReader - INFO - wind speed: 0.0 m/s, wind level: 0, wind direction angle: 1.4, wind direction: N
2025-07-07 09:26:00 - ModbusReader - INFO - wind speed: 0.0 m/s, wind level: 0, wind direction angle: 355.9, wind direction: N
2025-07-07 09:26:00 - ModbusReader - INFO - wind speed: 0.0 m/s, wind level: 0, wind direction angle: 355.9, wind direction: N
2025-07-07 09:26:31 - ModbusReader - INFO - wind speed: 0.0 m/s, wind level: 0, wind direction angle: 355.9, wind direction: N
2025-07-07 09:26:31 - ModbusReader - INFO - wind speed: 0.0 m/s, wind level: 0, wind direction angle: 355.9, wind direction: N
2025-07-07 09:27:02 - ModbusReader - INFO - wind speed: 0.0 m/s, wind level: 0, wind direction angle: 356.2, wind direction: N
2025-07-07 09:27:03 - ModbusReader - INFO - wind speed: 0.0 m/s, wind level: 0, wind direction angle: 356.2, wind direction: N
2025-07-07 09:27:33 - ModbusReader - INFO - wind speed: 0.0 m/s, wind level: 0, wind direction angle: 356.2, wind direction: N
2025-07-07 09:27:34 - ModbusReader - INFO - wind speed: 0.0 m/s, wind level: 0, wind direction angle: 356.1, wind direction: N
2025-07-07 09:28:04 - ModbusReader - INFO - wind speed: 0.0 m/s, wind level: 0, wind direction angle: 357.0, wind direction: N
2025-07-07 09:28:05 - ModbusReader - INFO - wind speed: 0.0 m/s, wind level: 0, wind direction angle: 357.0, wind direction: N
2025-07-07 09:28:36 - ModbusReader - INFO - wind speed: 0.0 m/s, wind level: 0, wind direction angle: 356.5, wind direction: N
2025-07-07 09:28:36 - ModbusReader - INFO - wind speed: 0.0 m/s, wind level: 0, wind direction angle: 356.5, wind direction: N
2025-07-07 09:29:07 - ModbusReader - INFO - wind speed: 0.0 m/s, wind level: 0, wind direction angle: 323.0, wind direction: WN
2025-07-07 09:29:07 - ModbusReader - INFO - wind speed: 0.0 m/s, wind level: 0, wind direction angle: 323.0, wind direction: WN
2025-07-07 09:29:38 - ModbusReader - INFO - wind speed: 0.0 m/s, wind level: 0, wind direction angle: 323.1, wind direction: WN
2025-07-07 09:29:39 - ModbusReader - INFO - wind speed: 0.0 m/s, wind level: 0, wind direction angle: 323.1, wind direction: WN
2025-07-07 09:30:09 - ModbusReader - INFO - wind speed: 0.0 m/s, wind level: 0, wind direction angle: 323.4, wind direction: WN
2025-07-07 09:30:10 - ModbusReader - INFO - wind speed: 0.0 m/s, wind level: 0, wind direction angle: 323.4, wind direction: WN
2025-07-07 09:30:40 - ModbusReader - INFO - wind speed: 0.0 m/s, wind level: 0, wind direction angle: 323.2, wind direction: WN
2025-07-07 09:30:41 - ModbusReader - INFO - wind speed: 0.0 m/s, wind level: 0, wind direction angle: 323.2, wind direction: WN
2025-07-07 09:31:12 - ModbusReader - INFO - wind speed: 0.0 m/s, wind level: 0, wind direction angle: 323.2, wind direction: WN
2025-07-07 09:31:12 - ModbusReader - INFO - wind speed: 0.0 m/s, wind level: 0, wind direction angle: 323.2, wind direction: WN
2025-07-07 09:31:43 - ModbusReader - INFO - wind speed: 0.0 m/s, wind level: 0, wind direction angle: 323.2, wind direction: WN
2025-07-07 09:31:43 - ModbusReader - INFO - wind speed: 0.0 m/s, wind level: 0, wind direction angle: 323.2, wind direction: WN
2025-07-07 09:32:14 - ModbusReader - INFO - wind speed: 0.0 m/s, wind level: 0, wind direction angle: 323.2, wind direction: WN
2025-07-07 09:32:15 - ModbusReader - INFO - wind speed: 0.0 m/s, wind level: 0, wind direction angle: 323.2, wind direction: WN
2025-07-07 09:32:45 - ModbusReader - INFO - wind speed: 0.0 m/s, wind level: 0, wind direction angle: 323.2, wind direction: WN
2025-07-07 09:32:46 - ModbusReader - INFO - wind speed: 0.0 m/s, wind level: 0, wind direction angle: 323.2, wind direction: WN
2025-07-07 09:33:16 - ModbusReader - INFO - wind speed: 0.0 m/s, wind level: 0, wind direction angle: 323.2, wind direction: WN
2025-07-07 09:33:17 - ModbusReader - INFO - wind speed: 0.0 m/s, wind level: 0, wind direction angle: 323.2, wind direction: WN
2025-07-07 09:33:48 - ModbusReader - INFO - wind speed: 0.0 m/s, wind level: 0, wind direction angle: 323.2, wind direction: WN
2025-07-07 09:33:48 - ModbusReader - INFO - wind speed: 0.0 m/s, wind level: 0, wind direction angle: 323.2, wind direction: WN
2025-07-07 09:34:19 - ModbusReader - INFO - wind speed: 0.0 m/s, wind level: 0, wind direction angle: 323.2, wind direction: WN
2025-07-07 09:34:19 - ModbusReader - INFO - wind speed: 0.0 m/s, wind level: 0, wind direction angle: 323.2, wind direction: WN
2025-07-07 09:34:50 - ModbusReader - INFO - wind speed: 0.0 m/s, wind level: 0, wind direction angle: 323.2, wind direction: WN
2025-07-07 09:34:51 - ModbusReader - INFO - wind speed: 0.0 m/s, wind level: 0, wind direction angle: 323.2, wind direction: WN
2025-07-07 09:35:21 - ModbusReader - INFO - wind speed: 0.0 m/s, wind level: 0, wind direction angle: 323.2, wind direction: WN
2025-07-07 09:35:22 - ModbusReader - INFO - wind speed: 0.0 m/s, wind level: 0, wind direction angle: 323.2, wind direction: WN
2025-07-07 09:35:52 - ModbusReader - INFO - wind speed: 0.0 m/s, wind level: 0, wind direction angle: 323.3, wind direction: WN
2025-07-07 09:35:53 - ModbusReader - INFO - wind speed: 0.0 m/s, wind level: 0, wind direction angle: 323.3, wind direction: WN
2025-07-07 09:36:24 - ModbusReader - INFO - wind speed: 0.0 m/s, wind level: 0, wind direction angle: 323.3, wind direction: WN
2025-07-07 09:36:24 - ModbusReader - INFO - wind speed: 0.0 m/s, wind level: 0, wind direction angle: 323.3, wind direction: WN
2025-07-07 09:36:55 - ModbusReader - INFO - wind speed: 0.0 m/s, wind level: 0, wind direction angle: 323.3, wind direction: WN
2025-07-07 09:36:55 - ModbusReader - INFO - wind speed: 0.0 m/s, wind level: 0, wind direction angle: 323.3, wind direction: WN
2025-07-07 09:37:26 - ModbusReader - INFO - wind speed: 0.0 m/s, wind level: 0, wind direction angle: 323.7, wind direction: WN
2025-07-07 09:37:27 - ModbusReader - INFO - wind speed: 0.0 m/s, wind level: 0, wind direction angle: 323.7, wind direction: WN
2025-07-07 09:37:57 - ModbusReader - INFO - wind speed: 0.0 m/s, wind level: 0, wind direction angle: 319.3, wind direction: WN
2025-07-07 09:37:58 - ModbusReader - INFO - wind speed: 0.0 m/s, wind level: 0, wind direction angle: 319.3, wind direction: WN
2025-07-07 09:38:28 - ModbusReader - INFO - wind speed: 0.0 m/s, wind level: 0, wind direction angle: 312.3, wind direction: WN
2025-07-07 09:38:29 - ModbusReader - INFO - wind speed: 0.0 m/s, wind level: 0, wind direction angle: 312.3, wind direction: WN
2025-07-07 09:39:00 - ModbusReader - INFO - wind speed: 0.0 m/s, wind level: 0, wind direction angle: 310.6, wind direction: WN
2025-07-07 09:39:00 - ModbusReader - INFO - wind speed: 0.0 m/s, wind level: 0, wind direction angle: 310.6, wind direction: WN
2025-07-07 09:39:31 - ModbusReader - INFO - wind speed: 0.0 m/s, wind level: 0, wind direction angle: 297.3, wind direction: WNW
2025-07-07 09:39:31 - ModbusReader - INFO - wind speed: 0.0 m/s, wind level: 0, wind direction angle: 297.3, wind direction: WNW
2025-07-07 09:40:02 - ModbusReader - INFO - wind speed: 0.0 m/s, wind level: 0, wind direction angle: 297.1, wind direction: WNW
2025-07-07 09:40:03 - ModbusReader - INFO - wind speed: 0.0 m/s, wind level: 0, wind direction angle: 297.1, wind direction: WNW
2025-07-07 09:40:33 - ModbusReader - INFO - wind speed: 0.0 m/s, wind level: 0, wind direction angle: 296.1, wind direction: WNW
2025-07-07 09:40:34 - ModbusReader - INFO - wind speed: 0.0 m/s, wind level: 0, wind direction angle: 296.1, wind direction: WNW
2025-07-07 09:41:04 - ModbusReader - INFO - wind speed: 0.0 m/s, wind level: 0, wind direction angle: 265.0, wind direction: W
2025-07-07 09:41:05 - ModbusReader - INFO - wind speed: 0.0 m/s, wind level: 0, wind direction angle: 265.0, wind direction: W
2025-07-07 09:41:36 - ModbusReader - INFO - wind speed: 0.0 m/s, wind level: 0, wind direction angle: 265.0, wind direction: W
2025-07-07 09:41:36 - ModbusReader - INFO - wind speed: 0.0 m/s, wind level: 0, wind direction angle: 265.0, wind direction: W
2025-07-07 09:42:07 - ModbusReader - INFO - wind speed: 0.0 m/s, wind level: 0, wind direction angle: 265.0, wind direction: W
2025-07-07 09:42:07 - ModbusReader - INFO - wind speed: 0.0 m/s, wind level: 0, wind direction angle: 264.7, wind direction: W
2025-07-07 09:42:38 - ModbusReader - INFO - wind speed: 0.0 m/s, wind level: 0, wind direction angle: 264.2, wind direction: W
2025-07-07 09:42:39 - ModbusReader - INFO - wind speed: 0.0 m/s, wind level: 0, wind direction angle: 264.2, wind direction: W
2025-07-07 09:43:09 - ModbusReader - INFO - wind speed: 0.0 m/s, wind level: 0, wind direction angle: 155.4, wind direction: SSE
2025-07-07 09:43:10 - ModbusReader - INFO - wind speed: 0.0 m/s, wind level: 0, wind direction angle: 155.4, wind direction: SSE
2025-07-07 09:43:40 - ModbusReader - INFO - wind speed: 0.0 m/s, wind level: 0, wind direction angle: 142.5, wind direction: ES
2025-07-07 09:43:41 - ModbusReader - INFO - wind speed: 0.0 m/s, wind level: 0, wind direction angle: 142.5, wind direction: ES
2025-07-07 09:44:12 - ModbusReader - INFO - wind speed: 0.0 m/s, wind level: 0, wind direction angle: 165.1, wind direction: SSE
2025-07-07 09:44:12 - ModbusReader - INFO - wind speed: 0.0 m/s, wind level: 0, wind direction angle: 165.1, wind direction: SSE
2025-07-07 09:44:43 - ModbusReader - INFO - wind speed: 0.0 m/s, wind level: 0, wind direction angle: 79.2, wind direction: E
2025-07-07 09:44:43 - ModbusReader - INFO - wind speed: 0.0 m/s, wind level: 0, wind direction angle: 79.2, wind direction: E
2025-07-07 09:45:14 - ModbusReader - INFO - wind speed: 0.0 m/s, wind level: 0, wind direction angle: 45.0, wind direction: EN
2025-07-07 09:45:15 - ModbusReader - INFO - wind speed: 0.0 m/s, wind level: 0, wind direction angle: 45.0, wind direction: EN
2025-07-07 09:45:45 - ModbusReader - INFO - wind speed: 0.0 m/s, wind level: 0, wind direction angle: 291.8, wind direction: WNW
2025-07-07 09:45:46 - ModbusReader - INFO - wind speed: 0.0 m/s, wind level: 0, wind direction angle: 291.8, wind direction: WNW
2025-07-07 09:46:16 - ModbusReader - INFO - wind speed: 0.0 m/s, wind level: 0, wind direction angle: 263.1, wind direction: W
2025-07-07 09:46:17 - ModbusReader - INFO - wind speed: 0.0 m/s, wind level: 0, wind direction angle: 263.1, wind direction: W
2025-07-07 09:46:48 - ModbusReader - INFO - wind speed: 0.0 m/s, wind level: 0, wind direction angle: 278.7, wind direction: W
2025-07-07 09:46:48 - ModbusReader - INFO - wind speed: 0.0 m/s, wind level: 0, wind direction angle: 278.7, wind direction: W
2025-07-07 09:47:19 - ModbusReader - INFO - wind speed: 0.0 m/s, wind level: 0, wind direction angle: 142.2, wind direction: ES
2025-07-07 09:47:19 - ModbusReader - INFO - wind speed: 0.0 m/s, wind level: 0, wind direction angle: 142.2, wind direction: ES
2025-07-07 09:47:50 - ModbusReader - INFO - wind speed: 0.0 m/s, wind level: 0, wind direction angle: 139.5, wind direction: ES
2025-07-07 09:47:51 - ModbusReader - INFO - wind speed: 0.0 m/s, wind level: 0, wind direction angle: 139.5, wind direction: ES
2025-07-07 09:48:21 - ModbusReader - INFO - wind speed: 0.0 m/s, wind level: 0, wind direction angle: 31.8, wind direction: NNE
2025-07-07 09:48:22 - ModbusReader - INFO - wind speed: 0.0 m/s, wind level: 0, wind direction angle: 31.8, wind direction: NNE
2025-07-07 09:48:52 - ModbusReader - INFO - wind speed: 0.0 m/s, wind level: 0, wind direction angle: 46.5, wind direction: EN
2025-07-07 09:48:53 - ModbusReader - INFO - wind speed: 0.0 m/s, wind level: 0, wind direction angle: 46.5, wind direction: EN
2025-07-07 09:49:24 - ModbusReader - INFO - wind speed: 0.0 m/s, wind level: 0, wind direction angle: 328.4, wind direction: NNW
2025-07-07 09:49:24 - ModbusReader - INFO - wind speed: 0.0 m/s, wind level: 0, wind direction angle: 325.2, wind direction: WN
2025-07-07 09:49:55 - ModbusReader - INFO - wind speed: 0.0 m/s, wind level: 0, wind direction angle: 126.7, wind direction: ES
2025-07-07 09:49:55 - ModbusReader - INFO - wind speed: 0.0 m/s, wind level: 0, wind direction angle: 126.7, wind direction: ES
2025-07-07 09:50:26 - ModbusReader - INFO - wind speed: 0.0 m/s, wind level: 0, wind direction angle: 170.6, wind direction: S
2025-07-07 09:50:27 - ModbusReader - INFO - wind speed: 0.0 m/s, wind level: 0, wind direction angle: 170.6, wind direction: S
2025-07-07 09:50:57 - ModbusReader - INFO - wind speed: 0.0 m/s, wind level: 0, wind direction angle: 324.8, wind direction: WN
2025-07-07 09:50:58 - ModbusReader - INFO - wind speed: 0.0 m/s, wind level: 0, wind direction angle: 324.8, wind direction: WN
2025-07-07 09:51:28 - ModbusReader - INFO - wind speed: 0.0 m/s, wind level: 0, wind direction angle: 330.6, wind direction: NNW
2025-07-07 09:51:29 - ModbusReader - INFO - wind speed: 0.0 m/s, wind level: 0, wind direction angle: 330.6, wind direction: NNW
2025-07-07 09:52:00 - ModbusReader - INFO - wind speed: 0.0 m/s, wind level: 0, wind direction angle: 289.8, wind direction: WNW
2025-07-07 09:52:00 - ModbusReader - INFO - wind speed: 0.0 m/s, wind level: 0, wind direction angle: 289.8, wind direction: WNW
2025-07-07 09:52:31 - ModbusReader - INFO - wind speed: 0.0 m/s, wind level: 0, wind direction angle: 153.3, wind direction: SSE
2025-07-07 09:52:31 - ModbusReader - INFO - wind speed: 0.0 m/s, wind level: 0, wind direction angle: 153.3, wind direction: SSE
2025-07-07 09:53:02 - ModbusReader - INFO - wind speed: 0.0 m/s, wind level: 0, wind direction angle: 115.7, wind direction: ESE
2025-07-07 09:53:03 - ModbusReader - INFO - wind speed: 0.0 m/s, wind level: 0, wind direction angle: 115.7, wind direction: ESE
2025-07-07 09:53:33 - ModbusReader - INFO - wind speed: 0.0 m/s, wind level: 0, wind direction angle: 321.8, wind direction: WN
2025-07-07 09:53:34 - ModbusReader - INFO - wind speed: 0.0 m/s, wind level: 0, wind direction angle: 321.8, wind direction: WN
2025-07-07 09:54:04 - ModbusReader - INFO - wind speed: 0.0 m/s, wind level: 0, wind direction angle: 0.8, wind direction: N
2025-07-07 09:54:05 - ModbusReader - INFO - wind speed: 0.0 m/s, wind level: 0, wind direction angle: 0.8, wind direction: N
2025-07-07 09:54:36 - ModbusReader - INFO - wind speed: 0.0 m/s, wind level: 0, wind direction angle: 328.2, wind direction: NNW
2025-07-07 09:54:36 - ModbusReader - INFO - wind speed: 0.0 m/s, wind level: 0, wind direction angle: 328.2, wind direction: NNW
2025-07-07 09:55:07 - ModbusReader - INFO - wind speed: 0.0 m/s, wind level: 0, wind direction angle: 18.4, wind direction: NNE
2025-07-07 09:55:07 - ModbusReader - INFO - wind speed: 0.0 m/s, wind level: 0, wind direction angle: 18.4, wind direction: NNE
2025-07-07 09:55:38 - ModbusReader - INFO - wind speed: 0.0 m/s, wind level: 0, wind direction angle: 315.5, wind direction: WN
2025-07-07 09:55:39 - ModbusReader - INFO - wind speed: 0.0 m/s, wind level: 0, wind direction angle: 315.5, wind direction: WN
2025-07-07 09:56:09 - ModbusReader - INFO - wind speed: 0.0 m/s, wind level: 0, wind direction angle: 74.8, wind direction: ENE
2025-07-07 09:56:10 - ModbusReader - INFO - wind speed: 0.0 m/s, wind level: 0, wind direction angle: 74.8, wind direction: ENE
2025-07-07 09:56:40 - ModbusReader - INFO - wind speed: 0.0 m/s, wind level: 0, wind direction angle: 131.4, wind direction: ES
2025-07-07 09:56:41 - ModbusReader - INFO - wind speed: 0.0 m/s, wind level: 0, wind direction angle: 128.3, wind direction: ES
2025-07-07 09:57:12 - ModbusReader - INFO - wind speed: 0.0 m/s, wind level: 0, wind direction angle: 112.3, wind direction: ESE
2025-07-07 09:57:12 - ModbusReader - INFO - wind speed: 0.0 m/s, wind level: 0, wind direction angle: 112.3, wind direction: ESE
2025-07-07 09:57:43 - ModbusReader - INFO - wind speed: 0.0 m/s, wind level: 0, wind direction angle: 23.0, wind direction: NNE
2025-07-07 09:57:43 - ModbusReader - INFO - wind speed: 0.0 m/s, wind level: 0, wind direction angle: 23.0, wind direction: NNE
2025-07-07 09:58:14 - ModbusReader - INFO - wind speed: 0.0 m/s, wind level: 0, wind direction angle: 203.9, wind direction: SSW
2025-07-07 09:58:15 - ModbusReader - INFO - wind speed: 0.0 m/s, wind level: 0, wind direction angle: 203.9, wind direction: SSW
2025-07-07 09:58:45 - ModbusReader - INFO - wind speed: 0.0 m/s, wind level: 0, wind direction angle: 0.9, wind direction: N
2025-07-07 09:58:46 - ModbusReader - INFO - wind speed: 0.0 m/s, wind level: 0, wind direction angle: 0.9, wind direction: N
2025-07-07 09:59:16 - ModbusReader - INFO - wind speed: 0.0 m/s, wind level: 0, wind direction angle: 87.4, wind direction: E
2025-07-07 09:59:17 - ModbusReader - INFO - wind speed: 0.0 m/s, wind level: 0, wind direction angle: 87.4, wind direction: E
2025-07-07 09:59:48 - ModbusReader - INFO - wind speed: 0.0 m/s, wind level: 0, wind direction angle: 155.4, wind direction: SSE
2025-07-07 09:59:48 - ModbusReader - INFO - wind speed: 0.0 m/s, wind level: 0, wind direction angle: 155.4, wind direction: SSE
2025-07-07 10:00:19 - ModbusReader - INFO - wind speed: 0.0 m/s, wind level: 0, wind direction angle: 149.6, wind direction: SSE
2025-07-07 10:00:19 - ModbusReader - INFO - wind speed: 0.0 m/s, wind level: 0, wind direction angle: 149.6, wind direction: SSE
2025-07-07 10:00:50 - ModbusReader - INFO - wind speed: 0.0 m/s, wind level: 0, wind direction angle: 338.5, wind direction: NNW
2025-07-07 10:00:51 - ModbusReader - INFO - wind speed: 0.0 m/s, wind level: 0, wind direction angle: 338.5, wind direction: NNW
2025-07-07 10:01:21 - ModbusReader - INFO - wind speed: 0.0 m/s, wind level: 0, wind direction angle: 284.4, wind direction: WNW
2025-07-07 10:01:22 - ModbusReader - INFO - wind speed: 0.0 m/s, wind level: 0, wind direction angle: 284.4, wind direction: WNW
2025-07-07 10:01:52 - ModbusReader - INFO - wind speed: 0.0 m/s, wind level: 0, wind direction angle: 359.1, wind direction: N
2025-07-07 10:01:53 - ModbusReader - INFO - wind speed: 0.0 m/s, wind level: 0, wind direction angle: 359.1, wind direction: N
2025-07-07 10:02:24 - ModbusReader - INFO - wind speed: 0.0 m/s, wind level: 0, wind direction angle: 318.2, wind direction: WN
2025-07-07 10:02:24 - ModbusReader - INFO - wind speed: 0.0 m/s, wind level: 0, wind direction angle: 318.2, wind direction: WN
2025-07-07 10:02:55 - ModbusReader - INFO - wind speed: 0.0 m/s, wind level: 0, wind direction angle: 350.8, wind direction: N
2025-07-07 10:02:55 - ModbusReader - INFO - wind speed: 0.0 m/s, wind level: 0, wind direction angle: 350.8, wind direction: N
2025-07-07 10:03:26 - ModbusReader - INFO - wind speed: 0.0 m/s, wind level: 0, wind direction angle: 186.1, wind direction: S
2025-07-07 10:03:27 - ModbusReader - INFO - wind speed: 0.0 m/s, wind level: 0, wind direction angle: 186.1, wind direction: S
2025-07-07 10:03:57 - ModbusReader - INFO - wind speed: 0.0 m/s, wind level: 0, wind direction angle: 0.1, wind direction: N
2025-07-07 10:03:58 - ModbusReader - INFO - wind speed: 0.0 m/s, wind level: 0, wind direction angle: 0.1, wind direction: N
2025-07-07 10:04:28 - ModbusReader - INFO - wind speed: 0.0 m/s, wind level: 0, wind direction angle: 316.4, wind direction: WN
2025-07-07 10:04:29 - ModbusReader - INFO - wind speed: 0.0 m/s, wind level: 0, wind direction angle: 316.4, wind direction: WN
2025-07-07 10:05:00 - ModbusReader - INFO - wind speed: 0.0 m/s, wind level: 0, wind direction angle: 304.9, wind direction: WN
2025-07-07 10:05:00 - ModbusReader - INFO - wind speed: 0.0 m/s, wind level: 0, wind direction angle: 304.9, wind direction: WN
2025-07-07 10:05:31 - ModbusReader - INFO - wind speed: 0.0 m/s, wind level: 0, wind direction angle: 1.0, wind direction: N
2025-07-07 10:05:31 - ModbusReader - INFO - wind speed: 0.0 m/s, wind level: 0, wind direction angle: 1.0, wind direction: N
2025-07-07 10:06:02 - ModbusReader - INFO - wind speed: 0.0 m/s, wind level: 0, wind direction angle: 306.3, wind direction: WN
2025-07-07 10:06:03 - ModbusReader - INFO - wind speed: 0.0 m/s, wind level: 0, wind direction angle: 306.3, wind direction: WN
2025-07-07 10:06:33 - ModbusReader - INFO - wind speed: 0.0 m/s, wind level: 0, wind direction angle: 54.7, wind direction: EN
2025-07-07 10:06:34 - ModbusReader - INFO - wind speed: 0.0 m/s, wind level: 0, wind direction angle: 54.7, wind direction: EN
2025-07-07 10:07:04 - ModbusReader - INFO - wind speed: 0.0 m/s, wind level: 0, wind direction angle: 160.3, wind direction: SSE
2025-07-07 10:07:05 - ModbusReader - INFO - wind speed: 0.0 m/s, wind level: 0, wind direction angle: 160.3, wind direction: SSE
2025-07-07 10:07:36 - ModbusReader - INFO - wind speed: 0.0 m/s, wind level: 0, wind direction angle: 164.7, wind direction: SSE
2025-07-07 10:07:36 - ModbusReader - INFO - wind speed: 0.0 m/s, wind level: 0, wind direction angle: 164.7, wind direction: SSE
2025-07-07 10:08:07 - ModbusReader - INFO - wind speed: 0.0 m/s, wind level: 0, wind direction angle: 355.6, wind direction: N
2025-07-07 10:08:07 - ModbusReader - INFO - wind speed: 0.0 m/s, wind level: 0, wind direction angle: 355.6, wind direction: N
2025-07-07 10:08:38 - ModbusReader - INFO - wind speed: 0.0 m/s, wind level: 0, wind direction angle: 243.4, wind direction: WSW
2025-07-07 10:08:39 - ModbusReader - INFO - wind speed: 0.0 m/s, wind level: 0, wind direction angle: 243.4, wind direction: WSW
2025-07-07 10:09:09 - ModbusReader - INFO - wind speed: 0.0 m/s, wind level: 0, wind direction angle: 319.3, wind direction: WN
2025-07-07 10:09:10 - ModbusReader - INFO - wind speed: 0.0 m/s, wind level: 0, wind direction angle: 319.3, wind direction: WN
2025-07-07 10:09:40 - ModbusReader - INFO - wind speed: 0.0 m/s, wind level: 0, wind direction angle: 113.9, wind direction: ESE
2025-07-07 10:09:41 - ModbusReader - INFO - wind speed: 0.0 m/s, wind level: 0, wind direction angle: 113.9, wind direction: ESE
2025-07-07 10:10:12 - ModbusReader - INFO - wind speed: 0.0 m/s, wind level: 0, wind direction angle: 190.8, wind direction: S
2025-07-07 10:10:12 - ModbusReader - INFO - wind speed: 0.0 m/s, wind level: 0, wind direction angle: 190.8, wind direction: S
2025-07-07 10:10:43 - ModbusReader - INFO - wind speed: 0.0 m/s, wind level: 0, wind direction angle: 317.1, wind direction: WN
2025-07-07 10:10:43 - ModbusReader - INFO - wind speed: 0.0 m/s, wind level: 0, wind direction angle: 317.1, wind direction: WN
2025-07-07 10:11:14 - ModbusReader - INFO - wind speed: 0.0 m/s, wind level: 0, wind direction angle: 37.4, wind direction: EN
2025-07-07 10:11:15 - ModbusReader - INFO - wind speed: 0.0 m/s, wind level: 0, wind direction angle: 263.3, wind direction: W
2025-07-07 10:11:45 - ModbusReader - INFO - wind speed: 0.0 m/s, wind level: 0, wind direction angle: 282.9, wind direction: WNW
2025-07-07 10:11:46 - ModbusReader - INFO - wind speed: 0.0 m/s, wind level: 0, wind direction angle: 282.9, wind direction: WNW
2025-07-07 10:12:16 - ModbusReader - INFO - wind speed: 0.0 m/s, wind level: 0, wind direction angle: 97.1, wind direction: E
2025-07-07 10:12:17 - ModbusReader - INFO - wind speed: 0.0 m/s, wind level: 0, wind direction angle: 97.1, wind direction: E
2025-07-07 10:12:48 - ModbusReader - INFO - wind speed: 0.0 m/s, wind level: 0, wind direction angle: 128.0, wind direction: ES
2025-07-07 10:12:48 - ModbusReader - INFO - wind speed: 0.0 m/s, wind level: 0, wind direction angle: 128.0, wind direction: ES
2025-07-07 10:13:19 - ModbusReader - INFO - wind speed: 0.0 m/s, wind level: 0, wind direction angle: 138.0, wind direction: ES
2025-07-07 10:13:19 - ModbusReader - INFO - wind speed: 0.0 m/s, wind level: 0, wind direction angle: 138.0, wind direction: ES
2025-07-07 10:13:50 - ModbusReader - INFO - wind speed: 0.0 m/s, wind level: 0, wind direction angle: 285.9, wind direction: WNW
2025-07-07 10:13:51 - ModbusReader - INFO - wind speed: 0.0 m/s, wind level: 0, wind direction angle: 285.9, wind direction: WNW
2025-07-07 10:14:21 - ModbusReader - INFO - wind speed: 0.0 m/s, wind level: 0, wind direction angle: 311.5, wind direction: WN
2025-07-07 10:14:22 - ModbusReader - INFO - wind speed: 0.0 m/s, wind level: 0, wind direction angle: 311.5, wind direction: WN
2025-07-07 10:14:52 - ModbusReader - INFO - wind speed: 0.0 m/s, wind level: 0, wind direction angle: 80.1, wind direction: E
2025-07-07 10:14:53 - ModbusReader - INFO - wind speed: 0.0 m/s, wind level: 0, wind direction angle: 80.1, wind direction: E
2025-07-07 10:15:24 - ModbusReader - INFO - wind speed: 0.0 m/s, wind level: 0, wind direction angle: 137.9, wind direction: ES
2025-07-07 10:15:24 - ModbusReader - INFO - wind speed: 0.0 m/s, wind level: 0, wind direction angle: 137.9, wind direction: ES
2025-07-07 10:15:55 - ModbusReader - INFO - wind speed: 0.0 m/s, wind level: 0, wind direction angle: 154.8, wind direction: SSE
2025-07-07 10:15:55 - ModbusReader - INFO - wind speed: 0.0 m/s, wind level: 0, wind direction angle: 154.8, wind direction: SSE
2025-07-07 10:16:26 - ModbusReader - INFO - wind speed: 0.0 m/s, wind level: 0, wind direction angle: 56.6, wind direction: ENE
2025-07-07 10:16:27 - ModbusReader - INFO - wind speed: 0.0 m/s, wind level: 0, wind direction angle: 56.6, wind direction: ENE
2025-07-07 10:16:57 - ModbusReader - INFO - wind speed: 0.0 m/s, wind level: 0, wind direction angle: 299.7, wind direction: WNW
2025-07-07 10:16:58 - ModbusReader - INFO - wind speed: 0.0 m/s, wind level: 0, wind direction angle: 299.7, wind direction: WNW
2025-07-07 10:17:28 - ModbusReader - INFO - wind speed: 0.0 m/s, wind level: 0, wind direction angle: 135.4, wind direction: ES
2025-07-07 10:17:29 - ModbusReader - INFO - wind speed: 0.0 m/s, wind level: 0, wind direction angle: 135.4, wind direction: ES
2025-07-07 10:18:00 - ModbusReader - INFO - wind speed: 0.0 m/s, wind level: 0, wind direction angle: 85.6, wind direction: E
2025-07-07 10:18:00 - ModbusReader - INFO - wind speed: 0.0 m/s, wind level: 0, wind direction angle: 85.6, wind direction: E
2025-07-07 10:18:31 - ModbusReader - INFO - wind speed: 0.0 m/s, wind level: 0, wind direction angle: 134.8, wind direction: ES
2025-07-07 10:18:31 - ModbusReader - INFO - wind speed: 0.0 m/s, wind level: 0, wind direction angle: 134.8, wind direction: ES
2025-07-07 10:19:02 - ModbusReader - INFO - wind speed: 0.0 m/s, wind level: 0, wind direction angle: 2.1, wind direction: N
2025-07-07 10:19:03 - ModbusReader - INFO - wind speed: 0.0 m/s, wind level: 0, wind direction angle: 2.1, wind direction: N
2025-07-07 10:19:33 - ModbusReader - INFO - wind speed: 0.0 m/s, wind level: 0, wind direction angle: 149.5, wind direction: SSE
2025-07-07 10:19:34 - ModbusReader - INFO - wind speed: 0.0 m/s, wind level: 0, wind direction angle: 149.5, wind direction: SSE
2025-07-07 10:20:04 - ModbusReader - INFO - wind speed: 0.0 m/s, wind level: 0, wind direction angle: 146.8, wind direction: SSE
2025-07-07 10:20:05 - ModbusReader - INFO - wind speed: 0.0 m/s, wind level: 0, wind direction angle: 146.8, wind direction: SSE
2025-07-07 10:20:36 - ModbusReader - INFO - wind speed: 0.0 m/s, wind level: 0, wind direction angle: 135.9, wind direction: ES
2025-07-07 10:20:36 - ModbusReader - INFO - wind speed: 0.0 m/s, wind level: 0, wind direction angle: 135.9, wind direction: ES
2025-07-07 10:21:07 - ModbusReader - INFO - wind speed: 0.0 m/s, wind level: 0, wind direction angle: 154.1, wind direction: SSE
2025-07-07 10:21:07 - ModbusReader - INFO - wind speed: 0.0 m/s, wind level: 0, wind direction angle: 154.1, wind direction: SSE
2025-07-07 10:21:38 - ModbusReader - INFO - wind speed: 0.0 m/s, wind level: 0, wind direction angle: 107.9, wind direction: ESE
2025-07-07 10:21:39 - ModbusReader - INFO - wind speed: 0.0 m/s, wind level: 0, wind direction angle: 107.9, wind direction: ESE
2025-07-07 10:22:09 - ModbusReader - INFO - wind speed: 0.0 m/s, wind level: 0, wind direction angle: 70.6, wind direction: ENE
2025-07-07 10:22:10 - ModbusReader - INFO - wind speed: 0.0 m/s, wind level: 0, wind direction angle: 70.6, wind direction: ENE
2025-07-07 10:22:40 - ModbusReader - INFO - wind speed: 0.0 m/s, wind level: 0, wind direction angle: 161.6, wind direction: SSE
2025-07-07 10:22:41 - ModbusReader - INFO - wind speed: 0.0 m/s, wind level: 0, wind direction angle: 161.6, wind direction: SSE
2025-07-07 10:23:12 - ModbusReader - INFO - wind speed: 0.0 m/s, wind level: 0, wind direction angle: 193.9, wind direction: SSW
2025-07-07 10:23:12 - ModbusReader - INFO - wind speed: 0.0 m/s, wind level: 0, wind direction angle: 193.9, wind direction: SSW
2025-07-07 10:23:43 - ModbusReader - INFO - wind speed: 0.0 m/s, wind level: 0, wind direction angle: 127.1, wind direction: ES
2025-07-07 10:23:43 - ModbusReader - INFO - wind speed: 0.0 m/s, wind level: 0, wind direction angle: 127.1, wind direction: ES
2025-07-07 10:24:14 - ModbusReader - INFO - wind speed: 0.0 m/s, wind level: 0, wind direction angle: 119.8, wind direction: ESE
2025-07-07 10:24:15 - ModbusReader - INFO - wind speed: 0.0 m/s, wind level: 0, wind direction angle: 119.8, wind direction: ESE
2025-07-07 10:24:45 - ModbusReader - INFO - wind speed: 0.0 m/s, wind level: 0, wind direction angle: 147.6, wind direction: SSE
2025-07-07 10:24:46 - ModbusReader - INFO - wind speed: 0.0 m/s, wind level: 0, wind direction angle: 147.6, wind direction: SSE
2025-07-07 10:25:16 - ModbusReader - INFO - wind speed: 0.0 m/s, wind level: 0, wind direction angle: 140.4, wind direction: ES
2025-07-07 10:25:17 - ModbusReader - INFO - wind speed: 0.0 m/s, wind level: 0, wind direction angle: 140.4, wind direction: ES
2025-07-07 10:25:48 - ModbusReader - INFO - wind speed: 0.0 m/s, wind level: 0, wind direction angle: 114.1, wind direction: ESE
2025-07-07 10:25:48 - ModbusReader - INFO - wind speed: 0.0 m/s, wind level: 0, wind direction angle: 161.2, wind direction: SSE
2025-07-07 10:26:19 - ModbusReader - INFO - wind speed: 0.0 m/s, wind level: 0, wind direction angle: 178.5, wind direction: S
2025-07-07 10:26:19 - ModbusReader - INFO - wind speed: 0.0 m/s, wind level: 0, wind direction angle: 178.5, wind direction: S
2025-07-07 10:26:50 - ModbusReader - INFO - wind speed: 0.0 m/s, wind level: 0, wind direction angle: 102.1, wind direction: ESE
2025-07-07 10:26:51 - ModbusReader - INFO - wind speed: 0.0 m/s, wind level: 0, wind direction angle: 102.1, wind direction: ESE
2025-07-07 10:27:21 - ModbusReader - INFO - wind speed: 0.0 m/s, wind level: 0, wind direction angle: 251.2, wind direction: WSW
2025-07-07 10:27:22 - ModbusReader - INFO - wind speed: 0.0 m/s, wind level: 0, wind direction angle: 251.2, wind direction: WSW
2025-07-07 10:27:52 - ModbusReader - INFO - wind speed: 0.0 m/s, wind level: 0, wind direction angle: 194.3, wind direction: SSW
2025-07-07 10:27:53 - ModbusReader - INFO - wind speed: 0.0 m/s, wind level: 0, wind direction angle: 194.3, wind direction: SSW
2025-07-07 10:28:24 - ModbusReader - INFO - wind speed: 0.0 m/s, wind level: 0, wind direction angle: 96.1, wind direction: E
2025-07-07 10:28:24 - ModbusReader - INFO - wind speed: 0.0 m/s, wind level: 0, wind direction angle: 96.1, wind direction: E
2025-07-07 10:28:55 - ModbusReader - INFO - wind speed: 0.0 m/s, wind level: 0, wind direction angle: 114.2, wind direction: ESE
2025-07-07 10:28:55 - ModbusReader - INFO - wind speed: 0.0 m/s, wind level: 0, wind direction angle: 114.2, wind direction: ESE
2025-07-07 10:29:26 - ModbusReader - INFO - wind speed: 0.0 m/s, wind level: 0, wind direction angle: 204.4, wind direction: SSW
2025-07-07 10:29:27 - ModbusReader - INFO - wind speed: 0.0 m/s, wind level: 0, wind direction angle: 204.4, wind direction: SSW
2025-07-07 10:29:57 - ModbusReader - INFO - wind speed: 0.0 m/s, wind level: 0, wind direction angle: 192.1, wind direction: SSW
2025-07-07 10:29:58 - ModbusReader - INFO - wind speed: 0.0 m/s, wind level: 0, wind direction angle: 192.1, wind direction: SSW
2025-07-07 10:30:28 - ModbusReader - INFO - wind speed: 0.0 m/s, wind level: 0, wind direction angle: 148.8, wind direction: SSE
2025-07-07 10:30:29 - ModbusReader - INFO - wind speed: 0.0 m/s, wind level: 0, wind direction angle: 148.8, wind direction: SSE
2025-07-07 10:31:00 - ModbusReader - INFO - wind speed: 0.0 m/s, wind level: 0, wind direction angle: 154.6, wind direction: SSE
2025-07-07 10:31:00 - ModbusReader - INFO - wind speed: 0.0 m/s, wind level: 0, wind direction angle: 154.6, wind direction: SSE
2025-07-07 10:31:31 - ModbusReader - INFO - wind speed: 0.0 m/s, wind level: 0, wind direction angle: 169.3, wind direction: S
2025-07-07 10:31:31 - ModbusReader - INFO - wind speed: 0.0 m/s, wind level: 0, wind direction angle: 169.3, wind direction: S
2025-07-07 10:32:02 - ModbusReader - INFO - wind speed: 0.0 m/s, wind level: 0, wind direction angle: 315.8, wind direction: WN
2025-07-07 10:32:03 - ModbusReader - INFO - wind speed: 0.0 m/s, wind level: 0, wind direction angle: 315.8, wind direction: WN
2025-07-07 10:32:33 - ModbusReader - INFO - wind speed: 0.0 m/s, wind level: 0, wind direction angle: 177.1, wind direction: S
2025-07-07 10:32:34 - ModbusReader - INFO - wind speed: 0.0 m/s, wind level: 0, wind direction angle: 177.1, wind direction: S
2025-07-07 10:33:04 - ModbusReader - INFO - wind speed: 0.0 m/s, wind level: 0, wind direction angle: 131.4, wind direction: ES
2025-07-07 10:33:05 - ModbusReader - INFO - wind speed: 0.0 m/s, wind level: 0, wind direction angle: 131.4, wind direction: ES
2025-07-07 10:33:36 - ModbusReader - INFO - wind speed: 0.0 m/s, wind level: 0, wind direction angle: 58.1, wind direction: ENE
2025-07-07 10:33:36 - ModbusReader - INFO - wind speed: 0.0 m/s, wind level: 0, wind direction angle: 58.1, wind direction: ENE
2025-07-07 10:34:07 - ModbusReader - INFO - wind speed: 0.0 m/s, wind level: 0, wind direction angle: 199.6, wind direction: SSW
2025-07-07 10:34:07 - ModbusReader - INFO - wind speed: 0.0 m/s, wind level: 0, wind direction angle: 199.6, wind direction: SSW
2025-07-07 10:34:38 - ModbusReader - INFO - wind speed: 0.0 m/s, wind level: 0, wind direction angle: 144.0, wind direction: ES
2025-07-07 10:34:39 - ModbusReader - INFO - wind speed: 0.0 m/s, wind level: 0, wind direction angle: 144.0, wind direction: ES
2025-07-07 10:35:09 - ModbusReader - INFO - wind speed: 0.7 m/s, wind level: 1, wind direction angle: 144.0, wind direction: ES
2025-07-07 10:35:10 - ModbusReader - INFO - wind speed: 0.7 m/s, wind level: 1, wind direction angle: 144.0, wind direction: ES
2025-07-07 10:35:40 - ModbusReader - INFO - wind speed: 0.8 m/s, wind level: 1, wind direction angle: 142.8, wind direction: ES
2025-07-07 10:35:41 - ModbusReader - INFO - wind speed: 0.8 m/s, wind level: 1, wind direction angle: 142.8, wind direction: ES
2025-07-07 10:36:12 - ModbusReader - INFO - wind speed: 0.7 m/s, wind level: 1, wind direction angle: 159.9, wind direction: SSE
2025-07-07 10:36:12 - ModbusReader - INFO - wind speed: 0.7 m/s, wind level: 1, wind direction angle: 159.9, wind direction: SSE
2025-07-07 10:36:43 - ModbusReader - INFO - wind speed: 0.6 m/s, wind level: 1, wind direction angle: 149.3, wind direction: SSE
2025-07-07 10:36:43 - ModbusReader - INFO - wind speed: 0.6 m/s, wind level: 1, wind direction angle: 149.3, wind direction: SSE
2025-07-07 10:37:14 - ModbusReader - INFO - wind speed: 0.0 m/s, wind level: 0, wind direction angle: 132.2, wind direction: ES
2025-07-07 10:37:15 - ModbusReader - INFO - wind speed: 0.0 m/s, wind level: 0, wind direction angle: 132.2, wind direction: ES
2025-07-07 10:37:45 - ModbusReader - INFO - wind speed: 0.0 m/s, wind level: 0, wind direction angle: 16.5, wind direction: NNE
2025-07-07 10:37:46 - ModbusReader - INFO - wind speed: 0.0 m/s, wind level: 0, wind direction angle: 16.5, wind direction: NNE
2025-07-07 10:38:16 - ModbusReader - INFO - wind speed: 0.0 m/s, wind level: 0, wind direction angle: 122.9, wind direction: ESE
2025-07-07 10:38:17 - ModbusReader - INFO - wind speed: 0.0 m/s, wind level: 0, wind direction angle: 122.9, wind direction: ESE
2025-07-07 10:38:48 - ModbusReader - INFO - wind speed: 0.0 m/s, wind level: 0, wind direction angle: 355.0, wind direction: N
2025-07-07 10:38:48 - ModbusReader - INFO - wind speed: 0.0 m/s, wind level: 0, wind direction angle: 355.0, wind direction: N
2025-07-07 10:39:19 - ModbusReader - INFO - wind speed: 0.0 m/s, wind level: 0, wind direction angle: 153.1, wind direction: SSE
2025-07-07 10:39:19 - ModbusReader - INFO - wind speed: 0.0 m/s, wind level: 0, wind direction angle: 153.1, wind direction: SSE
2025-07-07 10:39:50 - ModbusReader - INFO - wind speed: 0.0 m/s, wind level: 0, wind direction angle: 133.7, wind direction: ES
2025-07-07 10:39:51 - ModbusReader - INFO - wind speed: 0.0 m/s, wind level: 0, wind direction angle: 133.7, wind direction: ES
2025-07-07 10:40:21 - ModbusReader - INFO - wind speed: 0.0 m/s, wind level: 0, wind direction angle: 151.8, wind direction: SSE
2025-07-07 10:40:22 - ModbusReader - INFO - wind speed: 0.0 m/s, wind level: 0, wind direction angle: 159.1, wind direction: SSE
2025-07-07 10:40:52 - ModbusReader - INFO - wind speed: 0.0 m/s, wind level: 0, wind direction angle: 146.0, wind direction: ES
2025-07-07 10:40:53 - ModbusReader - INFO - wind speed: 0.0 m/s, wind level: 0, wind direction angle: 146.0, wind direction: ES
2025-07-07 10:41:24 - ModbusReader - INFO - wind speed: 0.0 m/s, wind level: 0, wind direction angle: 197.2, wind direction: SSW
2025-07-07 10:41:24 - ModbusReader - INFO - wind speed: 0.0 m/s, wind level: 0, wind direction angle: 197.2, wind direction: SSW
2025-07-07 10:41:55 - ModbusReader - INFO - wind speed: 0.0 m/s, wind level: 0, wind direction angle: 102.0, wind direction: ESE
2025-07-07 10:41:55 - ModbusReader - INFO - wind speed: 0.0 m/s, wind level: 0, wind direction angle: 102.0, wind direction: ESE
2025-07-07 10:42:26 - ModbusReader - INFO - wind speed: 0.0 m/s, wind level: 0, wind direction angle: 111.1, wind direction: ESE
2025-07-07 10:42:27 - ModbusReader - INFO - wind speed: 0.0 m/s, wind level: 0, wind direction angle: 111.1, wind direction: ESE
2025-07-07 10:42:57 - ModbusReader - INFO - wind speed: 0.0 m/s, wind level: 0, wind direction angle: 143.2, wind direction: ES
2025-07-07 10:42:58 - ModbusReader - INFO - wind speed: 0.0 m/s, wind level: 0, wind direction angle: 143.2, wind direction: ES
2025-07-07 10:43:28 - ModbusReader - INFO - wind speed: 0.0 m/s, wind level: 0, wind direction angle: 99.8, wind direction: E
2025-07-07 10:43:29 - ModbusReader - INFO - wind speed: 0.0 m/s, wind level: 0, wind direction angle: 99.8, wind direction: E
2025-07-07 10:44:00 - ModbusReader - INFO - wind speed: 0.0 m/s, wind level: 0, wind direction angle: 245.6, wind direction: WSW
2025-07-07 10:44:00 - ModbusReader - INFO - wind speed: 0.0 m/s, wind level: 0, wind direction angle: 245.6, wind direction: WSW
2025-07-07 10:44:31 - ModbusReader - INFO - wind speed: 0.0 m/s, wind level: 0, wind direction angle: 237.4, wind direction: WSW
2025-07-07 10:44:31 - ModbusReader - INFO - wind speed: 0.0 m/s, wind level: 0, wind direction angle: 237.4, wind direction: WSW
2025-07-07 10:45:02 - ModbusReader - INFO - wind speed: 0.0 m/s, wind level: 0, wind direction angle: 184.4, wind direction: S
2025-07-07 10:45:03 - ModbusReader - INFO - wind speed: 0.0 m/s, wind level: 0, wind direction angle: 184.4, wind direction: S
2025-07-07 10:45:33 - ModbusReader - INFO - wind speed: 0.0 m/s, wind level: 0, wind direction angle: 137.2, wind direction: ES
2025-07-07 10:45:34 - ModbusReader - INFO - wind speed: 0.0 m/s, wind level: 0, wind direction angle: 137.2, wind direction: ES
2025-07-07 10:46:04 - ModbusReader - INFO - wind speed: 0.0 m/s, wind level: 0, wind direction angle: 27.3, wind direction: NNE
2025-07-07 10:46:05 - ModbusReader - INFO - wind speed: 0.0 m/s, wind level: 0, wind direction angle: 27.3, wind direction: NNE
2025-07-07 10:46:36 - ModbusReader - INFO - wind speed: 0.0 m/s, wind level: 0, wind direction angle: 41.2, wind direction: EN
2025-07-07 10:46:36 - ModbusReader - INFO - wind speed: 0.0 m/s, wind level: 0, wind direction angle: 41.2, wind direction: EN
2025-07-07 10:47:07 - ModbusReader - INFO - wind speed: 0.0 m/s, wind level: 0, wind direction angle: 89.0, wind direction: E
2025-07-07 10:47:07 - ModbusReader - INFO - wind speed: 0.0 m/s, wind level: 0, wind direction angle: 89.0, wind direction: E
2025-07-07 10:47:38 - ModbusReader - INFO - wind speed: 0.0 m/s, wind level: 0, wind direction angle: 175.5, wind direction: S
2025-07-07 10:47:39 - ModbusReader - INFO - wind speed: 0.0 m/s, wind level: 0, wind direction angle: 175.5, wind direction: S
2025-07-07 10:48:09 - ModbusReader - INFO - wind speed: 0.0 m/s, wind level: 0, wind direction angle: 154.6, wind direction: SSE
2025-07-07 10:48:10 - ModbusReader - INFO - wind speed: 0.0 m/s, wind level: 0, wind direction angle: 154.6, wind direction: SSE
2025-07-07 10:48:40 - ModbusReader - INFO - wind speed: 0.0 m/s, wind level: 0, wind direction angle: 116.1, wind direction: ESE
2025-07-07 10:48:41 - ModbusReader - INFO - wind speed: 0.0 m/s, wind level: 0, wind direction angle: 116.1, wind direction: ESE
2025-07-07 10:49:12 - ModbusReader - INFO - wind speed: 0.0 m/s, wind level: 0, wind direction angle: 145.3, wind direction: ES
2025-07-07 10:49:12 - ModbusReader - INFO - wind speed: 0.0 m/s, wind level: 0, wind direction angle: 145.3, wind direction: ES
2025-07-07 10:49:43 - ModbusReader - INFO - wind speed: 0.0 m/s, wind level: 0, wind direction angle: 46.5, wind direction: EN
2025-07-07 10:49:43 - ModbusReader - INFO - wind speed: 0.0 m/s, wind level: 0, wind direction angle: 46.5, wind direction: EN
2025-07-07 10:50:14 - ModbusReader - INFO - wind speed: 0.0 m/s, wind level: 0, wind direction angle: 99.0, wind direction: E
2025-07-07 10:50:15 - ModbusReader - INFO - wind speed: 0.0 m/s, wind level: 0, wind direction angle: 99.0, wind direction: E
2025-07-07 10:50:45 - ModbusReader - INFO - wind speed: 0.0 m/s, wind level: 0, wind direction angle: 208.6, wind direction: SSW
2025-07-07 10:50:46 - ModbusReader - INFO - wind speed: 0.0 m/s, wind level: 0, wind direction angle: 208.6, wind direction: SSW
2025-07-07 10:51:16 - ModbusReader - INFO - wind speed: 0.0 m/s, wind level: 0, wind direction angle: 253.9, wind direction: WSW
2025-07-07 10:51:17 - ModbusReader - INFO - wind speed: 0.0 m/s, wind level: 0, wind direction angle: 253.9, wind direction: WSW
2025-07-07 10:51:48 - ModbusReader - INFO - wind speed: 0.0 m/s, wind level: 0, wind direction angle: 121.5, wind direction: ESE
2025-07-07 10:51:48 - ModbusReader - INFO - wind speed: 0.0 m/s, wind level: 0, wind direction angle: 121.5, wind direction: ESE
2025-07-07 10:52:19 - ModbusReader - INFO - wind speed: 0.0 m/s, wind level: 0, wind direction angle: 332.6, wind direction: NNW
2025-07-07 10:52:19 - ModbusReader - INFO - wind speed: 0.0 m/s, wind level: 0, wind direction angle: 332.6, wind direction: NNW
2025-07-07 10:52:50 - ModbusReader - INFO - wind speed: 0.0 m/s, wind level: 0, wind direction angle: 17.3, wind direction: NNE
2025-07-07 10:52:51 - ModbusReader - INFO - wind speed: 0.0 m/s, wind level: 0, wind direction angle: 17.3, wind direction: NNE
2025-07-07 10:53:21 - ModbusReader - INFO - wind speed: 0.0 m/s, wind level: 0, wind direction angle: 219.5, wind direction: WS
2025-07-07 10:53:22 - ModbusReader - INFO - wind speed: 0.0 m/s, wind level: 0, wind direction angle: 219.5, wind direction: WS
2025-07-07 10:53:52 - ModbusReader - INFO - wind speed: 0.0 m/s, wind level: 0, wind direction angle: 125.2, wind direction: ES
2025-07-07 10:53:53 - ModbusReader - INFO - wind speed: 0.0 m/s, wind level: 0, wind direction angle: 125.2, wind direction: ES
2025-07-07 10:54:23 - ModbusReader - INFO - wind speed: 0.0 m/s, wind level: 0, wind direction angle: 293.1, wind direction: WNW
2025-07-07 10:54:24 - ModbusReader - INFO - wind speed: 0.0 m/s, wind level: 0, wind direction angle: 331.0, wind direction: NNW
2025-07-07 10:54:55 - ModbusReader - INFO - wind speed: 0.0 m/s, wind level: 0, wind direction angle: 207.0, wind direction: SSW
2025-07-07 10:54:55 - ModbusReader - INFO - wind speed: 0.0 m/s, wind level: 0, wind direction angle: 207.0, wind direction: SSW
2025-07-07 10:55:26 - ModbusReader - INFO - wind speed: 0.0 m/s, wind level: 0, wind direction angle: 272.1, wind direction: W
2025-07-07 10:55:27 - ModbusReader - INFO - wind speed: 0.0 m/s, wind level: 0, wind direction angle: 272.1, wind direction: W
2025-07-07 10:55:57 - ModbusReader - INFO - wind speed: 0.0 m/s, wind level: 0, wind direction angle: 41.0, wind direction: EN
2025-07-07 10:55:58 - ModbusReader - INFO - wind speed: 0.0 m/s, wind level: 0, wind direction angle: 41.0, wind direction: EN
2025-07-07 10:56:28 - ModbusReader - INFO - wind speed: 0.0 m/s, wind level: 0, wind direction angle: 84.5, wind direction: E
2025-07-07 10:56:29 - ModbusReader - INFO - wind speed: 0.0 m/s, wind level: 0, wind direction angle: 84.5, wind direction: E
2025-07-07 10:56:59 - ModbusReader - INFO - wind speed: 0.0 m/s, wind level: 0, wind direction angle: 134.7, wind direction: ES
2025-07-07 10:57:00 - ModbusReader - INFO - wind speed: 0.0 m/s, wind level: 0, wind direction angle: 134.7, wind direction: ES
2025-07-07 10:57:31 - ModbusReader - INFO - wind speed: 0.0 m/s, wind level: 0, wind direction angle: 179.4, wind direction: S
2025-07-07 10:57:31 - ModbusReader - INFO - wind speed: 0.0 m/s, wind level: 0, wind direction angle: 179.4, wind direction: S
2025-07-07 10:58:02 - ModbusReader - INFO - wind speed: 0.0 m/s, wind level: 0, wind direction angle: 42.7, wind direction: EN
2025-07-07 10:58:02 - ModbusReader - INFO - wind speed: 0.0 m/s, wind level: 0, wind direction angle: 42.7, wind direction: EN
2025-07-07 10:58:33 - ModbusReader - INFO - wind speed: 0.0 m/s, wind level: 0, wind direction angle: 108.2, wind direction: ESE
2025-07-07 10:58:34 - ModbusReader - INFO - wind speed: 0.0 m/s, wind level: 0, wind direction angle: 108.2, wind direction: ESE
2025-07-07 10:59:04 - ModbusReader - INFO - wind speed: 0.0 m/s, wind level: 0, wind direction angle: 11.7, wind direction: NNE
2025-07-07 10:59:05 - ModbusReader - INFO - wind speed: 0.0 m/s, wind level: 0, wind direction angle: 11.7, wind direction: NNE
2025-07-07 10:59:35 - ModbusReader - INFO - wind speed: 0.0 m/s, wind level: 0, wind direction angle: 186.8, wind direction: S
2025-07-07 10:59:36 - ModbusReader - INFO - wind speed: 0.0 m/s, wind level: 0, wind direction angle: 186.8, wind direction: S
2025-07-07 11:00:07 - ModbusReader - INFO - wind speed: 0.0 m/s, wind level: 0, wind direction angle: 133.7, wind direction: ES
2025-07-07 11:00:07 - ModbusReader - INFO - wind speed: 0.0 m/s, wind level: 0, wind direction angle: 133.7, wind direction: ES
2025-07-07 11:00:38 - ModbusReader - INFO - wind speed: 0.0 m/s, wind level: 0, wind direction angle: 247.6, wind direction: WSW
2025-07-07 11:00:38 - ModbusReader - INFO - wind speed: 0.0 m/s, wind level: 0, wind direction angle: 247.6, wind direction: WSW
2025-07-07 11:01:09 - ModbusReader - INFO - wind speed: 0.0 m/s, wind level: 0, wind direction angle: 149.6, wind direction: SSE
2025-07-07 11:01:10 - ModbusReader - INFO - wind speed: 0.0 m/s, wind level: 0, wind direction angle: 149.6, wind direction: SSE
2025-07-07 11:01:40 - ModbusReader - INFO - wind speed: 0.0 m/s, wind level: 0, wind direction angle: 291.5, wind direction: WNW
2025-07-07 11:01:41 - ModbusReader - INFO - wind speed: 0.0 m/s, wind level: 0, wind direction angle: 315.7, wind direction: WN
2025-07-07 11:02:11 - ModbusReader - INFO - wind speed: 0.0 m/s, wind level: 0, wind direction angle: 80.3, wind direction: E
2025-07-07 11:02:12 - ModbusReader - INFO - wind speed: 0.0 m/s, wind level: 0, wind direction angle: 80.3, wind direction: E
2025-07-07 11:02:43 - ModbusReader - INFO - wind speed: 0.0 m/s, wind level: 0, wind direction angle: 148.2, wind direction: SSE
2025-07-07 11:02:43 - ModbusReader - INFO - wind speed: 0.0 m/s, wind level: 0, wind direction angle: 148.2, wind direction: SSE
2025-07-07 11:03:14 - ModbusReader - INFO - wind speed: 0.0 m/s, wind level: 0, wind direction angle: 155.8, wind direction: SSE
2025-07-07 11:03:14 - ModbusReader - INFO - wind speed: 0.0 m/s, wind level: 0, wind direction angle: 155.8, wind direction: SSE
2025-07-07 11:03:45 - ModbusReader - INFO - wind speed: 0.0 m/s, wind level: 0, wind direction angle: 171.3, wind direction: S
2025-07-07 11:03:46 - ModbusReader - INFO - wind speed: 0.0 m/s, wind level: 0, wind direction angle: 171.3, wind direction: S
2025-07-07 11:04:16 - ModbusReader - INFO - wind speed: 0.0 m/s, wind level: 0, wind direction angle: 295.6, wind direction: WNW
2025-07-07 11:04:17 - ModbusReader - INFO - wind speed: 0.0 m/s, wind level: 0, wind direction angle: 295.6, wind direction: WNW
2025-07-07 11:04:47 - ModbusReader - INFO - wind speed: 0.0 m/s, wind level: 0, wind direction angle: 150.6, wind direction: SSE
2025-07-07 11:04:48 - ModbusReader - INFO - wind speed: 0.0 m/s, wind level: 0, wind direction angle: 150.6, wind direction: SSE
2025-07-07 11:05:19 - ModbusReader - INFO - wind speed: 0.0 m/s, wind level: 0, wind direction angle: 227.2, wind direction: WS
2025-07-07 11:05:19 - ModbusReader - INFO - wind speed: 0.0 m/s, wind level: 0, wind direction angle: 227.2, wind direction: WS
2025-07-07 11:05:50 - ModbusReader - INFO - wind speed: 0.0 m/s, wind level: 0, wind direction angle: 226.9, wind direction: WS
2025-07-07 11:05:50 - ModbusReader - INFO - wind speed: 0.0 m/s, wind level: 0, wind direction angle: 226.9, wind direction: WS
2025-07-07 11:06:21 - ModbusReader - INFO - wind speed: 0.0 m/s, wind level: 0, wind direction angle: 213.5, wind direction: SSW
2025-07-07 11:06:22 - ModbusReader - INFO - wind speed: 0.0 m/s, wind level: 0, wind direction angle: 213.5, wind direction: SSW
2025-07-07 11:06:52 - ModbusReader - INFO - wind speed: 0.0 m/s, wind level: 0, wind direction angle: 106.2, wind direction: ESE
2025-07-07 11:06:53 - ModbusReader - INFO - wind speed: 0.0 m/s, wind level: 0, wind direction angle: 106.2, wind direction: ESE
2025-07-07 11:07:23 - ModbusReader - INFO - wind speed: 0.0 m/s, wind level: 0, wind direction angle: 45.0, wind direction: EN
2025-07-07 11:07:24 - ModbusReader - INFO - wind speed: 0.0 m/s, wind level: 0, wind direction angle: 45.0, wind direction: EN
2025-07-07 11:07:55 - ModbusReader - INFO - wind speed: 0.0 m/s, wind level: 0, wind direction angle: 131.4, wind direction: ES
2025-07-07 11:07:55 - ModbusReader - INFO - wind speed: 0.0 m/s, wind level: 0, wind direction angle: 131.4, wind direction: ES
2025-07-07 11:08:26 - ModbusReader - INFO - wind speed: 0.0 m/s, wind level: 0, wind direction angle: 122.8, wind direction: ESE
2025-07-07 11:08:26 - ModbusReader - INFO - wind speed: 0.0 m/s, wind level: 0, wind direction angle: 122.8, wind direction: ESE
2025-07-07 11:08:57 - ModbusReader - INFO - wind speed: 0.0 m/s, wind level: 0, wind direction angle: 172.5, wind direction: S
2025-07-07 11:08:58 - ModbusReader - INFO - wind speed: 0.0 m/s, wind level: 0, wind direction angle: 28.4, wind direction: NNE
2025-07-07 11:09:28 - ModbusReader - INFO - wind speed: 0.0 m/s, wind level: 0, wind direction angle: 155.9, wind direction: SSE
2025-07-07 11:09:29 - ModbusReader - INFO - wind speed: 0.0 m/s, wind level: 0, wind direction angle: 155.9, wind direction: SSE
2025-07-07 11:09:59 - ModbusReader - INFO - wind speed: 0.0 m/s, wind level: 0, wind direction angle: 154.2, wind direction: SSE
2025-07-07 11:10:00 - ModbusReader - INFO - wind speed: 0.0 m/s, wind level: 0, wind direction angle: 154.2, wind direction: SSE
2025-07-07 11:10:31 - ModbusReader - INFO - wind speed: 0.0 m/s, wind level: 0, wind direction angle: 56.2, wind direction: EN
2025-07-07 11:10:31 - ModbusReader - INFO - wind speed: 0.0 m/s, wind level: 0, wind direction angle: 56.2, wind direction: EN
2025-07-07 11:11:02 - ModbusReader - INFO - wind speed: 0.0 m/s, wind level: 0, wind direction angle: 153.3, wind direction: SSE
2025-07-07 11:11:02 - ModbusReader - INFO - wind speed: 0.0 m/s, wind level: 0, wind direction angle: 153.3, wind direction: SSE
2025-07-07 11:11:33 - ModbusReader - INFO - wind speed: 0.0 m/s, wind level: 0, wind direction angle: 306.8, wind direction: WN
2025-07-07 11:11:34 - ModbusReader - INFO - wind speed: 0.0 m/s, wind level: 0, wind direction angle: 306.8, wind direction: WN
2025-07-07 11:12:04 - ModbusReader - INFO - wind speed: 0.0 m/s, wind level: 0, wind direction angle: 6.6, wind direction: N
2025-07-07 11:12:05 - ModbusReader - INFO - wind speed: 0.0 m/s, wind level: 0, wind direction angle: 6.6, wind direction: N
2025-07-07 11:12:35 - ModbusReader - INFO - wind speed: 0.0 m/s, wind level: 0, wind direction angle: 176.0, wind direction: S
2025-07-07 11:12:36 - ModbusReader - INFO - wind speed: 0.0 m/s, wind level: 0, wind direction angle: 176.0, wind direction: S
2025-07-07 11:13:07 - ModbusReader - INFO - wind speed: 0.0 m/s, wind level: 0, wind direction angle: 332.9, wind direction: NNW
2025-07-07 11:13:07 - ModbusReader - INFO - wind speed: 0.0 m/s, wind level: 0, wind direction angle: 332.9, wind direction: NNW
2025-07-07 11:13:38 - ModbusReader - INFO - wind speed: 0.0 m/s, wind level: 0, wind direction angle: 164.0, wind direction: SSE
2025-07-07 11:13:38 - ModbusReader - INFO - wind speed: 0.0 m/s, wind level: 0, wind direction angle: 164.0, wind direction: SSE
2025-07-07 11:14:09 - ModbusReader - INFO - wind speed: 0.0 m/s, wind level: 0, wind direction angle: 275.0, wind direction: W
2025-07-07 11:14:10 - ModbusReader - INFO - wind speed: 0.0 m/s, wind level: 0, wind direction angle: 275.0, wind direction: W
2025-07-07 11:14:40 - ModbusReader - INFO - wind speed: 0.0 m/s, wind level: 0, wind direction angle: 341.6, wind direction: NNW
2025-07-07 11:14:41 - ModbusReader - INFO - wind speed: 0.0 m/s, wind level: 0, wind direction angle: 341.6, wind direction: NNW
2025-07-07 11:15:11 - ModbusReader - INFO - wind speed: 0.0 m/s, wind level: 0, wind direction angle: 288.1, wind direction: WNW
2025-07-07 11:15:12 - ModbusReader - INFO - wind speed: 0.0 m/s, wind level: 0, wind direction angle: 288.1, wind direction: WNW
2025-07-07 11:15:43 - ModbusReader - INFO - wind speed: 0.0 m/s, wind level: 0, wind direction angle: 90.9, wind direction: E
2025-07-07 11:15:43 - ModbusReader - INFO - wind speed: 0.0 m/s, wind level: 0, wind direction angle: 90.9, wind direction: E
2025-07-07 11:16:14 - ModbusReader - INFO - wind speed: 0.0 m/s, wind level: 0, wind direction angle: 323.8, wind direction: WN
2025-07-07 11:16:14 - ModbusReader - INFO - wind speed: 0.0 m/s, wind level: 0, wind direction angle: 17.8, wind direction: NNE
2025-07-07 11:16:45 - ModbusReader - INFO - wind speed: 0.0 m/s, wind level: 0, wind direction angle: 145.7, wind direction: ES
2025-07-07 11:16:46 - ModbusReader - INFO - wind speed: 0.0 m/s, wind level: 0, wind direction angle: 145.7, wind direction: ES
2025-07-07 11:17:16 - ModbusReader - INFO - wind speed: 0.0 m/s, wind level: 0, wind direction angle: 147.3, wind direction: SSE
2025-07-07 11:17:17 - ModbusReader - INFO - wind speed: 0.0 m/s, wind level: 0, wind direction angle: 147.3, wind direction: SSE
2025-07-07 11:17:47 - ModbusReader - INFO - wind speed: 0.0 m/s, wind level: 0, wind direction angle: 310.0, wind direction: WN
2025-07-07 11:17:48 - ModbusReader - INFO - wind speed: 0.0 m/s, wind level: 0, wind direction angle: 310.0, wind direction: WN
2025-07-07 11:18:19 - ModbusReader - INFO - wind speed: 0.0 m/s, wind level: 0, wind direction angle: 353.1, wind direction: N
2025-07-07 11:18:19 - ModbusReader - INFO - wind speed: 0.0 m/s, wind level: 0, wind direction angle: 353.1, wind direction: N
2025-07-07 11:18:50 - ModbusReader - INFO - wind speed: 0.0 m/s, wind level: 0, wind direction angle: 274.4, wind direction: W
2025-07-07 11:18:50 - ModbusReader - INFO - wind speed: 0.0 m/s, wind level: 0, wind direction angle: 274.4, wind direction: W
2025-07-07 11:19:21 - ModbusReader - INFO - wind speed: 0.0 m/s, wind level: 0, wind direction angle: 3.7, wind direction: N
2025-07-07 11:19:22 - ModbusReader - INFO - wind speed: 0.0 m/s, wind level: 0, wind direction angle: 3.7, wind direction: N
2025-07-07 11:19:52 - ModbusReader - INFO - wind speed: 0.0 m/s, wind level: 0, wind direction angle: 267.4, wind direction: W
2025-07-07 11:19:53 - ModbusReader - INFO - wind speed: 0.0 m/s, wind level: 0, wind direction angle: 267.4, wind direction: W
2025-07-07 11:20:23 - ModbusReader - INFO - wind speed: 0.0 m/s, wind level: 0, wind direction angle: 29.0, wind direction: NNE
2025-07-07 11:20:24 - ModbusReader - INFO - wind speed: 0.0 m/s, wind level: 0, wind direction angle: 29.0, wind direction: NNE
2025-07-07 11:20:55 - ModbusReader - INFO - wind speed: 0.0 m/s, wind level: 0, wind direction angle: 315.7, wind direction: WN
2025-07-07 11:20:55 - ModbusReader - INFO - wind speed: 0.0 m/s, wind level: 0, wind direction angle: 315.7, wind direction: WN
2025-07-07 11:21:26 - ModbusReader - INFO - wind speed: 0.0 m/s, wind level: 0, wind direction angle: 305.6, wind direction: WN
2025-07-07 11:21:26 - ModbusReader - INFO - wind speed: 0.0 m/s, wind level: 0, wind direction angle: 305.6, wind direction: WN
2025-07-07 11:21:57 - ModbusReader - INFO - wind speed: 0.0 m/s, wind level: 0, wind direction angle: 114.8, wind direction: ESE
2025-07-07 11:21:58 - ModbusReader - INFO - wind speed: 0.0 m/s, wind level: 0, wind direction angle: 114.8, wind direction: ESE
2025-07-07 11:22:28 - ModbusReader - INFO - wind speed: 0.0 m/s, wind level: 0, wind direction angle: 240.3, wind direction: WSW
2025-07-07 11:22:29 - ModbusReader - INFO - wind speed: 0.0 m/s, wind level: 0, wind direction angle: 240.3, wind direction: WSW
2025-07-07 11:22:59 - ModbusReader - INFO - wind speed: 0.0 m/s, wind level: 0, wind direction angle: 139.2, wind direction: ES
2025-07-07 11:23:00 - ModbusReader - INFO - wind speed: 0.0 m/s, wind level: 0, wind direction angle: 139.2, wind direction: ES
2025-07-07 11:23:31 - ModbusReader - INFO - wind speed: 0.0 m/s, wind level: 0, wind direction angle: 335.1, wind direction: NNW
2025-07-07 11:23:31 - ModbusReader - INFO - wind speed: 0.0 m/s, wind level: 0, wind direction angle: 306.9, wind direction: WN
2025-07-07 11:24:02 - ModbusReader - INFO - wind speed: 0.0 m/s, wind level: 0, wind direction angle: 316.9, wind direction: WN
2025-07-07 11:24:02 - ModbusReader - INFO - wind speed: 0.0 m/s, wind level: 0, wind direction angle: 316.9, wind direction: WN
2025-07-07 11:24:33 - ModbusReader - INFO - wind speed: 0.0 m/s, wind level: 0, wind direction angle: 188.7, wind direction: S
2025-07-07 11:24:34 - ModbusReader - INFO - wind speed: 0.0 m/s, wind level: 0, wind direction angle: 188.7, wind direction: S
2025-07-07 11:25:04 - ModbusReader - INFO - wind speed: 0.0 m/s, wind level: 0, wind direction angle: 166.3, wind direction: SSE
2025-07-07 11:25:05 - ModbusReader - INFO - wind speed: 0.0 m/s, wind level: 0, wind direction angle: 166.3, wind direction: SSE
2025-07-07 11:25:35 - ModbusReader - INFO - wind speed: 0.0 m/s, wind level: 0, wind direction angle: 143.9, wind direction: ES
2025-07-07 11:25:36 - ModbusReader - INFO - wind speed: 0.0 m/s, wind level: 0, wind direction angle: 143.9, wind direction: ES
2025-07-07 11:26:07 - ModbusReader - INFO - wind speed: 0.0 m/s, wind level: 0, wind direction angle: 217.8, wind direction: WS
2025-07-07 11:26:07 - ModbusReader - INFO - wind speed: 0.0 m/s, wind level: 0, wind direction angle: 217.8, wind direction: WS
2025-07-07 11:26:38 - ModbusReader - INFO - wind speed: 0.0 m/s, wind level: 0, wind direction angle: 60.3, wind direction: ENE
2025-07-07 11:26:38 - ModbusReader - INFO - wind speed: 0.0 m/s, wind level: 0, wind direction angle: 60.3, wind direction: ENE
2025-07-07 11:27:09 - ModbusReader - INFO - wind speed: 0.0 m/s, wind level: 0, wind direction angle: 78.0, wind direction: ENE
2025-07-07 11:27:10 - ModbusReader - INFO - wind speed: 0.0 m/s, wind level: 0, wind direction angle: 78.0, wind direction: ENE
2025-07-07 11:27:40 - ModbusReader - INFO - wind speed: 0.0 m/s, wind level: 0, wind direction angle: 283.3, wind direction: WNW
2025-07-07 11:27:41 - ModbusReader - INFO - wind speed: 0.0 m/s, wind level: 0, wind direction angle: 283.3, wind direction: WNW
2025-07-07 11:28:11 - ModbusReader - INFO - wind speed: 0.0 m/s, wind level: 0, wind direction angle: 230.8, wind direction: WS
2025-07-07 11:28:12 - ModbusReader - INFO - wind speed: 0.0 m/s, wind level: 0, wind direction angle: 230.8, wind direction: WS
2025-07-07 11:28:43 - ModbusReader - INFO - wind speed: 0.0 m/s, wind level: 0, wind direction angle: 224.1, wind direction: WS
2025-07-07 11:28:43 - ModbusReader - INFO - wind speed: 0.0 m/s, wind level: 0, wind direction angle: 224.1, wind direction: WS
2025-07-07 11:29:14 - ModbusReader - INFO - wind speed: 0.0 m/s, wind level: 0, wind direction angle: 129.7, wind direction: ES
2025-07-07 11:29:14 - ModbusReader - INFO - wind speed: 0.0 m/s, wind level: 0, wind direction angle: 129.7, wind direction: ES
2025-07-07 11:29:45 - ModbusReader - INFO - wind speed: 0.0 m/s, wind level: 0, wind direction angle: 329.0, wind direction: NNW
2025-07-07 11:29:46 - ModbusReader - INFO - wind speed: 0.0 m/s, wind level: 0, wind direction angle: 329.0, wind direction: NNW
2025-07-07 11:30:16 - ModbusReader - INFO - wind speed: 0.0 m/s, wind level: 0, wind direction angle: 301.9, wind direction: WNW
2025-07-07 11:30:17 - ModbusReader - INFO - wind speed: 0.0 m/s, wind level: 0, wind direction angle: 301.9, wind direction: WNW
2025-07-07 11:30:47 - ModbusReader - INFO - wind speed: 0.0 m/s, wind level: 0, wind direction angle: 218.6, wind direction: WS
2025-07-07 11:30:48 - ModbusReader - INFO - wind speed: 0.0 m/s, wind level: 0, wind direction angle: 272.5, wind direction: W
2025-07-07 11:31:19 - ModbusReader - INFO - wind speed: 0.0 m/s, wind level: 0, wind direction angle: 91.9, wind direction: E
2025-07-07 11:31:19 - ModbusReader - INFO - wind speed: 0.0 m/s, wind level: 0, wind direction angle: 91.9, wind direction: E
2025-07-07 11:31:50 - ModbusReader - INFO - wind speed: 0.0 m/s, wind level: 0, wind direction angle: 140.0, wind direction: ES
2025-07-07 11:31:50 - ModbusReader - INFO - wind speed: 0.0 m/s, wind level: 0, wind direction angle: 140.0, wind direction: ES
2025-07-07 11:32:21 - ModbusReader - INFO - wind speed: 0.0 m/s, wind level: 0, wind direction angle: 126.7, wind direction: ES
2025-07-07 11:32:22 - ModbusReader - INFO - wind speed: 0.0 m/s, wind level: 0, wind direction angle: 126.7, wind direction: ES
2025-07-07 11:32:52 - ModbusReader - INFO - wind speed: 0.0 m/s, wind level: 0, wind direction angle: 127.6, wind direction: ES
2025-07-07 11:32:53 - ModbusReader - INFO - wind speed: 0.0 m/s, wind level: 0, wind direction angle: 127.6, wind direction: ES
2025-07-07 11:33:23 - ModbusReader - INFO - wind speed: 0.0 m/s, wind level: 0, wind direction angle: 171.5, wind direction: S
2025-07-07 11:33:24 - ModbusReader - INFO - wind speed: 0.0 m/s, wind level: 0, wind direction angle: 171.5, wind direction: S
2025-07-07 11:33:55 - ModbusReader - INFO - wind speed: 0.0 m/s, wind level: 0, wind direction angle: 135.9, wind direction: ES
2025-07-07 11:33:55 - ModbusReader - INFO - wind speed: 0.0 m/s, wind level: 0, wind direction angle: 135.9, wind direction: ES
2025-07-07 11:34:26 - ModbusReader - INFO - wind speed: 0.0 m/s, wind level: 0, wind direction angle: 178.9, wind direction: S
2025-07-07 11:34:26 - ModbusReader - INFO - wind speed: 0.0 m/s, wind level: 0, wind direction angle: 178.9, wind direction: S
2025-07-07 11:34:57 - ModbusReader - INFO - wind speed: 0.0 m/s, wind level: 0, wind direction angle: 285.3, wind direction: WNW
2025-07-07 11:34:58 - ModbusReader - INFO - wind speed: 0.0 m/s, wind level: 0, wind direction angle: 285.3, wind direction: WNW
2025-07-07 11:35:28 - ModbusReader - INFO - wind speed: 0.0 m/s, wind level: 0, wind direction angle: 322.7, wind direction: WN
2025-07-07 11:35:29 - ModbusReader - INFO - wind speed: 0.0 m/s, wind level: 0, wind direction angle: 322.7, wind direction: WN
2025-07-07 11:35:59 - ModbusReader - INFO - wind speed: 0.0 m/s, wind level: 0, wind direction angle: 139.0, wind direction: ES
2025-07-07 11:36:00 - ModbusReader - INFO - wind speed: 0.0 m/s, wind level: 0, wind direction angle: 139.0, wind direction: ES
2025-07-07 11:36:31 - ModbusReader - INFO - wind speed: 0.0 m/s, wind level: 0, wind direction angle: 288.5, wind direction: WNW
2025-07-07 11:36:31 - ModbusReader - INFO - wind speed: 0.0 m/s, wind level: 0, wind direction angle: 288.5, wind direction: WNW
2025-07-07 11:37:02 - ModbusReader - INFO - wind speed: 0.0 m/s, wind level: 0, wind direction angle: 151.9, wind direction: SSE
2025-07-07 11:37:02 - ModbusReader - INFO - wind speed: 0.0 m/s, wind level: 0, wind direction angle: 151.9, wind direction: SSE
2025-07-07 11:37:33 - ModbusReader - INFO - wind speed: 0.0 m/s, wind level: 0, wind direction angle: 117.6, wind direction: ESE
2025-07-07 11:37:34 - ModbusReader - INFO - wind speed: 0.0 m/s, wind level: 0, wind direction angle: 117.6, wind direction: ESE
2025-07-07 11:38:04 - ModbusReader - INFO - wind speed: 0.0 m/s, wind level: 0, wind direction angle: 109.6, wind direction: ESE
2025-07-07 11:38:05 - ModbusReader - INFO - wind speed: 0.0 m/s, wind level: 0, wind direction angle: 283.8, wind direction: WNW
2025-07-07 11:38:35 - ModbusReader - INFO - wind speed: 0.0 m/s, wind level: 0, wind direction angle: 2.3, wind direction: N
2025-07-07 11:38:36 - ModbusReader - INFO - wind speed: 0.0 m/s, wind level: 0, wind direction angle: 2.3, wind direction: N
2025-07-07 11:39:07 - ModbusReader - INFO - wind speed: 0.0 m/s, wind level: 0, wind direction angle: 157.4, wind direction: SSE
2025-07-07 11:39:07 - ModbusReader - INFO - wind speed: 0.0 m/s, wind level: 0, wind direction angle: 157.4, wind direction: SSE
2025-07-07 11:39:38 - ModbusReader - INFO - wind speed: 0.0 m/s, wind level: 0, wind direction angle: 300.2, wind direction: WNW
2025-07-07 11:39:38 - ModbusReader - INFO - wind speed: 0.0 m/s, wind level: 0, wind direction angle: 300.2, wind direction: WNW
2025-07-07 11:40:09 - ModbusReader - INFO - wind speed: 0.0 m/s, wind level: 0, wind direction angle: 84.6, wind direction: E
2025-07-07 11:40:10 - ModbusReader - INFO - wind speed: 0.0 m/s, wind level: 0, wind direction angle: 84.6, wind direction: E
2025-07-07 11:40:40 - ModbusReader - INFO - wind speed: 0.0 m/s, wind level: 0, wind direction angle: 148.9, wind direction: SSE
2025-07-07 11:40:41 - ModbusReader - INFO - wind speed: 0.0 m/s, wind level: 0, wind direction angle: 148.9, wind direction: SSE
2025-07-07 11:41:11 - ModbusReader - INFO - wind speed: 0.0 m/s, wind level: 0, wind direction angle: 132.1, wind direction: ES
2025-07-07 11:41:12 - ModbusReader - INFO - wind speed: 0.0 m/s, wind level: 0, wind direction angle: 132.1, wind direction: ES
2025-07-07 11:41:43 - ModbusReader - INFO - wind speed: 0.0 m/s, wind level: 0, wind direction angle: 152.0, wind direction: SSE
2025-07-07 11:41:43 - ModbusReader - INFO - wind speed: 0.0 m/s, wind level: 0, wind direction angle: 152.0, wind direction: SSE
2025-07-07 11:42:14 - ModbusReader - INFO - wind speed: 0.0 m/s, wind level: 0, wind direction angle: 47.4, wind direction: EN
2025-07-07 11:42:14 - ModbusReader - INFO - wind speed: 0.0 m/s, wind level: 0, wind direction angle: 47.4, wind direction: EN
2025-07-07 11:42:45 - ModbusReader - INFO - wind speed: 0.0 m/s, wind level: 0, wind direction angle: 165.4, wind direction: SSE
2025-07-07 11:42:46 - ModbusReader - INFO - wind speed: 0.0 m/s, wind level: 0, wind direction angle: 165.4, wind direction: SSE
2025-07-07 11:43:16 - ModbusReader - INFO - wind speed: 0.0 m/s, wind level: 0, wind direction angle: 121.3, wind direction: ESE
2025-07-07 11:43:17 - ModbusReader - INFO - wind speed: 0.0 m/s, wind level: 0, wind direction angle: 121.3, wind direction: ESE
2025-07-07 11:43:47 - ModbusReader - INFO - wind speed: 0.0 m/s, wind level: 0, wind direction angle: 200.0, wind direction: SSW
2025-07-07 11:43:48 - ModbusReader - INFO - wind speed: 0.0 m/s, wind level: 0, wind direction angle: 200.0, wind direction: SSW
2025-07-07 11:44:19 - ModbusReader - INFO - wind speed: 0.0 m/s, wind level: 0, wind direction angle: 10.3, wind direction: N
2025-07-07 11:44:19 - ModbusReader - INFO - wind speed: 0.0 m/s, wind level: 0, wind direction angle: 10.3, wind direction: N
2025-07-07 11:44:50 - ModbusReader - INFO - wind speed: 0.0 m/s, wind level: 0, wind direction angle: 176.8, wind direction: S
2025-07-07 11:44:50 - ModbusReader - INFO - wind speed: 0.0 m/s, wind level: 0, wind direction angle: 176.8, wind direction: S
2025-07-07 11:45:21 - ModbusReader - INFO - wind speed: 0.0 m/s, wind level: 0, wind direction angle: 106.3, wind direction: ESE
2025-07-07 11:45:22 - ModbusReader - INFO - wind speed: 0.0 m/s, wind level: 0, wind direction angle: 165.3, wind direction: SSE
2025-07-07 11:45:52 - ModbusReader - INFO - wind speed: 0.0 m/s, wind level: 0, wind direction angle: 138.2, wind direction: ES
2025-07-07 11:45:53 - ModbusReader - INFO - wind speed: 0.0 m/s, wind level: 0, wind direction angle: 138.2, wind direction: ES
2025-07-07 11:46:23 - ModbusReader - INFO - wind speed: 0.0 m/s, wind level: 0, wind direction angle: 71.2, wind direction: ENE
2025-07-07 11:46:24 - ModbusReader - INFO - wind speed: 0.0 m/s, wind level: 0, wind direction angle: 71.2, wind direction: ENE
2025-07-07 11:46:55 - ModbusReader - INFO - wind speed: 0.0 m/s, wind level: 0, wind direction angle: 126.3, wind direction: ES
2025-07-07 11:46:55 - ModbusReader - INFO - wind speed: 0.0 m/s, wind level: 0, wind direction angle: 126.3, wind direction: ES
2025-07-07 11:47:26 - ModbusReader - INFO - wind speed: 0.0 m/s, wind level: 0, wind direction angle: 7.8, wind direction: N
2025-07-07 11:47:26 - ModbusReader - INFO - wind speed: 0.0 m/s, wind level: 0, wind direction angle: 7.8, wind direction: N
2025-07-07 11:47:57 - ModbusReader - INFO - wind speed: 0.0 m/s, wind level: 0, wind direction angle: 205.0, wind direction: SSW
2025-07-07 11:47:58 - ModbusReader - INFO - wind speed: 0.0 m/s, wind level: 0, wind direction angle: 205.0, wind direction: SSW
2025-07-07 11:48:28 - ModbusReader - INFO - wind speed: 0.0 m/s, wind level: 0, wind direction angle: 66.3, wind direction: ENE
2025-07-07 11:48:29 - ModbusReader - INFO - wind speed: 0.0 m/s, wind level: 0, wind direction angle: 66.3, wind direction: ENE
2025-07-07 11:48:59 - ModbusReader - INFO - wind speed: 0.0 m/s, wind level: 0, wind direction angle: 41.2, wind direction: EN
2025-07-07 11:49:00 - ModbusReader - INFO - wind speed: 0.0 m/s, wind level: 0, wind direction angle: 41.2, wind direction: EN
2025-07-07 11:49:31 - ModbusReader - INFO - wind speed: 0.0 m/s, wind level: 0, wind direction angle: 61.3, wind direction: ENE
2025-07-07 11:49:31 - ModbusReader - INFO - wind speed: 0.0 m/s, wind level: 0, wind direction angle: 61.3, wind direction: ENE
2025-07-07 11:50:02 - ModbusReader - INFO - wind speed: 0.0 m/s, wind level: 0, wind direction angle: 103.3, wind direction: ESE
2025-07-07 11:50:02 - ModbusReader - INFO - wind speed: 0.0 m/s, wind level: 0, wind direction angle: 103.3, wind direction: ESE
2025-07-07 11:50:33 - ModbusReader - INFO - wind speed: 0.0 m/s, wind level: 0, wind direction angle: 168.4, wind direction: SSE
2025-07-07 11:50:34 - ModbusReader - INFO - wind speed: 0.0 m/s, wind level: 0, wind direction angle: 168.4, wind direction: SSE
2025-07-07 11:51:04 - ModbusReader - INFO - wind speed: 0.0 m/s, wind level: 0, wind direction angle: 255.2, wind direction: WSW
2025-07-07 11:51:05 - ModbusReader - INFO - wind speed: 0.0 m/s, wind level: 0, wind direction angle: 255.2, wind direction: WSW
2025-07-07 11:51:35 - ModbusReader - INFO - wind speed: 0.0 m/s, wind level: 0, wind direction angle: 26.2, wind direction: NNE
2025-07-07 11:51:36 - ModbusReader - INFO - wind speed: 0.0 m/s, wind level: 0, wind direction angle: 26.2, wind direction: NNE
2025-07-07 11:52:07 - ModbusReader - INFO - wind speed: 0.0 m/s, wind level: 0, wind direction angle: 109.1, wind direction: ESE
2025-07-07 11:52:07 - ModbusReader - INFO - wind speed: 0.0 m/s, wind level: 0, wind direction angle: 109.1, wind direction: ESE
2025-07-07 11:52:38 - ModbusReader - INFO - wind speed: 0.8 m/s, wind level: 1, wind direction angle: 111.2, wind direction: ESE
2025-07-07 11:52:38 - ModbusReader - INFO - wind speed: 1.3 m/s, wind level: 1, wind direction angle: 117.3, wind direction: ESE
2025-07-07 11:53:09 - ModbusReader - INFO - wind speed: 0.6 m/s, wind level: 1, wind direction angle: 300.7, wind direction: WNW
2025-07-07 11:53:10 - ModbusReader - INFO - wind speed: 0.6 m/s, wind level: 1, wind direction angle: 300.7, wind direction: WNW
2025-07-07 11:53:40 - ModbusReader - INFO - wind speed: 0.0 m/s, wind level: 0, wind direction angle: 147.9, wind direction: SSE
2025-07-07 11:53:41 - ModbusReader - INFO - wind speed: 0.0 m/s, wind level: 0, wind direction angle: 147.9, wind direction: SSE
2025-07-07 11:54:11 - ModbusReader - INFO - wind speed: 0.0 m/s, wind level: 0, wind direction angle: 121.8, wind direction: ESE
2025-07-07 11:54:12 - ModbusReader - INFO - wind speed: 0.0 m/s, wind level: 0, wind direction angle: 121.8, wind direction: ESE
2025-07-07 11:54:43 - ModbusReader - INFO - wind speed: 0.0 m/s, wind level: 0, wind direction angle: 156.3, wind direction: SSE
2025-07-07 11:54:43 - ModbusReader - INFO - wind speed: 0.0 m/s, wind level: 0, wind direction angle: 156.3, wind direction: SSE
2025-07-07 11:55:14 - ModbusReader - INFO - wind speed: 0.4 m/s, wind level: 1, wind direction angle: 182.6, wind direction: S
2025-07-07 11:55:14 - ModbusReader - INFO - wind speed: 0.4 m/s, wind level: 1, wind direction angle: 182.6, wind direction: S
2025-07-07 11:55:45 - ModbusReader - INFO - wind speed: 0.0 m/s, wind level: 0, wind direction angle: 132.4, wind direction: ES
2025-07-07 11:55:46 - ModbusReader - INFO - wind speed: 0.0 m/s, wind level: 0, wind direction angle: 132.4, wind direction: ES
2025-07-07 11:56:16 - ModbusReader - INFO - wind speed: 0.0 m/s, wind level: 0, wind direction angle: 154.5, wind direction: SSE
2025-07-07 11:56:17 - ModbusReader - INFO - wind speed: 0.0 m/s, wind level: 0, wind direction angle: 154.5, wind direction: SSE
2025-07-07 11:56:47 - ModbusReader - INFO - wind speed: 0.0 m/s, wind level: 0, wind direction angle: 124.9, wind direction: ES
2025-07-07 11:56:48 - ModbusReader - INFO - wind speed: 0.0 m/s, wind level: 0, wind direction angle: 124.9, wind direction: ES
2025-07-07 11:57:19 - ModbusReader - INFO - wind speed: 0.0 m/s, wind level: 0, wind direction angle: 137.6, wind direction: ES
2025-07-07 11:57:19 - ModbusReader - INFO - wind speed: 0.0 m/s, wind level: 0, wind direction angle: 137.6, wind direction: ES
2025-07-07 11:57:50 - ModbusReader - INFO - wind speed: 0.1 m/s, wind level: 0, wind direction angle: 145.0, wind direction: ES
2025-07-07 11:57:50 - ModbusReader - INFO - wind speed: 0.1 m/s, wind level: 0, wind direction angle: 145.0, wind direction: ES
2025-07-07 11:58:21 - ModbusReader - INFO - wind speed: 0.0 m/s, wind level: 0, wind direction angle: 161.9, wind direction: SSE
2025-07-07 11:58:22 - ModbusReader - INFO - wind speed: 0.0 m/s, wind level: 0, wind direction angle: 161.9, wind direction: SSE
2025-07-07 11:58:52 - ModbusReader - INFO - wind speed: 1.3 m/s, wind level: 1, wind direction angle: 162.6, wind direction: SSE
2025-07-07 11:58:53 - ModbusReader - INFO - wind speed: 1.3 m/s, wind level: 1, wind direction angle: 162.6, wind direction: SSE
2025-07-07 11:59:23 - ModbusReader - INFO - wind speed: 0.7 m/s, wind level: 1, wind direction angle: 317.8, wind direction: WN
2025-07-07 11:59:24 - ModbusReader - INFO - wind speed: 0.7 m/s, wind level: 1, wind direction angle: 317.8, wind direction: WN
2025-07-07 11:59:55 - ModbusReader - INFO - wind speed: 0.0 m/s, wind level: 0, wind direction angle: 251.8, wind direction: WSW
2025-07-07 11:59:55 - ModbusReader - INFO - wind speed: 0.0 m/s, wind level: 0, wind direction angle: 107.7, wind direction: ESE
2025-07-07 12:00:26 - ModbusReader - INFO - wind speed: 0.0 m/s, wind level: 0, wind direction angle: 44.7, wind direction: EN
2025-07-07 12:00:26 - ModbusReader - INFO - wind speed: 0.0 m/s, wind level: 0, wind direction angle: 44.7, wind direction: EN
2025-07-07 12:00:57 - ModbusReader - INFO - wind speed: 0.0 m/s, wind level: 0, wind direction angle: 187.3, wind direction: S
2025-07-07 12:00:58 - ModbusReader - INFO - wind speed: 0.0 m/s, wind level: 0, wind direction angle: 187.3, wind direction: S
2025-07-07 12:01:28 - ModbusReader - INFO - wind speed: 0.0 m/s, wind level: 0, wind direction angle: 171.1, wind direction: S
2025-07-07 12:01:29 - ModbusReader - INFO - wind speed: 0.0 m/s, wind level: 0, wind direction angle: 171.1, wind direction: S
2025-07-07 12:01:59 - ModbusReader - INFO - wind speed: 0.7 m/s, wind level: 1, wind direction angle: 154.1, wind direction: SSE
2025-07-07 12:02:00 - ModbusReader - INFO - wind speed: 0.7 m/s, wind level: 1, wind direction angle: 154.1, wind direction: SSE
2025-07-07 12:02:31 - ModbusReader - INFO - wind speed: 0.8 m/s, wind level: 1, wind direction angle: 65.9, wind direction: ENE
2025-07-07 12:02:31 - ModbusReader - INFO - wind speed: 0.8 m/s, wind level: 1, wind direction angle: 65.9, wind direction: ENE
2025-07-07 12:03:02 - ModbusReader - INFO - wind speed: 0.7 m/s, wind level: 1, wind direction angle: 329.5, wind direction: NNW
2025-07-07 12:03:02 - ModbusReader - INFO - wind speed: 0.7 m/s, wind level: 1, wind direction angle: 329.5, wind direction: NNW
2025-07-07 12:03:33 - ModbusReader - INFO - wind speed: 0.9 m/s, wind level: 1, wind direction angle: 124.9, wind direction: ES
2025-07-07 12:03:34 - ModbusReader - INFO - wind speed: 0.9 m/s, wind level: 1, wind direction angle: 124.9, wind direction: ES
2025-07-07 12:04:04 - ModbusReader - INFO - wind speed: 0.9 m/s, wind level: 1, wind direction angle: 289.6, wind direction: WNW
2025-07-07 12:04:05 - ModbusReader - INFO - wind speed: 0.9 m/s, wind level: 1, wind direction angle: 289.6, wind direction: WNW
2025-07-07 12:04:35 - ModbusReader - INFO - wind speed: 0.5 m/s, wind level: 1, wind direction angle: 164.1, wind direction: SSE
2025-07-07 12:04:36 - ModbusReader - INFO - wind speed: 0.5 m/s, wind level: 1, wind direction angle: 164.1, wind direction: SSE
2025-07-07 12:05:07 - ModbusReader - INFO - wind speed: 0.0 m/s, wind level: 0, wind direction angle: 154.6, wind direction: SSE
2025-07-07 12:05:07 - ModbusReader - INFO - wind speed: 0.0 m/s, wind level: 0, wind direction angle: 154.6, wind direction: SSE
2025-07-07 12:05:38 - ModbusReader - INFO - wind speed: 0.0 m/s, wind level: 0, wind direction angle: 58.4, wind direction: ENE
2025-07-07 12:05:38 - ModbusReader - INFO - wind speed: 0.0 m/s, wind level: 0, wind direction angle: 58.4, wind direction: ENE
2025-07-07 12:06:09 - ModbusReader - INFO - wind speed: 0.0 m/s, wind level: 0, wind direction angle: 85.6, wind direction: E
2025-07-07 12:06:10 - ModbusReader - INFO - wind speed: 0.0 m/s, wind level: 0, wind direction angle: 85.6, wind direction: E
2025-07-07 12:06:40 - ModbusReader - INFO - wind speed: 0.0 m/s, wind level: 0, wind direction angle: 316.7, wind direction: WN
2025-07-07 12:06:41 - ModbusReader - INFO - wind speed: 0.0 m/s, wind level: 0, wind direction angle: 316.7, wind direction: WN
2025-07-07 12:07:11 - ModbusReader - INFO - wind speed: 0.0 m/s, wind level: 0, wind direction angle: 273.7, wind direction: W
2025-07-07 12:07:12 - ModbusReader - INFO - wind speed: 0.0 m/s, wind level: 0, wind direction angle: 1.2, wind direction: N
2025-07-07 12:07:43 - ModbusReader - INFO - wind speed: 0.0 m/s, wind level: 0, wind direction angle: 108.5, wind direction: ESE
2025-07-07 12:07:43 - ModbusReader - INFO - wind speed: 0.0 m/s, wind level: 0, wind direction angle: 108.5, wind direction: ESE
2025-07-07 12:08:14 - ModbusReader - INFO - wind speed: 0.0 m/s, wind level: 0, wind direction angle: 131.5, wind direction: ES
2025-07-07 12:08:14 - ModbusReader - INFO - wind speed: 0.0 m/s, wind level: 0, wind direction angle: 131.5, wind direction: ES
2025-07-07 12:08:45 - ModbusReader - INFO - wind speed: 0.0 m/s, wind level: 0, wind direction angle: 233.6, wind direction: WS
2025-07-07 12:08:46 - ModbusReader - INFO - wind speed: 0.0 m/s, wind level: 0, wind direction angle: 233.6, wind direction: WS
2025-07-07 12:09:16 - ModbusReader - INFO - wind speed: 0.0 m/s, wind level: 0, wind direction angle: 161.2, wind direction: SSE
2025-07-07 12:09:17 - ModbusReader - INFO - wind speed: 0.0 m/s, wind level: 0, wind direction angle: 161.2, wind direction: SSE
2025-07-07 12:09:47 - ModbusReader - INFO - wind speed: 0.0 m/s, wind level: 0, wind direction angle: 174.9, wind direction: S
2025-07-07 12:09:48 - ModbusReader - INFO - wind speed: 0.0 m/s, wind level: 0, wind direction angle: 174.9, wind direction: S
2025-07-07 12:10:19 - ModbusReader - INFO - wind speed: 0.0 m/s, wind level: 0, wind direction angle: 172.2, wind direction: S
2025-07-07 12:10:19 - ModbusReader - INFO - wind speed: 0.0 m/s, wind level: 0, wind direction angle: 172.2, wind direction: S
2025-07-07 12:10:50 - ModbusReader - INFO - wind speed: 0.0 m/s, wind level: 0, wind direction angle: 344.1, wind direction: NNW
2025-07-07 12:10:50 - ModbusReader - INFO - wind speed: 0.0 m/s, wind level: 0, wind direction angle: 344.1, wind direction: NNW
2025-07-07 12:11:21 - ModbusReader - INFO - wind speed: 0.0 m/s, wind level: 0, wind direction angle: 348.5, wind direction: NNW
2025-07-07 12:11:22 - ModbusReader - INFO - wind speed: 0.0 m/s, wind level: 0, wind direction angle: 348.5, wind direction: NNW
2025-07-07 12:11:52 - ModbusReader - INFO - wind speed: 0.1 m/s, wind level: 0, wind direction angle: 190.5, wind direction: S
2025-07-07 12:11:53 - ModbusReader - INFO - wind speed: 0.1 m/s, wind level: 0, wind direction angle: 190.5, wind direction: S
2025-07-07 12:12:23 - ModbusReader - INFO - wind speed: 0.0 m/s, wind level: 0, wind direction angle: 71.8, wind direction: ENE
2025-07-07 12:12:24 - ModbusReader - INFO - wind speed: 0.0 m/s, wind level: 0, wind direction angle: 71.8, wind direction: ENE
2025-07-07 12:12:55 - ModbusReader - INFO - wind speed: 0.0 m/s, wind level: 0, wind direction angle: 130.2, wind direction: ES
2025-07-07 12:12:55 - ModbusReader - INFO - wind speed: 0.0 m/s, wind level: 0, wind direction angle: 130.2, wind direction: ES
2025-07-07 12:13:26 - ModbusReader - INFO - wind speed: 0.0 m/s, wind level: 0, wind direction angle: 5.8, wind direction: N
2025-07-07 12:13:26 - ModbusReader - INFO - wind speed: 0.0 m/s, wind level: 0, wind direction angle: 5.8, wind direction: N
2025-07-07 12:13:57 - ModbusReader - INFO - wind speed: 0.0 m/s, wind level: 0, wind direction angle: 98.8, wind direction: E
2025-07-07 12:13:58 - ModbusReader - INFO - wind speed: 0.0 m/s, wind level: 0, wind direction angle: 98.8, wind direction: E
2025-07-07 12:14:28 - ModbusReader - INFO - wind speed: 0.0 m/s, wind level: 0, wind direction angle: 84.5, wind direction: E
2025-07-07 12:14:29 - ModbusReader - INFO - wind speed: 0.0 m/s, wind level: 0, wind direction angle: 88.7, wind direction: E
2025-07-07 12:14:59 - ModbusReader - INFO - wind speed: 0.0 m/s, wind level: 0, wind direction angle: 349.9, wind direction: N
2025-07-07 12:15:00 - ModbusReader - INFO - wind speed: 0.0 m/s, wind level: 0, wind direction angle: 349.9, wind direction: N
2025-07-07 12:15:31 - ModbusReader - INFO - wind speed: 0.0 m/s, wind level: 0, wind direction angle: 355.0, wind direction: N
2025-07-07 12:15:31 - ModbusReader - INFO - wind speed: 0.0 m/s, wind level: 0, wind direction angle: 355.0, wind direction: N
2025-07-07 12:16:02 - ModbusReader - INFO - wind speed: 0.0 m/s, wind level: 0, wind direction angle: 99.2, wind direction: E
2025-07-07 12:16:02 - ModbusReader - INFO - wind speed: 0.0 m/s, wind level: 0, wind direction angle: 99.2, wind direction: E
2025-07-07 12:16:33 - ModbusReader - INFO - wind speed: 0.0 m/s, wind level: 0, wind direction angle: 166.0, wind direction: SSE
2025-07-07 12:16:34 - ModbusReader - INFO - wind speed: 0.0 m/s, wind level: 0, wind direction angle: 166.0, wind direction: SSE
2025-07-07 12:17:04 - ModbusReader - INFO - wind speed: 0.0 m/s, wind level: 0, wind direction angle: 93.9, wind direction: E
2025-07-07 12:17:05 - ModbusReader - INFO - wind speed: 0.0 m/s, wind level: 0, wind direction angle: 93.9, wind direction: E
2025-07-07 12:17:35 - ModbusReader - INFO - wind speed: 0.0 m/s, wind level: 0, wind direction angle: 340.9, wind direction: NNW
2025-07-07 12:17:36 - ModbusReader - INFO - wind speed: 0.0 m/s, wind level: 0, wind direction angle: 340.9, wind direction: NNW
2025-07-07 12:18:07 - ModbusReader - INFO - wind speed: 0.0 m/s, wind level: 0, wind direction angle: 99.0, wind direction: E
2025-07-07 12:18:07 - ModbusReader - INFO - wind speed: 0.0 m/s, wind level: 0, wind direction angle: 99.0, wind direction: E
2025-07-07 12:18:38 - ModbusReader - INFO - wind speed: 0.0 m/s, wind level: 0, wind direction angle: 180.6, wind direction: S
2025-07-07 12:18:38 - ModbusReader - INFO - wind speed: 0.0 m/s, wind level: 0, wind direction angle: 180.6, wind direction: S
2025-07-07 12:19:09 - ModbusReader - INFO - wind speed: 0.0 m/s, wind level: 0, wind direction angle: 316.9, wind direction: WN
2025-07-07 12:19:10 - ModbusReader - INFO - wind speed: 0.0 m/s, wind level: 0, wind direction angle: 316.9, wind direction: WN
2025-07-07 12:19:40 - ModbusReader - INFO - wind speed: 0.0 m/s, wind level: 0, wind direction angle: 191.9, wind direction: SSW
2025-07-07 12:19:41 - ModbusReader - INFO - wind speed: 0.0 m/s, wind level: 0, wind direction angle: 191.9, wind direction: SSW
2025-07-07 12:20:11 - ModbusReader - INFO - wind speed: 0.0 m/s, wind level: 0, wind direction angle: 145.1, wind direction: ES
2025-07-07 12:20:12 - ModbusReader - INFO - wind speed: 0.0 m/s, wind level: 0, wind direction angle: 145.1, wind direction: ES
2025-07-07 12:20:43 - ModbusReader - INFO - wind speed: 0.0 m/s, wind level: 0, wind direction angle: 48.0, wind direction: EN
2025-07-07 12:20:43 - ModbusReader - INFO - wind speed: 0.0 m/s, wind level: 0, wind direction angle: 48.0, wind direction: EN
2025-07-07 12:21:14 - ModbusReader - INFO - wind speed: 0.0 m/s, wind level: 0, wind direction angle: 111.2, wind direction: ESE
2025-07-07 12:21:14 - ModbusReader - INFO - wind speed: 0.0 m/s, wind level: 0, wind direction angle: 111.2, wind direction: ESE
2025-07-07 12:21:45 - ModbusReader - INFO - wind speed: 0.0 m/s, wind level: 0, wind direction angle: 181.5, wind direction: S
2025-07-07 12:21:46 - ModbusReader - INFO - wind speed: 0.0 m/s, wind level: 0, wind direction angle: 151.2, wind direction: SSE
2025-07-07 12:22:16 - ModbusReader - INFO - wind speed: 0.0 m/s, wind level: 0, wind direction angle: 11.9, wind direction: NNE
2025-07-07 12:22:17 - ModbusReader - INFO - wind speed: 0.0 m/s, wind level: 0, wind direction angle: 11.9, wind direction: NNE
2025-07-07 12:22:47 - ModbusReader - INFO - wind speed: 0.0 m/s, wind level: 0, wind direction angle: 295.0, wind direction: WNW
2025-07-07 12:22:48 - ModbusReader - INFO - wind speed: 0.0 m/s, wind level: 0, wind direction angle: 295.0, wind direction: WNW
2025-07-07 12:23:19 - ModbusReader - INFO - wind speed: 0.0 m/s, wind level: 0, wind direction angle: 55.7, wind direction: EN
2025-07-07 12:23:19 - ModbusReader - INFO - wind speed: 0.0 m/s, wind level: 0, wind direction angle: 55.7, wind direction: EN
2025-07-07 12:23:50 - ModbusReader - INFO - wind speed: 0.0 m/s, wind level: 0, wind direction angle: 311.6, wind direction: WN
2025-07-07 12:23:50 - ModbusReader - INFO - wind speed: 0.0 m/s, wind level: 0, wind direction angle: 311.6, wind direction: WN
2025-07-07 12:24:21 - ModbusReader - INFO - wind speed: 0.0 m/s, wind level: 0, wind direction angle: 337.5, wind direction: NNW
2025-07-07 12:24:22 - ModbusReader - INFO - wind speed: 0.0 m/s, wind level: 0, wind direction angle: 337.5, wind direction: NNW
2025-07-07 12:24:52 - ModbusReader - INFO - wind speed: 0.0 m/s, wind level: 0, wind direction angle: 355.6, wind direction: N
2025-07-07 12:24:53 - ModbusReader - INFO - wind speed: 0.0 m/s, wind level: 0, wind direction angle: 355.6, wind direction: N
2025-07-07 12:25:23 - ModbusReader - INFO - wind speed: 0.0 m/s, wind level: 0, wind direction angle: 350.3, wind direction: N
2025-07-07 12:25:24 - ModbusReader - INFO - wind speed: 0.0 m/s, wind level: 0, wind direction angle: 350.3, wind direction: N
2025-07-07 12:25:55 - ModbusReader - INFO - wind speed: 0.1 m/s, wind level: 0, wind direction angle: 297.8, wind direction: WNW
2025-07-07 12:25:55 - ModbusReader - INFO - wind speed: 0.1 m/s, wind level: 0, wind direction angle: 297.8, wind direction: WNW
2025-07-07 12:26:26 - ModbusReader - INFO - wind speed: 0.6 m/s, wind level: 1, wind direction angle: 68.3, wind direction: ENE
2025-07-07 12:26:26 - ModbusReader - INFO - wind speed: 0.6 m/s, wind level: 1, wind direction angle: 68.3, wind direction: ENE
2025-07-07 12:26:57 - ModbusReader - INFO - wind speed: 0.7 m/s, wind level: 1, wind direction angle: 348.3, wind direction: NNW
2025-07-07 12:26:58 - ModbusReader - INFO - wind speed: 0.7 m/s, wind level: 1, wind direction angle: 348.3, wind direction: NNW
2025-07-07 12:27:28 - ModbusReader - INFO - wind speed: 0.7 m/s, wind level: 1, wind direction angle: 25.7, wind direction: NNE
2025-07-07 12:27:29 - ModbusReader - INFO - wind speed: 0.7 m/s, wind level: 1, wind direction angle: 25.7, wind direction: NNE
2025-07-07 12:27:59 - ModbusReader - INFO - wind speed: 0.0 m/s, wind level: 0, wind direction angle: 79.2, wind direction: E
2025-07-07 12:28:00 - ModbusReader - INFO - wind speed: 0.0 m/s, wind level: 0, wind direction angle: 79.2, wind direction: E
2025-07-07 12:28:31 - ModbusReader - INFO - wind speed: 0.0 m/s, wind level: 0, wind direction angle: 315.8, wind direction: WN
2025-07-07 12:28:31 - ModbusReader - INFO - wind speed: 0.0 m/s, wind level: 0, wind direction angle: 315.8, wind direction: WN
2025-07-07 12:29:02 - ModbusReader - INFO - wind speed: 0.0 m/s, wind level: 0, wind direction angle: 185.7, wind direction: S
2025-07-07 12:29:02 - ModbusReader - INFO - wind speed: 0.0 m/s, wind level: 0, wind direction angle: 31.6, wind direction: NNE
2025-07-07 12:29:33 - ModbusReader - INFO - wind speed: 0.0 m/s, wind level: 0, wind direction angle: 135.0, wind direction: ES
2025-07-07 12:29:34 - ModbusReader - INFO - wind speed: 0.0 m/s, wind level: 0, wind direction angle: 135.0, wind direction: ES
2025-07-07 12:30:04 - ModbusReader - INFO - wind speed: 0.0 m/s, wind level: 0, wind direction angle: 346.8, wind direction: NNW
2025-07-07 12:30:05 - ModbusReader - INFO - wind speed: 0.0 m/s, wind level: 0, wind direction angle: 346.8, wind direction: NNW
2025-07-07 12:30:35 - ModbusReader - INFO - wind speed: 0.0 m/s, wind level: 0, wind direction angle: 249.8, wind direction: WSW
2025-07-07 12:30:36 - ModbusReader - INFO - wind speed: 0.0 m/s, wind level: 0, wind direction angle: 249.8, wind direction: WSW
2025-07-07 12:31:07 - ModbusReader - INFO - wind speed: 0.1 m/s, wind level: 0, wind direction angle: 339.9, wind direction: NNW
2025-07-07 12:31:07 - ModbusReader - INFO - wind speed: 0.1 m/s, wind level: 0, wind direction angle: 339.9, wind direction: NNW
2025-07-07 12:31:38 - ModbusReader - INFO - wind speed: 0.4 m/s, wind level: 1, wind direction angle: 329.0, wind direction: NNW
2025-07-07 12:31:38 - ModbusReader - INFO - wind speed: 0.4 m/s, wind level: 1, wind direction angle: 329.0, wind direction: NNW
2025-07-07 12:32:09 - ModbusReader - INFO - wind speed: 0.0 m/s, wind level: 0, wind direction angle: 173.8, wind direction: S
2025-07-07 12:32:10 - ModbusReader - INFO - wind speed: 0.0 m/s, wind level: 0, wind direction angle: 173.8, wind direction: S
2025-07-07 12:32:40 - ModbusReader - INFO - wind speed: 0.0 m/s, wind level: 0, wind direction angle: 33.1, wind direction: NNE
2025-07-07 12:32:41 - ModbusReader - INFO - wind speed: 0.0 m/s, wind level: 0, wind direction angle: 33.1, wind direction: NNE
2025-07-07 12:33:11 - ModbusReader - INFO - wind speed: 0.0 m/s, wind level: 0, wind direction angle: 172.7, wind direction: S
2025-07-07 12:33:12 - ModbusReader - INFO - wind speed: 0.0 m/s, wind level: 0, wind direction angle: 172.7, wind direction: S
2025-07-07 12:33:43 - ModbusReader - INFO - wind speed: 0.0 m/s, wind level: 0, wind direction angle: 206.1, wind direction: SSW
2025-07-07 12:33:43 - ModbusReader - INFO - wind speed: 0.0 m/s, wind level: 0, wind direction angle: 206.1, wind direction: SSW
2025-07-07 12:34:14 - ModbusReader - INFO - wind speed: 0.0 m/s, wind level: 0, wind direction angle: 290.0, wind direction: WNW
2025-07-07 12:34:14 - ModbusReader - INFO - wind speed: 0.0 m/s, wind level: 0, wind direction angle: 290.0, wind direction: WNW
2025-07-07 12:34:45 - ModbusReader - INFO - wind speed: 0.8 m/s, wind level: 1, wind direction angle: 341.8, wind direction: NNW
2025-07-07 12:34:46 - ModbusReader - INFO - wind speed: 0.8 m/s, wind level: 1, wind direction angle: 341.8, wind direction: NNW
2025-07-07 12:35:16 - ModbusReader - INFO - wind speed: 1.0 m/s, wind level: 1, wind direction angle: 300.9, wind direction: WNW
2025-07-07 12:35:17 - ModbusReader - INFO - wind speed: 1.0 m/s, wind level: 1, wind direction angle: 300.9, wind direction: WNW
2025-07-07 12:35:47 - ModbusReader - INFO - wind speed: 0.0 m/s, wind level: 0, wind direction angle: 287.6, wind direction: WNW
2025-07-07 12:35:48 - ModbusReader - INFO - wind speed: 0.0 m/s, wind level: 0, wind direction angle: 287.6, wind direction: WNW
2025-07-07 12:36:19 - ModbusReader - INFO - wind speed: 0.0 m/s, wind level: 0, wind direction angle: 311.0, wind direction: WN
2025-07-07 12:36:19 - ModbusReader - INFO - wind speed: 0.0 m/s, wind level: 0, wind direction angle: 260.9, wind direction: W
2025-07-07 12:36:50 - ModbusReader - INFO - wind speed: 0.6 m/s, wind level: 1, wind direction angle: 244.9, wind direction: WSW
2025-07-07 12:36:50 - ModbusReader - INFO - wind speed: 0.6 m/s, wind level: 1, wind direction angle: 244.9, wind direction: WSW
2025-07-07 12:37:21 - ModbusReader - INFO - wind speed: 0.0 m/s, wind level: 0, wind direction angle: 345.1, wind direction: NNW
2025-07-07 12:37:22 - ModbusReader - INFO - wind speed: 0.0 m/s, wind level: 0, wind direction angle: 345.1, wind direction: NNW
2025-07-07 12:37:52 - ModbusReader - INFO - wind speed: 0.0 m/s, wind level: 0, wind direction angle: 309.4, wind direction: WN
2025-07-07 12:37:53 - ModbusReader - INFO - wind speed: 0.0 m/s, wind level: 0, wind direction angle: 309.4, wind direction: WN
2025-07-07 12:38:23 - ModbusReader - INFO - wind speed: 0.0 m/s, wind level: 0, wind direction angle: 85.8, wind direction: E
2025-07-07 12:38:24 - ModbusReader - INFO - wind speed: 0.0 m/s, wind level: 0, wind direction angle: 85.8, wind direction: E
2025-07-07 12:38:55 - ModbusReader - INFO - wind speed: 0.0 m/s, wind level: 0, wind direction angle: 10.9, wind direction: N
2025-07-07 12:38:55 - ModbusReader - INFO - wind speed: 0.0 m/s, wind level: 0, wind direction angle: 10.9, wind direction: N
2025-07-07 12:39:26 - ModbusReader - INFO - wind speed: 0.0 m/s, wind level: 0, wind direction angle: 349.8, wind direction: N
2025-07-07 12:39:26 - ModbusReader - INFO - wind speed: 0.0 m/s, wind level: 0, wind direction angle: 349.8, wind direction: N
2025-07-07 12:39:57 - ModbusReader - INFO - wind speed: 0.0 m/s, wind level: 0, wind direction angle: 97.9, wind direction: E
2025-07-07 12:39:58 - ModbusReader - INFO - wind speed: 0.0 m/s, wind level: 0, wind direction angle: 97.9, wind direction: E
2025-07-07 12:40:28 - ModbusReader - INFO - wind speed: 0.0 m/s, wind level: 0, wind direction angle: 146.8, wind direction: SSE
2025-07-07 12:40:29 - ModbusReader - INFO - wind speed: 0.0 m/s, wind level: 0, wind direction angle: 146.8, wind direction: SSE
2025-07-07 12:40:59 - ModbusReader - INFO - wind speed: 0.0 m/s, wind level: 0, wind direction angle: 209.4, wind direction: SSW
2025-07-07 12:41:00 - ModbusReader - INFO - wind speed: 0.0 m/s, wind level: 0, wind direction angle: 209.4, wind direction: SSW
2025-07-07 12:41:31 - ModbusReader - INFO - wind speed: 0.0 m/s, wind level: 0, wind direction angle: 251.9, wind direction: WSW
2025-07-07 12:41:31 - ModbusReader - INFO - wind speed: 0.0 m/s, wind level: 0, wind direction angle: 251.9, wind direction: WSW
2025-07-07 12:42:02 - ModbusReader - INFO - wind speed: 0.0 m/s, wind level: 0, wind direction angle: 196.6, wind direction: SSW
2025-07-07 12:42:02 - ModbusReader - INFO - wind speed: 0.0 m/s, wind level: 0, wind direction angle: 196.6, wind direction: SSW
2025-07-07 12:42:33 - ModbusReader - INFO - wind speed: 0.0 m/s, wind level: 0, wind direction angle: 31.7, wind direction: NNE
2025-07-07 12:42:34 - ModbusReader - INFO - wind speed: 0.0 m/s, wind level: 0, wind direction angle: 31.7, wind direction: NNE
2025-07-07 12:43:04 - ModbusReader - INFO - wind speed: 0.4 m/s, wind level: 1, wind direction angle: 143.0, wind direction: ES
2025-07-07 12:43:05 - ModbusReader - INFO - wind speed: 0.4 m/s, wind level: 1, wind direction angle: 143.0, wind direction: ES
2025-07-07 12:43:35 - ModbusReader - INFO - wind speed: 0.2 m/s, wind level: 0, wind direction angle: 103.6, wind direction: ESE
2025-07-07 12:43:36 - ModbusReader - INFO - wind speed: 0.4 m/s, wind level: 1, wind direction angle: 190.1, wind direction: S
2025-07-07 12:44:07 - ModbusReader - INFO - wind speed: 0.0 m/s, wind level: 0, wind direction angle: 239.6, wind direction: WSW
2025-07-07 12:44:07 - ModbusReader - INFO - wind speed: 0.0 m/s, wind level: 0, wind direction angle: 239.6, wind direction: WSW
2025-07-07 12:44:38 - ModbusReader - INFO - wind speed: 0.0 m/s, wind level: 0, wind direction angle: 89.1, wind direction: E
2025-07-07 12:44:38 - ModbusReader - INFO - wind speed: 0.0 m/s, wind level: 0, wind direction angle: 89.1, wind direction: E
2025-07-07 12:45:09 - ModbusReader - INFO - wind speed: 0.0 m/s, wind level: 0, wind direction angle: 286.0, wind direction: WNW
2025-07-07 12:45:10 - ModbusReader - INFO - wind speed: 0.0 m/s, wind level: 0, wind direction angle: 286.0, wind direction: WNW
2025-07-07 12:45:40 - ModbusReader - INFO - wind speed: 0.0 m/s, wind level: 0, wind direction angle: 87.5, wind direction: E
2025-07-07 12:45:41 - ModbusReader - INFO - wind speed: 0.0 m/s, wind level: 0, wind direction angle: 87.5, wind direction: E
2025-07-07 12:46:11 - ModbusReader - INFO - wind speed: 0.0 m/s, wind level: 0, wind direction angle: 80.5, wind direction: E
2025-07-07 12:46:12 - ModbusReader - INFO - wind speed: 0.0 m/s, wind level: 0, wind direction angle: 80.5, wind direction: E
2025-07-07 12:46:43 - ModbusReader - INFO - wind speed: 0.0 m/s, wind level: 0, wind direction angle: 171.6, wind direction: S
2025-07-07 12:46:43 - ModbusReader - INFO - wind speed: 0.0 m/s, wind level: 0, wind direction angle: 171.6, wind direction: S
2025-07-07 12:47:14 - ModbusReader - INFO - wind speed: 0.0 m/s, wind level: 0, wind direction angle: 121.4, wind direction: ESE
2025-07-07 12:47:14 - ModbusReader - INFO - wind speed: 0.0 m/s, wind level: 0, wind direction angle: 121.4, wind direction: ESE
2025-07-07 12:47:45 - ModbusReader - INFO - wind speed: 0.0 m/s, wind level: 0, wind direction angle: 323.8, wind direction: WN
2025-07-07 12:47:46 - ModbusReader - INFO - wind speed: 0.0 m/s, wind level: 0, wind direction angle: 323.8, wind direction: WN
2025-07-07 12:48:16 - ModbusReader - INFO - wind speed: 0.0 m/s, wind level: 0, wind direction angle: 203.4, wind direction: SSW
2025-07-07 12:48:17 - ModbusReader - INFO - wind speed: 0.0 m/s, wind level: 0, wind direction angle: 203.4, wind direction: SSW
2025-07-07 12:48:47 - ModbusReader - INFO - wind speed: 0.0 m/s, wind level: 0, wind direction angle: 144.6, wind direction: ES
2025-07-07 12:48:48 - ModbusReader - INFO - wind speed: 0.0 m/s, wind level: 0, wind direction angle: 144.6, wind direction: ES
2025-07-07 12:49:18 - ModbusReader - INFO - wind speed: 0.0 m/s, wind level: 0, wind direction angle: 127.1, wind direction: ES
2025-07-07 12:49:19 - ModbusReader - INFO - wind speed: 0.0 m/s, wind level: 0, wind direction angle: 127.1, wind direction: ES
2025-07-07 12:49:50 - ModbusReader - INFO - wind speed: 0.5 m/s, wind level: 1, wind direction angle: 4.2, wind direction: N
2025-07-07 12:49:50 - ModbusReader - INFO - wind speed: 0.5 m/s, wind level: 1, wind direction angle: 4.2, wind direction: N
2025-07-07 12:50:21 - ModbusReader - INFO - wind speed: 0.0 m/s, wind level: 0, wind direction angle: 150.3, wind direction: SSE
2025-07-07 12:50:21 - ModbusReader - INFO - wind speed: 0.0 m/s, wind level: 0, wind direction angle: 150.3, wind direction: SSE
2025-07-07 12:50:52 - ModbusReader - INFO - wind speed: 0.0 m/s, wind level: 0, wind direction angle: 124.4, wind direction: ES
2025-07-07 12:50:53 - ModbusReader - INFO - wind speed: 0.0 m/s, wind level: 0, wind direction angle: 124.4, wind direction: ES
2025-07-07 12:51:23 - ModbusReader - INFO - wind speed: 0.0 m/s, wind level: 0, wind direction angle: 324.1, wind direction: WN
2025-07-07 12:51:24 - ModbusReader - INFO - wind speed: 0.0 m/s, wind level: 0, wind direction angle: 324.1, wind direction: WN
2025-07-07 12:51:54 - ModbusReader - INFO - wind speed: 0.0 m/s, wind level: 0, wind direction angle: 284.1, wind direction: WNW
2025-07-07 12:51:55 - ModbusReader - INFO - wind speed: 0.0 m/s, wind level: 0, wind direction angle: 284.1, wind direction: WNW
2025-07-07 12:52:26 - ModbusReader - INFO - wind speed: 0.0 m/s, wind level: 0, wind direction angle: 241.7, wind direction: WSW
2025-07-07 12:52:26 - ModbusReader - INFO - wind speed: 0.0 m/s, wind level: 0, wind direction angle: 241.7, wind direction: WSW
2025-07-07 12:52:57 - ModbusReader - INFO - wind speed: 0.0 m/s, wind level: 0, wind direction angle: 336.8, wind direction: NNW
2025-07-07 12:52:57 - ModbusReader - INFO - wind speed: 0.0 m/s, wind level: 0, wind direction angle: 336.8, wind direction: NNW
2025-07-07 12:53:28 - ModbusReader - INFO - wind speed: 0.0 m/s, wind level: 0, wind direction angle: 49.3, wind direction: EN
2025-07-07 12:53:29 - ModbusReader - INFO - wind speed: 0.0 m/s, wind level: 0, wind direction angle: 49.3, wind direction: EN
2025-07-07 12:53:59 - ModbusReader - INFO - wind speed: 0.0 m/s, wind level: 0, wind direction angle: 112.8, wind direction: ESE
2025-07-07 12:54:00 - ModbusReader - INFO - wind speed: 0.0 m/s, wind level: 0, wind direction angle: 112.8, wind direction: ESE
2025-07-07 12:54:30 - ModbusReader - INFO - wind speed: 0.0 m/s, wind level: 0, wind direction angle: 190.4, wind direction: S
2025-07-07 12:54:31 - ModbusReader - INFO - wind speed: 0.0 m/s, wind level: 0, wind direction angle: 190.4, wind direction: S
2025-07-07 12:55:02 - ModbusReader - INFO - wind speed: 0.0 m/s, wind level: 0, wind direction angle: 325.9, wind direction: WN
2025-07-07 12:55:02 - ModbusReader - INFO - wind speed: 0.0 m/s, wind level: 0, wind direction angle: 325.9, wind direction: WN
2025-07-07 12:55:33 - ModbusReader - INFO - wind speed: 0.0 m/s, wind level: 0, wind direction angle: 80.6, wind direction: E
2025-07-07 12:55:33 - ModbusReader - INFO - wind speed: 0.0 m/s, wind level: 0, wind direction angle: 80.6, wind direction: E
2025-07-07 12:56:04 - ModbusReader - INFO - wind speed: 0.0 m/s, wind level: 0, wind direction angle: 32.1, wind direction: NNE
2025-07-07 12:56:05 - ModbusReader - INFO - wind speed: 0.0 m/s, wind level: 0, wind direction angle: 32.1, wind direction: NNE
2025-07-07 12:56:35 - ModbusReader - INFO - wind speed: 0.0 m/s, wind level: 0, wind direction angle: 200.6, wind direction: SSW
2025-07-07 12:56:36 - ModbusReader - INFO - wind speed: 0.0 m/s, wind level: 0, wind direction angle: 200.6, wind direction: SSW
2025-07-07 12:57:06 - ModbusReader - INFO - wind speed: 0.0 m/s, wind level: 0, wind direction angle: 176.3, wind direction: S
2025-07-07 12:57:07 - ModbusReader - INFO - wind speed: 0.0 m/s, wind level: 0, wind direction angle: 176.3, wind direction: S
2025-07-07 12:57:38 - ModbusReader - INFO - wind speed: 0.0 m/s, wind level: 0, wind direction angle: 339.8, wind direction: NNW
2025-07-07 12:57:38 - ModbusReader - INFO - wind speed: 0.0 m/s, wind level: 0, wind direction angle: 339.8, wind direction: NNW
2025-07-07 12:58:09 - ModbusReader - INFO - wind speed: 0.0 m/s, wind level: 0, wind direction angle: 159.2, wind direction: SSE
2025-07-07 12:58:09 - ModbusReader - INFO - wind speed: 0.0 m/s, wind level: 0, wind direction angle: 159.2, wind direction: SSE
2025-07-07 12:58:40 - ModbusReader - INFO - wind speed: 0.0 m/s, wind level: 0, wind direction angle: 104.9, wind direction: ESE
2025-07-07 12:58:41 - ModbusReader - INFO - wind speed: 0.0 m/s, wind level: 0, wind direction angle: 104.9, wind direction: ESE
2025-07-07 12:59:11 - ModbusReader - INFO - wind speed: 0.0 m/s, wind level: 0, wind direction angle: 347.1, wind direction: NNW
2025-07-07 12:59:12 - ModbusReader - INFO - wind speed: 0.0 m/s, wind level: 0, wind direction angle: 347.1, wind direction: NNW
2025-07-07 12:59:42 - ModbusReader - INFO - wind speed: 0.0 m/s, wind level: 0, wind direction angle: 90.8, wind direction: E
2025-07-07 12:59:43 - ModbusReader - INFO - wind speed: 0.0 m/s, wind level: 0, wind direction angle: 90.8, wind direction: E
2025-07-07 13:00:14 - ModbusReader - INFO - wind speed: 0.0 m/s, wind level: 0, wind direction angle: 174.4, wind direction: S
2025-07-07 13:00:14 - ModbusReader - INFO - wind speed: 0.0 m/s, wind level: 0, wind direction angle: 174.4, wind direction: S
2025-07-07 13:00:45 - ModbusReader - INFO - wind speed: 0.0 m/s, wind level: 0, wind direction angle: 133.1, wind direction: ES
2025-07-07 13:00:45 - ModbusReader - INFO - wind speed: 0.0 m/s, wind level: 0, wind direction angle: 133.1, wind direction: ES
2025-07-07 13:01:16 - ModbusReader - INFO - wind speed: 0.0 m/s, wind level: 0, wind direction angle: 252.2, wind direction: WSW
2025-07-07 13:01:17 - ModbusReader - INFO - wind speed: 0.0 m/s, wind level: 0, wind direction angle: 252.2, wind direction: WSW
2025-07-07 13:01:47 - ModbusReader - INFO - wind speed: 0.0 m/s, wind level: 0, wind direction angle: 116.1, wind direction: ESE
2025-07-07 13:01:48 - ModbusReader - INFO - wind speed: 0.0 m/s, wind level: 0, wind direction angle: 116.1, wind direction: ESE
2025-07-07 13:02:18 - ModbusReader - INFO - wind speed: 0.0 m/s, wind level: 0, wind direction angle: 341.8, wind direction: NNW
2025-07-07 13:02:19 - ModbusReader - INFO - wind speed: 0.0 m/s, wind level: 0, wind direction angle: 341.8, wind direction: NNW
2025-07-07 13:02:50 - ModbusReader - INFO - wind speed: 0.0 m/s, wind level: 0, wind direction angle: 84.3, wind direction: E
2025-07-07 13:02:50 - ModbusReader - INFO - wind speed: 0.0 m/s, wind level: 0, wind direction angle: 84.3, wind direction: E
2025-07-07 13:03:21 - ModbusReader - INFO - wind speed: 0.0 m/s, wind level: 0, wind direction angle: 129.2, wind direction: ES
2025-07-07 13:03:21 - ModbusReader - INFO - wind speed: 0.0 m/s, wind level: 0, wind direction angle: 129.2, wind direction: ES
2025-07-07 13:03:52 - ModbusReader - INFO - wind speed: 0.0 m/s, wind level: 0, wind direction angle: 2.6, wind direction: N
2025-07-07 13:03:53 - ModbusReader - INFO - wind speed: 0.0 m/s, wind level: 0, wind direction angle: 2.6, wind direction: N
2025-07-07 13:04:23 - ModbusReader - INFO - wind speed: 0.0 m/s, wind level: 0, wind direction angle: 205.9, wind direction: SSW
2025-07-07 13:04:24 - ModbusReader - INFO - wind speed: 0.0 m/s, wind level: 0, wind direction angle: 205.9, wind direction: SSW
2025-07-07 13:04:54 - ModbusReader - INFO - wind speed: 0.0 m/s, wind level: 0, wind direction angle: 221.7, wind direction: WS
2025-07-07 13:04:55 - ModbusReader - INFO - wind speed: 0.0 m/s, wind level: 0, wind direction angle: 325.9, wind direction: WN
2025-07-07 13:05:26 - ModbusReader - INFO - wind speed: 0.0 m/s, wind level: 0, wind direction angle: 152.4, wind direction: SSE
2025-07-07 13:05:26 - ModbusReader - INFO - wind speed: 0.0 m/s, wind level: 0, wind direction angle: 152.4, wind direction: SSE
2025-07-07 13:05:57 - ModbusReader - INFO - wind speed: 0.0 m/s, wind level: 0, wind direction angle: 337.3, wind direction: NNW
2025-07-07 13:05:57 - ModbusReader - INFO - wind speed: 0.0 m/s, wind level: 0, wind direction angle: 337.3, wind direction: NNW
2025-07-07 13:06:28 - ModbusReader - INFO - wind speed: 0.0 m/s, wind level: 0, wind direction angle: 316.8, wind direction: WN
2025-07-07 13:06:29 - ModbusReader - INFO - wind speed: 0.0 m/s, wind level: 0, wind direction angle: 316.8, wind direction: WN
2025-07-07 13:06:59 - ModbusReader - INFO - wind speed: 0.0 m/s, wind level: 0, wind direction angle: 348.9, wind direction: N
2025-07-07 13:07:00 - ModbusReader - INFO - wind speed: 0.0 m/s, wind level: 0, wind direction angle: 348.9, wind direction: N
2025-07-07 13:07:30 - ModbusReader - INFO - wind speed: 0.0 m/s, wind level: 0, wind direction angle: 142.2, wind direction: ES
2025-07-07 13:07:31 - ModbusReader - INFO - wind speed: 0.0 m/s, wind level: 0, wind direction angle: 142.2, wind direction: ES
2025-07-07 13:08:02 - ModbusReader - INFO - wind speed: 0.0 m/s, wind level: 0, wind direction angle: 131.1, wind direction: ES
2025-07-07 13:08:02 - ModbusReader - INFO - wind speed: 0.0 m/s, wind level: 0, wind direction angle: 131.1, wind direction: ES
2025-07-07 13:08:33 - ModbusReader - INFO - wind speed: 0.1 m/s, wind level: 0, wind direction angle: 45.0, wind direction: EN
2025-07-07 13:08:33 - ModbusReader - INFO - wind speed: 0.1 m/s, wind level: 0, wind direction angle: 45.0, wind direction: EN
2025-07-07 13:09:04 - ModbusReader - INFO - wind speed: 0.0 m/s, wind level: 0, wind direction angle: 261.7, wind direction: W
2025-07-07 13:09:05 - ModbusReader - INFO - wind speed: 0.0 m/s, wind level: 0, wind direction angle: 261.7, wind direction: W
2025-07-07 13:09:35 - ModbusReader - INFO - wind speed: 0.0 m/s, wind level: 0, wind direction angle: 124.7, wind direction: ES
2025-07-07 13:09:36 - ModbusReader - INFO - wind speed: 0.0 m/s, wind level: 0, wind direction angle: 124.7, wind direction: ES
2025-07-07 13:10:06 - ModbusReader - INFO - wind speed: 0.2 m/s, wind level: 0, wind direction angle: 190.1, wind direction: S
2025-07-07 13:10:07 - ModbusReader - INFO - wind speed: 0.2 m/s, wind level: 0, wind direction angle: 190.1, wind direction: S
2025-07-07 13:10:38 - ModbusReader - INFO - wind speed: 0.4 m/s, wind level: 1, wind direction angle: 185.6, wind direction: S
2025-07-07 13:10:38 - ModbusReader - INFO - wind speed: 0.4 m/s, wind level: 1, wind direction angle: 185.6, wind direction: S
2025-07-07 13:11:09 - ModbusReader - INFO - wind speed: 0.0 m/s, wind level: 0, wind direction angle: 163.9, wind direction: SSE
2025-07-07 13:11:09 - ModbusReader - INFO - wind speed: 0.0 m/s, wind level: 0, wind direction angle: 163.9, wind direction: SSE
2025-07-07 13:11:40 - ModbusReader - INFO - wind speed: 0.0 m/s, wind level: 0, wind direction angle: 352.6, wind direction: N
2025-07-07 13:11:41 - ModbusReader - INFO - wind speed: 0.0 m/s, wind level: 0, wind direction angle: 352.6, wind direction: N
2025-07-07 13:12:11 - ModbusReader - INFO - wind speed: 0.0 m/s, wind level: 0, wind direction angle: 178.3, wind direction: S
2025-07-07 13:12:12 - ModbusReader - INFO - wind speed: 0.0 m/s, wind level: 0, wind direction angle: 306.9, wind direction: WN
2025-07-07 13:12:42 - ModbusReader - INFO - wind speed: 0.0 m/s, wind level: 0, wind direction angle: 226.5, wind direction: WS
2025-07-07 13:12:43 - ModbusReader - INFO - wind speed: 0.0 m/s, wind level: 0, wind direction angle: 226.5, wind direction: WS
2025-07-07 13:13:14 - ModbusReader - INFO - wind speed: 0.0 m/s, wind level: 0, wind direction angle: 33.2, wind direction: NNE
2025-07-07 13:13:14 - ModbusReader - INFO - wind speed: 0.0 m/s, wind level: 0, wind direction angle: 33.2, wind direction: NNE
2025-07-07 13:13:45 - ModbusReader - INFO - wind speed: 0.0 m/s, wind level: 0, wind direction angle: 9.7, wind direction: N
2025-07-07 13:13:45 - ModbusReader - INFO - wind speed: 0.0 m/s, wind level: 0, wind direction angle: 9.7, wind direction: N
2025-07-07 13:14:16 - ModbusReader - INFO - wind speed: 0.4 m/s, wind level: 1, wind direction angle: 71.0, wind direction: ENE
2025-07-07 13:14:17 - ModbusReader - INFO - wind speed: 0.4 m/s, wind level: 1, wind direction angle: 71.0, wind direction: ENE
2025-07-07 13:14:47 - ModbusReader - INFO - wind speed: 0.0 m/s, wind level: 0, wind direction angle: 246.5, wind direction: WSW
2025-07-07 13:14:48 - ModbusReader - INFO - wind speed: 0.0 m/s, wind level: 0, wind direction angle: 246.5, wind direction: WSW
2025-07-07 13:15:18 - ModbusReader - INFO - wind speed: 0.0 m/s, wind level: 0, wind direction angle: 170.5, wind direction: S
2025-07-07 13:15:19 - ModbusReader - INFO - wind speed: 0.0 m/s, wind level: 0, wind direction angle: 170.5, wind direction: S
2025-07-07 13:15:50 - ModbusReader - INFO - wind speed: 0.0 m/s, wind level: 0, wind direction angle: 73.3, wind direction: ENE
2025-07-07 13:15:50 - ModbusReader - INFO - wind speed: 0.0 m/s, wind level: 0, wind direction angle: 73.3, wind direction: ENE
2025-07-07 13:16:21 - ModbusReader - INFO - wind speed: 0.0 m/s, wind level: 0, wind direction angle: 159.4, wind direction: SSE
2025-07-07 13:16:21 - ModbusReader - INFO - wind speed: 0.0 m/s, wind level: 0, wind direction angle: 159.4, wind direction: SSE
2025-07-07 13:16:52 - ModbusReader - INFO - wind speed: 0.0 m/s, wind level: 0, wind direction angle: 178.3, wind direction: S
2025-07-07 13:16:53 - ModbusReader - INFO - wind speed: 0.0 m/s, wind level: 0, wind direction angle: 178.3, wind direction: S
2025-07-07 13:17:23 - ModbusReader - INFO - wind speed: 0.5 m/s, wind level: 1, wind direction angle: 63.3, wind direction: ENE
2025-07-07 13:17:24 - ModbusReader - INFO - wind speed: 0.5 m/s, wind level: 1, wind direction angle: 63.3, wind direction: ENE
2025-07-07 13:17:54 - ModbusReader - INFO - wind speed: 0.5 m/s, wind level: 1, wind direction angle: 357.5, wind direction: N
2025-07-07 13:17:55 - ModbusReader - INFO - wind speed: 0.5 m/s, wind level: 1, wind direction angle: 357.5, wind direction: N
2025-07-07 13:18:26 - ModbusReader - INFO - wind speed: 0.2 m/s, wind level: 0, wind direction angle: 164.0, wind direction: SSE
2025-07-07 13:18:26 - ModbusReader - INFO - wind speed: 0.2 m/s, wind level: 0, wind direction angle: 164.0, wind direction: SSE
2025-07-07 13:18:57 - ModbusReader - INFO - wind speed: 0.0 m/s, wind level: 0, wind direction angle: 91.7, wind direction: E
2025-07-07 13:18:57 - ModbusReader - INFO - wind speed: 0.0 m/s, wind level: 0, wind direction angle: 91.7, wind direction: E
2025-07-07 13:19:28 - ModbusReader - INFO - wind speed: 0.0 m/s, wind level: 0, wind direction angle: 84.2, wind direction: E
2025-07-07 13:19:29 - ModbusReader - INFO - wind speed: 0.0 m/s, wind level: 0, wind direction angle: 170.8, wind direction: S
2025-07-07 13:19:59 - ModbusReader - INFO - wind speed: 0.0 m/s, wind level: 0, wind direction angle: 53.3, wind direction: EN
2025-07-07 13:20:00 - ModbusReader - INFO - wind speed: 0.0 m/s, wind level: 0, wind direction angle: 53.3, wind direction: EN
2025-07-07 13:20:30 - ModbusReader - INFO - wind speed: 0.5 m/s, wind level: 1, wind direction angle: 147.7, wind direction: SSE
2025-07-07 13:20:31 - ModbusReader - INFO - wind speed: 0.5 m/s, wind level: 1, wind direction angle: 147.7, wind direction: SSE
2025-07-07 13:21:02 - ModbusReader - INFO - wind speed: 0.4 m/s, wind level: 1, wind direction angle: 257.0, wind direction: WSW
2025-07-07 13:21:02 - ModbusReader - INFO - wind speed: 0.4 m/s, wind level: 1, wind direction angle: 257.0, wind direction: WSW
2025-07-07 13:21:33 - ModbusReader - INFO - wind speed: 0.6 m/s, wind level: 1, wind direction angle: 106.9, wind direction: ESE
2025-07-07 13:21:33 - ModbusReader - INFO - wind speed: 0.6 m/s, wind level: 1, wind direction angle: 106.9, wind direction: ESE
2025-07-07 13:22:04 - ModbusReader - INFO - wind speed: 0.6 m/s, wind level: 1, wind direction angle: 0.1, wind direction: N
2025-07-07 13:22:05 - ModbusReader - INFO - wind speed: 0.6 m/s, wind level: 1, wind direction angle: 0.1, wind direction: N
2025-07-07 13:22:35 - ModbusReader - INFO - wind speed: 1.4 m/s, wind level: 1, wind direction angle: 173.6, wind direction: S
2025-07-07 13:22:36 - ModbusReader - INFO - wind speed: 1.4 m/s, wind level: 1, wind direction angle: 173.6, wind direction: S
2025-07-07 13:23:06 - ModbusReader - INFO - wind speed: 0.7 m/s, wind level: 1, wind direction angle: 349.0, wind direction: N
2025-07-07 13:23:07 - ModbusReader - INFO - wind speed: 0.7 m/s, wind level: 1, wind direction angle: 349.0, wind direction: N
2025-07-07 13:23:38 - ModbusReader - INFO - wind speed: 1.1 m/s, wind level: 1, wind direction angle: 259.2, wind direction: W
2025-07-07 13:23:38 - ModbusReader - INFO - wind speed: 1.1 m/s, wind level: 1, wind direction angle: 259.2, wind direction: W
2025-07-07 13:24:09 - ModbusReader - INFO - wind speed: 0.9 m/s, wind level: 1, wind direction angle: 115.2, wind direction: ESE
2025-07-07 13:24:09 - ModbusReader - INFO - wind speed: 0.9 m/s, wind level: 1, wind direction angle: 115.2, wind direction: ESE
2025-07-07 13:24:40 - ModbusReader - INFO - wind speed: 1.6 m/s, wind level: 2, wind direction angle: 205.4, wind direction: SSW
2025-07-07 13:24:41 - ModbusReader - INFO - wind speed: 1.6 m/s, wind level: 2, wind direction angle: 205.4, wind direction: SSW
2025-07-07 13:25:11 - ModbusReader - INFO - wind speed: 1.0 m/s, wind level: 1, wind direction angle: 141.8, wind direction: ES
2025-07-07 13:25:12 - ModbusReader - INFO - wind speed: 1.0 m/s, wind level: 1, wind direction angle: 141.8, wind direction: ES
2025-07-07 13:25:42 - ModbusReader - INFO - wind speed: 1.2 m/s, wind level: 1, wind direction angle: 191.4, wind direction: SSW
2025-07-07 13:25:43 - ModbusReader - INFO - wind speed: 1.2 m/s, wind level: 1, wind direction angle: 191.4, wind direction: SSW
2025-07-07 13:26:14 - ModbusReader - INFO - wind speed: 1.1 m/s, wind level: 1, wind direction angle: 108.4, wind direction: ESE
2025-07-07 13:26:14 - ModbusReader - INFO - wind speed: 1.1 m/s, wind level: 1, wind direction angle: 108.4, wind direction: ESE
2025-07-07 13:26:45 - ModbusReader - INFO - wind speed: 0.9 m/s, wind level: 1, wind direction angle: 228.7, wind direction: WS
2025-07-07 13:26:45 - ModbusReader - INFO - wind speed: 0.8 m/s, wind level: 1, wind direction angle: 335.7, wind direction: NNW
2025-07-07 13:27:16 - ModbusReader - INFO - wind speed: 1.2 m/s, wind level: 1, wind direction angle: 171.5, wind direction: S
2025-07-07 13:27:17 - ModbusReader - INFO - wind speed: 1.2 m/s, wind level: 1, wind direction angle: 171.5, wind direction: S
2025-07-07 13:27:47 - ModbusReader - INFO - wind speed: 1.5 m/s, wind level: 1, wind direction angle: 172.9, wind direction: S
2025-07-07 13:27:48 - ModbusReader - INFO - wind speed: 1.5 m/s, wind level: 1, wind direction angle: 172.9, wind direction: S
2025-07-07 13:28:18 - ModbusReader - INFO - wind speed: 0.5 m/s, wind level: 1, wind direction angle: 305.6, wind direction: WN
2025-07-07 13:28:19 - ModbusReader - INFO - wind speed: 0.5 m/s, wind level: 1, wind direction angle: 305.6, wind direction: WN
2025-07-07 13:28:50 - ModbusReader - INFO - wind speed: 0.0 m/s, wind level: 0, wind direction angle: 167.9, wind direction: SSE
2025-07-07 13:28:50 - ModbusReader - INFO - wind speed: 0.0 m/s, wind level: 0, wind direction angle: 167.9, wind direction: SSE
2025-07-07 13:29:21 - ModbusReader - INFO - wind speed: 1.0 m/s, wind level: 1, wind direction angle: 202.3, wind direction: SSW
2025-07-07 13:29:21 - ModbusReader - INFO - wind speed: 1.0 m/s, wind level: 1, wind direction angle: 202.3, wind direction: SSW
2025-07-07 13:29:52 - ModbusReader - INFO - wind speed: 0.4 m/s, wind level: 1, wind direction angle: 281.7, wind direction: WNW
2025-07-07 13:29:53 - ModbusReader - INFO - wind speed: 0.4 m/s, wind level: 1, wind direction angle: 281.7, wind direction: WNW
2025-07-07 13:30:23 - ModbusReader - INFO - wind speed: 0.8 m/s, wind level: 1, wind direction angle: 59.6, wind direction: ENE
2025-07-07 13:30:24 - ModbusReader - INFO - wind speed: 0.8 m/s, wind level: 1, wind direction angle: 59.6, wind direction: ENE
2025-07-07 13:30:54 - ModbusReader - INFO - wind speed: 0.9 m/s, wind level: 1, wind direction angle: 76.8, wind direction: ENE
2025-07-07 13:30:55 - ModbusReader - INFO - wind speed: 0.9 m/s, wind level: 1, wind direction angle: 76.8, wind direction: ENE
2025-07-07 13:31:26 - ModbusReader - INFO - wind speed: 0.6 m/s, wind level: 1, wind direction angle: 163.9, wind direction: SSE
2025-07-07 13:31:26 - ModbusReader - INFO - wind speed: 0.6 m/s, wind level: 1, wind direction angle: 163.9, wind direction: SSE
2025-07-07 13:31:57 - ModbusReader - INFO - wind speed: 0.4 m/s, wind level: 1, wind direction angle: 33.9, wind direction: EN
2025-07-07 13:31:57 - ModbusReader - INFO - wind speed: 0.4 m/s, wind level: 1, wind direction angle: 33.9, wind direction: EN
2025-07-07 13:32:28 - ModbusReader - INFO - wind speed: 0.0 m/s, wind level: 0, wind direction angle: 250.9, wind direction: WSW
2025-07-07 13:32:29 - ModbusReader - INFO - wind speed: 0.0 m/s, wind level: 0, wind direction angle: 250.9, wind direction: WSW
2025-07-07 13:32:59 - ModbusReader - INFO - wind speed: 1.1 m/s, wind level: 1, wind direction angle: 239.9, wind direction: WSW
2025-07-07 13:33:00 - ModbusReader - INFO - wind speed: 1.1 m/s, wind level: 1, wind direction angle: 239.9, wind direction: WSW
2025-07-07 13:33:30 - ModbusReader - INFO - wind speed: 0.6 m/s, wind level: 1, wind direction angle: 359.1, wind direction: N
2025-07-07 13:33:31 - ModbusReader - INFO - wind speed: 0.6 m/s, wind level: 1, wind direction angle: 359.1, wind direction: N
2025-07-07 13:34:02 - ModbusReader - INFO - wind speed: 0.1 m/s, wind level: 0, wind direction angle: 216.7, wind direction: WS
2025-07-07 13:34:02 - ModbusReader - INFO - wind speed: 0.0 m/s, wind level: 0, wind direction angle: 66.0, wind direction: ENE
2025-07-07 13:34:33 - ModbusReader - INFO - wind speed: 1.1 m/s, wind level: 1, wind direction angle: 125.3, wind direction: ES
2025-07-07 13:34:33 - ModbusReader - INFO - wind speed: 1.1 m/s, wind level: 1, wind direction angle: 125.3, wind direction: ES
2025-07-07 13:35:04 - ModbusReader - INFO - wind speed: 1.2 m/s, wind level: 1, wind direction angle: 67.3, wind direction: ENE
2025-07-07 13:35:05 - ModbusReader - INFO - wind speed: 1.2 m/s, wind level: 1, wind direction angle: 67.3, wind direction: ENE
2025-07-07 13:35:35 - ModbusReader - INFO - wind speed: 1.0 m/s, wind level: 1, wind direction angle: 111.3, wind direction: ESE
2025-07-07 13:35:36 - ModbusReader - INFO - wind speed: 1.0 m/s, wind level: 1, wind direction angle: 111.3, wind direction: ESE
2025-07-07 13:36:06 - ModbusReader - INFO - wind speed: 0.6 m/s, wind level: 1, wind direction angle: 182.9, wind direction: S
2025-07-07 13:36:07 - ModbusReader - INFO - wind speed: 0.6 m/s, wind level: 1, wind direction angle: 182.9, wind direction: S
2025-07-07 13:36:38 - ModbusReader - INFO - wind speed: 0.8 m/s, wind level: 1, wind direction angle: 111.4, wind direction: ESE
2025-07-07 13:36:38 - ModbusReader - INFO - wind speed: 0.8 m/s, wind level: 1, wind direction angle: 111.4, wind direction: ESE
2025-07-07 13:37:09 - ModbusReader - INFO - wind speed: 1.0 m/s, wind level: 1, wind direction angle: 161.4, wind direction: SSE
2025-07-07 13:37:09 - ModbusReader - INFO - wind speed: 1.0 m/s, wind level: 1, wind direction angle: 161.4, wind direction: SSE
2025-07-07 13:37:40 - ModbusReader - INFO - wind speed: 0.5 m/s, wind level: 1, wind direction angle: 83.8, wind direction: E
2025-07-07 13:37:41 - ModbusReader - INFO - wind speed: 0.5 m/s, wind level: 1, wind direction angle: 83.8, wind direction: E
2025-07-07 13:38:11 - ModbusReader - INFO - wind speed: 0.6 m/s, wind level: 1, wind direction angle: 253.9, wind direction: WSW
2025-07-07 13:38:12 - ModbusReader - INFO - wind speed: 0.6 m/s, wind level: 1, wind direction angle: 253.9, wind direction: WSW
2025-07-07 13:38:42 - ModbusReader - INFO - wind speed: 1.1 m/s, wind level: 1, wind direction angle: 225.5, wind direction: WS
2025-07-07 13:38:43 - ModbusReader - INFO - wind speed: 1.1 m/s, wind level: 1, wind direction angle: 225.5, wind direction: WS
2025-07-07 13:39:14 - ModbusReader - INFO - wind speed: 1.0 m/s, wind level: 1, wind direction angle: 196.5, wind direction: SSW
2025-07-07 13:39:14 - ModbusReader - INFO - wind speed: 1.0 m/s, wind level: 1, wind direction angle: 196.5, wind direction: SSW
2025-07-07 13:39:45 - ModbusReader - INFO - wind speed: 0.4 m/s, wind level: 1, wind direction angle: 299.8, wind direction: WNW
2025-07-07 13:39:45 - ModbusReader - INFO - wind speed: 0.4 m/s, wind level: 1, wind direction angle: 299.8, wind direction: WNW
2025-07-07 13:40:16 - ModbusReader - INFO - wind speed: 0.8 m/s, wind level: 1, wind direction angle: 200.8, wind direction: SSW
2025-07-07 13:40:17 - ModbusReader - INFO - wind speed: 0.8 m/s, wind level: 1, wind direction angle: 200.8, wind direction: SSW
2025-07-07 13:40:47 - ModbusReader - INFO - wind speed: 1.1 m/s, wind level: 1, wind direction angle: 164.7, wind direction: SSE
2025-07-07 13:40:48 - ModbusReader - INFO - wind speed: 1.1 m/s, wind level: 1, wind direction angle: 164.7, wind direction: SSE
2025-07-07 13:41:18 - ModbusReader - INFO - wind speed: 0.9 m/s, wind level: 1, wind direction angle: 107.7, wind direction: ESE
2025-07-07 13:41:19 - ModbusReader - INFO - wind speed: 0.8 m/s, wind level: 1, wind direction angle: 118.4, wind direction: ESE
2025-07-07 13:41:50 - ModbusReader - INFO - wind speed: 1.0 m/s, wind level: 1, wind direction angle: 223.9, wind direction: WS
2025-07-07 13:41:50 - ModbusReader - INFO - wind speed: 1.0 m/s, wind level: 1, wind direction angle: 223.9, wind direction: WS
2025-07-07 13:42:21 - ModbusReader - INFO - wind speed: 1.2 m/s, wind level: 1, wind direction angle: 166.0, wind direction: SSE
2025-07-07 13:42:21 - ModbusReader - INFO - wind speed: 1.2 m/s, wind level: 1, wind direction angle: 166.0, wind direction: SSE
2025-07-07 13:42:52 - ModbusReader - INFO - wind speed: 0.7 m/s, wind level: 1, wind direction angle: 98.6, wind direction: E
2025-07-07 13:42:53 - ModbusReader - INFO - wind speed: 0.7 m/s, wind level: 1, wind direction angle: 98.6, wind direction: E
2025-07-07 13:43:23 - ModbusReader - INFO - wind speed: 0.7 m/s, wind level: 1, wind direction angle: 220.0, wind direction: WS
2025-07-07 13:43:24 - ModbusReader - INFO - wind speed: 0.7 m/s, wind level: 1, wind direction angle: 220.0, wind direction: WS
2025-07-07 13:43:54 - ModbusReader - INFO - wind speed: 1.3 m/s, wind level: 1, wind direction angle: 132.9, wind direction: ES
2025-07-07 13:43:55 - ModbusReader - INFO - wind speed: 1.3 m/s, wind level: 1, wind direction angle: 132.9, wind direction: ES
2025-07-07 13:44:26 - ModbusReader - INFO - wind speed: 0.6 m/s, wind level: 1, wind direction angle: 68.8, wind direction: ENE
2025-07-07 13:44:26 - ModbusReader - INFO - wind speed: 0.6 m/s, wind level: 1, wind direction angle: 68.8, wind direction: ENE
2025-07-07 13:44:57 - ModbusReader - INFO - wind speed: 0.8 m/s, wind level: 1, wind direction angle: 132.1, wind direction: ES
2025-07-07 13:44:57 - ModbusReader - INFO - wind speed: 0.8 m/s, wind level: 1, wind direction angle: 132.1, wind direction: ES
2025-07-07 13:45:28 - ModbusReader - INFO - wind speed: 1.2 m/s, wind level: 1, wind direction angle: 198.3, wind direction: SSW
2025-07-07 13:45:29 - ModbusReader - INFO - wind speed: 1.2 m/s, wind level: 1, wind direction angle: 198.3, wind direction: SSW
2025-07-07 13:45:59 - ModbusReader - INFO - wind speed: 1.1 m/s, wind level: 1, wind direction angle: 17.3, wind direction: NNE
2025-07-07 13:46:00 - ModbusReader - INFO - wind speed: 1.1 m/s, wind level: 1, wind direction angle: 17.3, wind direction: NNE
2025-07-07 13:46:30 - ModbusReader - INFO - wind speed: 1.3 m/s, wind level: 1, wind direction angle: 187.3, wind direction: S
2025-07-07 13:46:31 - ModbusReader - INFO - wind speed: 1.3 m/s, wind level: 1, wind direction angle: 187.3, wind direction: S
2025-07-07 13:47:02 - ModbusReader - INFO - wind speed: 1.5 m/s, wind level: 1, wind direction angle: 171.2, wind direction: S
2025-07-07 13:47:02 - ModbusReader - INFO - wind speed: 1.5 m/s, wind level: 1, wind direction angle: 171.2, wind direction: S
2025-07-07 13:47:33 - ModbusReader - INFO - wind speed: 1.1 m/s, wind level: 1, wind direction angle: 171.3, wind direction: S
2025-07-07 13:47:33 - ModbusReader - INFO - wind speed: 1.1 m/s, wind level: 1, wind direction angle: 171.3, wind direction: S
2025-07-07 13:48:04 - ModbusReader - INFO - wind speed: 0.6 m/s, wind level: 1, wind direction angle: 222.6, wind direction: WS
2025-07-07 13:48:05 - ModbusReader - INFO - wind speed: 0.6 m/s, wind level: 1, wind direction angle: 222.6, wind direction: WS
2025-07-07 13:48:35 - ModbusReader - INFO - wind speed: 0.4 m/s, wind level: 1, wind direction angle: 272.1, wind direction: W
2025-07-07 13:48:36 - ModbusReader - INFO - wind speed: 0.4 m/s, wind level: 1, wind direction angle: 0.1, wind direction: N
2025-07-07 13:49:06 - ModbusReader - INFO - wind speed: 1.1 m/s, wind level: 1, wind direction angle: 60.7, wind direction: ENE
2025-07-07 13:49:07 - ModbusReader - INFO - wind speed: 1.1 m/s, wind level: 1, wind direction angle: 60.7, wind direction: ENE
2025-07-07 13:49:38 - ModbusReader - INFO - wind speed: 1.1 m/s, wind level: 1, wind direction angle: 104.7, wind direction: ESE
2025-07-07 13:49:38 - ModbusReader - INFO - wind speed: 1.1 m/s, wind level: 1, wind direction angle: 104.7, wind direction: ESE
2025-07-07 13:50:09 - ModbusReader - INFO - wind speed: 0.9 m/s, wind level: 1, wind direction angle: 17.3, wind direction: NNE
2025-07-07 13:50:09 - ModbusReader - INFO - wind speed: 0.9 m/s, wind level: 1, wind direction angle: 17.3, wind direction: NNE
2025-07-07 13:50:40 - ModbusReader - INFO - wind speed: 0.7 m/s, wind level: 1, wind direction angle: 83.4, wind direction: E
2025-07-07 13:50:41 - ModbusReader - INFO - wind speed: 0.7 m/s, wind level: 1, wind direction angle: 83.4, wind direction: E
2025-07-07 13:51:11 - ModbusReader - INFO - wind speed: 1.0 m/s, wind level: 1, wind direction angle: 156.8, wind direction: SSE
2025-07-07 13:51:12 - ModbusReader - INFO - wind speed: 1.0 m/s, wind level: 1, wind direction angle: 156.8, wind direction: SSE
2025-07-07 13:51:42 - ModbusReader - INFO - wind speed: 1.0 m/s, wind level: 1, wind direction angle: 170.1, wind direction: S
2025-07-07 13:51:43 - ModbusReader - INFO - wind speed: 1.0 m/s, wind level: 1, wind direction angle: 170.1, wind direction: S
2025-07-07 13:52:14 - ModbusReader - INFO - wind speed: 1.6 m/s, wind level: 2, wind direction angle: 147.6, wind direction: SSE
2025-07-07 13:52:14 - ModbusReader - INFO - wind speed: 1.6 m/s, wind level: 2, wind direction angle: 147.6, wind direction: SSE
2025-07-07 13:52:45 - ModbusReader - INFO - wind speed: 0.8 m/s, wind level: 1, wind direction angle: 78.9, wind direction: E
2025-07-07 13:52:45 - ModbusReader - INFO - wind speed: 0.8 m/s, wind level: 1, wind direction angle: 78.9, wind direction: E
2025-07-07 13:53:16 - ModbusReader - INFO - wind speed: 1.1 m/s, wind level: 1, wind direction angle: 219.4, wind direction: WS
2025-07-07 13:53:17 - ModbusReader - INFO - wind speed: 1.1 m/s, wind level: 1, wind direction angle: 219.4, wind direction: WS
2025-07-07 13:53:47 - ModbusReader - INFO - wind speed: 1.0 m/s, wind level: 1, wind direction angle: 97.5, wind direction: E
2025-07-07 13:53:48 - ModbusReader - INFO - wind speed: 1.0 m/s, wind level: 1, wind direction angle: 97.5, wind direction: E
2025-07-07 13:54:18 - ModbusReader - INFO - wind speed: 1.2 m/s, wind level: 1, wind direction angle: 97.3, wind direction: E
2025-07-07 13:54:19 - ModbusReader - INFO - wind speed: 1.2 m/s, wind level: 1, wind direction angle: 97.3, wind direction: E
2025-07-07 13:54:50 - ModbusReader - INFO - wind speed: 0.7 m/s, wind level: 1, wind direction angle: 238.8, wind direction: WSW
2025-07-07 13:54:50 - ModbusReader - INFO - wind speed: 0.7 m/s, wind level: 1, wind direction angle: 238.8, wind direction: WSW
2025-07-07 13:55:21 - ModbusReader - INFO - wind speed: 0.0 m/s, wind level: 0, wind direction angle: 254.2, wind direction: WSW
2025-07-07 13:55:21 - ModbusReader - INFO - wind speed: 0.0 m/s, wind level: 0, wind direction angle: 254.2, wind direction: WSW
2025-07-07 13:55:52 - ModbusReader - INFO - wind speed: 0.0 m/s, wind level: 0, wind direction angle: 11.7, wind direction: NNE
2025-07-07 13:55:53 - ModbusReader - INFO - wind speed: 0.0 m/s, wind level: 0, wind direction angle: 11.7, wind direction: NNE
2025-07-07 13:56:23 - ModbusReader - INFO - wind speed: 0.0 m/s, wind level: 0, wind direction angle: 5.2, wind direction: N
2025-07-07 13:56:24 - ModbusReader - INFO - wind speed: 0.0 m/s, wind level: 0, wind direction angle: 5.2, wind direction: N
2025-07-07 13:56:54 - ModbusReader - INFO - wind speed: 0.0 m/s, wind level: 0, wind direction angle: 317.6, wind direction: WN
2025-07-07 13:56:55 - ModbusReader - INFO - wind speed: 0.0 m/s, wind level: 0, wind direction angle: 317.6, wind direction: WN
2025-07-07 13:57:26 - ModbusReader - INFO - wind speed: 0.0 m/s, wind level: 0, wind direction angle: 297.4, wind direction: WNW
2025-07-07 13:57:26 - ModbusReader - INFO - wind speed: 0.0 m/s, wind level: 0, wind direction angle: 297.4, wind direction: WNW
2025-07-07 13:57:57 - ModbusReader - INFO - wind speed: 1.1 m/s, wind level: 1, wind direction angle: 140.1, wind direction: ES
2025-07-07 13:57:57 - ModbusReader - INFO - wind speed: 1.1 m/s, wind level: 1, wind direction angle: 140.1, wind direction: ES
2025-07-07 13:58:28 - ModbusReader - INFO - wind speed: 0.8 m/s, wind level: 1, wind direction angle: 180.4, wind direction: S
2025-07-07 13:58:29 - ModbusReader - INFO - wind speed: 0.8 m/s, wind level: 1, wind direction angle: 180.4, wind direction: S
2025-07-07 13:58:59 - ModbusReader - INFO - wind speed: 0.7 m/s, wind level: 1, wind direction angle: 221.6, wind direction: WS
2025-07-07 13:59:00 - ModbusReader - INFO - wind speed: 0.7 m/s, wind level: 1, wind direction angle: 221.6, wind direction: WS
2025-07-07 13:59:30 - ModbusReader - INFO - wind speed: 0.6 m/s, wind level: 1, wind direction angle: 266.9, wind direction: W
2025-07-07 13:59:31 - ModbusReader - INFO - wind speed: 0.6 m/s, wind level: 1, wind direction angle: 266.9, wind direction: W
2025-07-07 14:00:02 - ModbusReader - INFO - wind speed: 1.2 m/s, wind level: 1, wind direction angle: 180.4, wind direction: S
2025-07-07 14:00:02 - ModbusReader - INFO - wind speed: 1.2 m/s, wind level: 1, wind direction angle: 180.4, wind direction: S
2025-07-07 14:00:33 - ModbusReader - INFO - wind speed: 0.7 m/s, wind level: 1, wind direction angle: 57.1, wind direction: ENE
2025-07-07 14:00:33 - ModbusReader - INFO - wind speed: 0.7 m/s, wind level: 1, wind direction angle: 57.1, wind direction: ENE
2025-07-07 14:01:04 - ModbusReader - INFO - wind speed: 0.5 m/s, wind level: 1, wind direction angle: 344.9, wind direction: NNW
2025-07-07 14:01:05 - ModbusReader - INFO - wind speed: 0.5 m/s, wind level: 1, wind direction angle: 344.9, wind direction: NNW
2025-07-07 14:01:35 - ModbusReader - INFO - wind speed: 1.3 m/s, wind level: 1, wind direction angle: 198.8, wind direction: SSW
2025-07-07 14:01:36 - ModbusReader - INFO - wind speed: 1.3 m/s, wind level: 1, wind direction angle: 198.8, wind direction: SSW
2025-07-07 14:02:06 - ModbusReader - INFO - wind speed: 1.2 m/s, wind level: 1, wind direction angle: 224.4, wind direction: WS
2025-07-07 14:02:07 - ModbusReader - INFO - wind speed: 1.2 m/s, wind level: 1, wind direction angle: 224.4, wind direction: WS
2025-07-07 14:02:38 - ModbusReader - INFO - wind speed: 0.9 m/s, wind level: 1, wind direction angle: 114.9, wind direction: ESE
2025-07-07 14:02:38 - ModbusReader - INFO - wind speed: 0.9 m/s, wind level: 1, wind direction angle: 114.9, wind direction: ESE
2025-07-07 14:03:09 - ModbusReader - INFO - wind speed: 0.8 m/s, wind level: 1, wind direction angle: 38.7, wind direction: EN
2025-07-07 14:03:09 - ModbusReader - INFO - wind speed: 0.8 m/s, wind level: 1, wind direction angle: 38.7, wind direction: EN
2025-07-07 14:03:40 - ModbusReader - INFO - wind speed: 1.3 m/s, wind level: 1, wind direction angle: 169.7, wind direction: S
2025-07-07 14:03:41 - ModbusReader - INFO - wind speed: 1.3 m/s, wind level: 1, wind direction angle: 169.7, wind direction: S
2025-07-07 14:04:11 - ModbusReader - INFO - wind speed: 0.8 m/s, wind level: 1, wind direction angle: 249.8, wind direction: WSW
2025-07-07 14:04:12 - ModbusReader - INFO - wind speed: 0.8 m/s, wind level: 1, wind direction angle: 249.8, wind direction: WSW
2025-07-07 14:04:42 - ModbusReader - INFO - wind speed: 0.4 m/s, wind level: 1, wind direction angle: 346.3, wind direction: NNW
2025-07-07 14:04:43 - ModbusReader - INFO - wind speed: 0.4 m/s, wind level: 1, wind direction angle: 346.3, wind direction: NNW
2025-07-07 14:05:14 - ModbusReader - INFO - wind speed: 1.1 m/s, wind level: 1, wind direction angle: 175.3, wind direction: S
2025-07-07 14:05:14 - ModbusReader - INFO - wind speed: 1.1 m/s, wind level: 1, wind direction angle: 175.3, wind direction: S
2025-07-07 14:05:45 - ModbusReader - INFO - wind speed: 1.1 m/s, wind level: 1, wind direction angle: 239.7, wind direction: WSW
2025-07-07 14:05:45 - ModbusReader - INFO - wind speed: 1.1 m/s, wind level: 1, wind direction angle: 239.7, wind direction: WSW
2025-07-07 14:06:16 - ModbusReader - INFO - wind speed: 2.3 m/s, wind level: 2, wind direction angle: 140.8, wind direction: ES
2025-07-07 14:06:17 - ModbusReader - INFO - wind speed: 2.3 m/s, wind level: 2, wind direction angle: 140.8, wind direction: ES
2025-07-07 14:06:47 - ModbusReader - INFO - wind speed: 0.8 m/s, wind level: 1, wind direction angle: 71.9, wind direction: ENE
2025-07-07 14:06:48 - ModbusReader - INFO - wind speed: 0.8 m/s, wind level: 1, wind direction angle: 71.9, wind direction: ENE
2025-07-07 14:07:18 - ModbusReader - INFO - wind speed: 0.7 m/s, wind level: 1, wind direction angle: 163.3, wind direction: SSE
2025-07-07 14:07:19 - ModbusReader - INFO - wind speed: 0.7 m/s, wind level: 1, wind direction angle: 163.3, wind direction: SSE
2025-07-07 14:07:50 - ModbusReader - INFO - wind speed: 1.5 m/s, wind level: 1, wind direction angle: 160.1, wind direction: SSE
2025-07-07 14:07:50 - ModbusReader - INFO - wind speed: 1.5 m/s, wind level: 1, wind direction angle: 160.1, wind direction: SSE
2025-07-07 14:08:21 - ModbusReader - INFO - wind speed: 1.2 m/s, wind level: 1, wind direction angle: 230.8, wind direction: WS
2025-07-07 14:08:21 - ModbusReader - INFO - wind speed: 1.2 m/s, wind level: 1, wind direction angle: 230.8, wind direction: WS
2025-07-07 14:08:52 - ModbusReader - INFO - wind speed: 1.6 m/s, wind level: 2, wind direction angle: 167.2, wind direction: SSE
2025-07-07 14:08:53 - ModbusReader - INFO - wind speed: 1.6 m/s, wind level: 2, wind direction angle: 167.2, wind direction: SSE
2025-07-07 14:09:23 - ModbusReader - INFO - wind speed: 0.7 m/s, wind level: 1, wind direction angle: 186.2, wind direction: S
2025-07-07 14:09:24 - ModbusReader - INFO - wind speed: 0.7 m/s, wind level: 1, wind direction angle: 186.2, wind direction: S
2025-07-07 14:09:54 - ModbusReader - INFO - wind speed: 0.4 m/s, wind level: 1, wind direction angle: 248.4, wind direction: WSW
2025-07-07 14:09:55 - ModbusReader - INFO - wind speed: 0.4 m/s, wind level: 1, wind direction angle: 248.4, wind direction: WSW
2025-07-07 14:10:26 - ModbusReader - INFO - wind speed: 1.2 m/s, wind level: 1, wind direction angle: 239.8, wind direction: WSW
2025-07-07 14:10:26 - ModbusReader - INFO - wind speed: 1.2 m/s, wind level: 1, wind direction angle: 239.8, wind direction: WSW
2025-07-07 14:10:57 - ModbusReader - INFO - wind speed: 1.2 m/s, wind level: 1, wind direction angle: 164.7, wind direction: SSE
2025-07-07 14:10:57 - ModbusReader - INFO - wind speed: 1.2 m/s, wind level: 1, wind direction angle: 164.7, wind direction: SSE
2025-07-07 14:11:28 - ModbusReader - INFO - wind speed: 0.6 m/s, wind level: 1, wind direction angle: 135.0, wind direction: ES
2025-07-07 14:11:29 - ModbusReader - INFO - wind speed: 0.6 m/s, wind level: 1, wind direction angle: 135.0, wind direction: ES
2025-07-07 14:11:59 - ModbusReader - INFO - wind speed: 1.4 m/s, wind level: 1, wind direction angle: 209.7, wind direction: SSW
2025-07-07 14:12:00 - ModbusReader - INFO - wind speed: 1.4 m/s, wind level: 1, wind direction angle: 209.7, wind direction: SSW
2025-07-07 14:12:30 - ModbusReader - INFO - wind speed: 0.6 m/s, wind level: 1, wind direction angle: 272.3, wind direction: W
2025-07-07 14:12:31 - ModbusReader - INFO - wind speed: 0.6 m/s, wind level: 1, wind direction angle: 272.3, wind direction: W
2025-07-07 14:13:02 - ModbusReader - INFO - wind speed: 0.8 m/s, wind level: 1, wind direction angle: 189.4, wind direction: S
2025-07-07 14:13:02 - ModbusReader - INFO - wind speed: 0.8 m/s, wind level: 1, wind direction angle: 189.4, wind direction: S
2025-07-07 14:13:33 - ModbusReader - INFO - wind speed: 1.2 m/s, wind level: 1, wind direction angle: 171.2, wind direction: S
2025-07-07 14:13:33 - ModbusReader - INFO - wind speed: 1.2 m/s, wind level: 1, wind direction angle: 171.2, wind direction: S
2025-07-07 14:14:04 - ModbusReader - INFO - wind speed: 1.4 m/s, wind level: 1, wind direction angle: 179.3, wind direction: S
2025-07-07 14:14:05 - ModbusReader - INFO - wind speed: 1.4 m/s, wind level: 1, wind direction angle: 179.3, wind direction: S
2025-07-07 14:14:35 - ModbusReader - INFO - wind speed: 1.2 m/s, wind level: 1, wind direction angle: 129.3, wind direction: ES
2025-07-07 14:14:36 - ModbusReader - INFO - wind speed: 1.2 m/s, wind level: 1, wind direction angle: 129.3, wind direction: ES
2025-07-07 14:15:06 - ModbusReader - INFO - wind speed: 0.8 m/s, wind level: 1, wind direction angle: 115.7, wind direction: ESE
2025-07-07 14:15:07 - ModbusReader - INFO - wind speed: 0.8 m/s, wind level: 1, wind direction angle: 115.7, wind direction: ESE
2025-07-07 14:15:38 - ModbusReader - INFO - wind speed: 0.4 m/s, wind level: 1, wind direction angle: 80.8, wind direction: E
2025-07-07 14:15:38 - ModbusReader - INFO - wind speed: 0.4 m/s, wind level: 1, wind direction angle: 80.8, wind direction: E
2025-07-07 14:16:09 - ModbusReader - INFO - wind speed: 0.5 m/s, wind level: 1, wind direction angle: 197.5, wind direction: SSW
2025-07-07 14:16:09 - ModbusReader - INFO - wind speed: 0.5 m/s, wind level: 1, wind direction angle: 197.5, wind direction: SSW
2025-07-07 14:16:40 - ModbusReader - INFO - wind speed: 1.3 m/s, wind level: 1, wind direction angle: 169.1, wind direction: S
2025-07-07 14:16:41 - ModbusReader - INFO - wind speed: 1.3 m/s, wind level: 1, wind direction angle: 169.1, wind direction: S
2025-07-07 14:17:11 - ModbusReader - INFO - wind speed: 0.8 m/s, wind level: 1, wind direction angle: 245.6, wind direction: WSW
2025-07-07 14:17:12 - ModbusReader - INFO - wind speed: 0.8 m/s, wind level: 1, wind direction angle: 245.6, wind direction: WSW
2025-07-07 14:17:42 - ModbusReader - INFO - wind speed: 0.7 m/s, wind level: 1, wind direction angle: 104.3, wind direction: ESE
2025-07-07 14:17:43 - ModbusReader - INFO - wind speed: 0.7 m/s, wind level: 1, wind direction angle: 104.3, wind direction: ESE
2025-07-07 14:18:14 - ModbusReader - INFO - wind speed: 0.5 m/s, wind level: 1, wind direction angle: 145.7, wind direction: ES
2025-07-07 14:18:14 - ModbusReader - INFO - wind speed: 0.5 m/s, wind level: 1, wind direction angle: 145.7, wind direction: ES
2025-07-07 14:18:45 - ModbusReader - INFO - wind speed: 0.6 m/s, wind level: 1, wind direction angle: 224.3, wind direction: WS
2025-07-07 14:18:45 - ModbusReader - INFO - wind speed: 0.6 m/s, wind level: 1, wind direction angle: 224.3, wind direction: WS
2025-07-07 14:19:16 - ModbusReader - INFO - wind speed: 0.4 m/s, wind level: 1, wind direction angle: 206.9, wind direction: SSW
2025-07-07 14:19:17 - ModbusReader - INFO - wind speed: 0.4 m/s, wind level: 1, wind direction angle: 206.9, wind direction: SSW
2025-07-07 14:19:47 - ModbusReader - INFO - wind speed: 1.2 m/s, wind level: 1, wind direction angle: 264.5, wind direction: W
2025-07-07 14:19:48 - ModbusReader - INFO - wind speed: 1.2 m/s, wind level: 1, wind direction angle: 264.5, wind direction: W
2025-07-07 14:20:18 - ModbusReader - INFO - wind speed: 0.7 m/s, wind level: 1, wind direction angle: 219.0, wind direction: WS
2025-07-07 14:20:19 - ModbusReader - INFO - wind speed: 0.7 m/s, wind level: 1, wind direction angle: 219.0, wind direction: WS
2025-07-07 14:20:50 - ModbusReader - INFO - wind speed: 0.6 m/s, wind level: 1, wind direction angle: 321.0, wind direction: WN
2025-07-07 14:20:50 - ModbusReader - INFO - wind speed: 0.6 m/s, wind level: 1, wind direction angle: 321.0, wind direction: WN
2025-07-07 14:21:21 - ModbusReader - INFO - wind speed: 0.0 m/s, wind level: 0, wind direction angle: 143.2, wind direction: ES
2025-07-07 14:21:21 - ModbusReader - INFO - wind speed: 0.0 m/s, wind level: 0, wind direction angle: 143.2, wind direction: ES
2025-07-07 14:21:52 - ModbusReader - INFO - wind speed: 1.7 m/s, wind level: 2, wind direction angle: 153.2, wind direction: SSE
2025-07-07 14:21:53 - ModbusReader - INFO - wind speed: 1.7 m/s, wind level: 2, wind direction angle: 153.2, wind direction: SSE
2025-07-07 14:22:23 - ModbusReader - INFO - wind speed: 1.5 m/s, wind level: 1, wind direction angle: 185.8, wind direction: S
2025-07-07 14:22:24 - ModbusReader - INFO - wind speed: 1.5 m/s, wind level: 1, wind direction angle: 185.8, wind direction: S
2025-07-07 14:22:54 - ModbusReader - INFO - wind speed: 0.6 m/s, wind level: 1, wind direction angle: 96.8, wind direction: E
2025-07-07 14:22:55 - ModbusReader - INFO - wind speed: 0.6 m/s, wind level: 1, wind direction angle: 96.8, wind direction: E
2025-07-07 14:23:26 - ModbusReader - INFO - wind speed: 0.7 m/s, wind level: 1, wind direction angle: 315.1, wind direction: WN
2025-07-07 14:23:26 - ModbusReader - INFO - wind speed: 0.7 m/s, wind level: 1, wind direction angle: 315.1, wind direction: WN
2025-07-07 14:23:57 - ModbusReader - INFO - wind speed: 0.4 m/s, wind level: 1, wind direction angle: 338.1, wind direction: NNW
2025-07-07 14:23:57 - ModbusReader - INFO - wind speed: 0.4 m/s, wind level: 1, wind direction angle: 338.1, wind direction: NNW
2025-07-07 14:24:28 - ModbusReader - INFO - wind speed: 1.1 m/s, wind level: 1, wind direction angle: 161.0, wind direction: SSE
2025-07-07 14:24:29 - ModbusReader - INFO - wind speed: 1.1 m/s, wind level: 1, wind direction angle: 161.0, wind direction: SSE
2025-07-07 14:24:59 - ModbusReader - INFO - wind speed: 0.8 m/s, wind level: 1, wind direction angle: 107.4, wind direction: ESE
2025-07-07 14:25:00 - ModbusReader - INFO - wind speed: 0.8 m/s, wind level: 1, wind direction angle: 107.4, wind direction: ESE
2025-07-07 14:25:30 - ModbusReader - INFO - wind speed: 1.2 m/s, wind level: 1, wind direction angle: 31.2, wind direction: NNE
2025-07-07 14:25:31 - ModbusReader - INFO - wind speed: 1.2 m/s, wind level: 1, wind direction angle: 31.2, wind direction: NNE
2025-07-07 14:26:02 - ModbusReader - INFO - wind speed: 1.0 m/s, wind level: 1, wind direction angle: 282.4, wind direction: WNW
2025-07-07 14:26:02 - ModbusReader - INFO - wind speed: 1.0 m/s, wind level: 1, wind direction angle: 282.4, wind direction: WNW
2025-07-07 14:26:33 - ModbusReader - INFO - wind speed: 1.1 m/s, wind level: 1, wind direction angle: 187.8, wind direction: S
2025-07-07 14:26:33 - ModbusReader - INFO - wind speed: 1.1 m/s, wind level: 1, wind direction angle: 187.8, wind direction: S
2025-07-07 14:27:04 - ModbusReader - INFO - wind speed: 1.2 m/s, wind level: 1, wind direction angle: 106.0, wind direction: ESE
2025-07-07 14:27:05 - ModbusReader - INFO - wind speed: 1.2 m/s, wind level: 1, wind direction angle: 106.0, wind direction: ESE
2025-07-07 14:27:35 - ModbusReader - INFO - wind speed: 0.8 m/s, wind level: 1, wind direction angle: 314.3, wind direction: WN
2025-07-07 14:27:36 - ModbusReader - INFO - wind speed: 0.8 m/s, wind level: 1, wind direction angle: 314.3, wind direction: WN
2025-07-07 14:28:06 - ModbusReader - INFO - wind speed: 1.0 m/s, wind level: 1, wind direction angle: 113.7, wind direction: ESE
2025-07-07 14:28:07 - ModbusReader - INFO - wind speed: 1.0 m/s, wind level: 1, wind direction angle: 113.7, wind direction: ESE
2025-07-07 14:28:38 - ModbusReader - INFO - wind speed: 0.0 m/s, wind level: 0, wind direction angle: 123.4, wind direction: ESE
2025-07-07 14:28:38 - ModbusReader - INFO - wind speed: 0.0 m/s, wind level: 0, wind direction angle: 123.4, wind direction: ESE
2025-07-07 14:29:09 - ModbusReader - INFO - wind speed: 0.5 m/s, wind level: 1, wind direction angle: 346.3, wind direction: NNW
2025-07-07 14:29:09 - ModbusReader - INFO - wind speed: 0.5 m/s, wind level: 1, wind direction angle: 346.3, wind direction: NNW
2025-07-07 14:29:40 - ModbusReader - INFO - wind speed: 1.2 m/s, wind level: 1, wind direction angle: 148.1, wind direction: SSE
2025-07-07 14:29:41 - ModbusReader - INFO - wind speed: 1.2 m/s, wind level: 1, wind direction angle: 148.1, wind direction: SSE
2025-07-07 14:30:11 - ModbusReader - INFO - wind speed: 1.6 m/s, wind level: 2, wind direction angle: 213.6, wind direction: SSW
2025-07-07 14:30:12 - ModbusReader - INFO - wind speed: 1.6 m/s, wind level: 2, wind direction angle: 213.6, wind direction: SSW
2025-07-07 14:30:42 - ModbusReader - INFO - wind speed: 1.6 m/s, wind level: 2, wind direction angle: 135.5, wind direction: ES
2025-07-07 14:30:43 - ModbusReader - INFO - wind speed: 1.6 m/s, wind level: 2, wind direction angle: 135.5, wind direction: ES
2025-07-07 14:31:14 - ModbusReader - INFO - wind speed: 0.9 m/s, wind level: 1, wind direction angle: 158.0, wind direction: SSE
2025-07-07 14:31:14 - ModbusReader - INFO - wind speed: 0.9 m/s, wind level: 1, wind direction angle: 158.0, wind direction: SSE
2025-07-07 14:31:45 - ModbusReader - INFO - wind speed: 0.5 m/s, wind level: 1, wind direction angle: 63.2, wind direction: ENE
2025-07-07 14:31:45 - ModbusReader - INFO - wind speed: 0.5 m/s, wind level: 1, wind direction angle: 63.2, wind direction: ENE
2025-07-07 14:32:17 - ModbusReader - INFO - wind speed: 0.6 m/s, wind level: 1, wind direction angle: 139.2, wind direction: ES
2025-07-07 14:32:18 - ModbusReader - INFO - wind speed: 0.6 m/s, wind level: 1, wind direction angle: 139.2, wind direction: ES
2025-07-07 14:32:48 - ModbusReader - INFO - wind speed: 0.7 m/s, wind level: 1, wind direction angle: 2.7, wind direction: N
2025-07-07 14:32:49 - ModbusReader - INFO - wind speed: 0.7 m/s, wind level: 1, wind direction angle: 2.7, wind direction: N
2025-07-07 14:33:19 - ModbusReader - INFO - wind speed: 1.4 m/s, wind level: 1, wind direction angle: 30.0, wind direction: NNE
2025-07-07 14:33:20 - ModbusReader - INFO - wind speed: 1.4 m/s, wind level: 1, wind direction angle: 30.0, wind direction: NNE
2025-07-07 14:33:51 - ModbusReader - INFO - wind speed: 0.9 m/s, wind level: 1, wind direction angle: 72.0, wind direction: ENE
2025-07-07 14:33:51 - ModbusReader - INFO - wind speed: 0.9 m/s, wind level: 1, wind direction angle: 72.0, wind direction: ENE
2025-07-07 14:34:22 - ModbusReader - INFO - wind speed: 0.7 m/s, wind level: 1, wind direction angle: 121.3, wind direction: ESE
2025-07-07 14:34:22 - ModbusReader - INFO - wind speed: 0.7 m/s, wind level: 1, wind direction angle: 121.3, wind direction: ESE
2025-07-07 14:34:53 - ModbusReader - INFO - wind speed: 0.4 m/s, wind level: 1, wind direction angle: 280.8, wind direction: W
2025-07-07 14:34:54 - ModbusReader - INFO - wind speed: 0.4 m/s, wind level: 1, wind direction angle: 280.8, wind direction: W
2025-07-07 14:35:24 - ModbusReader - INFO - wind speed: 0.0 m/s, wind level: 0, wind direction angle: 117.5, wind direction: ESE
2025-07-07 14:35:25 - ModbusReader - INFO - wind speed: 0.0 m/s, wind level: 0, wind direction angle: 117.5, wind direction: ESE
2025-07-07 14:35:55 - ModbusReader - INFO - wind speed: 0.8 m/s, wind level: 1, wind direction angle: 140.0, wind direction: ES
2025-07-07 14:35:56 - ModbusReader - INFO - wind speed: 0.8 m/s, wind level: 1, wind direction angle: 140.0, wind direction: ES
2025-07-07 14:36:27 - ModbusReader - INFO - wind speed: 0.7 m/s, wind level: 1, wind direction angle: 78.4, wind direction: ENE
2025-07-07 14:36:27 - ModbusReader - INFO - wind speed: 0.7 m/s, wind level: 1, wind direction angle: 78.4, wind direction: ENE
2025-07-07 14:36:58 - ModbusReader - INFO - wind speed: 0.6 m/s, wind level: 1, wind direction angle: 344.3, wind direction: NNW
2025-07-07 14:36:58 - ModbusReader - INFO - wind speed: 0.6 m/s, wind level: 1, wind direction angle: 344.3, wind direction: NNW
2025-07-07 14:37:29 - ModbusReader - INFO - wind speed: 1.2 m/s, wind level: 1, wind direction angle: 246.0, wind direction: WSW
2025-07-07 14:37:30 - ModbusReader - INFO - wind speed: 1.2 m/s, wind level: 1, wind direction angle: 246.0, wind direction: WSW
2025-07-07 14:38:00 - ModbusReader - INFO - wind speed: 0.5 m/s, wind level: 1, wind direction angle: 32.2, wind direction: NNE
2025-07-07 14:38:01 - ModbusReader - INFO - wind speed: 0.5 m/s, wind level: 1, wind direction angle: 32.2, wind direction: NNE
2025-07-07 14:38:31 - ModbusReader - INFO - wind speed: 0.7 m/s, wind level: 1, wind direction angle: 66.6, wind direction: ENE
2025-07-07 14:38:32 - ModbusReader - INFO - wind speed: 0.9 m/s, wind level: 1, wind direction angle: 239.9, wind direction: WSW
2025-07-07 14:39:03 - ModbusReader - INFO - wind speed: 0.8 m/s, wind level: 1, wind direction angle: 294.1, wind direction: WNW
2025-07-07 14:39:03 - ModbusReader - INFO - wind speed: 0.8 m/s, wind level: 1, wind direction angle: 294.1, wind direction: WNW
2025-07-07 14:39:34 - ModbusReader - INFO - wind speed: 0.4 m/s, wind level: 1, wind direction angle: 319.2, wind direction: WN
2025-07-07 14:39:34 - ModbusReader - INFO - wind speed: 0.4 m/s, wind level: 1, wind direction angle: 319.2, wind direction: WN
2025-07-07 14:40:05 - ModbusReader - INFO - wind speed: 1.4 m/s, wind level: 1, wind direction angle: 220.1, wind direction: WS
2025-07-07 14:40:06 - ModbusReader - INFO - wind speed: 1.4 m/s, wind level: 1, wind direction angle: 220.1, wind direction: WS
2025-07-07 14:40:36 - ModbusReader - INFO - wind speed: 0.8 m/s, wind level: 1, wind direction angle: 34.1, wind direction: EN
2025-07-07 14:40:37 - ModbusReader - INFO - wind speed: 0.8 m/s, wind level: 1, wind direction angle: 34.1, wind direction: EN
2025-07-07 14:41:07 - ModbusReader - INFO - wind speed: 1.3 m/s, wind level: 1, wind direction angle: 216.9, wind direction: WS
2025-07-07 14:41:08 - ModbusReader - INFO - wind speed: 1.3 m/s, wind level: 1, wind direction angle: 216.9, wind direction: WS
2025-07-07 14:41:39 - ModbusReader - INFO - wind speed: 1.4 m/s, wind level: 1, wind direction angle: 232.1, wind direction: WS
2025-07-07 14:41:39 - ModbusReader - INFO - wind speed: 1.4 m/s, wind level: 1, wind direction angle: 232.1, wind direction: WS
2025-07-07 14:42:10 - ModbusReader - INFO - wind speed: 1.4 m/s, wind level: 1, wind direction angle: 68.7, wind direction: ENE
2025-07-07 14:42:10 - ModbusReader - INFO - wind speed: 1.4 m/s, wind level: 1, wind direction angle: 68.7, wind direction: ENE
2025-07-07 14:42:41 - ModbusReader - INFO - wind speed: 0.7 m/s, wind level: 1, wind direction angle: 213.4, wind direction: SSW
2025-07-07 14:42:41 - ModbusReader - INFO - wind speed: 0.7 m/s, wind level: 1, wind direction angle: 213.4, wind direction: SSW
2025-07-07 14:43:12 - ModbusReader - INFO - wind speed: 0.4 m/s, wind level: 1, wind direction angle: 191.5, wind direction: SSW
2025-07-07 14:43:13 - ModbusReader - INFO - wind speed: 0.4 m/s, wind level: 1, wind direction angle: 191.5, wind direction: SSW
2025-07-07 14:43:43 - ModbusReader - INFO - wind speed: 0.4 m/s, wind level: 1, wind direction angle: 191.2, wind direction: S
2025-07-07 14:43:44 - ModbusReader - INFO - wind speed: 0.4 m/s, wind level: 1, wind direction angle: 191.2, wind direction: S
2025-07-07 14:44:15 - ModbusReader - INFO - wind speed: 0.7 m/s, wind level: 1, wind direction angle: 164.2, wind direction: SSE
2025-07-07 14:44:15 - ModbusReader - INFO - wind speed: 0.7 m/s, wind level: 1, wind direction angle: 164.2, wind direction: SSE
2025-07-07 14:44:46 - ModbusReader - INFO - wind speed: 1.0 m/s, wind level: 1, wind direction angle: 186.0, wind direction: S
2025-07-07 14:44:46 - ModbusReader - INFO - wind speed: 1.0 m/s, wind level: 1, wind direction angle: 186.0, wind direction: S
2025-07-07 14:45:17 - ModbusReader - INFO - wind speed: 0.5 m/s, wind level: 1, wind direction angle: 165.8, wind direction: SSE
2025-07-07 14:45:17 - ModbusReader - INFO - wind speed: 0.5 m/s, wind level: 1, wind direction angle: 165.8, wind direction: SSE
2025-07-07 14:45:48 - ModbusReader - INFO - wind speed: 0.7 m/s, wind level: 1, wind direction angle: 205.9, wind direction: SSW
2025-07-07 14:45:49 - ModbusReader - INFO - wind speed: 0.8 m/s, wind level: 1, wind direction angle: 112.8, wind direction: ESE
2025-07-07 14:46:19 - ModbusReader - INFO - wind speed: 0.9 m/s, wind level: 1, wind direction angle: 210.8, wind direction: SSW
2025-07-07 14:46:20 - ModbusReader - INFO - wind speed: 0.9 m/s, wind level: 1, wind direction angle: 210.8, wind direction: SSW
2025-07-07 14:46:50 - ModbusReader - INFO - wind speed: 0.9 m/s, wind level: 1, wind direction angle: 225.7, wind direction: WS
2025-07-07 14:46:51 - ModbusReader - INFO - wind speed: 0.9 m/s, wind level: 1, wind direction angle: 225.7, wind direction: WS
2025-07-07 14:47:22 - ModbusReader - INFO - wind speed: 1.1 m/s, wind level: 1, wind direction angle: 223.4, wind direction: WS
2025-07-07 14:47:22 - ModbusReader - INFO - wind speed: 1.1 m/s, wind level: 1, wind direction angle: 223.4, wind direction: WS
2025-07-07 14:47:53 - ModbusReader - INFO - wind speed: 1.2 m/s, wind level: 1, wind direction angle: 145.5, wind direction: ES
2025-07-07 14:47:53 - ModbusReader - INFO - wind speed: 1.2 m/s, wind level: 1, wind direction angle: 145.5, wind direction: ES
2025-07-07 14:48:24 - ModbusReader - INFO - wind speed: 2.0 m/s, wind level: 2, wind direction angle: 182.9, wind direction: S
2025-07-07 14:48:25 - ModbusReader - INFO - wind speed: 2.0 m/s, wind level: 2, wind direction angle: 182.9, wind direction: S
2025-07-07 14:48:55 - ModbusReader - INFO - wind speed: 1.1 m/s, wind level: 1, wind direction angle: 215.0, wind direction: WS
2025-07-07 14:48:56 - ModbusReader - INFO - wind speed: 1.1 m/s, wind level: 1, wind direction angle: 215.0, wind direction: WS
2025-07-07 14:49:26 - ModbusReader - INFO - wind speed: 1.1 m/s, wind level: 1, wind direction angle: 225.8, wind direction: WS
2025-07-07 14:49:27 - ModbusReader - INFO - wind speed: 1.1 m/s, wind level: 1, wind direction angle: 225.8, wind direction: WS
2025-07-07 14:49:58 - ModbusReader - INFO - wind speed: 0.7 m/s, wind level: 1, wind direction angle: 139.7, wind direction: ES
2025-07-07 14:49:58 - ModbusReader - INFO - wind speed: 0.7 m/s, wind level: 1, wind direction angle: 139.7, wind direction: ES
2025-07-07 14:50:29 - ModbusReader - INFO - wind speed: 0.3 m/s, wind level: 1, wind direction angle: 311.4, wind direction: WN
2025-07-07 14:50:29 - ModbusReader - INFO - wind speed: 0.3 m/s, wind level: 1, wind direction angle: 311.4, wind direction: WN
2025-07-07 14:51:00 - ModbusReader - INFO - wind speed: 0.0 m/s, wind level: 0, wind direction angle: 291.9, wind direction: WNW
2025-07-07 14:51:01 - ModbusReader - INFO - wind speed: 0.0 m/s, wind level: 0, wind direction angle: 291.9, wind direction: WNW
2025-07-07 14:51:31 - ModbusReader - INFO - wind speed: 0.5 m/s, wind level: 1, wind direction angle: 37.8, wind direction: EN
2025-07-07 14:51:32 - ModbusReader - INFO - wind speed: 0.5 m/s, wind level: 1, wind direction angle: 37.8, wind direction: EN
2025-07-07 14:52:02 - ModbusReader - INFO - wind speed: 0.8 m/s, wind level: 1, wind direction angle: 143.4, wind direction: ES
2025-07-07 14:52:03 - ModbusReader - INFO - wind speed: 0.8 m/s, wind level: 1, wind direction angle: 143.4, wind direction: ES
2025-07-07 14:52:34 - ModbusReader - INFO - wind speed: 1.0 m/s, wind level: 1, wind direction angle: 201.7, wind direction: SSW
2025-07-07 14:52:34 - ModbusReader - INFO - wind speed: 1.0 m/s, wind level: 1, wind direction angle: 201.7, wind direction: SSW
2025-07-07 14:53:05 - ModbusReader - INFO - wind speed: 0.6 m/s, wind level: 1, wind direction angle: 219.2, wind direction: WS
2025-07-07 14:53:05 - ModbusReader - INFO - wind speed: 0.5 m/s, wind level: 1, wind direction angle: 175.1, wind direction: S
2025-07-07 14:53:36 - ModbusReader - INFO - wind speed: 0.6 m/s, wind level: 1, wind direction angle: 201.4, wind direction: SSW
2025-07-07 14:53:37 - ModbusReader - INFO - wind speed: 0.6 m/s, wind level: 1, wind direction angle: 201.4, wind direction: SSW
2025-07-07 14:54:07 - ModbusReader - INFO - wind speed: 0.3 m/s, wind level: 1, wind direction angle: 357.3, wind direction: N
2025-07-07 14:54:08 - ModbusReader - INFO - wind speed: 0.3 m/s, wind level: 1, wind direction angle: 357.3, wind direction: N
2025-07-07 14:54:38 - ModbusReader - INFO - wind speed: 2.0 m/s, wind level: 2, wind direction angle: 126.8, wind direction: ES
2025-07-07 14:54:39 - ModbusReader - INFO - wind speed: 2.0 m/s, wind level: 2, wind direction angle: 126.8, wind direction: ES
2025-07-07 14:55:10 - ModbusReader - INFO - wind speed: 1.2 m/s, wind level: 1, wind direction angle: 132.6, wind direction: ES
2025-07-07 14:55:10 - ModbusReader - INFO - wind speed: 1.2 m/s, wind level: 1, wind direction angle: 132.6, wind direction: ES
2025-07-07 14:55:41 - ModbusReader - INFO - wind speed: 1.4 m/s, wind level: 1, wind direction angle: 190.6, wind direction: S
2025-07-07 14:55:41 - ModbusReader - INFO - wind speed: 1.4 m/s, wind level: 1, wind direction angle: 190.6, wind direction: S
2025-07-07 14:56:12 - ModbusReader - INFO - wind speed: 0.6 m/s, wind level: 1, wind direction angle: 307.6, wind direction: WN
2025-07-07 14:56:13 - ModbusReader - INFO - wind speed: 0.6 m/s, wind level: 1, wind direction angle: 307.6, wind direction: WN
2025-07-07 14:56:43 - ModbusReader - INFO - wind speed: 0.9 m/s, wind level: 1, wind direction angle: 237.0, wind direction: WSW
2025-07-07 14:56:44 - ModbusReader - INFO - wind speed: 0.9 m/s, wind level: 1, wind direction angle: 237.0, wind direction: WSW
2025-07-07 14:57:14 - ModbusReader - INFO - wind speed: 1.1 m/s, wind level: 1, wind direction angle: 176.9, wind direction: S
2025-07-07 14:57:15 - ModbusReader - INFO - wind speed: 1.1 m/s, wind level: 1, wind direction angle: 176.9, wind direction: S
2025-07-07 14:57:46 - ModbusReader - INFO - wind speed: 0.7 m/s, wind level: 1, wind direction angle: 137.9, wind direction: ES
2025-07-07 14:57:46 - ModbusReader - INFO - wind speed: 0.7 m/s, wind level: 1, wind direction angle: 137.9, wind direction: ES
2025-07-07 14:58:17 - ModbusReader - INFO - wind speed: 0.1 m/s, wind level: 0, wind direction angle: 220.5, wind direction: WS
2025-07-07 14:58:17 - ModbusReader - INFO - wind speed: 0.1 m/s, wind level: 0, wind direction angle: 220.5, wind direction: WS
2025-07-07 14:58:48 - ModbusReader - INFO - wind speed: 0.0 m/s, wind level: 0, wind direction angle: 161.7, wind direction: SSE
2025-07-07 14:58:49 - ModbusReader - INFO - wind speed: 0.0 m/s, wind level: 0, wind direction angle: 161.7, wind direction: SSE
2025-07-07 14:59:19 - ModbusReader - INFO - wind speed: 0.5 m/s, wind level: 1, wind direction angle: 105.3, wind direction: ESE
2025-07-07 14:59:20 - ModbusReader - INFO - wind speed: 0.5 m/s, wind level: 1, wind direction angle: 105.3, wind direction: ESE
2025-07-07 14:59:50 - ModbusReader - INFO - wind speed: 0.7 m/s, wind level: 1, wind direction angle: 197.9, wind direction: SSW
2025-07-07 14:59:51 - ModbusReader - INFO - wind speed: 0.7 m/s, wind level: 1, wind direction angle: 197.9, wind direction: SSW
2025-07-07 15:00:22 - ModbusReader - INFO - wind speed: 0.8 m/s, wind level: 1, wind direction angle: 167.9, wind direction: SSE
2025-07-07 15:00:22 - ModbusReader - INFO - wind speed: 0.7 m/s, wind level: 1, wind direction angle: 89.6, wind direction: E
2025-07-07 15:00:53 - ModbusReader - INFO - wind speed: 0.0 m/s, wind level: 0, wind direction angle: 129.9, wind direction: ES
2025-07-07 15:00:53 - ModbusReader - INFO - wind speed: 0.0 m/s, wind level: 0, wind direction angle: 129.9, wind direction: ES
2025-07-07 15:01:24 - ModbusReader - INFO - wind speed: 0.7 m/s, wind level: 1, wind direction angle: 198.9, wind direction: SSW
2025-07-07 15:01:25 - ModbusReader - INFO - wind speed: 0.7 m/s, wind level: 1, wind direction angle: 198.9, wind direction: SSW
2025-07-07 15:01:55 - ModbusReader - INFO - wind speed: 0.0 m/s, wind level: 0, wind direction angle: 44.7, wind direction: EN
2025-07-07 15:01:56 - ModbusReader - INFO - wind speed: 0.0 m/s, wind level: 0, wind direction angle: 44.7, wind direction: EN
2025-07-07 15:02:26 - ModbusReader - INFO - wind speed: 0.2 m/s, wind level: 0, wind direction angle: 211.4, wind direction: SSW
2025-07-07 15:02:27 - ModbusReader - INFO - wind speed: 0.2 m/s, wind level: 0, wind direction angle: 211.4, wind direction: SSW
2025-07-07 15:02:58 - ModbusReader - INFO - wind speed: 1.2 m/s, wind level: 1, wind direction angle: 139.4, wind direction: ES
2025-07-07 15:02:58 - ModbusReader - INFO - wind speed: 1.2 m/s, wind level: 1, wind direction angle: 139.4, wind direction: ES
2025-07-07 15:03:29 - ModbusReader - INFO - wind speed: 0.8 m/s, wind level: 1, wind direction angle: 165.3, wind direction: SSE
2025-07-07 15:03:29 - ModbusReader - INFO - wind speed: 0.8 m/s, wind level: 1, wind direction angle: 165.3, wind direction: SSE
2025-07-07 15:04:00 - ModbusReader - INFO - wind speed: 0.7 m/s, wind level: 1, wind direction angle: 158.3, wind direction: SSE
2025-07-07 15:04:01 - ModbusReader - INFO - wind speed: 0.7 m/s, wind level: 1, wind direction angle: 158.3, wind direction: SSE
2025-07-07 15:04:31 - ModbusReader - INFO - wind speed: 0.9 m/s, wind level: 1, wind direction angle: 139.3, wind direction: ES
2025-07-07 15:04:32 - ModbusReader - INFO - wind speed: 0.9 m/s, wind level: 1, wind direction angle: 139.3, wind direction: ES
2025-07-07 15:05:02 - ModbusReader - INFO - wind speed: 0.7 m/s, wind level: 1, wind direction angle: 186.6, wind direction: S
2025-07-07 15:05:03 - ModbusReader - INFO - wind speed: 0.7 m/s, wind level: 1, wind direction angle: 186.6, wind direction: S
2025-07-07 15:05:34 - ModbusReader - INFO - wind speed: 0.8 m/s, wind level: 1, wind direction angle: 206.5, wind direction: SSW
2025-07-07 15:05:34 - ModbusReader - INFO - wind speed: 0.8 m/s, wind level: 1, wind direction angle: 206.5, wind direction: SSW
2025-07-07 15:06:05 - ModbusReader - INFO - wind speed: 0.7 m/s, wind level: 1, wind direction angle: 202.3, wind direction: SSW
2025-07-07 15:06:05 - ModbusReader - INFO - wind speed: 0.7 m/s, wind level: 1, wind direction angle: 202.3, wind direction: SSW
2025-07-07 15:06:36 - ModbusReader - INFO - wind speed: 1.1 m/s, wind level: 1, wind direction angle: 274.6, wind direction: W
2025-07-07 15:06:37 - ModbusReader - INFO - wind speed: 1.1 m/s, wind level: 1, wind direction angle: 274.6, wind direction: W
2025-07-07 15:07:07 - ModbusReader - INFO - wind speed: 0.5 m/s, wind level: 1, wind direction angle: 189.0, wind direction: S
2025-07-07 15:07:08 - ModbusReader - INFO - wind speed: 0.5 m/s, wind level: 1, wind direction angle: 189.0, wind direction: S
2025-07-07 15:07:38 - ModbusReader - INFO - wind speed: 0.9 m/s, wind level: 1, wind direction angle: 151.6, wind direction: SSE
2025-07-07 15:07:39 - ModbusReader - INFO - wind speed: 1.1 m/s, wind level: 1, wind direction angle: 147.0, wind direction: SSE
2025-07-07 15:08:10 - ModbusReader - INFO - wind speed: 0.9 m/s, wind level: 1, wind direction angle: 268.6, wind direction: W
2025-07-07 15:08:10 - ModbusReader - INFO - wind speed: 0.9 m/s, wind level: 1, wind direction angle: 268.6, wind direction: W
2025-07-07 15:08:41 - ModbusReader - INFO - wind speed: 1.0 m/s, wind level: 1, wind direction angle: 146.7, wind direction: SSE
2025-07-07 15:08:41 - ModbusReader - INFO - wind speed: 1.0 m/s, wind level: 1, wind direction angle: 146.7, wind direction: SSE
2025-07-07 15:09:12 - ModbusReader - INFO - wind speed: 1.4 m/s, wind level: 1, wind direction angle: 96.9, wind direction: E
2025-07-07 15:09:13 - ModbusReader - INFO - wind speed: 1.4 m/s, wind level: 1, wind direction angle: 96.9, wind direction: E
2025-07-07 15:09:43 - ModbusReader - INFO - wind speed: 1.0 m/s, wind level: 1, wind direction angle: 190.5, wind direction: S
2025-07-07 15:09:44 - ModbusReader - INFO - wind speed: 1.0 m/s, wind level: 1, wind direction angle: 190.5, wind direction: S
2025-07-07 15:10:14 - ModbusReader - INFO - wind speed: 1.0 m/s, wind level: 1, wind direction angle: 273.1, wind direction: W
2025-07-07 15:10:15 - ModbusReader - INFO - wind speed: 1.0 m/s, wind level: 1, wind direction angle: 273.1, wind direction: W
2025-07-07 15:10:46 - ModbusReader - INFO - wind speed: 0.7 m/s, wind level: 1, wind direction angle: 185.1, wind direction: S
2025-07-07 15:10:46 - ModbusReader - INFO - wind speed: 0.7 m/s, wind level: 1, wind direction angle: 185.1, wind direction: S
2025-07-07 15:11:17 - ModbusReader - INFO - wind speed: 0.0 m/s, wind level: 0, wind direction angle: 62.3, wind direction: ENE
2025-07-07 15:11:17 - ModbusReader - INFO - wind speed: 0.0 m/s, wind level: 0, wind direction angle: 62.3, wind direction: ENE
2025-07-07 15:11:48 - ModbusReader - INFO - wind speed: 0.0 m/s, wind level: 0, wind direction angle: 178.1, wind direction: S
2025-07-07 15:11:49 - ModbusReader - INFO - wind speed: 0.0 m/s, wind level: 0, wind direction angle: 178.1, wind direction: S
2025-07-07 15:12:19 - ModbusReader - INFO - wind speed: 0.6 m/s, wind level: 1, wind direction angle: 106.2, wind direction: ESE
2025-07-07 15:12:20 - ModbusReader - INFO - wind speed: 0.6 m/s, wind level: 1, wind direction angle: 106.2, wind direction: ESE
2025-07-07 15:12:50 - ModbusReader - INFO - wind speed: 1.0 m/s, wind level: 1, wind direction angle: 224.7, wind direction: WS
2025-07-07 15:12:51 - ModbusReader - INFO - wind speed: 1.0 m/s, wind level: 1, wind direction angle: 224.7, wind direction: WS
2025-07-07 15:13:22 - ModbusReader - INFO - wind speed: 1.1 m/s, wind level: 1, wind direction angle: 224.5, wind direction: WS
2025-07-07 15:13:22 - ModbusReader - INFO - wind speed: 1.1 m/s, wind level: 1, wind direction angle: 224.5, wind direction: WS
2025-07-07 15:13:53 - ModbusReader - INFO - wind speed: 0.6 m/s, wind level: 1, wind direction angle: 230.8, wind direction: WS
2025-07-07 15:13:53 - ModbusReader - INFO - wind speed: 0.6 m/s, wind level: 1, wind direction angle: 230.8, wind direction: WS
2025-07-07 15:14:24 - ModbusReader - INFO - wind speed: 0.8 m/s, wind level: 1, wind direction angle: 218.4, wind direction: WS
2025-07-07 15:14:25 - ModbusReader - INFO - wind speed: 0.8 m/s, wind level: 1, wind direction angle: 218.4, wind direction: WS
2025-07-07 15:14:55 - ModbusReader - INFO - wind speed: 0.8 m/s, wind level: 1, wind direction angle: 194.9, wind direction: SSW
2025-07-07 15:14:56 - ModbusReader - INFO - wind speed: 1.1 m/s, wind level: 1, wind direction angle: 114.0, wind direction: ESE
2025-07-07 15:15:26 - ModbusReader - INFO - wind speed: 0.8 m/s, wind level: 1, wind direction angle: 264.8, wind direction: W
2025-07-07 15:15:27 - ModbusReader - INFO - wind speed: 0.8 m/s, wind level: 1, wind direction angle: 264.8, wind direction: W
2025-07-07 15:15:58 - ModbusReader - INFO - wind speed: 0.8 m/s, wind level: 1, wind direction angle: 129.9, wind direction: ES
2025-07-07 15:15:58 - ModbusReader - INFO - wind speed: 0.8 m/s, wind level: 1, wind direction angle: 129.9, wind direction: ES
2025-07-07 15:16:29 - ModbusReader - INFO - wind speed: 1.2 m/s, wind level: 1, wind direction angle: 175.8, wind direction: S
2025-07-07 15:16:29 - ModbusReader - INFO - wind speed: 1.2 m/s, wind level: 1, wind direction angle: 175.8, wind direction: S
2025-07-07 15:17:00 - ModbusReader - INFO - wind speed: 0.6 m/s, wind level: 1, wind direction angle: 146.7, wind direction: SSE
2025-07-07 15:17:01 - ModbusReader - INFO - wind speed: 0.6 m/s, wind level: 1, wind direction angle: 146.7, wind direction: SSE
2025-07-07 15:17:31 - ModbusReader - INFO - wind speed: 0.9 m/s, wind level: 1, wind direction angle: 169.9, wind direction: S
2025-07-07 15:17:32 - ModbusReader - INFO - wind speed: 0.9 m/s, wind level: 1, wind direction angle: 169.9, wind direction: S
2025-07-07 15:18:02 - ModbusReader - INFO - wind speed: 0.4 m/s, wind level: 1, wind direction angle: 72.1, wind direction: ENE
2025-07-07 15:18:03 - ModbusReader - INFO - wind speed: 0.4 m/s, wind level: 1, wind direction angle: 72.1, wind direction: ENE
2025-07-07 15:18:34 - ModbusReader - INFO - wind speed: 0.6 m/s, wind level: 1, wind direction angle: 157.1, wind direction: SSE
2025-07-07 15:18:34 - ModbusReader - INFO - wind speed: 0.6 m/s, wind level: 1, wind direction angle: 157.1, wind direction: SSE
2025-07-07 15:19:05 - ModbusReader - INFO - wind speed: 0.0 m/s, wind level: 0, wind direction angle: 93.8, wind direction: E
2025-07-07 15:19:05 - ModbusReader - INFO - wind speed: 0.0 m/s, wind level: 0, wind direction angle: 93.8, wind direction: E
2025-07-07 15:19:36 - ModbusReader - INFO - wind speed: 0.0 m/s, wind level: 0, wind direction angle: 163.6, wind direction: SSE
2025-07-07 15:19:37 - ModbusReader - INFO - wind speed: 0.0 m/s, wind level: 0, wind direction angle: 163.6, wind direction: SSE
2025-07-07 15:20:07 - ModbusReader - INFO - wind speed: 0.0 m/s, wind level: 0, wind direction angle: 352.3, wind direction: N
2025-07-07 15:20:08 - ModbusReader - INFO - wind speed: 0.0 m/s, wind level: 0, wind direction angle: 352.3, wind direction: N
2025-07-07 15:20:38 - ModbusReader - INFO - wind speed: 0.0 m/s, wind level: 0, wind direction angle: 165.7, wind direction: SSE
2025-07-07 15:20:39 - ModbusReader - INFO - wind speed: 0.0 m/s, wind level: 0, wind direction angle: 165.7, wind direction: SSE
2025-07-07 15:21:10 - ModbusReader - INFO - wind speed: 0.0 m/s, wind level: 0, wind direction angle: 352.7, wind direction: N
2025-07-07 15:21:10 - ModbusReader - INFO - wind speed: 0.0 m/s, wind level: 0, wind direction angle: 352.7, wind direction: N
2025-07-07 15:21:41 - ModbusReader - INFO - wind speed: 0.0 m/s, wind level: 0, wind direction angle: 49.7, wind direction: EN
2025-07-07 15:21:41 - ModbusReader - INFO - wind speed: 0.0 m/s, wind level: 0, wind direction angle: 49.7, wind direction: EN
2025-07-07 15:22:12 - ModbusReader - INFO - wind speed: 0.0 m/s, wind level: 0, wind direction angle: 207.9, wind direction: SSW
2025-07-07 15:22:13 - ModbusReader - INFO - wind speed: 0.8 m/s, wind level: 1, wind direction angle: 198.2, wind direction: SSW
2025-07-07 15:22:43 - ModbusReader - INFO - wind speed: 1.4 m/s, wind level: 1, wind direction angle: 104.6, wind direction: ESE
2025-07-07 15:22:44 - ModbusReader - INFO - wind speed: 1.4 m/s, wind level: 1, wind direction angle: 104.6, wind direction: ESE
2025-07-07 15:23:14 - ModbusReader - INFO - wind speed: 0.9 m/s, wind level: 1, wind direction angle: 238.8, wind direction: WSW
2025-07-07 15:23:15 - ModbusReader - INFO - wind speed: 0.9 m/s, wind level: 1, wind direction angle: 238.8, wind direction: WSW
2025-07-07 15:23:46 - ModbusReader - INFO - wind speed: 1.5 m/s, wind level: 1, wind direction angle: 123.8, wind direction: ES
2025-07-07 15:23:46 - ModbusReader - INFO - wind speed: 1.5 m/s, wind level: 1, wind direction angle: 123.8, wind direction: ES
2025-07-07 15:24:17 - ModbusReader - INFO - wind speed: 0.9 m/s, wind level: 1, wind direction angle: 309.5, wind direction: WN
2025-07-07 15:24:17 - ModbusReader - INFO - wind speed: 0.9 m/s, wind level: 1, wind direction angle: 309.5, wind direction: WN
2025-07-07 15:24:48 - ModbusReader - INFO - wind speed: 1.3 m/s, wind level: 1, wind direction angle: 127.4, wind direction: ES
2025-07-07 15:24:49 - ModbusReader - INFO - wind speed: 1.3 m/s, wind level: 1, wind direction angle: 127.4, wind direction: ES
2025-07-07 15:25:19 - ModbusReader - INFO - wind speed: 1.4 m/s, wind level: 1, wind direction angle: 354.2, wind direction: N
2025-07-07 15:25:20 - ModbusReader - INFO - wind speed: 1.4 m/s, wind level: 1, wind direction angle: 354.2, wind direction: N
2025-07-07 15:25:50 - ModbusReader - INFO - wind speed: 1.0 m/s, wind level: 1, wind direction angle: 156.3, wind direction: SSE
2025-07-07 15:25:51 - ModbusReader - INFO - wind speed: 1.0 m/s, wind level: 1, wind direction angle: 156.3, wind direction: SSE
2025-07-07 15:26:22 - ModbusReader - INFO - wind speed: 1.2 m/s, wind level: 1, wind direction angle: 112.3, wind direction: ESE
2025-07-07 15:26:22 - ModbusReader - INFO - wind speed: 1.2 m/s, wind level: 1, wind direction angle: 112.3, wind direction: ESE
2025-07-07 15:26:53 - ModbusReader - INFO - wind speed: 1.5 m/s, wind level: 1, wind direction angle: 114.3, wind direction: ESE
2025-07-07 15:26:53 - ModbusReader - INFO - wind speed: 1.5 m/s, wind level: 1, wind direction angle: 114.3, wind direction: ESE
2025-07-07 15:27:24 - ModbusReader - INFO - wind speed: 0.7 m/s, wind level: 1, wind direction angle: 172.0, wind direction: S
2025-07-07 15:27:25 - ModbusReader - INFO - wind speed: 0.7 m/s, wind level: 1, wind direction angle: 172.0, wind direction: S
2025-07-07 15:27:55 - ModbusReader - INFO - wind speed: 0.7 m/s, wind level: 1, wind direction angle: 137.5, wind direction: ES
2025-07-07 15:27:56 - ModbusReader - INFO - wind speed: 0.7 m/s, wind level: 1, wind direction angle: 137.5, wind direction: ES
2025-07-07 15:28:26 - ModbusReader - INFO - wind speed: 2.1 m/s, wind level: 2, wind direction angle: 209.5, wind direction: SSW
2025-07-07 15:28:27 - ModbusReader - INFO - wind speed: 2.1 m/s, wind level: 2, wind direction angle: 209.5, wind direction: SSW
2025-07-07 15:28:58 - ModbusReader - INFO - wind speed: 1.1 m/s, wind level: 1, wind direction angle: 185.4, wind direction: S
2025-07-07 15:28:58 - ModbusReader - INFO - wind speed: 1.1 m/s, wind level: 1, wind direction angle: 185.4, wind direction: S
2025-07-07 15:29:29 - ModbusReader - INFO - wind speed: 0.8 m/s, wind level: 1, wind direction angle: 219.2, wind direction: WS
2025-07-07 15:29:29 - ModbusReader - INFO - wind speed: 0.9 m/s, wind level: 1, wind direction angle: 59.8, wind direction: ENE
2025-07-07 15:30:00 - ModbusReader - INFO - wind speed: 0.9 m/s, wind level: 1, wind direction angle: 151.5, wind direction: SSE
2025-07-07 15:30:01 - ModbusReader - INFO - wind speed: 0.9 m/s, wind level: 1, wind direction angle: 151.5, wind direction: SSE
2025-07-07 15:30:31 - ModbusReader - INFO - wind speed: 0.8 m/s, wind level: 1, wind direction angle: 345.1, wind direction: NNW
2025-07-07 15:30:32 - ModbusReader - INFO - wind speed: 0.8 m/s, wind level: 1, wind direction angle: 345.1, wind direction: NNW
2025-07-07 15:31:02 - ModbusReader - INFO - wind speed: 1.1 m/s, wind level: 1, wind direction angle: 334.6, wind direction: NNW
2025-07-07 15:31:03 - ModbusReader - INFO - wind speed: 1.1 m/s, wind level: 1, wind direction angle: 334.6, wind direction: NNW
2025-07-07 15:31:34 - ModbusReader - INFO - wind speed: 0.6 m/s, wind level: 1, wind direction angle: 162.6, wind direction: SSE
2025-07-07 15:31:34 - ModbusReader - INFO - wind speed: 0.6 m/s, wind level: 1, wind direction angle: 162.6, wind direction: SSE
2025-07-07 15:32:05 - ModbusReader - INFO - wind speed: 0.7 m/s, wind level: 1, wind direction angle: 147.4, wind direction: SSE
2025-07-07 15:32:05 - ModbusReader - INFO - wind speed: 0.7 m/s, wind level: 1, wind direction angle: 147.4, wind direction: SSE
2025-07-07 15:32:36 - ModbusReader - INFO - wind speed: 1.4 m/s, wind level: 1, wind direction angle: 183.0, wind direction: S
2025-07-07 15:32:37 - ModbusReader - INFO - wind speed: 1.4 m/s, wind level: 1, wind direction angle: 183.0, wind direction: S
2025-07-07 15:33:07 - ModbusReader - INFO - wind speed: 1.0 m/s, wind level: 1, wind direction angle: 160.5, wind direction: SSE
2025-07-07 15:33:08 - ModbusReader - INFO - wind speed: 1.0 m/s, wind level: 1, wind direction angle: 160.5, wind direction: SSE
2025-07-07 15:33:38 - ModbusReader - INFO - wind speed: 0.4 m/s, wind level: 1, wind direction angle: 256.4, wind direction: WSW
2025-07-07 15:33:39 - ModbusReader - INFO - wind speed: 0.4 m/s, wind level: 1, wind direction angle: 256.4, wind direction: WSW
2025-07-07 15:34:10 - ModbusReader - INFO - wind speed: 0.9 m/s, wind level: 1, wind direction angle: 88.6, wind direction: E
2025-07-07 15:34:10 - ModbusReader - INFO - wind speed: 0.9 m/s, wind level: 1, wind direction angle: 88.6, wind direction: E
2025-07-07 15:34:41 - ModbusReader - INFO - wind speed: 1.1 m/s, wind level: 1, wind direction angle: 150.1, wind direction: SSE
2025-07-07 15:34:41 - ModbusReader - INFO - wind speed: 1.1 m/s, wind level: 1, wind direction angle: 150.1, wind direction: SSE
2025-07-07 15:35:12 - ModbusReader - INFO - wind speed: 1.0 m/s, wind level: 1, wind direction angle: 231.5, wind direction: WS
2025-07-07 15:35:13 - ModbusReader - INFO - wind speed: 1.0 m/s, wind level: 1, wind direction angle: 231.5, wind direction: WS
2025-07-07 15:35:43 - ModbusReader - INFO - wind speed: 0.7 m/s, wind level: 1, wind direction angle: 169.7, wind direction: S
2025-07-07 15:35:44 - ModbusReader - INFO - wind speed: 0.7 m/s, wind level: 1, wind direction angle: 169.7, wind direction: S
2025-07-07 15:36:14 - ModbusReader - INFO - wind speed: 1.4 m/s, wind level: 1, wind direction angle: 201.8, wind direction: SSW
2025-07-07 15:36:15 - ModbusReader - INFO - wind speed: 1.4 m/s, wind level: 1, wind direction angle: 201.8, wind direction: SSW
2025-07-07 15:36:46 - ModbusReader - INFO - wind speed: 1.0 m/s, wind level: 1, wind direction angle: 110.6, wind direction: ESE
2025-07-07 15:36:46 - ModbusReader - INFO - wind speed: 0.8 m/s, wind level: 1, wind direction angle: 127.9, wind direction: ES
2025-07-07 15:37:17 - ModbusReader - INFO - wind speed: 0.6 m/s, wind level: 1, wind direction angle: 344.0, wind direction: NNW
2025-07-07 15:37:17 - ModbusReader - INFO - wind speed: 0.6 m/s, wind level: 1, wind direction angle: 344.0, wind direction: NNW
2025-07-07 15:37:48 - ModbusReader - INFO - wind speed: 0.8 m/s, wind level: 1, wind direction angle: 167.7, wind direction: SSE
2025-07-07 15:37:49 - ModbusReader - INFO - wind speed: 0.8 m/s, wind level: 1, wind direction angle: 167.7, wind direction: SSE
2025-07-07 15:38:19 - ModbusReader - INFO - wind speed: 1.0 m/s, wind level: 1, wind direction angle: 98.1, wind direction: E
2025-07-07 15:38:20 - ModbusReader - INFO - wind speed: 1.0 m/s, wind level: 1, wind direction angle: 98.1, wind direction: E
2025-07-07 15:38:50 - ModbusReader - INFO - wind speed: 1.0 m/s, wind level: 1, wind direction angle: 159.4, wind direction: SSE
2025-07-07 15:38:51 - ModbusReader - INFO - wind speed: 1.0 m/s, wind level: 1, wind direction angle: 159.4, wind direction: SSE
2025-07-07 15:39:22 - ModbusReader - INFO - wind speed: 1.3 m/s, wind level: 1, wind direction angle: 138.5, wind direction: ES
2025-07-07 15:39:22 - ModbusReader - INFO - wind speed: 1.3 m/s, wind level: 1, wind direction angle: 138.5, wind direction: ES
2025-07-07 15:39:53 - ModbusReader - INFO - wind speed: 1.1 m/s, wind level: 1, wind direction angle: 182.6, wind direction: S
2025-07-07 15:39:53 - ModbusReader - INFO - wind speed: 1.1 m/s, wind level: 1, wind direction angle: 182.6, wind direction: S
2025-07-07 15:40:24 - ModbusReader - INFO - wind speed: 0.5 m/s, wind level: 1, wind direction angle: 247.6, wind direction: WSW
2025-07-07 15:40:25 - ModbusReader - INFO - wind speed: 0.5 m/s, wind level: 1, wind direction angle: 247.6, wind direction: WSW
2025-07-07 15:40:55 - ModbusReader - INFO - wind speed: 1.0 m/s, wind level: 1, wind direction angle: 148.8, wind direction: SSE
2025-07-07 15:40:56 - ModbusReader - INFO - wind speed: 1.0 m/s, wind level: 1, wind direction angle: 148.8, wind direction: SSE
2025-07-07 15:41:26 - ModbusReader - INFO - wind speed: 0.6 m/s, wind level: 1, wind direction angle: 250.0, wind direction: WSW
2025-07-07 15:41:27 - ModbusReader - INFO - wind speed: 0.6 m/s, wind level: 1, wind direction angle: 250.0, wind direction: WSW
2025-07-07 15:41:58 - ModbusReader - INFO - wind speed: 1.5 m/s, wind level: 1, wind direction angle: 185.2, wind direction: S
2025-07-07 15:41:58 - ModbusReader - INFO - wind speed: 1.5 m/s, wind level: 1, wind direction angle: 185.2, wind direction: S
2025-07-07 15:42:29 - ModbusReader - INFO - wind speed: 1.4 m/s, wind level: 1, wind direction angle: 63.8, wind direction: ENE
2025-07-07 15:42:29 - ModbusReader - INFO - wind speed: 1.4 m/s, wind level: 1, wind direction angle: 63.8, wind direction: ENE
2025-07-07 15:43:00 - ModbusReader - INFO - wind speed: 1.4 m/s, wind level: 1, wind direction angle: 184.4, wind direction: S
2025-07-07 15:43:01 - ModbusReader - INFO - wind speed: 1.4 m/s, wind level: 1, wind direction angle: 184.4, wind direction: S
2025-07-07 15:43:31 - ModbusReader - INFO - wind speed: 1.2 m/s, wind level: 1, wind direction angle: 191.8, wind direction: SSW
2025-07-07 15:43:32 - ModbusReader - INFO - wind speed: 1.2 m/s, wind level: 1, wind direction angle: 191.8, wind direction: SSW
2025-07-07 15:44:02 - ModbusReader - INFO - wind speed: 1.4 m/s, wind level: 1, wind direction angle: 201.8, wind direction: SSW
2025-07-07 15:44:03 - ModbusReader - INFO - wind speed: 1.3 m/s, wind level: 1, wind direction angle: 159.5, wind direction: SSE
2025-07-07 15:44:34 - ModbusReader - INFO - wind speed: 0.8 m/s, wind level: 1, wind direction angle: 47.2, wind direction: EN
2025-07-07 15:44:34 - ModbusReader - INFO - wind speed: 0.8 m/s, wind level: 1, wind direction angle: 47.2, wind direction: EN
2025-07-07 15:45:05 - ModbusReader - INFO - wind speed: 0.0 m/s, wind level: 0, wind direction angle: 142.3, wind direction: ES
2025-07-07 15:45:05 - ModbusReader - INFO - wind speed: 0.0 m/s, wind level: 0, wind direction angle: 142.3, wind direction: ES
2025-07-07 15:45:36 - ModbusReader - INFO - wind speed: 1.3 m/s, wind level: 1, wind direction angle: 167.8, wind direction: SSE
2025-07-07 15:45:37 - ModbusReader - INFO - wind speed: 1.3 m/s, wind level: 1, wind direction angle: 167.8, wind direction: SSE
2025-07-07 15:46:07 - ModbusReader - INFO - wind speed: 1.6 m/s, wind level: 2, wind direction angle: 195.1, wind direction: SSW
2025-07-07 15:46:08 - ModbusReader - INFO - wind speed: 1.6 m/s, wind level: 2, wind direction angle: 195.1, wind direction: SSW
2025-07-07 15:46:38 - ModbusReader - INFO - wind speed: 0.7 m/s, wind level: 1, wind direction angle: 159.2, wind direction: SSE
2025-07-07 15:46:39 - ModbusReader - INFO - wind speed: 0.7 m/s, wind level: 1, wind direction angle: 159.2, wind direction: SSE
2025-07-07 15:47:10 - ModbusReader - INFO - wind speed: 0.6 m/s, wind level: 1, wind direction angle: 61.6, wind direction: ENE
2025-07-07 15:47:10 - ModbusReader - INFO - wind speed: 0.6 m/s, wind level: 1, wind direction angle: 61.6, wind direction: ENE
2025-07-07 15:47:41 - ModbusReader - INFO - wind speed: 0.0 m/s, wind level: 0, wind direction angle: 223.3, wind direction: WS
2025-07-07 15:47:41 - ModbusReader - INFO - wind speed: 0.0 m/s, wind level: 0, wind direction angle: 223.3, wind direction: WS
2025-07-07 15:48:12 - ModbusReader - INFO - wind speed: 1.2 m/s, wind level: 1, wind direction angle: 165.3, wind direction: SSE
2025-07-07 15:48:13 - ModbusReader - INFO - wind speed: 1.2 m/s, wind level: 1, wind direction angle: 165.3, wind direction: SSE
2025-07-07 15:48:43 - ModbusReader - INFO - wind speed: 1.8 m/s, wind level: 2, wind direction angle: 101.6, wind direction: ESE
2025-07-07 15:48:44 - ModbusReader - INFO - wind speed: 1.8 m/s, wind level: 2, wind direction angle: 101.6, wind direction: ESE
2025-07-07 15:49:14 - ModbusReader - INFO - wind speed: 1.1 m/s, wind level: 1, wind direction angle: 59.4, wind direction: ENE
2025-07-07 15:49:15 - ModbusReader - INFO - wind speed: 1.1 m/s, wind level: 1, wind direction angle: 59.4, wind direction: ENE
2025-07-07 15:49:46 - ModbusReader - INFO - wind speed: 0.5 m/s, wind level: 1, wind direction angle: 78.8, wind direction: E
2025-07-07 15:49:46 - ModbusReader - INFO - wind speed: 0.5 m/s, wind level: 1, wind direction angle: 78.8, wind direction: E
2025-07-07 15:50:17 - ModbusReader - INFO - wind speed: 0.7 m/s, wind level: 1, wind direction angle: 212.7, wind direction: SSW
2025-07-07 15:50:17 - ModbusReader - INFO - wind speed: 0.7 m/s, wind level: 1, wind direction angle: 212.7, wind direction: SSW
2025-07-07 15:50:48 - ModbusReader - INFO - wind speed: 0.0 m/s, wind level: 0, wind direction angle: 103.4, wind direction: ESE
2025-07-07 15:50:49 - ModbusReader - INFO - wind speed: 0.0 m/s, wind level: 0, wind direction angle: 103.4, wind direction: ESE
2025-07-07 15:51:19 - ModbusReader - INFO - wind speed: 0.0 m/s, wind level: 0, wind direction angle: 301.4, wind direction: WNW
2025-07-07 15:51:20 - ModbusReader - INFO - wind speed: 0.0 m/s, wind level: 0, wind direction angle: 158.3, wind direction: SSE
2025-07-07 15:51:50 - ModbusReader - INFO - wind speed: 1.3 m/s, wind level: 1, wind direction angle: 118.7, wind direction: ESE
2025-07-07 15:51:51 - ModbusReader - INFO - wind speed: 1.3 m/s, wind level: 1, wind direction angle: 118.7, wind direction: ESE
2025-07-07 15:52:22 - ModbusReader - INFO - wind speed: 0.7 m/s, wind level: 1, wind direction angle: 168.1, wind direction: SSE
2025-07-07 15:52:22 - ModbusReader - INFO - wind speed: 0.7 m/s, wind level: 1, wind direction angle: 168.1, wind direction: SSE
2025-07-07 15:52:53 - ModbusReader - INFO - wind speed: 0.9 m/s, wind level: 1, wind direction angle: 181.5, wind direction: S
2025-07-07 15:52:53 - ModbusReader - INFO - wind speed: 0.9 m/s, wind level: 1, wind direction angle: 181.5, wind direction: S
2025-07-07 15:53:24 - ModbusReader - INFO - wind speed: 0.8 m/s, wind level: 1, wind direction angle: 140.5, wind direction: ES
2025-07-07 15:53:25 - ModbusReader - INFO - wind speed: 0.8 m/s, wind level: 1, wind direction angle: 140.5, wind direction: ES
2025-07-07 15:53:55 - ModbusReader - INFO - wind speed: 0.8 m/s, wind level: 1, wind direction angle: 194.8, wind direction: SSW
2025-07-07 15:53:56 - ModbusReader - INFO - wind speed: 0.8 m/s, wind level: 1, wind direction angle: 194.8, wind direction: SSW
2025-07-07 15:54:26 - ModbusReader - INFO - wind speed: 0.4 m/s, wind level: 1, wind direction angle: 338.0, wind direction: NNW
2025-07-07 15:54:27 - ModbusReader - INFO - wind speed: 0.4 m/s, wind level: 1, wind direction angle: 338.0, wind direction: NNW
2025-07-07 15:54:58 - ModbusReader - INFO - wind speed: 0.8 m/s, wind level: 1, wind direction angle: 173.2, wind direction: S
2025-07-07 15:54:58 - ModbusReader - INFO - wind speed: 0.8 m/s, wind level: 1, wind direction angle: 173.2, wind direction: S
2025-07-07 15:55:29 - ModbusReader - INFO - wind speed: 0.6 m/s, wind level: 1, wind direction angle: 286.5, wind direction: WNW
2025-07-07 15:55:29 - ModbusReader - INFO - wind speed: 0.6 m/s, wind level: 1, wind direction angle: 286.5, wind direction: WNW
2025-07-07 15:56:00 - ModbusReader - INFO - wind speed: 0.7 m/s, wind level: 1, wind direction angle: 290.4, wind direction: WNW
2025-07-07 15:56:01 - ModbusReader - INFO - wind speed: 0.7 m/s, wind level: 1, wind direction angle: 290.4, wind direction: WNW
2025-07-07 15:56:31 - ModbusReader - INFO - wind speed: 0.5 m/s, wind level: 1, wind direction angle: 181.3, wind direction: S
2025-07-07 15:56:32 - ModbusReader - INFO - wind speed: 0.5 m/s, wind level: 1, wind direction angle: 181.3, wind direction: S
2025-07-07 15:57:02 - ModbusReader - INFO - wind speed: 0.7 m/s, wind level: 1, wind direction angle: 48.8, wind direction: EN
2025-07-07 15:57:03 - ModbusReader - INFO - wind speed: 0.7 m/s, wind level: 1, wind direction angle: 48.8, wind direction: EN
2025-07-07 15:57:34 - ModbusReader - INFO - wind speed: 1.0 m/s, wind level: 1, wind direction angle: 184.8, wind direction: S
2025-07-07 15:57:34 - ModbusReader - INFO - wind speed: 1.0 m/s, wind level: 1, wind direction angle: 184.8, wind direction: S
2025-07-07 15:58:05 - ModbusReader - INFO - wind speed: 1.6 m/s, wind level: 2, wind direction angle: 152.2, wind direction: SSE
2025-07-07 15:58:05 - ModbusReader - INFO - wind speed: 1.6 m/s, wind level: 2, wind direction angle: 152.2, wind direction: SSE
2025-07-07 15:58:36 - ModbusReader - INFO - wind speed: 1.3 m/s, wind level: 1, wind direction angle: 162.2, wind direction: SSE
2025-07-07 15:58:37 - ModbusReader - INFO - wind speed: 1.1 m/s, wind level: 1, wind direction angle: 180.6, wind direction: S
2025-07-07 15:59:07 - ModbusReader - INFO - wind speed: 0.8 m/s, wind level: 1, wind direction angle: 25.4, wind direction: NNE
2025-07-07 15:59:08 - ModbusReader - INFO - wind speed: 0.8 m/s, wind level: 1, wind direction angle: 25.4, wind direction: NNE
2025-07-07 15:59:38 - ModbusReader - INFO - wind speed: 0.5 m/s, wind level: 1, wind direction angle: 48.9, wind direction: EN
2025-07-07 15:59:39 - ModbusReader - INFO - wind speed: 0.5 m/s, wind level: 1, wind direction angle: 48.9, wind direction: EN
2025-07-07 16:00:10 - ModbusReader - INFO - wind speed: 0.0 m/s, wind level: 0, wind direction angle: 216.4, wind direction: WS
2025-07-07 16:00:10 - ModbusReader - INFO - wind speed: 0.0 m/s, wind level: 0, wind direction angle: 216.4, wind direction: WS
2025-07-07 16:00:41 - ModbusReader - INFO - wind speed: 1.2 m/s, wind level: 1, wind direction angle: 188.8, wind direction: S
2025-07-07 16:00:41 - ModbusReader - INFO - wind speed: 1.2 m/s, wind level: 1, wind direction angle: 188.8, wind direction: S
2025-07-07 16:01:12 - ModbusReader - INFO - wind speed: 0.9 m/s, wind level: 1, wind direction angle: 229.7, wind direction: WS
2025-07-07 16:01:13 - ModbusReader - INFO - wind speed: 0.9 m/s, wind level: 1, wind direction angle: 229.7, wind direction: WS
2025-07-07 16:01:43 - ModbusReader - INFO - wind speed: 1.2 m/s, wind level: 1, wind direction angle: 148.7, wind direction: SSE
2025-07-07 16:01:44 - ModbusReader - INFO - wind speed: 1.2 m/s, wind level: 1, wind direction angle: 148.7, wind direction: SSE
2025-07-07 16:02:14 - ModbusReader - INFO - wind speed: 1.2 m/s, wind level: 1, wind direction angle: 153.4, wind direction: SSE
2025-07-07 16:02:15 - ModbusReader - INFO - wind speed: 1.2 m/s, wind level: 1, wind direction angle: 153.4, wind direction: SSE
2025-07-07 16:02:46 - ModbusReader - INFO - wind speed: 0.5 m/s, wind level: 1, wind direction angle: 192.0, wind direction: SSW
2025-07-07 16:02:46 - ModbusReader - INFO - wind speed: 0.5 m/s, wind level: 1, wind direction angle: 192.0, wind direction: SSW
2025-07-07 16:03:17 - ModbusReader - INFO - wind speed: 1.1 m/s, wind level: 1, wind direction angle: 186.3, wind direction: S
2025-07-07 16:03:17 - ModbusReader - INFO - wind speed: 1.1 m/s, wind level: 1, wind direction angle: 186.3, wind direction: S
2025-07-07 16:03:48 - ModbusReader - INFO - wind speed: 1.4 m/s, wind level: 1, wind direction angle: 167.2, wind direction: SSE
2025-07-07 16:03:49 - ModbusReader - INFO - wind speed: 1.4 m/s, wind level: 1, wind direction angle: 167.2, wind direction: SSE
2025-07-07 16:04:19 - ModbusReader - INFO - wind speed: 1.1 m/s, wind level: 1, wind direction angle: 158.9, wind direction: SSE
2025-07-07 16:04:20 - ModbusReader - INFO - wind speed: 1.1 m/s, wind level: 1, wind direction angle: 158.9, wind direction: SSE
2025-07-07 16:04:50 - ModbusReader - INFO - wind speed: 1.3 m/s, wind level: 1, wind direction angle: 172.8, wind direction: S
2025-07-07 16:04:51 - ModbusReader - INFO - wind speed: 1.3 m/s, wind level: 1, wind direction angle: 172.8, wind direction: S
2025-07-07 16:05:22 - ModbusReader - INFO - wind speed: 1.1 m/s, wind level: 1, wind direction angle: 163.7, wind direction: SSE
2025-07-07 16:05:22 - ModbusReader - INFO - wind speed: 1.1 m/s, wind level: 1, wind direction angle: 163.7, wind direction: SSE
2025-07-07 16:05:53 - ModbusReader - INFO - wind speed: 0.7 m/s, wind level: 1, wind direction angle: 142.7, wind direction: ES
2025-07-07 16:05:53 - ModbusReader - INFO - wind speed: 0.7 m/s, wind level: 1, wind direction angle: 67.1, wind direction: ENE
2025-07-07 16:06:24 - ModbusReader - INFO - wind speed: 1.1 m/s, wind level: 1, wind direction angle: 171.6, wind direction: S
2025-07-07 16:06:25 - ModbusReader - INFO - wind speed: 1.1 m/s, wind level: 1, wind direction angle: 171.6, wind direction: S
2025-07-07 16:06:55 - ModbusReader - INFO - wind speed: 0.9 m/s, wind level: 1, wind direction angle: 159.8, wind direction: SSE
2025-07-07 16:06:56 - ModbusReader - INFO - wind speed: 0.9 m/s, wind level: 1, wind direction angle: 159.8, wind direction: SSE
2025-07-07 16:07:26 - ModbusReader - INFO - wind speed: 0.7 m/s, wind level: 1, wind direction angle: 102.4, wind direction: ESE
2025-07-07 16:07:27 - ModbusReader - INFO - wind speed: 0.7 m/s, wind level: 1, wind direction angle: 102.4, wind direction: ESE
2025-07-07 16:07:58 - ModbusReader - INFO - wind speed: 1.4 m/s, wind level: 1, wind direction angle: 72.9, wind direction: ENE
2025-07-07 16:07:58 - ModbusReader - INFO - wind speed: 1.4 m/s, wind level: 1, wind direction angle: 72.9, wind direction: ENE
2025-07-07 16:08:29 - ModbusReader - INFO - wind speed: 1.0 m/s, wind level: 1, wind direction angle: 77.5, wind direction: ENE
2025-07-07 16:08:29 - ModbusReader - INFO - wind speed: 1.0 m/s, wind level: 1, wind direction angle: 77.5, wind direction: ENE
2025-07-07 16:09:00 - ModbusReader - INFO - wind speed: 0.7 m/s, wind level: 1, wind direction angle: 212.9, wind direction: SSW
2025-07-07 16:09:01 - ModbusReader - INFO - wind speed: 0.7 m/s, wind level: 1, wind direction angle: 212.9, wind direction: SSW
2025-07-07 16:09:31 - ModbusReader - INFO - wind speed: 1.3 m/s, wind level: 1, wind direction angle: 175.1, wind direction: S
2025-07-07 16:09:32 - ModbusReader - INFO - wind speed: 1.3 m/s, wind level: 1, wind direction angle: 175.1, wind direction: S
2025-07-07 16:10:02 - ModbusReader - INFO - wind speed: 1.1 m/s, wind level: 1, wind direction angle: 104.1, wind direction: ESE
2025-07-07 16:10:03 - ModbusReader - INFO - wind speed: 1.1 m/s, wind level: 1, wind direction angle: 104.1, wind direction: ESE
2025-07-07 16:10:34 - ModbusReader - INFO - wind speed: 1.0 m/s, wind level: 1, wind direction angle: 189.5, wind direction: S
2025-07-07 16:10:34 - ModbusReader - INFO - wind speed: 1.0 m/s, wind level: 1, wind direction angle: 189.5, wind direction: S
2025-07-07 16:11:05 - ModbusReader - INFO - wind speed: 0.5 m/s, wind level: 1, wind direction angle: 154.3, wind direction: SSE
2025-07-07 16:11:05 - ModbusReader - INFO - wind speed: 0.5 m/s, wind level: 1, wind direction angle: 154.3, wind direction: SSE
2025-07-07 16:11:36 - ModbusReader - INFO - wind speed: 0.7 m/s, wind level: 1, wind direction angle: 242.0, wind direction: WSW
2025-07-07 16:11:37 - ModbusReader - INFO - wind speed: 0.7 m/s, wind level: 1, wind direction angle: 242.0, wind direction: WSW
2025-07-07 16:12:07 - ModbusReader - INFO - wind speed: 1.4 m/s, wind level: 1, wind direction angle: 155.3, wind direction: SSE
2025-07-07 16:12:08 - ModbusReader - INFO - wind speed: 1.4 m/s, wind level: 1, wind direction angle: 155.3, wind direction: SSE
2025-07-07 16:12:38 - ModbusReader - INFO - wind speed: 1.4 m/s, wind level: 1, wind direction angle: 137.1, wind direction: ES
2025-07-07 16:12:39 - ModbusReader - INFO - wind speed: 1.4 m/s, wind level: 1, wind direction angle: 137.1, wind direction: ES
2025-07-07 16:13:10 - ModbusReader - INFO - wind speed: 1.0 m/s, wind level: 1, wind direction angle: 203.5, wind direction: SSW
2025-07-07 16:13:10 - ModbusReader - INFO - wind speed: 1.0 m/s, wind level: 1, wind direction angle: 203.5, wind direction: SSW
2025-07-07 16:13:41 - ModbusReader - INFO - wind speed: 1.5 m/s, wind level: 1, wind direction angle: 147.2, wind direction: SSE
2025-07-07 16:13:41 - ModbusReader - INFO - wind speed: 1.5 m/s, wind level: 1, wind direction angle: 147.2, wind direction: SSE
2025-07-07 16:14:12 - ModbusReader - INFO - wind speed: 1.1 m/s, wind level: 1, wind direction angle: 84.6, wind direction: E
2025-07-07 16:14:13 - ModbusReader - INFO - wind speed: 1.1 m/s, wind level: 1, wind direction angle: 84.6, wind direction: E
2025-07-07 16:14:43 - ModbusReader - INFO - wind speed: 1.0 m/s, wind level: 1, wind direction angle: 210.1, wind direction: SSW
2025-07-07 16:14:44 - ModbusReader - INFO - wind speed: 1.0 m/s, wind level: 1, wind direction angle: 210.1, wind direction: SSW
2025-07-07 16:15:14 - ModbusReader - INFO - wind speed: 0.8 m/s, wind level: 1, wind direction angle: 186.8, wind direction: S
2025-07-07 16:15:15 - ModbusReader - INFO - wind speed: 0.8 m/s, wind level: 1, wind direction angle: 186.8, wind direction: S
2025-07-07 16:15:46 - ModbusReader - INFO - wind speed: 0.7 m/s, wind level: 1, wind direction angle: 81.1, wind direction: E
2025-07-07 16:15:46 - ModbusReader - INFO - wind speed: 0.7 m/s, wind level: 1, wind direction angle: 81.1, wind direction: E
2025-07-07 16:16:17 - ModbusReader - INFO - wind speed: 0.4 m/s, wind level: 1, wind direction angle: 196.2, wind direction: SSW
2025-07-07 16:16:17 - ModbusReader - INFO - wind speed: 0.4 m/s, wind level: 1, wind direction angle: 196.2, wind direction: SSW
2025-07-07 16:16:48 - ModbusReader - INFO - wind speed: 0.9 m/s, wind level: 1, wind direction angle: 175.1, wind direction: S
2025-07-07 16:16:49 - ModbusReader - INFO - wind speed: 0.9 m/s, wind level: 1, wind direction angle: 175.1, wind direction: S
2025-07-07 16:17:19 - ModbusReader - INFO - wind speed: 2.0 m/s, wind level: 2, wind direction angle: 39.3, wind direction: EN
2025-07-07 16:17:20 - ModbusReader - INFO - wind speed: 2.0 m/s, wind level: 2, wind direction angle: 39.3, wind direction: EN
2025-07-07 16:17:50 - ModbusReader - INFO - wind speed: 1.9 m/s, wind level: 2, wind direction angle: 169.3, wind direction: S
2025-07-07 16:17:51 - ModbusReader - INFO - wind speed: 1.9 m/s, wind level: 2, wind direction angle: 169.3, wind direction: S
2025-07-07 16:18:22 - ModbusReader - INFO - wind speed: 1.0 m/s, wind level: 1, wind direction angle: 149.9, wind direction: SSE
2025-07-07 16:18:22 - ModbusReader - INFO - wind speed: 1.0 m/s, wind level: 1, wind direction angle: 149.9, wind direction: SSE
2025-07-07 16:18:53 - ModbusReader - INFO - wind speed: 1.2 m/s, wind level: 1, wind direction angle: 167.7, wind direction: SSE
2025-07-07 16:18:53 - ModbusReader - INFO - wind speed: 1.2 m/s, wind level: 1, wind direction angle: 167.7, wind direction: SSE
2025-07-07 16:19:24 - ModbusReader - INFO - wind speed: 0.4 m/s, wind level: 1, wind direction angle: 248.3, wind direction: WSW
2025-07-07 16:19:25 - ModbusReader - INFO - wind speed: 0.4 m/s, wind level: 1, wind direction angle: 248.3, wind direction: WSW
2025-07-07 16:19:55 - ModbusReader - INFO - wind speed: 0.6 m/s, wind level: 1, wind direction angle: 108.9, wind direction: ESE
2025-07-07 16:19:56 - ModbusReader - INFO - wind speed: 0.6 m/s, wind level: 1, wind direction angle: 108.9, wind direction: ESE
2025-07-07 16:20:26 - ModbusReader - INFO - wind speed: 0.0 m/s, wind level: 0, wind direction angle: 86.6, wind direction: E
2025-07-07 16:20:27 - ModbusReader - INFO - wind speed: 0.0 m/s, wind level: 0, wind direction angle: 86.6, wind direction: E
2025-07-07 16:20:58 - ModbusReader - INFO - wind speed: 0.0 m/s, wind level: 0, wind direction angle: 97.2, wind direction: E
2025-07-07 16:20:58 - ModbusReader - INFO - wind speed: 0.0 m/s, wind level: 0, wind direction angle: 97.2, wind direction: E
2025-07-07 16:21:29 - ModbusReader - INFO - wind speed: 0.0 m/s, wind level: 0, wind direction angle: 127.4, wind direction: ES
2025-07-07 16:21:29 - ModbusReader - INFO - wind speed: 0.0 m/s, wind level: 0, wind direction angle: 127.4, wind direction: ES
2025-07-07 16:22:00 - ModbusReader - INFO - wind speed: 0.0 m/s, wind level: 0, wind direction angle: 200.9, wind direction: SSW
2025-07-07 16:22:01 - ModbusReader - INFO - wind speed: 0.0 m/s, wind level: 0, wind direction angle: 200.9, wind direction: SSW
2025-07-07 16:22:31 - ModbusReader - INFO - wind speed: 1.2 m/s, wind level: 1, wind direction angle: 108.9, wind direction: ESE
2025-07-07 16:22:32 - ModbusReader - INFO - wind speed: 1.2 m/s, wind level: 1, wind direction angle: 108.9, wind direction: ESE
2025-07-07 16:23:02 - ModbusReader - INFO - wind speed: 0.9 m/s, wind level: 1, wind direction angle: 113.6, wind direction: ESE
2025-07-07 16:23:03 - ModbusReader - INFO - wind speed: 0.9 m/s, wind level: 1, wind direction angle: 113.6, wind direction: ESE
2025-07-07 16:23:34 - ModbusReader - INFO - wind speed: 1.2 m/s, wind level: 1, wind direction angle: 230.2, wind direction: WS
2025-07-07 16:23:34 - ModbusReader - INFO - wind speed: 1.2 m/s, wind level: 1, wind direction angle: 230.2, wind direction: WS
2025-07-07 16:24:05 - ModbusReader - INFO - wind speed: 1.9 m/s, wind level: 2, wind direction angle: 160.7, wind direction: SSE
2025-07-07 16:24:05 - ModbusReader - INFO - wind speed: 1.9 m/s, wind level: 2, wind direction angle: 160.7, wind direction: SSE
2025-07-07 16:24:36 - ModbusReader - INFO - wind speed: 0.8 m/s, wind level: 1, wind direction angle: 297.9, wind direction: WNW
2025-07-07 16:24:37 - ModbusReader - INFO - wind speed: 0.8 m/s, wind level: 1, wind direction angle: 297.9, wind direction: WNW
2025-07-07 16:25:07 - ModbusReader - INFO - wind speed: 0.7 m/s, wind level: 1, wind direction angle: 164.7, wind direction: SSE
2025-07-07 16:25:08 - ModbusReader - INFO - wind speed: 0.7 m/s, wind level: 1, wind direction angle: 164.7, wind direction: SSE
2025-07-07 16:25:38 - ModbusReader - INFO - wind speed: 0.9 m/s, wind level: 1, wind direction angle: 178.6, wind direction: S
2025-07-07 16:25:39 - ModbusReader - INFO - wind speed: 0.9 m/s, wind level: 1, wind direction angle: 178.6, wind direction: S
2025-07-07 16:26:10 - ModbusReader - INFO - wind speed: 1.1 m/s, wind level: 1, wind direction angle: 163.9, wind direction: SSE
2025-07-07 16:26:10 - ModbusReader - INFO - wind speed: 1.1 m/s, wind level: 1, wind direction angle: 163.9, wind direction: SSE
2025-07-07 16:26:41 - ModbusReader - INFO - wind speed: 0.9 m/s, wind level: 1, wind direction angle: 216.2, wind direction: WS
2025-07-07 16:26:41 - ModbusReader - INFO - wind speed: 0.9 m/s, wind level: 1, wind direction angle: 216.2, wind direction: WS
2025-07-07 16:27:12 - ModbusReader - INFO - wind speed: 0.6 m/s, wind level: 1, wind direction angle: 343.4, wind direction: NNW
2025-07-07 16:27:13 - ModbusReader - INFO - wind speed: 0.6 m/s, wind level: 1, wind direction angle: 343.4, wind direction: NNW
2025-07-07 16:27:43 - ModbusReader - INFO - wind speed: 0.8 m/s, wind level: 1, wind direction angle: 146.1, wind direction: ES
2025-07-07 16:27:44 - ModbusReader - INFO - wind speed: 0.8 m/s, wind level: 1, wind direction angle: 146.1, wind direction: ES
2025-07-07 16:28:14 - ModbusReader - INFO - wind speed: 0.9 m/s, wind level: 1, wind direction angle: 145.2, wind direction: ES
2025-07-07 16:28:15 - ModbusReader - INFO - wind speed: 0.9 m/s, wind level: 1, wind direction angle: 145.2, wind direction: ES
2025-07-07 16:28:46 - ModbusReader - INFO - wind speed: 0.8 m/s, wind level: 1, wind direction angle: 112.7, wind direction: ESE
2025-07-07 16:28:46 - ModbusReader - INFO - wind speed: 0.8 m/s, wind level: 1, wind direction angle: 112.7, wind direction: ESE
2025-07-07 16:29:17 - ModbusReader - INFO - wind speed: 1.7 m/s, wind level: 2, wind direction angle: 204.0, wind direction: SSW
2025-07-07 16:29:17 - ModbusReader - INFO - wind speed: 1.7 m/s, wind level: 2, wind direction angle: 204.0, wind direction: SSW
2025-07-07 16:29:48 - ModbusReader - INFO - wind speed: 1.1 m/s, wind level: 1, wind direction angle: 213.6, wind direction: SSW
2025-07-07 16:29:49 - ModbusReader - INFO - wind speed: 1.1 m/s, wind level: 1, wind direction angle: 213.6, wind direction: SSW
2025-07-07 16:30:19 - ModbusReader - INFO - wind speed: 1.3 m/s, wind level: 1, wind direction angle: 134.7, wind direction: ES
2025-07-07 16:30:20 - ModbusReader - INFO - wind speed: 1.3 m/s, wind level: 1, wind direction angle: 134.7, wind direction: ES
2025-07-07 16:30:50 - ModbusReader - INFO - wind speed: 0.7 m/s, wind level: 1, wind direction angle: 281.2, wind direction: W
2025-07-07 16:30:51 - ModbusReader - INFO - wind speed: 0.7 m/s, wind level: 1, wind direction angle: 281.2, wind direction: W
2025-07-07 16:31:22 - ModbusReader - INFO - wind speed: 1.1 m/s, wind level: 1, wind direction angle: 184.7, wind direction: S
2025-07-07 16:31:22 - ModbusReader - INFO - wind speed: 1.1 m/s, wind level: 1, wind direction angle: 184.7, wind direction: S
2025-07-07 16:31:53 - ModbusReader - INFO - wind speed: 0.7 m/s, wind level: 1, wind direction angle: 88.2, wind direction: E
2025-07-07 16:31:53 - ModbusReader - INFO - wind speed: 0.7 m/s, wind level: 1, wind direction angle: 88.2, wind direction: E
2025-07-07 16:32:24 - ModbusReader - INFO - wind speed: 1.3 m/s, wind level: 1, wind direction angle: 210.5, wind direction: SSW
2025-07-07 16:32:25 - ModbusReader - INFO - wind speed: 1.3 m/s, wind level: 1, wind direction angle: 210.5, wind direction: SSW
2025-07-07 16:32:55 - ModbusReader - INFO - wind speed: 0.7 m/s, wind level: 1, wind direction angle: 314.5, wind direction: WN
2025-07-07 16:32:56 - ModbusReader - INFO - wind speed: 0.7 m/s, wind level: 1, wind direction angle: 314.5, wind direction: WN
2025-07-07 16:33:26 - ModbusReader - INFO - wind speed: 0.0 m/s, wind level: 0, wind direction angle: 339.8, wind direction: NNW
2025-07-07 16:33:27 - ModbusReader - INFO - wind speed: 0.0 m/s, wind level: 0, wind direction angle: 339.8, wind direction: NNW
2025-07-07 16:33:58 - ModbusReader - INFO - wind speed: 0.0 m/s, wind level: 0, wind direction angle: 221.1, wind direction: WS
2025-07-07 16:33:58 - ModbusReader - INFO - wind speed: 0.0 m/s, wind level: 0, wind direction angle: 221.1, wind direction: WS
2025-07-07 16:34:29 - ModbusReader - INFO - wind speed: 0.7 m/s, wind level: 1, wind direction angle: 179.9, wind direction: S
2025-07-07 16:34:29 - ModbusReader - INFO - wind speed: 0.7 m/s, wind level: 1, wind direction angle: 179.9, wind direction: S
2025-07-07 16:35:00 - ModbusReader - INFO - wind speed: 0.1 m/s, wind level: 0, wind direction angle: 208.2, wind direction: SSW
2025-07-07 16:35:01 - ModbusReader - INFO - wind speed: 0.1 m/s, wind level: 0, wind direction angle: 208.2, wind direction: SSW
2025-07-07 16:35:31 - ModbusReader - INFO - wind speed: 0.0 m/s, wind level: 0, wind direction angle: 157.5, wind direction: SSE
2025-07-07 16:35:32 - ModbusReader - INFO - wind speed: 0.0 m/s, wind level: 0, wind direction angle: 157.5, wind direction: SSE
2025-07-07 16:36:02 - ModbusReader - INFO - wind speed: 0.0 m/s, wind level: 0, wind direction angle: 135.3, wind direction: ES
2025-07-07 16:36:03 - ModbusReader - INFO - wind speed: 0.0 m/s, wind level: 0, wind direction angle: 135.3, wind direction: ES
2025-07-07 16:36:34 - ModbusReader - INFO - wind speed: 1.4 m/s, wind level: 1, wind direction angle: 139.4, wind direction: ES
2025-07-07 16:36:34 - ModbusReader - INFO - wind speed: 1.4 m/s, wind level: 1, wind direction angle: 139.4, wind direction: ES
2025-07-07 16:37:05 - ModbusReader - INFO - wind speed: 1.4 m/s, wind level: 1, wind direction angle: 136.4, wind direction: ES
2025-07-07 16:37:05 - ModbusReader - INFO - wind speed: 1.4 m/s, wind level: 1, wind direction angle: 136.4, wind direction: ES
2025-07-07 16:37:36 - ModbusReader - INFO - wind speed: 0.6 m/s, wind level: 1, wind direction angle: 224.2, wind direction: WS
2025-07-07 16:37:37 - ModbusReader - INFO - wind speed: 0.6 m/s, wind level: 1, wind direction angle: 224.2, wind direction: WS
2025-07-07 16:38:07 - ModbusReader - INFO - wind speed: 1.1 m/s, wind level: 1, wind direction angle: 199.2, wind direction: SSW
2025-07-07 16:38:08 - ModbusReader - INFO - wind speed: 1.1 m/s, wind level: 1, wind direction angle: 199.2, wind direction: SSW
2025-07-07 16:38:38 - ModbusReader - INFO - wind speed: 1.0 m/s, wind level: 1, wind direction angle: 220.0, wind direction: WS
2025-07-07 16:38:39 - ModbusReader - INFO - wind speed: 1.0 m/s, wind level: 1, wind direction angle: 220.0, wind direction: WS
2025-07-07 16:39:09 - ModbusReader - INFO - wind speed: 0.6 m/s, wind level: 1, wind direction angle: 67.3, wind direction: ENE
2025-07-07 16:39:10 - ModbusReader - INFO - wind speed: 0.6 m/s, wind level: 1, wind direction angle: 67.3, wind direction: ENE
2025-07-07 16:39:41 - ModbusReader - INFO - wind speed: 0.5 m/s, wind level: 1, wind direction angle: 127.3, wind direction: ES
2025-07-07 16:39:41 - ModbusReader - INFO - wind speed: 0.5 m/s, wind level: 1, wind direction angle: 127.3, wind direction: ES
2025-07-07 16:40:12 - ModbusReader - INFO - wind speed: 0.5 m/s, wind level: 1, wind direction angle: 112.4, wind direction: ESE
2025-07-07 16:40:12 - ModbusReader - INFO - wind speed: 0.5 m/s, wind level: 1, wind direction angle: 112.4, wind direction: ESE
2025-07-07 16:40:43 - ModbusReader - INFO - wind speed: 0.8 m/s, wind level: 1, wind direction angle: 129.1, wind direction: ES
2025-07-07 16:40:44 - ModbusReader - INFO - wind speed: 0.8 m/s, wind level: 1, wind direction angle: 129.1, wind direction: ES
2025-07-07 16:41:14 - ModbusReader - INFO - wind speed: 0.5 m/s, wind level: 1, wind direction angle: 47.5, wind direction: EN
2025-07-07 16:41:15 - ModbusReader - INFO - wind speed: 0.5 m/s, wind level: 1, wind direction angle: 47.5, wind direction: EN
2025-07-07 16:41:46 - ModbusReader - INFO - wind speed: 1.3 m/s, wind level: 1, wind direction angle: 185.6, wind direction: S
2025-07-07 16:41:46 - ModbusReader - INFO - wind speed: 1.3 m/s, wind level: 1, wind direction angle: 185.6, wind direction: S
2025-07-07 16:42:17 - ModbusReader - INFO - wind speed: 1.3 m/s, wind level: 1, wind direction angle: 174.3, wind direction: S
2025-07-07 16:42:17 - ModbusReader - INFO - wind speed: 1.3 m/s, wind level: 1, wind direction angle: 174.3, wind direction: S
2025-07-07 16:42:48 - ModbusReader - INFO - wind speed: 1.5 m/s, wind level: 1, wind direction angle: 199.2, wind direction: SSW
2025-07-07 16:42:49 - ModbusReader - INFO - wind speed: 1.5 m/s, wind level: 1, wind direction angle: 199.2, wind direction: SSW
2025-07-07 16:43:19 - ModbusReader - INFO - wind speed: 0.9 m/s, wind level: 1, wind direction angle: 115.4, wind direction: ESE
2025-07-07 16:43:20 - ModbusReader - INFO - wind speed: 0.9 m/s, wind level: 1, wind direction angle: 115.4, wind direction: ESE
2025-07-07 16:43:50 - ModbusReader - INFO - wind speed: 0.0 m/s, wind level: 0, wind direction angle: 146.2, wind direction: ES
2025-07-07 16:43:51 - ModbusReader - INFO - wind speed: 0.0 m/s, wind level: 0, wind direction angle: 146.2, wind direction: ES
2025-07-07 16:44:21 - ModbusReader - INFO - wind speed: 0.0 m/s, wind level: 0, wind direction angle: 172.3, wind direction: S
2025-07-07 16:44:22 - ModbusReader - INFO - wind speed: 0.0 m/s, wind level: 0, wind direction angle: 172.3, wind direction: S
2025-07-07 16:44:53 - ModbusReader - INFO - wind speed: 0.0 m/s, wind level: 0, wind direction angle: 210.6, wind direction: SSW
2025-07-07 16:44:53 - ModbusReader - INFO - wind speed: 0.0 m/s, wind level: 0, wind direction angle: 210.6, wind direction: SSW
2025-07-07 16:45:24 - ModbusReader - INFO - wind speed: 0.0 m/s, wind level: 0, wind direction angle: 189.3, wind direction: S
2025-07-07 16:45:24 - ModbusReader - INFO - wind speed: 0.0 m/s, wind level: 0, wind direction angle: 189.3, wind direction: S
2025-07-07 16:45:55 - ModbusReader - INFO - wind speed: 0.0 m/s, wind level: 0, wind direction angle: 168.3, wind direction: SSE
2025-07-07 16:45:56 - ModbusReader - INFO - wind speed: 0.0 m/s, wind level: 0, wind direction angle: 168.3, wind direction: SSE
2025-07-07 16:46:26 - ModbusReader - INFO - wind speed: 0.5 m/s, wind level: 1, wind direction angle: 44.6, wind direction: EN
2025-07-07 16:46:27 - ModbusReader - INFO - wind speed: 0.5 m/s, wind level: 1, wind direction angle: 44.6, wind direction: EN
2025-07-07 16:46:57 - ModbusReader - INFO - wind speed: 0.5 m/s, wind level: 1, wind direction angle: 74.0, wind direction: ENE
2025-07-07 16:46:58 - ModbusReader - INFO - wind speed: 0.5 m/s, wind level: 1, wind direction angle: 74.0, wind direction: ENE
2025-07-07 16:47:29 - ModbusReader - INFO - wind speed: 1.0 m/s, wind level: 1, wind direction angle: 229.2, wind direction: WS
2025-07-07 16:47:29 - ModbusReader - INFO - wind speed: 1.0 m/s, wind level: 1, wind direction angle: 229.2, wind direction: WS
2025-07-07 16:48:00 - ModbusReader - INFO - wind speed: 1.1 m/s, wind level: 1, wind direction angle: 180.9, wind direction: S
2025-07-07 16:48:00 - ModbusReader - INFO - wind speed: 1.1 m/s, wind level: 1, wind direction angle: 180.9, wind direction: S
2025-07-07 16:48:31 - ModbusReader - INFO - wind speed: 0.9 m/s, wind level: 1, wind direction angle: 181.6, wind direction: S
2025-07-07 16:48:32 - ModbusReader - INFO - wind speed: 0.9 m/s, wind level: 1, wind direction angle: 181.6, wind direction: S
2025-07-07 16:49:02 - ModbusReader - INFO - wind speed: 1.4 m/s, wind level: 1, wind direction angle: 110.2, wind direction: ESE
2025-07-07 16:49:03 - ModbusReader - INFO - wind speed: 1.4 m/s, wind level: 1, wind direction angle: 110.2, wind direction: ESE
2025-07-07 16:49:33 - ModbusReader - INFO - wind speed: 1.4 m/s, wind level: 1, wind direction angle: 115.4, wind direction: ESE
2025-07-07 16:49:34 - ModbusReader - INFO - wind speed: 1.4 m/s, wind level: 1, wind direction angle: 115.4, wind direction: ESE
2025-07-07 16:50:05 - ModbusReader - INFO - wind speed: 0.9 m/s, wind level: 1, wind direction angle: 52.6, wind direction: EN
2025-07-07 16:50:05 - ModbusReader - INFO - wind speed: 0.9 m/s, wind level: 1, wind direction angle: 52.6, wind direction: EN
2025-07-07 16:50:36 - ModbusReader - INFO - wind speed: 0.3 m/s, wind level: 1, wind direction angle: 119.1, wind direction: ESE
2025-07-07 16:50:36 - ModbusReader - INFO - wind speed: 0.3 m/s, wind level: 1, wind direction angle: 119.1, wind direction: ESE
2025-07-07 16:51:07 - ModbusReader - INFO - wind speed: 0.6 m/s, wind level: 1, wind direction angle: 1.0, wind direction: N
2025-07-07 16:51:08 - ModbusReader - INFO - wind speed: 0.6 m/s, wind level: 1, wind direction angle: 1.0, wind direction: N
2025-07-07 16:51:38 - ModbusReader - INFO - wind speed: 1.4 m/s, wind level: 1, wind direction angle: 160.7, wind direction: SSE
2025-07-07 16:51:39 - ModbusReader - INFO - wind speed: 1.4 m/s, wind level: 1, wind direction angle: 160.7, wind direction: SSE
2025-07-07 16:52:09 - ModbusReader - INFO - wind speed: 1.4 m/s, wind level: 1, wind direction angle: 179.8, wind direction: S
2025-07-07 16:52:10 - ModbusReader - INFO - wind speed: 1.4 m/s, wind level: 1, wind direction angle: 179.8, wind direction: S
2025-07-07 16:52:41 - ModbusReader - INFO - wind speed: 1.1 m/s, wind level: 1, wind direction angle: 217.3, wind direction: WS
2025-07-07 16:52:41 - ModbusReader - INFO - wind speed: 1.1 m/s, wind level: 1, wind direction angle: 217.3, wind direction: WS
2025-07-07 16:53:12 - ModbusReader - INFO - wind speed: 0.7 m/s, wind level: 1, wind direction angle: 161.0, wind direction: SSE
2025-07-07 16:53:12 - ModbusReader - INFO - wind speed: 0.7 m/s, wind level: 1, wind direction angle: 161.0, wind direction: SSE
2025-07-07 16:53:43 - ModbusReader - INFO - wind speed: 1.1 m/s, wind level: 1, wind direction angle: 166.7, wind direction: SSE
2025-07-07 16:53:44 - ModbusReader - INFO - wind speed: 1.1 m/s, wind level: 1, wind direction angle: 166.7, wind direction: SSE
2025-07-07 16:54:14 - ModbusReader - INFO - wind speed: 1.1 m/s, wind level: 1, wind direction angle: 157.1, wind direction: SSE
2025-07-07 16:54:15 - ModbusReader - INFO - wind speed: 1.1 m/s, wind level: 1, wind direction angle: 157.1, wind direction: SSE
2025-07-07 16:54:45 - ModbusReader - INFO - wind speed: 1.1 m/s, wind level: 1, wind direction angle: 195.6, wind direction: SSW
2025-07-07 16:54:46 - ModbusReader - INFO - wind speed: 1.1 m/s, wind level: 1, wind direction angle: 195.6, wind direction: SSW
2025-07-07 16:55:17 - ModbusReader - INFO - wind speed: 1.6 m/s, wind level: 2, wind direction angle: 253.5, wind direction: WSW
2025-07-07 16:55:17 - ModbusReader - INFO - wind speed: 1.6 m/s, wind level: 2, wind direction angle: 253.5, wind direction: WSW
2025-07-07 16:55:48 - ModbusReader - INFO - wind speed: 1.1 m/s, wind level: 1, wind direction angle: 200.8, wind direction: SSW
2025-07-07 16:55:48 - ModbusReader - INFO - wind speed: 1.1 m/s, wind level: 1, wind direction angle: 200.8, wind direction: SSW
2025-07-07 16:56:19 - ModbusReader - INFO - wind speed: 1.0 m/s, wind level: 1, wind direction angle: 131.4, wind direction: ES
2025-07-07 16:56:20 - ModbusReader - INFO - wind speed: 1.0 m/s, wind level: 1, wind direction angle: 174.1, wind direction: S
2025-07-07 16:56:50 - ModbusReader - INFO - wind speed: 0.7 m/s, wind level: 1, wind direction angle: 134.3, wind direction: ES
2025-07-07 16:56:51 - ModbusReader - INFO - wind speed: 0.7 m/s, wind level: 1, wind direction angle: 134.3, wind direction: ES
2025-07-07 16:57:21 - ModbusReader - INFO - wind speed: 0.8 m/s, wind level: 1, wind direction angle: 71.9, wind direction: ENE
2025-07-07 16:57:22 - ModbusReader - INFO - wind speed: 0.8 m/s, wind level: 1, wind direction angle: 71.9, wind direction: ENE
2025-07-07 16:57:53 - ModbusReader - INFO - wind speed: 0.9 m/s, wind level: 1, wind direction angle: 105.5, wind direction: ESE
2025-07-07 16:57:53 - ModbusReader - INFO - wind speed: 0.9 m/s, wind level: 1, wind direction angle: 105.5, wind direction: ESE
2025-07-07 16:58:24 - ModbusReader - INFO - wind speed: 1.2 m/s, wind level: 1, wind direction angle: 138.0, wind direction: ES
2025-07-07 16:58:24 - ModbusReader - INFO - wind speed: 1.2 m/s, wind level: 1, wind direction angle: 138.0, wind direction: ES
2025-07-07 16:58:55 - ModbusReader - INFO - wind speed: 1.4 m/s, wind level: 1, wind direction angle: 195.1, wind direction: SSW
2025-07-07 16:58:56 - ModbusReader - INFO - wind speed: 1.4 m/s, wind level: 1, wind direction angle: 195.1, wind direction: SSW
2025-07-07 16:59:26 - ModbusReader - INFO - wind speed: 0.8 m/s, wind level: 1, wind direction angle: 175.7, wind direction: S
2025-07-07 16:59:27 - ModbusReader - INFO - wind speed: 0.8 m/s, wind level: 1, wind direction angle: 175.7, wind direction: S
2025-07-07 16:59:57 - ModbusReader - INFO - wind speed: 1.3 m/s, wind level: 1, wind direction angle: 174.9, wind direction: S
2025-07-07 16:59:58 - ModbusReader - INFO - wind speed: 1.3 m/s, wind level: 1, wind direction angle: 174.9, wind direction: S
2025-07-07 17:00:29 - ModbusReader - INFO - wind speed: 3.8 m/s, wind level: 3, wind direction angle: 176.1, wind direction: S
2025-07-07 17:00:29 - ModbusReader - INFO - wind speed: 3.8 m/s, wind level: 3, wind direction angle: 176.1, wind direction: S
2025-07-07 17:01:00 - ModbusReader - INFO - wind speed: 2.0 m/s, wind level: 2, wind direction angle: 191.1, wind direction: S
2025-07-07 17:01:00 - ModbusReader - INFO - wind speed: 2.0 m/s, wind level: 2, wind direction angle: 191.1, wind direction: S
2025-07-07 17:01:31 - ModbusReader - INFO - wind speed: 1.1 m/s, wind level: 1, wind direction angle: 128.3, wind direction: ES
2025-07-07 17:01:32 - ModbusReader - INFO - wind speed: 1.1 m/s, wind level: 1, wind direction angle: 128.3, wind direction: ES
2025-07-07 17:02:02 - ModbusReader - INFO - wind speed: 1.0 m/s, wind level: 1, wind direction angle: 351.1, wind direction: N
2025-07-07 17:02:03 - ModbusReader - INFO - wind speed: 1.0 m/s, wind level: 1, wind direction angle: 351.1, wind direction: N
2025-07-07 17:02:33 - ModbusReader - INFO - wind speed: 1.5 m/s, wind level: 1, wind direction angle: 195.1, wind direction: SSW
2025-07-07 17:02:34 - ModbusReader - INFO - wind speed: 1.5 m/s, wind level: 1, wind direction angle: 195.1, wind direction: SSW
2025-07-07 17:03:05 - ModbusReader - INFO - wind speed: 1.3 m/s, wind level: 1, wind direction angle: 217.4, wind direction: WS
2025-07-07 17:03:05 - ModbusReader - INFO - wind speed: 1.3 m/s, wind level: 1, wind direction angle: 217.4, wind direction: WS
2025-07-07 17:03:36 - ModbusReader - INFO - wind speed: 1.6 m/s, wind level: 2, wind direction angle: 319.4, wind direction: WN
2025-07-07 17:03:36 - ModbusReader - INFO - wind speed: 1.2 m/s, wind level: 1, wind direction angle: 194.2, wind direction: SSW
2025-07-07 17:04:07 - ModbusReader - INFO - wind speed: 1.2 m/s, wind level: 1, wind direction angle: 182.9, wind direction: S
2025-07-07 17:04:08 - ModbusReader - INFO - wind speed: 1.2 m/s, wind level: 1, wind direction angle: 182.9, wind direction: S
2025-07-07 17:04:38 - ModbusReader - INFO - wind speed: 0.8 m/s, wind level: 1, wind direction angle: 71.2, wind direction: ENE
2025-07-07 17:04:39 - ModbusReader - INFO - wind speed: 0.8 m/s, wind level: 1, wind direction angle: 71.2, wind direction: ENE
2025-07-07 17:05:09 - ModbusReader - INFO - wind speed: 0.7 m/s, wind level: 1, wind direction angle: 267.4, wind direction: W
2025-07-07 17:05:10 - ModbusReader - INFO - wind speed: 0.7 m/s, wind level: 1, wind direction angle: 267.4, wind direction: W
2025-07-07 17:05:41 - ModbusReader - INFO - wind speed: 1.2 m/s, wind level: 1, wind direction angle: 175.7, wind direction: S
2025-07-07 17:05:41 - ModbusReader - INFO - wind speed: 1.2 m/s, wind level: 1, wind direction angle: 175.7, wind direction: S
2025-07-07 17:06:12 - ModbusReader - INFO - wind speed: 1.6 m/s, wind level: 2, wind direction angle: 219.2, wind direction: WS
2025-07-07 17:06:12 - ModbusReader - INFO - wind speed: 1.6 m/s, wind level: 2, wind direction angle: 219.2, wind direction: WS
2025-07-07 17:06:43 - ModbusReader - INFO - wind speed: 1.0 m/s, wind level: 1, wind direction angle: 207.8, wind direction: SSW
2025-07-07 17:06:44 - ModbusReader - INFO - wind speed: 1.0 m/s, wind level: 1, wind direction angle: 207.8, wind direction: SSW
2025-07-07 17:07:14 - ModbusReader - INFO - wind speed: 1.0 m/s, wind level: 1, wind direction angle: 179.6, wind direction: S
2025-07-07 17:07:15 - ModbusReader - INFO - wind speed: 1.0 m/s, wind level: 1, wind direction angle: 179.6, wind direction: S
2025-07-07 17:07:45 - ModbusReader - INFO - wind speed: 0.6 m/s, wind level: 1, wind direction angle: 123.4, wind direction: ESE
2025-07-07 17:07:46 - ModbusReader - INFO - wind speed: 0.6 m/s, wind level: 1, wind direction angle: 123.4, wind direction: ESE
2025-07-07 17:08:17 - ModbusReader - INFO - wind speed: 0.0 m/s, wind level: 0, wind direction angle: 107.0, wind direction: ESE
2025-07-07 17:08:17 - ModbusReader - INFO - wind speed: 0.0 m/s, wind level: 0, wind direction angle: 107.0, wind direction: ESE
2025-07-07 17:08:48 - ModbusReader - INFO - wind speed: 0.8 m/s, wind level: 1, wind direction angle: 147.7, wind direction: SSE
2025-07-07 17:08:48 - ModbusReader - INFO - wind speed: 0.8 m/s, wind level: 1, wind direction angle: 147.7, wind direction: SSE
2025-07-07 17:09:19 - ModbusReader - INFO - wind speed: 0.7 m/s, wind level: 1, wind direction angle: 1.3, wind direction: N
2025-07-07 17:09:20 - ModbusReader - INFO - wind speed: 0.7 m/s, wind level: 1, wind direction angle: 1.3, wind direction: N
2025-07-07 17:09:50 - ModbusReader - INFO - wind speed: 0.5 m/s, wind level: 1, wind direction angle: 157.5, wind direction: SSE
2025-07-07 17:09:51 - ModbusReader - INFO - wind speed: 0.5 m/s, wind level: 1, wind direction angle: 157.5, wind direction: SSE
2025-07-07 17:10:21 - ModbusReader - INFO - wind speed: 0.1 m/s, wind level: 0, wind direction angle: 71.8, wind direction: ENE
2025-07-07 17:10:22 - ModbusReader - INFO - wind speed: 0.1 m/s, wind level: 0, wind direction angle: 71.8, wind direction: ENE
2025-07-07 17:10:53 - ModbusReader - INFO - wind speed: 0.7 m/s, wind level: 1, wind direction angle: 78.0, wind direction: ENE
2025-07-07 17:10:53 - ModbusReader - INFO - wind speed: 0.7 m/s, wind level: 1, wind direction angle: 41.6, wind direction: EN
2025-07-07 17:11:24 - ModbusReader - INFO - wind speed: 1.1 m/s, wind level: 1, wind direction angle: 182.1, wind direction: S
2025-07-07 17:11:24 - ModbusReader - INFO - wind speed: 1.1 m/s, wind level: 1, wind direction angle: 182.1, wind direction: S
2025-07-07 17:11:55 - ModbusReader - INFO - wind speed: 0.6 m/s, wind level: 1, wind direction angle: 168.2, wind direction: SSE
2025-07-07 17:11:56 - ModbusReader - INFO - wind speed: 0.6 m/s, wind level: 1, wind direction angle: 168.2, wind direction: SSE
2025-07-07 17:12:26 - ModbusReader - INFO - wind speed: 0.0 m/s, wind level: 0, wind direction angle: 181.1, wind direction: S
2025-07-07 17:12:27 - ModbusReader - INFO - wind speed: 0.0 m/s, wind level: 0, wind direction angle: 181.1, wind direction: S
2025-07-07 17:12:57 - ModbusReader - INFO - wind speed: 0.0 m/s, wind level: 0, wind direction angle: 19.9, wind direction: NNE
2025-07-07 17:12:58 - ModbusReader - INFO - wind speed: 0.0 m/s, wind level: 0, wind direction angle: 19.9, wind direction: NNE
2025-07-07 17:13:29 - ModbusReader - INFO - wind speed: 0.0 m/s, wind level: 0, wind direction angle: 194.8, wind direction: SSW
2025-07-07 17:13:29 - ModbusReader - INFO - wind speed: 0.0 m/s, wind level: 0, wind direction angle: 194.8, wind direction: SSW
2025-07-07 17:14:00 - ModbusReader - INFO - wind speed: 0.4 m/s, wind level: 1, wind direction angle: 98.3, wind direction: E
2025-07-07 17:14:00 - ModbusReader - INFO - wind speed: 0.4 m/s, wind level: 1, wind direction angle: 98.3, wind direction: E
2025-07-07 17:14:31 - ModbusReader - INFO - wind speed: 1.2 m/s, wind level: 1, wind direction angle: 167.3, wind direction: SSE
2025-07-07 17:14:32 - ModbusReader - INFO - wind speed: 1.2 m/s, wind level: 1, wind direction angle: 167.3, wind direction: SSE
2025-07-07 17:15:02 - ModbusReader - INFO - wind speed: 0.7 m/s, wind level: 1, wind direction angle: 330.5, wind direction: NNW
2025-07-07 17:15:03 - ModbusReader - INFO - wind speed: 0.7 m/s, wind level: 1, wind direction angle: 330.5, wind direction: NNW
2025-07-07 17:15:33 - ModbusReader - INFO - wind speed: 0.6 m/s, wind level: 1, wind direction angle: 134.4, wind direction: ES
2025-07-07 17:15:34 - ModbusReader - INFO - wind speed: 0.6 m/s, wind level: 1, wind direction angle: 134.4, wind direction: ES
2025-07-07 17:16:05 - ModbusReader - INFO - wind speed: 1.8 m/s, wind level: 2, wind direction angle: 98.2, wind direction: E
2025-07-07 17:16:05 - ModbusReader - INFO - wind speed: 1.8 m/s, wind level: 2, wind direction angle: 98.2, wind direction: E
2025-07-07 17:16:36 - ModbusReader - INFO - wind speed: 0.9 m/s, wind level: 1, wind direction angle: 353.0, wind direction: N
2025-07-07 17:16:36 - ModbusReader - INFO - wind speed: 0.9 m/s, wind level: 1, wind direction angle: 353.0, wind direction: N
2025-07-07 17:17:07 - ModbusReader - INFO - wind speed: 1.0 m/s, wind level: 1, wind direction angle: 131.7, wind direction: ES
2025-07-07 17:17:08 - ModbusReader - INFO - wind speed: 1.0 m/s, wind level: 1, wind direction angle: 131.7, wind direction: ES
2025-07-07 17:17:38 - ModbusReader - INFO - wind speed: 1.1 m/s, wind level: 1, wind direction angle: 174.0, wind direction: S
2025-07-07 17:17:39 - ModbusReader - INFO - wind speed: 1.1 m/s, wind level: 1, wind direction angle: 174.0, wind direction: S
2025-07-07 17:18:09 - ModbusReader - INFO - wind speed: 0.8 m/s, wind level: 1, wind direction angle: 280.5, wind direction: W
2025-07-07 17:18:10 - ModbusReader - INFO - wind speed: 0.6 m/s, wind level: 1, wind direction angle: 210.5, wind direction: SSW
2025-07-07 17:18:41 - ModbusReader - INFO - wind speed: 0.6 m/s, wind level: 1, wind direction angle: 181.9, wind direction: S
2025-07-07 17:18:41 - ModbusReader - INFO - wind speed: 0.6 m/s, wind level: 1, wind direction angle: 181.9, wind direction: S
2025-07-07 17:19:12 - ModbusReader - INFO - wind speed: 1.2 m/s, wind level: 1, wind direction angle: 282.0, wind direction: WNW
2025-07-07 17:19:12 - ModbusReader - INFO - wind speed: 1.2 m/s, wind level: 1, wind direction angle: 282.0, wind direction: WNW
2025-07-07 17:19:43 - ModbusReader - INFO - wind speed: 0.9 m/s, wind level: 1, wind direction angle: 220.5, wind direction: WS
2025-07-07 17:19:44 - ModbusReader - INFO - wind speed: 0.9 m/s, wind level: 1, wind direction angle: 220.5, wind direction: WS
2025-07-07 17:20:14 - ModbusReader - INFO - wind speed: 1.6 m/s, wind level: 2, wind direction angle: 223.4, wind direction: WS
2025-07-07 17:20:15 - ModbusReader - INFO - wind speed: 1.6 m/s, wind level: 2, wind direction angle: 223.4, wind direction: WS
2025-07-07 17:20:45 - ModbusReader - INFO - wind speed: 1.1 m/s, wind level: 1, wind direction angle: 115.3, wind direction: ESE
2025-07-07 17:20:46 - ModbusReader - INFO - wind speed: 1.1 m/s, wind level: 1, wind direction angle: 115.3, wind direction: ESE
2025-07-07 17:21:17 - ModbusReader - INFO - wind speed: 1.4 m/s, wind level: 1, wind direction angle: 163.3, wind direction: SSE
2025-07-07 17:21:17 - ModbusReader - INFO - wind speed: 1.4 m/s, wind level: 1, wind direction angle: 163.3, wind direction: SSE
2025-07-07 17:21:48 - ModbusReader - INFO - wind speed: 1.4 m/s, wind level: 1, wind direction angle: 165.8, wind direction: SSE
2025-07-07 17:21:48 - ModbusReader - INFO - wind speed: 1.4 m/s, wind level: 1, wind direction angle: 165.8, wind direction: SSE
2025-07-07 17:22:19 - ModbusReader - INFO - wind speed: 1.6 m/s, wind level: 2, wind direction angle: 125.6, wind direction: ES
2025-07-07 17:22:20 - ModbusReader - INFO - wind speed: 1.6 m/s, wind level: 2, wind direction angle: 125.6, wind direction: ES
2025-07-07 17:22:50 - ModbusReader - INFO - wind speed: 2.5 m/s, wind level: 2, wind direction angle: 120.9, wind direction: ESE
2025-07-07 17:22:51 - ModbusReader - INFO - wind speed: 2.5 m/s, wind level: 2, wind direction angle: 120.9, wind direction: ESE
2025-07-07 17:23:21 - ModbusReader - INFO - wind speed: 2.2 m/s, wind level: 2, wind direction angle: 178.0, wind direction: S
2025-07-07 17:23:22 - ModbusReader - INFO - wind speed: 2.2 m/s, wind level: 2, wind direction angle: 178.0, wind direction: S
2025-07-07 17:23:53 - ModbusReader - INFO - wind speed: 1.2 m/s, wind level: 1, wind direction angle: 150.9, wind direction: SSE
2025-07-07 17:23:53 - ModbusReader - INFO - wind speed: 1.2 m/s, wind level: 1, wind direction angle: 150.9, wind direction: SSE
2025-07-07 17:24:24 - ModbusReader - INFO - wind speed: 1.2 m/s, wind level: 1, wind direction angle: 264.0, wind direction: W
2025-07-07 17:24:24 - ModbusReader - INFO - wind speed: 1.2 m/s, wind level: 1, wind direction angle: 264.0, wind direction: W
2025-07-07 17:24:55 - ModbusReader - INFO - wind speed: 1.0 m/s, wind level: 1, wind direction angle: 194.3, wind direction: SSW
2025-07-07 17:24:56 - ModbusReader - INFO - wind speed: 1.0 m/s, wind level: 1, wind direction angle: 194.3, wind direction: SSW
2025-07-07 17:25:26 - ModbusReader - INFO - wind speed: 0.9 m/s, wind level: 1, wind direction angle: 226.3, wind direction: WS
2025-07-07 17:25:27 - ModbusReader - INFO - wind speed: 0.7 m/s, wind level: 1, wind direction angle: 206.8, wind direction: SSW
2025-07-07 17:25:57 - ModbusReader - INFO - wind speed: 1.2 m/s, wind level: 1, wind direction angle: 149.2, wind direction: SSE
2025-07-07 17:25:58 - ModbusReader - INFO - wind speed: 1.2 m/s, wind level: 1, wind direction angle: 149.2, wind direction: SSE
2025-07-07 17:26:29 - ModbusReader - INFO - wind speed: 1.0 m/s, wind level: 1, wind direction angle: 257.0, wind direction: WSW
2025-07-07 17:26:29 - ModbusReader - INFO - wind speed: 1.0 m/s, wind level: 1, wind direction angle: 257.0, wind direction: WSW
2025-07-07 17:27:00 - ModbusReader - INFO - wind speed: 0.8 m/s, wind level: 1, wind direction angle: 240.0, wind direction: WSW
2025-07-07 17:27:00 - ModbusReader - INFO - wind speed: 0.8 m/s, wind level: 1, wind direction angle: 240.0, wind direction: WSW
2025-07-07 17:27:31 - ModbusReader - INFO - wind speed: 0.7 m/s, wind level: 1, wind direction angle: 260.0, wind direction: W
2025-07-07 17:27:32 - ModbusReader - INFO - wind speed: 0.7 m/s, wind level: 1, wind direction angle: 260.0, wind direction: W
2025-07-07 17:28:02 - ModbusReader - INFO - wind speed: 0.6 m/s, wind level: 1, wind direction angle: 75.0, wind direction: ENE
2025-07-07 17:28:03 - ModbusReader - INFO - wind speed: 0.6 m/s, wind level: 1, wind direction angle: 75.0, wind direction: ENE
2025-07-07 17:28:33 - ModbusReader - INFO - wind speed: 1.4 m/s, wind level: 1, wind direction angle: 145.0, wind direction: ES
2025-07-07 17:28:34 - ModbusReader - INFO - wind speed: 1.4 m/s, wind level: 1, wind direction angle: 145.0, wind direction: ES
2025-07-07 17:29:05 - ModbusReader - INFO - wind speed: 1.4 m/s, wind level: 1, wind direction angle: 153.5, wind direction: SSE
2025-07-07 17:29:05 - ModbusReader - INFO - wind speed: 1.4 m/s, wind level: 1, wind direction angle: 153.5, wind direction: SSE
2025-07-07 17:29:36 - ModbusReader - INFO - wind speed: 1.6 m/s, wind level: 2, wind direction angle: 108.2, wind direction: ESE
2025-07-07 17:29:36 - ModbusReader - INFO - wind speed: 1.6 m/s, wind level: 2, wind direction angle: 108.2, wind direction: ESE
2025-07-07 17:30:07 - ModbusReader - INFO - wind speed: 1.6 m/s, wind level: 2, wind direction angle: 196.0, wind direction: SSW
2025-07-07 17:30:08 - ModbusReader - INFO - wind speed: 1.6 m/s, wind level: 2, wind direction angle: 196.0, wind direction: SSW
2025-07-07 17:30:38 - ModbusReader - INFO - wind speed: 1.1 m/s, wind level: 1, wind direction angle: 356.9, wind direction: N
2025-07-07 17:30:39 - ModbusReader - INFO - wind speed: 1.1 m/s, wind level: 1, wind direction angle: 356.9, wind direction: N
2025-07-07 17:31:09 - ModbusReader - INFO - wind speed: 0.8 m/s, wind level: 1, wind direction angle: 133.5, wind direction: ES
2025-07-07 17:31:10 - ModbusReader - INFO - wind speed: 0.8 m/s, wind level: 1, wind direction angle: 133.5, wind direction: ES
2025-07-07 17:31:41 - ModbusReader - INFO - wind speed: 0.0 m/s, wind level: 0, wind direction angle: 196.6, wind direction: SSW
2025-07-07 17:31:41 - ModbusReader - INFO - wind speed: 0.0 m/s, wind level: 0, wind direction angle: 196.6, wind direction: SSW
2025-07-07 17:32:12 - ModbusReader - INFO - wind speed: 1.1 m/s, wind level: 1, wind direction angle: 205.5, wind direction: SSW
2025-07-07 17:32:12 - ModbusReader - INFO - wind speed: 1.1 m/s, wind level: 1, wind direction angle: 205.5, wind direction: SSW
2025-07-07 17:32:43 - ModbusReader - INFO - wind speed: 0.5 m/s, wind level: 1, wind direction angle: 338.3, wind direction: NNW
2025-07-07 17:32:44 - ModbusReader - INFO - wind speed: 0.4 m/s, wind level: 1, wind direction angle: 326.3, wind direction: NNW
2025-07-07 17:33:14 - ModbusReader - INFO - wind speed: 0.5 m/s, wind level: 1, wind direction angle: 241.5, wind direction: WSW
2025-07-07 17:33:15 - ModbusReader - INFO - wind speed: 0.5 m/s, wind level: 1, wind direction angle: 241.5, wind direction: WSW
2025-07-07 17:33:45 - ModbusReader - INFO - wind speed: 1.5 m/s, wind level: 1, wind direction angle: 205.2, wind direction: SSW
2025-07-07 17:33:46 - ModbusReader - INFO - wind speed: 1.5 m/s, wind level: 1, wind direction angle: 205.2, wind direction: SSW
2025-07-07 17:34:17 - ModbusReader - INFO - wind speed: 1.1 m/s, wind level: 1, wind direction angle: 186.2, wind direction: S
2025-07-07 17:34:17 - ModbusReader - INFO - wind speed: 1.1 m/s, wind level: 1, wind direction angle: 186.2, wind direction: S
2025-07-07 17:34:48 - ModbusReader - INFO - wind speed: 0.7 m/s, wind level: 1, wind direction angle: 187.5, wind direction: S
2025-07-07 17:34:48 - ModbusReader - INFO - wind speed: 0.7 m/s, wind level: 1, wind direction angle: 187.5, wind direction: S
2025-07-07 17:35:19 - ModbusReader - INFO - wind speed: 0.2 m/s, wind level: 0, wind direction angle: 124.2, wind direction: ES
2025-07-07 17:35:20 - ModbusReader - INFO - wind speed: 0.2 m/s, wind level: 0, wind direction angle: 124.2, wind direction: ES
2025-07-07 17:35:50 - ModbusReader - INFO - wind speed: 1.2 m/s, wind level: 1, wind direction angle: 151.0, wind direction: SSE
2025-07-07 17:35:51 - ModbusReader - INFO - wind speed: 1.2 m/s, wind level: 1, wind direction angle: 151.0, wind direction: SSE
2025-07-07 17:36:21 - ModbusReader - INFO - wind speed: 1.4 m/s, wind level: 1, wind direction angle: 205.4, wind direction: SSW
2025-07-07 17:36:22 - ModbusReader - INFO - wind speed: 1.4 m/s, wind level: 1, wind direction angle: 205.4, wind direction: SSW
2025-07-07 17:36:53 - ModbusReader - INFO - wind speed: 1.0 m/s, wind level: 1, wind direction angle: 251.7, wind direction: WSW
2025-07-07 17:36:53 - ModbusReader - INFO - wind speed: 1.0 m/s, wind level: 1, wind direction angle: 251.7, wind direction: WSW
2025-07-07 17:37:24 - ModbusReader - INFO - wind speed: 0.6 m/s, wind level: 1, wind direction angle: 138.0, wind direction: ES
2025-07-07 17:37:24 - ModbusReader - INFO - wind speed: 0.6 m/s, wind level: 1, wind direction angle: 138.0, wind direction: ES
2025-07-07 17:37:55 - ModbusReader - INFO - wind speed: 0.9 m/s, wind level: 1, wind direction angle: 16.1, wind direction: NNE
2025-07-07 17:37:56 - ModbusReader - INFO - wind speed: 0.9 m/s, wind level: 1, wind direction angle: 16.1, wind direction: NNE
2025-07-07 17:38:26 - ModbusReader - INFO - wind speed: 1.6 m/s, wind level: 2, wind direction angle: 148.8, wind direction: SSE
2025-07-07 17:38:27 - ModbusReader - INFO - wind speed: 1.6 m/s, wind level: 2, wind direction angle: 148.8, wind direction: SSE
2025-07-07 17:38:57 - ModbusReader - INFO - wind speed: 0.9 m/s, wind level: 1, wind direction angle: 81.9, wind direction: E
2025-07-07 17:38:58 - ModbusReader - INFO - wind speed: 0.9 m/s, wind level: 1, wind direction angle: 81.9, wind direction: E
2025-07-07 17:39:29 - ModbusReader - INFO - wind speed: 1.2 m/s, wind level: 1, wind direction angle: 154.9, wind direction: SSE
2025-07-07 17:39:29 - ModbusReader - INFO - wind speed: 1.2 m/s, wind level: 1, wind direction angle: 154.9, wind direction: SSE
2025-07-07 17:40:00 - ModbusReader - INFO - wind speed: 1.3 m/s, wind level: 1, wind direction angle: 215.6, wind direction: WS
2025-07-07 17:40:00 - ModbusReader - INFO - wind speed: 0.9 m/s, wind level: 1, wind direction angle: 41.7, wind direction: EN
2025-07-07 17:40:31 - ModbusReader - INFO - wind speed: 1.7 m/s, wind level: 2, wind direction angle: 139.5, wind direction: ES
2025-07-07 17:40:32 - ModbusReader - INFO - wind speed: 1.7 m/s, wind level: 2, wind direction angle: 139.5, wind direction: ES
2025-07-07 17:41:02 - ModbusReader - INFO - wind speed: 1.5 m/s, wind level: 1, wind direction angle: 216.1, wind direction: WS
2025-07-07 17:41:03 - ModbusReader - INFO - wind speed: 1.5 m/s, wind level: 1, wind direction angle: 216.1, wind direction: WS
2025-07-07 17:41:33 - ModbusReader - INFO - wind speed: 1.4 m/s, wind level: 1, wind direction angle: 134.1, wind direction: ES
2025-07-07 17:41:34 - ModbusReader - INFO - wind speed: 1.4 m/s, wind level: 1, wind direction angle: 134.1, wind direction: ES
2025-07-07 17:42:05 - ModbusReader - INFO - wind speed: 1.8 m/s, wind level: 2, wind direction angle: 165.9, wind direction: SSE
2025-07-07 17:42:05 - ModbusReader - INFO - wind speed: 1.8 m/s, wind level: 2, wind direction angle: 165.9, wind direction: SSE
2025-07-07 17:42:36 - ModbusReader - INFO - wind speed: 0.7 m/s, wind level: 1, wind direction angle: 86.9, wind direction: E
2025-07-07 17:42:36 - ModbusReader - INFO - wind speed: 0.7 m/s, wind level: 1, wind direction angle: 86.9, wind direction: E
2025-07-07 17:43:07 - ModbusReader - INFO - wind speed: 1.3 m/s, wind level: 1, wind direction angle: 267.9, wind direction: W
2025-07-07 17:43:08 - ModbusReader - INFO - wind speed: 1.3 m/s, wind level: 1, wind direction angle: 267.9, wind direction: W
2025-07-07 17:43:38 - ModbusReader - INFO - wind speed: 0.4 m/s, wind level: 1, wind direction angle: 50.8, wind direction: EN
2025-07-07 17:43:39 - ModbusReader - INFO - wind speed: 0.4 m/s, wind level: 1, wind direction angle: 50.8, wind direction: EN
2025-07-07 17:44:09 - ModbusReader - INFO - wind speed: 0.4 m/s, wind level: 1, wind direction angle: 293.5, wind direction: WNW
2025-07-07 17:44:10 - ModbusReader - INFO - wind speed: 0.4 m/s, wind level: 1, wind direction angle: 293.5, wind direction: WNW
2025-07-07 17:44:41 - ModbusReader - INFO - wind speed: 0.5 m/s, wind level: 1, wind direction angle: 159.9, wind direction: SSE
2025-07-07 17:44:41 - ModbusReader - INFO - wind speed: 0.5 m/s, wind level: 1, wind direction angle: 159.9, wind direction: SSE
2025-07-07 17:45:12 - ModbusReader - INFO - wind speed: 0.7 m/s, wind level: 1, wind direction angle: 122.8, wind direction: ESE
2025-07-07 17:45:12 - ModbusReader - INFO - wind speed: 0.7 m/s, wind level: 1, wind direction angle: 122.8, wind direction: ESE
2025-07-07 17:45:43 - ModbusReader - INFO - wind speed: 0.4 m/s, wind level: 1, wind direction angle: 149.3, wind direction: SSE
2025-07-07 17:45:44 - ModbusReader - INFO - wind speed: 0.4 m/s, wind level: 1, wind direction angle: 149.3, wind direction: SSE
2025-07-07 17:46:14 - ModbusReader - INFO - wind speed: 0.0 m/s, wind level: 0, wind direction angle: 54.9, wind direction: EN
2025-07-07 17:46:15 - ModbusReader - INFO - wind speed: 0.0 m/s, wind level: 0, wind direction angle: 54.9, wind direction: EN
2025-07-07 17:46:45 - ModbusReader - INFO - wind speed: 0.0 m/s, wind level: 0, wind direction angle: 71.4, wind direction: ENE
2025-07-07 17:46:46 - ModbusReader - INFO - wind speed: 0.0 m/s, wind level: 0, wind direction angle: 71.4, wind direction: ENE
2025-07-07 17:47:17 - ModbusReader - INFO - wind speed: 0.3 m/s, wind level: 1, wind direction angle: 91.0, wind direction: E
2025-07-07 17:47:17 - ModbusReader - INFO - wind speed: 0.7 m/s, wind level: 1, wind direction angle: 27.1, wind direction: NNE
2025-07-07 17:47:48 - ModbusReader - INFO - wind speed: 1.0 m/s, wind level: 1, wind direction angle: 33.9, wind direction: EN
2025-07-07 17:47:48 - ModbusReader - INFO - wind speed: 1.0 m/s, wind level: 1, wind direction angle: 33.9, wind direction: EN
2025-07-07 17:48:19 - ModbusReader - INFO - wind speed: 1.6 m/s, wind level: 2, wind direction angle: 178.6, wind direction: S
2025-07-07 17:48:20 - ModbusReader - INFO - wind speed: 1.6 m/s, wind level: 2, wind direction angle: 178.6, wind direction: S
2025-07-07 17:48:50 - ModbusReader - INFO - wind speed: 1.3 m/s, wind level: 1, wind direction angle: 186.6, wind direction: S
2025-07-07 17:48:51 - ModbusReader - INFO - wind speed: 1.3 m/s, wind level: 1, wind direction angle: 186.6, wind direction: S
2025-07-07 17:49:21 - ModbusReader - INFO - wind speed: 0.7 m/s, wind level: 1, wind direction angle: 119.0, wind direction: ESE
2025-07-07 17:49:22 - ModbusReader - INFO - wind speed: 0.7 m/s, wind level: 1, wind direction angle: 119.0, wind direction: ESE
2025-07-07 17:49:53 - ModbusReader - INFO - wind speed: 1.1 m/s, wind level: 1, wind direction angle: 129.2, wind direction: ES
2025-07-07 17:49:53 - ModbusReader - INFO - wind speed: 1.1 m/s, wind level: 1, wind direction angle: 129.2, wind direction: ES
2025-07-07 17:50:24 - ModbusReader - INFO - wind speed: 1.0 m/s, wind level: 1, wind direction angle: 320.3, wind direction: WN
2025-07-07 17:50:24 - ModbusReader - INFO - wind speed: 1.0 m/s, wind level: 1, wind direction angle: 320.3, wind direction: WN
2025-07-07 17:50:55 - ModbusReader - INFO - wind speed: 0.5 m/s, wind level: 1, wind direction angle: 348.6, wind direction: NNW
2025-07-07 17:50:56 - ModbusReader - INFO - wind speed: 0.5 m/s, wind level: 1, wind direction angle: 348.6, wind direction: NNW
2025-07-07 17:51:26 - ModbusReader - INFO - wind speed: 0.0 m/s, wind level: 0, wind direction angle: 100.5, wind direction: E
2025-07-07 17:51:27 - ModbusReader - INFO - wind speed: 0.0 m/s, wind level: 0, wind direction angle: 100.5, wind direction: E
2025-07-07 17:51:57 - ModbusReader - INFO - wind speed: 0.0 m/s, wind level: 0, wind direction angle: 190.4, wind direction: S
2025-07-07 17:51:58 - ModbusReader - INFO - wind speed: 0.0 m/s, wind level: 0, wind direction angle: 190.4, wind direction: S
2025-07-07 17:52:29 - ModbusReader - INFO - wind speed: 0.0 m/s, wind level: 0, wind direction angle: 338.2, wind direction: NNW
2025-07-07 17:52:29 - ModbusReader - INFO - wind speed: 0.0 m/s, wind level: 0, wind direction angle: 338.2, wind direction: NNW
2025-07-07 17:53:00 - ModbusReader - INFO - wind speed: 0.0 m/s, wind level: 0, wind direction angle: 101.9, wind direction: ESE
2025-07-07 17:53:00 - ModbusReader - INFO - wind speed: 0.0 m/s, wind level: 0, wind direction angle: 101.9, wind direction: ESE
2025-07-07 17:53:31 - ModbusReader - INFO - wind speed: 0.2 m/s, wind level: 0, wind direction angle: 158.5, wind direction: SSE
2025-07-07 17:53:32 - ModbusReader - INFO - wind speed: 0.2 m/s, wind level: 0, wind direction angle: 158.5, wind direction: SSE
2025-07-07 17:54:02 - ModbusReader - INFO - wind speed: 0.0 m/s, wind level: 0, wind direction angle: 182.2, wind direction: S
2025-07-07 17:54:03 - ModbusReader - INFO - wind speed: 0.0 m/s, wind level: 0, wind direction angle: 182.2, wind direction: S
2025-07-07 17:54:33 - ModbusReader - INFO - wind speed: 0.6 m/s, wind level: 1, wind direction angle: 171.4, wind direction: S
2025-07-07 17:54:34 - ModbusReader - INFO - wind speed: 0.6 m/s, wind level: 1, wind direction angle: 163.9, wind direction: SSE
2025-07-07 17:55:05 - ModbusReader - INFO - wind speed: 0.0 m/s, wind level: 0, wind direction angle: 82.8, wind direction: E
2025-07-07 17:55:05 - ModbusReader - INFO - wind speed: 0.0 m/s, wind level: 0, wind direction angle: 82.8, wind direction: E
2025-07-07 17:55:36 - ModbusReader - INFO - wind speed: 1.0 m/s, wind level: 1, wind direction angle: 178.2, wind direction: S
2025-07-07 17:55:36 - ModbusReader - INFO - wind speed: 1.0 m/s, wind level: 1, wind direction angle: 178.2, wind direction: S
2025-07-07 17:56:07 - ModbusReader - INFO - wind speed: 0.8 m/s, wind level: 1, wind direction angle: 151.1, wind direction: SSE
2025-07-07 17:56:08 - ModbusReader - INFO - wind speed: 0.8 m/s, wind level: 1, wind direction angle: 151.1, wind direction: SSE
2025-07-07 17:56:38 - ModbusReader - INFO - wind speed: 0.6 m/s, wind level: 1, wind direction angle: 68.7, wind direction: ENE
2025-07-07 17:56:39 - ModbusReader - INFO - wind speed: 0.6 m/s, wind level: 1, wind direction angle: 68.7, wind direction: ENE
2025-07-07 17:57:09 - ModbusReader - INFO - wind speed: 0.5 m/s, wind level: 1, wind direction angle: 137.2, wind direction: ES
2025-07-07 17:57:10 - ModbusReader - INFO - wind speed: 0.5 m/s, wind level: 1, wind direction angle: 137.2, wind direction: ES
2025-07-07 17:57:41 - ModbusReader - INFO - wind speed: 0.0 m/s, wind level: 0, wind direction angle: 86.2, wind direction: E
2025-07-07 17:57:41 - ModbusReader - INFO - wind speed: 0.0 m/s, wind level: 0, wind direction angle: 86.2, wind direction: E
2025-07-07 17:58:12 - ModbusReader - INFO - wind speed: 0.4 m/s, wind level: 1, wind direction angle: 294.5, wind direction: WNW
2025-07-07 17:58:12 - ModbusReader - INFO - wind speed: 0.4 m/s, wind level: 1, wind direction angle: 294.5, wind direction: WNW
2025-07-07 17:58:43 - ModbusReader - INFO - wind speed: 0.6 m/s, wind level: 1, wind direction angle: 146.9, wind direction: SSE
2025-07-07 17:58:44 - ModbusReader - INFO - wind speed: 0.6 m/s, wind level: 1, wind direction angle: 146.9, wind direction: SSE
2025-07-07 17:59:14 - ModbusReader - INFO - wind speed: 0.3 m/s, wind level: 1, wind direction angle: 288.2, wind direction: WNW
2025-07-07 17:59:15 - ModbusReader - INFO - wind speed: 0.3 m/s, wind level: 1, wind direction angle: 288.2, wind direction: WNW
2025-07-07 17:59:45 - ModbusReader - INFO - wind speed: 0.8 m/s, wind level: 1, wind direction angle: 171.4, wind direction: S
2025-07-07 17:59:46 - ModbusReader - INFO - wind speed: 0.8 m/s, wind level: 1, wind direction angle: 171.4, wind direction: S
2025-07-07 18:00:17 - ModbusReader - INFO - wind speed: 0.7 m/s, wind level: 1, wind direction angle: 248.2, wind direction: WSW
2025-07-07 18:00:17 - ModbusReader - INFO - wind speed: 0.7 m/s, wind level: 1, wind direction angle: 248.2, wind direction: WSW
2025-07-09 09:17:12 - ModbusReader - INFO - 找到 wind speed計 設備: COM4
2025-07-09 09:17:13 - ModbusReader - INFO - wind speed: 0.7 m/s, wind level: 1, wind direction angle: 207.9, wind direction: SSW
2025-07-09 09:17:14 - ModbusReader - INFO - wind speed: 0.7 m/s, wind level: 1, wind direction angle: 207.9, wind direction: SSW
2025-07-09 09:17:14 - ModbusReader - INFO - wind speed: 0.7 m/s, wind level: 1, wind direction angle: 207.9, wind direction: SSW
2025-07-09 09:17:45 - ModbusReader - INFO - wind speed: 0.4 m/s, wind level: 1, wind direction angle: 297.3, wind direction: WNW
2025-07-09 09:17:45 - ModbusReader - INFO - wind speed: 0.4 m/s, wind level: 1, wind direction angle: 297.3, wind direction: WNW
2025-07-09 09:18:16 - ModbusReader - INFO - wind speed: 0.4 m/s, wind level: 1, wind direction angle: 358.0, wind direction: N
2025-07-09 09:18:17 - ModbusReader - INFO - wind speed: 0.5 m/s, wind level: 1, wind direction angle: 343.2, wind direction: NNW
2025-07-09 09:18:47 - ModbusReader - INFO - wind speed: 1.3 m/s, wind level: 1, wind direction angle: 315.0, wind direction: WN
2025-07-09 09:18:48 - ModbusReader - INFO - wind speed: 1.3 m/s, wind level: 1, wind direction angle: 315.0, wind direction: WN
2025-07-09 09:19:18 - ModbusReader - INFO - wind speed: 1.4 m/s, wind level: 1, wind direction angle: 296.7, wind direction: WNW
2025-07-09 09:19:19 - ModbusReader - INFO - wind speed: 1.4 m/s, wind level: 1, wind direction angle: 296.7, wind direction: WNW
2025-07-09 09:19:50 - ModbusReader - INFO - wind speed: 0.6 m/s, wind level: 1, wind direction angle: 291.4, wind direction: WNW
2025-07-09 09:19:50 - ModbusReader - INFO - wind speed: 0.6 m/s, wind level: 1, wind direction angle: 291.4, wind direction: WNW
2025-07-09 09:20:21 - ModbusReader - INFO - wind speed: 0.4 m/s, wind level: 1, wind direction angle: 38.0, wind direction: EN
2025-07-09 09:20:21 - ModbusReader - INFO - wind speed: 0.4 m/s, wind level: 1, wind direction angle: 38.0, wind direction: EN
2025-07-09 09:20:52 - ModbusReader - INFO - wind speed: 1.1 m/s, wind level: 1, wind direction angle: 289.5, wind direction: WNW
2025-07-09 09:20:53 - ModbusReader - INFO - wind speed: 1.1 m/s, wind level: 1, wind direction angle: 289.5, wind direction: WNW
2025-07-09 09:21:23 - ModbusReader - INFO - wind speed: 0.7 m/s, wind level: 1, wind direction angle: 322.4, wind direction: WN
2025-07-09 09:21:24 - ModbusReader - INFO - wind speed: 0.7 m/s, wind level: 1, wind direction angle: 322.4, wind direction: WN
2025-07-09 09:21:54 - ModbusReader - INFO - wind speed: 1.0 m/s, wind level: 1, wind direction angle: 295.3, wind direction: WNW
2025-07-09 09:21:55 - ModbusReader - INFO - wind speed: 1.0 m/s, wind level: 1, wind direction angle: 295.3, wind direction: WNW
2025-07-09 09:22:26 - ModbusReader - INFO - wind speed: 0.9 m/s, wind level: 1, wind direction angle: 287.5, wind direction: WNW
2025-07-09 09:22:26 - ModbusReader - INFO - wind speed: 0.9 m/s, wind level: 1, wind direction angle: 287.5, wind direction: WNW
2025-07-09 09:22:57 - ModbusReader - INFO - wind speed: 1.2 m/s, wind level: 1, wind direction angle: 18.2, wind direction: NNE
2025-07-09 09:22:57 - ModbusReader - INFO - wind speed: 1.2 m/s, wind level: 1, wind direction angle: 18.2, wind direction: NNE
2025-07-09 09:23:28 - ModbusReader - INFO - wind speed: 1.3 m/s, wind level: 1, wind direction angle: 340.2, wind direction: NNW
2025-07-09 09:23:29 - ModbusReader - INFO - wind speed: 1.3 m/s, wind level: 1, wind direction angle: 340.2, wind direction: NNW
2025-07-09 09:23:59 - ModbusReader - INFO - wind speed: 1.1 m/s, wind level: 1, wind direction angle: 129.4, wind direction: ES
2025-07-09 09:24:00 - ModbusReader - INFO - wind speed: 1.1 m/s, wind level: 1, wind direction angle: 129.4, wind direction: ES
2025-07-09 09:24:30 - ModbusReader - INFO - wind speed: 1.2 m/s, wind level: 1, wind direction angle: 357.1, wind direction: N
2025-07-09 09:24:31 - ModbusReader - INFO - wind speed: 1.2 m/s, wind level: 1, wind direction angle: 357.1, wind direction: N
2025-07-09 09:25:02 - ModbusReader - INFO - wind speed: 1.0 m/s, wind level: 1, wind direction angle: 270.3, wind direction: W
2025-07-09 09:25:02 - ModbusReader - INFO - wind speed: 1.0 m/s, wind level: 1, wind direction angle: 270.3, wind direction: W
2025-07-09 09:25:33 - ModbusReader - INFO - wind speed: 1.1 m/s, wind level: 1, wind direction angle: 282.3, wind direction: WNW
2025-07-09 09:25:33 - ModbusReader - INFO - wind speed: 0.9 m/s, wind level: 1, wind direction angle: 283.8, wind direction: WNW
2025-07-09 09:26:04 - ModbusReader - INFO - wind speed: 0.7 m/s, wind level: 1, wind direction angle: 24.3, wind direction: NNE
2025-07-09 09:26:05 - ModbusReader - INFO - wind speed: 0.7 m/s, wind level: 1, wind direction angle: 24.3, wind direction: NNE
2025-07-09 09:26:35 - ModbusReader - INFO - wind speed: 0.6 m/s, wind level: 1, wind direction angle: 311.8, wind direction: WN
2025-07-09 09:26:36 - ModbusReader - INFO - wind speed: 0.6 m/s, wind level: 1, wind direction angle: 311.8, wind direction: WN
2025-07-09 09:27:06 - ModbusReader - INFO - wind speed: 0.7 m/s, wind level: 1, wind direction angle: 89.3, wind direction: E
2025-07-09 09:27:07 - ModbusReader - INFO - wind speed: 0.7 m/s, wind level: 1, wind direction angle: 89.3, wind direction: E
2025-07-09 09:27:35 - ModbusReader - INFO - wind speed: 0.8 m/s, wind level: 1, wind direction angle: 354.3, wind direction: N
2025-07-09 09:27:35 - ModbusReader - INFO - wind speed: 0.8 m/s, wind level: 1, wind direction angle: 354.3, wind direction: N
2025-07-09 09:28:06 - ModbusReader - INFO - wind speed: 1.4 m/s, wind level: 1, wind direction angle: 289.9, wind direction: WNW
2025-07-09 09:28:06 - ModbusReader - INFO - wind speed: 1.4 m/s, wind level: 1, wind direction angle: 289.9, wind direction: WNW
2025-07-09 09:28:37 - ModbusReader - INFO - wind speed: 1.6 m/s, wind level: 2, wind direction angle: 8.4, wind direction: N
2025-07-09 09:28:38 - ModbusReader - INFO - wind speed: 1.6 m/s, wind level: 2, wind direction angle: 8.4, wind direction: N
2025-07-09 09:29:08 - ModbusReader - INFO - wind speed: 0.8 m/s, wind level: 1, wind direction angle: 266.9, wind direction: W
2025-07-09 09:29:09 - ModbusReader - INFO - wind speed: 0.8 m/s, wind level: 1, wind direction angle: 266.9, wind direction: W
2025-07-09 09:29:39 - ModbusReader - INFO - wind speed: 0.8 m/s, wind level: 1, wind direction angle: 69.0, wind direction: ENE
2025-07-09 09:29:40 - ModbusReader - INFO - wind speed: 0.8 m/s, wind level: 1, wind direction angle: 69.0, wind direction: ENE
2025-07-09 09:30:11 - ModbusReader - INFO - wind speed: 0.4 m/s, wind level: 1, wind direction angle: 214.2, wind direction: WS
2025-07-09 09:30:11 - ModbusReader - INFO - wind speed: 0.4 m/s, wind level: 1, wind direction angle: 214.2, wind direction: WS
2025-07-09 09:30:42 - ModbusReader - INFO - wind speed: 1.7 m/s, wind level: 2, wind direction angle: 47.5, wind direction: EN
2025-07-09 09:30:42 - ModbusReader - INFO - wind speed: 1.7 m/s, wind level: 2, wind direction angle: 47.5, wind direction: EN
2025-07-09 09:31:13 - ModbusReader - INFO - wind speed: 0.8 m/s, wind level: 1, wind direction angle: 251.2, wind direction: WSW
2025-07-09 09:31:14 - ModbusReader - INFO - wind speed: 0.8 m/s, wind level: 1, wind direction angle: 251.2, wind direction: WSW
2025-07-09 09:31:44 - ModbusReader - INFO - wind speed: 0.9 m/s, wind level: 1, wind direction angle: 258.2, wind direction: WSW
2025-07-09 09:31:45 - ModbusReader - INFO - wind speed: 0.9 m/s, wind level: 1, wind direction angle: 258.2, wind direction: WSW
2025-07-09 09:32:15 - ModbusReader - INFO - wind speed: 0.5 m/s, wind level: 1, wind direction angle: 340.2, wind direction: NNW
2025-07-09 09:32:16 - ModbusReader - INFO - wind speed: 0.5 m/s, wind level: 1, wind direction angle: 340.2, wind direction: NNW
2025-07-09 09:32:47 - ModbusReader - INFO - wind speed: 1.0 m/s, wind level: 1, wind direction angle: 5.0, wind direction: N
2025-07-09 09:32:47 - ModbusReader - INFO - wind speed: 0.9 m/s, wind level: 1, wind direction angle: 23.3, wind direction: NNE
2025-07-09 09:33:18 - ModbusReader - INFO - wind speed: 0.7 m/s, wind level: 1, wind direction angle: 3.2, wind direction: N
2025-07-09 09:33:18 - ModbusReader - INFO - wind speed: 0.7 m/s, wind level: 1, wind direction angle: 3.2, wind direction: N
2025-07-09 09:33:49 - ModbusReader - INFO - wind speed: 1.5 m/s, wind level: 1, wind direction angle: 282.5, wind direction: WNW
2025-07-09 09:33:50 - ModbusReader - INFO - wind speed: 1.5 m/s, wind level: 1, wind direction angle: 282.5, wind direction: WNW
2025-07-09 09:34:20 - ModbusReader - INFO - wind speed: 0.7 m/s, wind level: 1, wind direction angle: 326.6, wind direction: NNW
2025-07-09 09:34:21 - ModbusReader - INFO - wind speed: 0.7 m/s, wind level: 1, wind direction angle: 326.6, wind direction: NNW
2025-07-09 09:34:51 - ModbusReader - INFO - wind speed: 0.9 m/s, wind level: 1, wind direction angle: 343.0, wind direction: NNW
2025-07-09 09:34:52 - ModbusReader - INFO - wind speed: 0.9 m/s, wind level: 1, wind direction angle: 343.0, wind direction: NNW
2025-07-09 09:35:23 - ModbusReader - INFO - wind speed: 1.3 m/s, wind level: 1, wind direction angle: 258.4, wind direction: WSW
2025-07-09 09:35:23 - ModbusReader - INFO - wind speed: 1.3 m/s, wind level: 1, wind direction angle: 258.4, wind direction: WSW
2025-07-09 09:35:54 - ModbusReader - INFO - wind speed: 1.2 m/s, wind level: 1, wind direction angle: 313.6, wind direction: WN
2025-07-09 09:35:54 - ModbusReader - INFO - wind speed: 1.2 m/s, wind level: 1, wind direction angle: 313.6, wind direction: WN
2025-07-09 09:36:25 - ModbusReader - INFO - wind speed: 1.0 m/s, wind level: 1, wind direction angle: 352.4, wind direction: N
2025-07-09 09:36:26 - ModbusReader - INFO - wind speed: 1.0 m/s, wind level: 1, wind direction angle: 352.4, wind direction: N
2025-07-09 09:36:56 - ModbusReader - INFO - wind speed: 1.2 m/s, wind level: 1, wind direction angle: 265.7, wind direction: W
2025-07-09 09:36:57 - ModbusReader - INFO - wind speed: 1.2 m/s, wind level: 1, wind direction angle: 265.7, wind direction: W
2025-07-09 09:37:27 - ModbusReader - INFO - wind speed: 2.3 m/s, wind level: 2, wind direction angle: 230.4, wind direction: WS
2025-07-09 09:37:28 - ModbusReader - INFO - wind speed: 2.3 m/s, wind level: 2, wind direction angle: 230.4, wind direction: WS
2025-07-09 09:37:59 - ModbusReader - INFO - wind speed: 1.6 m/s, wind level: 2, wind direction angle: 253.8, wind direction: WSW
2025-07-09 09:37:59 - ModbusReader - INFO - wind speed: 1.6 m/s, wind level: 2, wind direction angle: 253.8, wind direction: WSW
2025-07-09 09:38:30 - ModbusReader - INFO - wind speed: 1.3 m/s, wind level: 1, wind direction angle: 28.5, wind direction: NNE
2025-07-09 09:38:30 - ModbusReader - INFO - wind speed: 1.3 m/s, wind level: 1, wind direction angle: 28.5, wind direction: NNE
2025-07-09 09:39:01 - ModbusReader - INFO - wind speed: 1.9 m/s, wind level: 2, wind direction angle: 159.8, wind direction: SSE
2025-07-09 09:39:02 - ModbusReader - INFO - wind speed: 1.9 m/s, wind level: 2, wind direction angle: 159.8, wind direction: SSE
2025-07-09 09:39:32 - ModbusReader - INFO - wind speed: 1.8 m/s, wind level: 2, wind direction angle: 327.4, wind direction: NNW
2025-07-09 09:39:33 - ModbusReader - INFO - wind speed: 1.8 m/s, wind level: 2, wind direction angle: 327.4, wind direction: NNW
2025-07-09 09:40:03 - ModbusReader - INFO - wind speed: 1.1 m/s, wind level: 1, wind direction angle: 10.1, wind direction: N
2025-07-09 09:40:04 - ModbusReader - INFO - wind speed: 1.1 m/s, wind level: 1, wind direction angle: 238.6, wind direction: WSW
2025-07-09 09:40:35 - ModbusReader - INFO - wind speed: 0.8 m/s, wind level: 1, wind direction angle: 349.2, wind direction: N
2025-07-09 09:40:35 - ModbusReader - INFO - wind speed: 0.8 m/s, wind level: 1, wind direction angle: 349.2, wind direction: N
2025-07-09 09:41:06 - ModbusReader - INFO - wind speed: 1.1 m/s, wind level: 1, wind direction angle: 300.9, wind direction: WNW
2025-07-09 09:41:06 - ModbusReader - INFO - wind speed: 1.1 m/s, wind level: 1, wind direction angle: 300.9, wind direction: WNW
2025-07-09 09:41:37 - ModbusReader - INFO - wind speed: 0.7 m/s, wind level: 1, wind direction angle: 257.8, wind direction: WSW
2025-07-09 09:41:38 - ModbusReader - INFO - wind speed: 0.7 m/s, wind level: 1, wind direction angle: 257.8, wind direction: WSW
2025-07-09 09:42:08 - ModbusReader - INFO - wind speed: 1.1 m/s, wind level: 1, wind direction angle: 254.8, wind direction: WSW
2025-07-09 09:42:09 - ModbusReader - INFO - wind speed: 1.1 m/s, wind level: 1, wind direction angle: 254.8, wind direction: WSW
2025-07-09 09:42:39 - ModbusReader - INFO - wind speed: 1.8 m/s, wind level: 2, wind direction angle: 287.6, wind direction: WNW
2025-07-09 09:42:40 - ModbusReader - INFO - wind speed: 1.8 m/s, wind level: 2, wind direction angle: 287.6, wind direction: WNW
2025-07-09 09:43:11 - ModbusReader - INFO - wind speed: 1.2 m/s, wind level: 1, wind direction angle: 342.9, wind direction: NNW
2025-07-09 09:43:11 - ModbusReader - INFO - wind speed: 1.2 m/s, wind level: 1, wind direction angle: 342.9, wind direction: NNW
2025-07-09 09:43:42 - ModbusReader - INFO - wind speed: 1.3 m/s, wind level: 1, wind direction angle: 325.6, wind direction: WN
2025-07-09 09:43:42 - ModbusReader - INFO - wind speed: 1.3 m/s, wind level: 1, wind direction angle: 325.6, wind direction: WN
2025-07-09 09:44:13 - ModbusReader - INFO - wind speed: 1.2 m/s, wind level: 1, wind direction angle: 320.3, wind direction: WN
2025-07-09 09:44:14 - ModbusReader - INFO - wind speed: 1.2 m/s, wind level: 1, wind direction angle: 320.3, wind direction: WN
2025-07-09 09:44:44 - ModbusReader - INFO - wind speed: 1.0 m/s, wind level: 1, wind direction angle: 289.2, wind direction: WNW
2025-07-09 09:44:45 - ModbusReader - INFO - wind speed: 1.0 m/s, wind level: 1, wind direction angle: 289.2, wind direction: WNW
2025-07-09 09:45:15 - ModbusReader - INFO - wind speed: 2.2 m/s, wind level: 2, wind direction angle: 287.8, wind direction: WNW
2025-07-09 09:45:16 - ModbusReader - INFO - wind speed: 2.2 m/s, wind level: 2, wind direction angle: 287.8, wind direction: WNW
2025-07-09 09:45:47 - ModbusReader - INFO - wind speed: 1.4 m/s, wind level: 1, wind direction angle: 17.1, wind direction: NNE
2025-07-09 09:45:47 - ModbusReader - INFO - wind speed: 1.4 m/s, wind level: 1, wind direction angle: 17.1, wind direction: NNE
2025-07-09 09:46:18 - ModbusReader - INFO - wind speed: 1.7 m/s, wind level: 2, wind direction angle: 307.8, wind direction: WN
2025-07-09 09:46:18 - ModbusReader - INFO - wind speed: 1.7 m/s, wind level: 2, wind direction angle: 307.8, wind direction: WN
2025-07-09 09:46:49 - ModbusReader - INFO - wind speed: 1.9 m/s, wind level: 2, wind direction angle: 263.8, wind direction: W
2025-07-09 09:46:50 - ModbusReader - INFO - wind speed: 1.9 m/s, wind level: 2, wind direction angle: 263.8, wind direction: W
2025-07-09 09:47:20 - ModbusReader - INFO - wind speed: 0.9 m/s, wind level: 1, wind direction angle: 331.4, wind direction: NNW
2025-07-09 09:47:21 - ModbusReader - INFO - wind speed: 0.8 m/s, wind level: 1, wind direction angle: 257.7, wind direction: WSW
2025-07-09 09:47:51 - ModbusReader - INFO - wind speed: 0.8 m/s, wind level: 1, wind direction angle: 346.6, wind direction: NNW
2025-07-09 09:47:52 - ModbusReader - INFO - wind speed: 0.8 m/s, wind level: 1, wind direction angle: 346.6, wind direction: NNW
2025-07-09 09:48:23 - ModbusReader - INFO - wind speed: 1.0 m/s, wind level: 1, wind direction angle: 316.8, wind direction: WN
2025-07-09 09:48:23 - ModbusReader - INFO - wind speed: 1.0 m/s, wind level: 1, wind direction angle: 316.8, wind direction: WN
2025-07-09 09:48:54 - ModbusReader - INFO - wind speed: 1.1 m/s, wind level: 1, wind direction angle: 284.6, wind direction: WNW
2025-07-09 09:48:54 - ModbusReader - INFO - wind speed: 1.1 m/s, wind level: 1, wind direction angle: 284.6, wind direction: WNW
2025-07-09 09:49:25 - ModbusReader - INFO - wind speed: 1.4 m/s, wind level: 1, wind direction angle: 170.1, wind direction: S
2025-07-09 09:49:26 - ModbusReader - INFO - wind speed: 1.4 m/s, wind level: 1, wind direction angle: 170.1, wind direction: S
2025-07-09 09:49:56 - ModbusReader - INFO - wind speed: 3.4 m/s, wind level: 3, wind direction angle: 263.2, wind direction: W
2025-07-09 09:49:57 - ModbusReader - INFO - wind speed: 3.4 m/s, wind level: 3, wind direction angle: 263.2, wind direction: W
2025-07-09 09:50:27 - ModbusReader - INFO - wind speed: 1.1 m/s, wind level: 1, wind direction angle: 280.0, wind direction: W
2025-07-09 09:50:28 - ModbusReader - INFO - wind speed: 1.1 m/s, wind level: 1, wind direction angle: 280.0, wind direction: W
2025-07-09 09:50:59 - ModbusReader - INFO - wind speed: 0.7 m/s, wind level: 1, wind direction angle: 237.6, wind direction: WSW
2025-07-09 09:50:59 - ModbusReader - INFO - wind speed: 0.7 m/s, wind level: 1, wind direction angle: 237.6, wind direction: WSW
2025-07-09 09:51:30 - ModbusReader - INFO - wind speed: 0.7 m/s, wind level: 1, wind direction angle: 271.3, wind direction: W
2025-07-09 09:51:30 - ModbusReader - INFO - wind speed: 0.7 m/s, wind level: 1, wind direction angle: 271.3, wind direction: W
2025-07-09 09:52:01 - ModbusReader - INFO - wind speed: 0.6 m/s, wind level: 1, wind direction angle: 207.6, wind direction: SSW
2025-07-09 09:52:02 - ModbusReader - INFO - wind speed: 0.6 m/s, wind level: 1, wind direction angle: 207.6, wind direction: SSW
2025-07-09 09:52:32 - ModbusReader - INFO - wind speed: 0.5 m/s, wind level: 1, wind direction angle: 344.8, wind direction: NNW
2025-07-09 09:52:33 - ModbusReader - INFO - wind speed: 0.5 m/s, wind level: 1, wind direction angle: 344.8, wind direction: NNW
2025-07-09 09:53:03 - ModbusReader - INFO - wind speed: 1.4 m/s, wind level: 1, wind direction angle: 77.3, wind direction: ENE
2025-07-09 09:53:04 - ModbusReader - INFO - wind speed: 1.4 m/s, wind level: 1, wind direction angle: 77.3, wind direction: ENE
2025-07-09 09:53:35 - ModbusReader - INFO - wind speed: 0.7 m/s, wind level: 1, wind direction angle: 22.6, wind direction: NNE
2025-07-09 09:53:35 - ModbusReader - INFO - wind speed: 0.7 m/s, wind level: 1, wind direction angle: 22.6, wind direction: NNE
2025-07-09 09:54:06 - ModbusReader - INFO - wind speed: 1.4 m/s, wind level: 1, wind direction angle: 279.6, wind direction: W
2025-07-09 09:54:06 - ModbusReader - INFO - wind speed: 1.4 m/s, wind level: 1, wind direction angle: 279.6, wind direction: W
2025-07-09 09:54:37 - ModbusReader - INFO - wind speed: 1.2 m/s, wind level: 1, wind direction angle: 128.1, wind direction: ES
2025-07-09 09:54:38 - ModbusReader - INFO - wind speed: 0.9 m/s, wind level: 1, wind direction angle: 318.6, wind direction: WN
2025-07-09 09:55:08 - ModbusReader - INFO - wind speed: 0.6 m/s, wind level: 1, wind direction angle: 25.7, wind direction: NNE
2025-07-09 09:55:09 - ModbusReader - INFO - wind speed: 0.6 m/s, wind level: 1, wind direction angle: 25.7, wind direction: NNE
2025-07-09 09:55:39 - ModbusReader - INFO - wind speed: 0.9 m/s, wind level: 1, wind direction angle: 280.9, wind direction: W
2025-07-09 09:55:40 - ModbusReader - INFO - wind speed: 0.9 m/s, wind level: 1, wind direction angle: 280.9, wind direction: W
2025-07-09 09:56:11 - ModbusReader - INFO - wind speed: 0.8 m/s, wind level: 1, wind direction angle: 247.2, wind direction: WSW
2025-07-09 09:56:11 - ModbusReader - INFO - wind speed: 0.8 m/s, wind level: 1, wind direction angle: 247.2, wind direction: WSW
2025-07-09 09:56:42 - ModbusReader - INFO - wind speed: 1.3 m/s, wind level: 1, wind direction angle: 321.7, wind direction: WN
2025-07-09 09:56:42 - ModbusReader - INFO - wind speed: 1.3 m/s, wind level: 1, wind direction angle: 321.7, wind direction: WN
2025-07-09 09:57:13 - ModbusReader - INFO - wind speed: 2.0 m/s, wind level: 2, wind direction angle: 295.9, wind direction: WNW
2025-07-09 09:57:14 - ModbusReader - INFO - wind speed: 2.0 m/s, wind level: 2, wind direction angle: 295.9, wind direction: WNW
2025-07-09 09:57:44 - ModbusReader - INFO - wind speed: 2.3 m/s, wind level: 2, wind direction angle: 269.3, wind direction: W
2025-07-09 09:57:45 - ModbusReader - INFO - wind speed: 2.3 m/s, wind level: 2, wind direction angle: 269.3, wind direction: W
2025-07-09 09:58:15 - ModbusReader - INFO - wind speed: 2.3 m/s, wind level: 2, wind direction angle: 290.7, wind direction: WNW
2025-07-09 09:58:16 - ModbusReader - INFO - wind speed: 2.3 m/s, wind level: 2, wind direction angle: 290.7, wind direction: WNW
2025-07-09 09:58:47 - ModbusReader - INFO - wind speed: 1.0 m/s, wind level: 1, wind direction angle: 333.2, wind direction: NNW
2025-07-09 09:58:47 - ModbusReader - INFO - wind speed: 1.0 m/s, wind level: 1, wind direction angle: 333.2, wind direction: NNW
2025-07-09 09:59:18 - ModbusReader - INFO - wind speed: 1.6 m/s, wind level: 2, wind direction angle: 319.9, wind direction: WN
2025-07-09 09:59:18 - ModbusReader - INFO - wind speed: 1.6 m/s, wind level: 2, wind direction angle: 319.9, wind direction: WN
2025-07-09 09:59:49 - ModbusReader - INFO - wind speed: 1.1 m/s, wind level: 1, wind direction angle: 289.4, wind direction: WNW
2025-07-09 09:59:50 - ModbusReader - INFO - wind speed: 1.1 m/s, wind level: 1, wind direction angle: 289.4, wind direction: WNW
2025-07-09 10:00:20 - ModbusReader - INFO - wind speed: 1.5 m/s, wind level: 1, wind direction angle: 275.4, wind direction: W
2025-07-09 10:00:21 - ModbusReader - INFO - wind speed: 1.5 m/s, wind level: 1, wind direction angle: 275.4, wind direction: W
2025-07-09 10:00:51 - ModbusReader - INFO - wind speed: 2.3 m/s, wind level: 2, wind direction angle: 269.3, wind direction: W
2025-07-09 10:00:52 - ModbusReader - INFO - wind speed: 2.3 m/s, wind level: 2, wind direction angle: 269.3, wind direction: W
2025-07-09 10:01:23 - ModbusReader - INFO - wind speed: 2.2 m/s, wind level: 2, wind direction angle: 295.6, wind direction: WNW
2025-07-09 10:01:23 - ModbusReader - INFO - wind speed: 2.2 m/s, wind level: 2, wind direction angle: 295.6, wind direction: WNW
2025-07-09 10:01:54 - ModbusReader - INFO - wind speed: 1.3 m/s, wind level: 1, wind direction angle: 335.5, wind direction: NNW
2025-07-09 10:01:54 - ModbusReader - INFO - wind speed: 1.1 m/s, wind level: 1, wind direction angle: 290.9, wind direction: WNW
2025-07-09 10:02:25 - ModbusReader - INFO - wind speed: 1.6 m/s, wind level: 2, wind direction angle: 125.8, wind direction: ES
2025-07-09 10:02:26 - ModbusReader - INFO - wind speed: 1.6 m/s, wind level: 2, wind direction angle: 125.8, wind direction: ES
2025-07-09 10:02:56 - ModbusReader - INFO - wind speed: 1.6 m/s, wind level: 2, wind direction angle: 333.6, wind direction: NNW
2025-07-09 10:02:57 - ModbusReader - INFO - wind speed: 1.6 m/s, wind level: 2, wind direction angle: 333.6, wind direction: NNW
2025-07-09 10:03:27 - ModbusReader - INFO - wind speed: 1.3 m/s, wind level: 1, wind direction angle: 305.8, wind direction: WN
2025-07-09 10:03:28 - ModbusReader - INFO - wind speed: 1.3 m/s, wind level: 1, wind direction angle: 305.8, wind direction: WN
2025-07-09 10:03:59 - ModbusReader - INFO - wind speed: 1.1 m/s, wind level: 1, wind direction angle: 318.3, wind direction: WN
2025-07-09 10:03:59 - ModbusReader - INFO - wind speed: 1.1 m/s, wind level: 1, wind direction angle: 318.3, wind direction: WN
2025-07-09 10:04:30 - ModbusReader - INFO - wind speed: 2.2 m/s, wind level: 2, wind direction angle: 301.7, wind direction: WNW
2025-07-09 10:04:30 - ModbusReader - INFO - wind speed: 2.2 m/s, wind level: 2, wind direction angle: 301.7, wind direction: WNW
2025-07-09 10:05:01 - ModbusReader - INFO - wind speed: 2.1 m/s, wind level: 2, wind direction angle: 333.3, wind direction: NNW
2025-07-09 10:05:02 - ModbusReader - INFO - wind speed: 2.1 m/s, wind level: 2, wind direction angle: 333.3, wind direction: NNW
2025-07-09 10:05:32 - ModbusReader - INFO - wind speed: 2.2 m/s, wind level: 2, wind direction angle: 304.7, wind direction: WN
2025-07-09 10:05:33 - ModbusReader - INFO - wind speed: 2.2 m/s, wind level: 2, wind direction angle: 304.7, wind direction: WN
2025-07-09 10:06:03 - ModbusReader - INFO - wind speed: 1.5 m/s, wind level: 1, wind direction angle: 23.6, wind direction: NNE
2025-07-09 10:06:04 - ModbusReader - INFO - wind speed: 1.5 m/s, wind level: 1, wind direction angle: 23.6, wind direction: NNE
2025-07-09 10:06:35 - ModbusReader - INFO - wind speed: 1.2 m/s, wind level: 1, wind direction angle: 140.3, wind direction: ES
2025-07-09 10:06:35 - ModbusReader - INFO - wind speed: 1.2 m/s, wind level: 1, wind direction angle: 140.3, wind direction: ES
2025-07-09 10:07:06 - ModbusReader - INFO - wind speed: 3.7 m/s, wind level: 3, wind direction angle: 258.6, wind direction: WSW
2025-07-09 10:07:06 - ModbusReader - INFO - wind speed: 3.7 m/s, wind level: 3, wind direction angle: 258.6, wind direction: WSW
2025-07-09 10:07:37 - ModbusReader - INFO - wind speed: 0.9 m/s, wind level: 1, wind direction angle: 306.7, wind direction: WN
2025-07-09 10:07:38 - ModbusReader - INFO - wind speed: 0.9 m/s, wind level: 1, wind direction angle: 306.7, wind direction: WN
2025-07-09 10:08:08 - ModbusReader - INFO - wind speed: 1.0 m/s, wind level: 1, wind direction angle: 24.3, wind direction: NNE
2025-07-09 10:08:09 - ModbusReader - INFO - wind speed: 1.0 m/s, wind level: 1, wind direction angle: 24.3, wind direction: NNE
2025-07-09 10:08:39 - ModbusReader - INFO - wind speed: 1.3 m/s, wind level: 1, wind direction angle: 285.4, wind direction: WNW
2025-07-09 10:08:40 - ModbusReader - INFO - wind speed: 1.3 m/s, wind level: 1, wind direction angle: 285.4, wind direction: WNW
2025-07-09 10:09:11 - ModbusReader - INFO - wind speed: 1.3 m/s, wind level: 1, wind direction angle: 206.1, wind direction: SSW
2025-07-09 10:09:11 - ModbusReader - INFO - wind speed: 1.3 m/s, wind level: 1, wind direction angle: 206.1, wind direction: SSW
2025-07-09 10:09:42 - ModbusReader - INFO - wind speed: 1.6 m/s, wind level: 2, wind direction angle: 141.5, wind direction: ES
2025-07-09 10:09:42 - ModbusReader - INFO - wind speed: 1.6 m/s, wind level: 2, wind direction angle: 141.5, wind direction: ES
2025-07-09 10:10:13 - ModbusReader - INFO - wind speed: 0.9 m/s, wind level: 1, wind direction angle: 321.6, wind direction: WN
2025-07-09 10:10:14 - ModbusReader - INFO - wind speed: 0.9 m/s, wind level: 1, wind direction angle: 321.6, wind direction: WN
2025-07-09 10:10:44 - ModbusReader - INFO - wind speed: 1.0 m/s, wind level: 1, wind direction angle: 248.3, wind direction: WSW
2025-07-09 10:10:45 - ModbusReader - INFO - wind speed: 1.0 m/s, wind level: 1, wind direction angle: 248.3, wind direction: WSW
2025-07-09 10:11:15 - ModbusReader - INFO - wind speed: 2.1 m/s, wind level: 2, wind direction angle: 291.4, wind direction: WNW
2025-07-09 10:11:16 - ModbusReader - INFO - wind speed: 2.1 m/s, wind level: 2, wind direction angle: 291.4, wind direction: WNW
2025-07-09 10:11:47 - ModbusReader - INFO - wind speed: 1.1 m/s, wind level: 1, wind direction angle: 314.1, wind direction: WN
2025-07-09 10:11:47 - ModbusReader - INFO - wind speed: 1.1 m/s, wind level: 1, wind direction angle: 314.1, wind direction: WN
2025-07-09 10:12:18 - ModbusReader - INFO - wind speed: 1.3 m/s, wind level: 1, wind direction angle: 23.5, wind direction: NNE
2025-07-09 10:12:18 - ModbusReader - INFO - wind speed: 1.3 m/s, wind level: 1, wind direction angle: 23.5, wind direction: NNE
2025-07-09 10:12:49 - ModbusReader - INFO - wind speed: 1.7 m/s, wind level: 2, wind direction angle: 271.5, wind direction: W
2025-07-09 10:12:49 - ModbusReader - INFO - wind speed: 1.7 m/s, wind level: 2, wind direction angle: 271.5, wind direction: W
2025-07-09 10:13:20 - ModbusReader - INFO - wind speed: 1.8 m/s, wind level: 2, wind direction angle: 32.7, wind direction: NNE
2025-07-09 10:13:21 - ModbusReader - INFO - wind speed: 1.8 m/s, wind level: 2, wind direction angle: 32.7, wind direction: NNE
2025-07-09 10:13:51 - ModbusReader - INFO - wind speed: 2.0 m/s, wind level: 2, wind direction angle: 298.9, wind direction: WNW
2025-07-09 10:13:52 - ModbusReader - INFO - wind speed: 2.0 m/s, wind level: 2, wind direction angle: 298.9, wind direction: WNW
2025-07-09 10:14:22 - ModbusReader - INFO - wind speed: 0.8 m/s, wind level: 1, wind direction angle: 84.5, wind direction: E
2025-07-09 10:14:23 - ModbusReader - INFO - wind speed: 0.8 m/s, wind level: 1, wind direction angle: 84.5, wind direction: E
2025-07-09 10:14:54 - ModbusReader - INFO - wind speed: 2.1 m/s, wind level: 2, wind direction angle: 235.4, wind direction: WS
2025-07-09 10:14:54 - ModbusReader - INFO - wind speed: 2.1 m/s, wind level: 2, wind direction angle: 235.4, wind direction: WS
2025-07-09 10:15:25 - ModbusReader - INFO - wind speed: 2.0 m/s, wind level: 2, wind direction angle: 270.9, wind direction: W
2025-07-09 10:15:25 - ModbusReader - INFO - wind speed: 2.0 m/s, wind level: 2, wind direction angle: 270.9, wind direction: W
2025-07-09 10:15:56 - ModbusReader - INFO - wind speed: 2.3 m/s, wind level: 2, wind direction angle: 202.6, wind direction: SSW
2025-07-09 10:15:57 - ModbusReader - INFO - wind speed: 2.3 m/s, wind level: 2, wind direction angle: 202.6, wind direction: SSW
2025-07-09 10:16:27 - ModbusReader - INFO - wind speed: 0.9 m/s, wind level: 1, wind direction angle: 324.0, wind direction: WN
2025-07-09 10:16:28 - ModbusReader - INFO - wind speed: 0.9 m/s, wind level: 1, wind direction angle: 324.0, wind direction: WN
2025-07-09 10:16:59 - ModbusReader - INFO - wind speed: 1.0 m/s, wind level: 1, wind direction angle: 322.1, wind direction: WN
2025-07-09 10:16:59 - ModbusReader - INFO - wind speed: 1.0 m/s, wind level: 1, wind direction angle: 322.1, wind direction: WN
2025-07-09 10:17:30 - ModbusReader - INFO - wind speed: 0.5 m/s, wind level: 1, wind direction angle: 354.9, wind direction: N
2025-07-09 10:17:30 - ModbusReader - INFO - wind speed: 0.5 m/s, wind level: 1, wind direction angle: 354.9, wind direction: N
2025-07-09 10:18:01 - ModbusReader - INFO - wind speed: 0.7 m/s, wind level: 1, wind direction angle: 250.8, wind direction: WSW
2025-07-09 10:18:01 - ModbusReader - INFO - wind speed: 0.7 m/s, wind level: 1, wind direction angle: 250.8, wind direction: WSW
2025-07-09 10:18:32 - ModbusReader - INFO - wind speed: 0.8 m/s, wind level: 1, wind direction angle: 207.9, wind direction: SSW
2025-07-09 10:18:33 - ModbusReader - INFO - wind speed: 0.8 m/s, wind level: 1, wind direction angle: 207.9, wind direction: SSW
2025-07-09 10:19:03 - ModbusReader - INFO - wind speed: 0.7 m/s, wind level: 1, wind direction angle: 322.3, wind direction: WN
2025-07-09 10:19:04 - ModbusReader - INFO - wind speed: 0.7 m/s, wind level: 1, wind direction angle: 322.3, wind direction: WN
2025-07-09 10:19:34 - ModbusReader - INFO - wind speed: 0.5 m/s, wind level: 1, wind direction angle: 161.3, wind direction: SSE
2025-07-09 10:19:35 - ModbusReader - INFO - wind speed: 0.5 m/s, wind level: 1, wind direction angle: 161.3, wind direction: SSE
2025-07-09 10:20:06 - ModbusReader - INFO - wind speed: 0.9 m/s, wind level: 1, wind direction angle: 309.2, wind direction: WN
2025-07-09 10:20:06 - ModbusReader - INFO - wind speed: 0.9 m/s, wind level: 1, wind direction angle: 309.2, wind direction: WN
2025-07-09 10:20:37 - ModbusReader - INFO - wind speed: 0.7 m/s, wind level: 1, wind direction angle: 136.3, wind direction: ES
2025-07-09 10:20:37 - ModbusReader - INFO - wind speed: 0.7 m/s, wind level: 1, wind direction angle: 136.3, wind direction: ES
2025-07-09 10:21:08 - ModbusReader - INFO - wind speed: 1.2 m/s, wind level: 1, wind direction angle: 331.7, wind direction: NNW
2025-07-09 10:21:09 - ModbusReader - INFO - wind speed: 1.2 m/s, wind level: 1, wind direction angle: 331.7, wind direction: NNW
2025-07-09 10:21:39 - ModbusReader - INFO - wind speed: 1.1 m/s, wind level: 1, wind direction angle: 341.5, wind direction: NNW
2025-07-09 10:21:40 - ModbusReader - INFO - wind speed: 1.1 m/s, wind level: 1, wind direction angle: 341.5, wind direction: NNW
2025-07-09 10:22:10 - ModbusReader - INFO - wind speed: 1.5 m/s, wind level: 1, wind direction angle: 208.2, wind direction: SSW
2025-07-09 10:22:11 - ModbusReader - INFO - wind speed: 1.5 m/s, wind level: 1, wind direction angle: 208.2, wind direction: SSW
2025-07-09 10:22:42 - ModbusReader - INFO - wind speed: 0.9 m/s, wind level: 1, wind direction angle: 275.7, wind direction: W
2025-07-09 10:22:42 - ModbusReader - INFO - wind speed: 0.9 m/s, wind level: 1, wind direction angle: 275.7, wind direction: W
2025-07-09 10:23:13 - ModbusReader - INFO - wind speed: 1.1 m/s, wind level: 1, wind direction angle: 298.8, wind direction: WNW
2025-07-09 10:23:13 - ModbusReader - INFO - wind speed: 1.1 m/s, wind level: 1, wind direction angle: 298.8, wind direction: WNW
2025-07-09 10:23:44 - ModbusReader - INFO - wind speed: 1.1 m/s, wind level: 1, wind direction angle: 284.3, wind direction: WNW
2025-07-09 10:23:45 - ModbusReader - INFO - wind speed: 1.1 m/s, wind level: 1, wind direction angle: 284.3, wind direction: WNW
2025-07-09 10:24:15 - ModbusReader - INFO - wind speed: 0.7 m/s, wind level: 1, wind direction angle: 163.4, wind direction: SSE
2025-07-09 10:24:16 - ModbusReader - INFO - wind speed: 0.7 m/s, wind level: 1, wind direction angle: 163.4, wind direction: SSE
2025-07-09 10:24:46 - ModbusReader - INFO - wind speed: 0.0 m/s, wind level: 0, wind direction angle: 237.1, wind direction: WSW
2025-07-09 10:24:47 - ModbusReader - INFO - wind speed: 0.0 m/s, wind level: 0, wind direction angle: 237.1, wind direction: WSW
2025-07-09 10:25:18 - ModbusReader - INFO - wind speed: 1.0 m/s, wind level: 1, wind direction angle: 339.5, wind direction: NNW
2025-07-09 10:25:18 - ModbusReader - INFO - wind speed: 1.0 m/s, wind level: 1, wind direction angle: 339.5, wind direction: NNW
2025-07-09 10:25:49 - ModbusReader - INFO - wind speed: 1.2 m/s, wind level: 1, wind direction angle: 306.0, wind direction: WN
2025-07-09 10:25:49 - ModbusReader - INFO - wind speed: 1.2 m/s, wind level: 1, wind direction angle: 306.0, wind direction: WN
2025-07-09 10:26:20 - ModbusReader - INFO - wind speed: 1.1 m/s, wind level: 1, wind direction angle: 19.5, wind direction: NNE
2025-07-09 10:26:21 - ModbusReader - INFO - wind speed: 1.1 m/s, wind level: 1, wind direction angle: 19.5, wind direction: NNE
2025-07-09 10:26:51 - ModbusReader - INFO - wind speed: 0.8 m/s, wind level: 1, wind direction angle: 344.0, wind direction: NNW
2025-07-09 10:26:52 - ModbusReader - INFO - wind speed: 0.8 m/s, wind level: 1, wind direction angle: 344.0, wind direction: NNW
2025-07-09 10:27:22 - ModbusReader - INFO - wind speed: 1.3 m/s, wind level: 1, wind direction angle: 256.5, wind direction: WSW
2025-07-09 10:27:23 - ModbusReader - INFO - wind speed: 1.3 m/s, wind level: 1, wind direction angle: 256.5, wind direction: WSW
2025-07-09 10:27:54 - ModbusReader - INFO - wind speed: 0.8 m/s, wind level: 1, wind direction angle: 270.8, wind direction: W
2025-07-09 10:27:54 - ModbusReader - INFO - wind speed: 0.8 m/s, wind level: 1, wind direction angle: 270.8, wind direction: W
2025-07-09 10:28:25 - ModbusReader - INFO - wind speed: 0.6 m/s, wind level: 1, wind direction angle: 299.3, wind direction: WNW
2025-07-09 10:28:25 - ModbusReader - INFO - wind speed: 0.6 m/s, wind level: 1, wind direction angle: 299.3, wind direction: WNW
2025-07-09 10:28:56 - ModbusReader - INFO - wind speed: 1.6 m/s, wind level: 2, wind direction angle: 314.1, wind direction: WN
2025-07-09 10:28:57 - ModbusReader - INFO - wind speed: 1.6 m/s, wind level: 2, wind direction angle: 314.1, wind direction: WN
2025-07-09 10:29:27 - ModbusReader - INFO - wind speed: 0.7 m/s, wind level: 1, wind direction angle: 347.2, wind direction: NNW
2025-07-09 10:29:28 - ModbusReader - INFO - wind speed: 0.7 m/s, wind level: 1, wind direction angle: 347.2, wind direction: NNW
2025-07-09 10:29:58 - ModbusReader - INFO - wind speed: 0.4 m/s, wind level: 1, wind direction angle: 25.9, wind direction: NNE
2025-07-09 10:29:59 - ModbusReader - INFO - wind speed: 0.4 m/s, wind level: 1, wind direction angle: 25.9, wind direction: NNE
2025-07-09 10:30:30 - ModbusReader - INFO - wind speed: 1.1 m/s, wind level: 1, wind direction angle: 224.2, wind direction: WS
2025-07-09 10:30:30 - ModbusReader - INFO - wind speed: 1.1 m/s, wind level: 1, wind direction angle: 224.2, wind direction: WS
2025-07-09 10:31:01 - ModbusReader - INFO - wind speed: 1.4 m/s, wind level: 1, wind direction angle: 15.8, wind direction: NNE
2025-07-09 10:31:01 - ModbusReader - INFO - wind speed: 1.4 m/s, wind level: 1, wind direction angle: 15.8, wind direction: NNE
2025-07-09 10:31:32 - ModbusReader - INFO - wind speed: 1.9 m/s, wind level: 2, wind direction angle: 349.5, wind direction: N
2025-07-09 10:31:33 - ModbusReader - INFO - wind speed: 1.9 m/s, wind level: 2, wind direction angle: 349.5, wind direction: N
2025-07-09 10:32:03 - ModbusReader - INFO - wind speed: 1.6 m/s, wind level: 2, wind direction angle: 289.8, wind direction: WNW
2025-07-09 10:32:04 - ModbusReader - INFO - wind speed: 1.6 m/s, wind level: 2, wind direction angle: 289.8, wind direction: WNW
2025-07-09 10:32:34 - ModbusReader - INFO - wind speed: 1.0 m/s, wind level: 1, wind direction angle: 126.3, wind direction: ES
2025-07-09 10:32:35 - ModbusReader - INFO - wind speed: 1.0 m/s, wind level: 1, wind direction angle: 126.3, wind direction: ES
2025-07-09 10:33:06 - ModbusReader - INFO - wind speed: 1.9 m/s, wind level: 2, wind direction angle: 308.7, wind direction: WN
2025-07-09 10:33:06 - ModbusReader - INFO - wind speed: 1.9 m/s, wind level: 2, wind direction angle: 308.7, wind direction: WN
2025-07-09 10:33:37 - ModbusReader - INFO - wind speed: 1.4 m/s, wind level: 1, wind direction angle: 29.7, wind direction: NNE
2025-07-09 10:33:37 - ModbusReader - INFO - wind speed: 1.4 m/s, wind level: 1, wind direction angle: 29.7, wind direction: NNE
2025-07-09 10:34:08 - ModbusReader - INFO - wind speed: 1.4 m/s, wind level: 1, wind direction angle: 305.2, wind direction: WN
2025-07-09 10:34:09 - ModbusReader - INFO - wind speed: 1.4 m/s, wind level: 1, wind direction angle: 305.2, wind direction: WN
2025-07-09 10:34:39 - ModbusReader - INFO - wind speed: 1.1 m/s, wind level: 1, wind direction angle: 275.3, wind direction: W
2025-07-09 10:34:40 - ModbusReader - INFO - wind speed: 1.1 m/s, wind level: 1, wind direction angle: 275.3, wind direction: W
2025-07-09 10:35:10 - ModbusReader - INFO - wind speed: 0.9 m/s, wind level: 1, wind direction angle: 347.6, wind direction: NNW
2025-07-09 10:35:11 - ModbusReader - INFO - wind speed: 0.9 m/s, wind level: 1, wind direction angle: 347.6, wind direction: NNW
2025-07-09 10:35:42 - ModbusReader - INFO - wind speed: 0.7 m/s, wind level: 1, wind direction angle: 26.0, wind direction: NNE
2025-07-09 10:35:42 - ModbusReader - INFO - wind speed: 0.7 m/s, wind level: 1, wind direction angle: 26.0, wind direction: NNE
2025-07-09 10:36:13 - ModbusReader - INFO - wind speed: 0.9 m/s, wind level: 1, wind direction angle: 333.4, wind direction: NNW
2025-07-09 10:36:13 - ModbusReader - INFO - wind speed: 0.9 m/s, wind level: 1, wind direction angle: 333.4, wind direction: NNW
2025-07-09 10:36:44 - ModbusReader - INFO - wind speed: 1.1 m/s, wind level: 1, wind direction angle: 281.7, wind direction: WNW
2025-07-09 10:36:45 - ModbusReader - INFO - wind speed: 1.1 m/s, wind level: 1, wind direction angle: 281.7, wind direction: WNW
2025-07-09 10:37:15 - ModbusReader - INFO - wind speed: 1.2 m/s, wind level: 1, wind direction angle: 292.5, wind direction: WNW
2025-07-09 10:37:16 - ModbusReader - INFO - wind speed: 1.2 m/s, wind level: 1, wind direction angle: 292.5, wind direction: WNW
2025-07-09 10:37:46 - ModbusReader - INFO - wind speed: 1.1 m/s, wind level: 1, wind direction angle: 114.1, wind direction: ESE
2025-07-09 10:37:47 - ModbusReader - INFO - wind speed: 1.1 m/s, wind level: 1, wind direction angle: 114.1, wind direction: ESE
2025-07-09 10:38:18 - ModbusReader - INFO - wind speed: 1.4 m/s, wind level: 1, wind direction angle: 68.6, wind direction: ENE
2025-07-09 10:38:18 - ModbusReader - INFO - wind speed: 1.4 m/s, wind level: 1, wind direction angle: 68.6, wind direction: ENE
2025-07-09 10:38:49 - ModbusReader - INFO - wind speed: 2.2 m/s, wind level: 2, wind direction angle: 296.4, wind direction: WNW
2025-07-09 10:38:49 - ModbusReader - INFO - wind speed: 2.2 m/s, wind level: 2, wind direction angle: 296.4, wind direction: WNW
2025-07-09 10:39:20 - ModbusReader - INFO - wind speed: 1.2 m/s, wind level: 1, wind direction angle: 253.7, wind direction: WSW
2025-07-09 10:39:21 - ModbusReader - INFO - wind speed: 1.2 m/s, wind level: 1, wind direction angle: 253.7, wind direction: WSW
2025-07-09 10:39:51 - ModbusReader - INFO - wind speed: 1.5 m/s, wind level: 1, wind direction angle: 59.4, wind direction: ENE
2025-07-09 10:39:52 - ModbusReader - INFO - wind speed: 1.5 m/s, wind level: 1, wind direction angle: 59.4, wind direction: ENE
2025-07-09 10:40:22 - ModbusReader - INFO - wind speed: 1.0 m/s, wind level: 1, wind direction angle: 70.0, wind direction: ENE
2025-07-09 10:40:23 - ModbusReader - INFO - wind speed: 1.0 m/s, wind level: 1, wind direction angle: 70.0, wind direction: ENE
2025-07-09 10:40:54 - ModbusReader - INFO - wind speed: 0.9 m/s, wind level: 1, wind direction angle: 296.4, wind direction: WNW
2025-07-09 10:40:54 - ModbusReader - INFO - wind speed: 0.9 m/s, wind level: 1, wind direction angle: 296.4, wind direction: WNW
2025-07-09 10:41:25 - ModbusReader - INFO - wind speed: 1.1 m/s, wind level: 1, wind direction angle: 227.8, wind direction: WS
2025-07-09 10:41:25 - ModbusReader - INFO - wind speed: 1.1 m/s, wind level: 1, wind direction angle: 227.8, wind direction: WS
2025-07-09 10:41:56 - ModbusReader - INFO - wind speed: 0.6 m/s, wind level: 1, wind direction angle: 241.7, wind direction: WSW
2025-07-09 10:41:57 - ModbusReader - INFO - wind speed: 0.6 m/s, wind level: 1, wind direction angle: 241.7, wind direction: WSW
2025-07-09 10:42:27 - ModbusReader - INFO - wind speed: 0.9 m/s, wind level: 1, wind direction angle: 154.8, wind direction: SSE
2025-07-09 10:42:28 - ModbusReader - INFO - wind speed: 0.9 m/s, wind level: 1, wind direction angle: 154.8, wind direction: SSE
2025-07-09 10:42:58 - ModbusReader - INFO - wind speed: 0.6 m/s, wind level: 1, wind direction angle: 311.4, wind direction: WN
2025-07-09 10:42:59 - ModbusReader - INFO - wind speed: 0.6 m/s, wind level: 1, wind direction angle: 311.4, wind direction: WN
2025-07-09 10:43:30 - ModbusReader - INFO - wind speed: 0.9 m/s, wind level: 1, wind direction angle: 296.0, wind direction: WNW
2025-07-09 10:43:30 - ModbusReader - INFO - wind speed: 0.9 m/s, wind level: 1, wind direction angle: 296.0, wind direction: WNW
2025-07-09 10:44:01 - ModbusReader - INFO - wind speed: 0.7 m/s, wind level: 1, wind direction angle: 252.0, wind direction: WSW
2025-07-09 10:44:01 - ModbusReader - INFO - wind speed: 0.7 m/s, wind level: 1, wind direction angle: 252.0, wind direction: WSW
2025-07-09 10:44:32 - ModbusReader - INFO - wind speed: 0.6 m/s, wind level: 1, wind direction angle: 158.6, wind direction: SSE
2025-07-09 10:44:33 - ModbusReader - INFO - wind speed: 0.6 m/s, wind level: 1, wind direction angle: 158.6, wind direction: SSE
2025-07-09 10:45:03 - ModbusReader - INFO - wind speed: 1.4 m/s, wind level: 1, wind direction angle: 176.9, wind direction: S
2025-07-09 10:45:04 - ModbusReader - INFO - wind speed: 1.4 m/s, wind level: 1, wind direction angle: 176.9, wind direction: S
2025-07-09 10:45:34 - ModbusReader - INFO - wind speed: 1.0 m/s, wind level: 1, wind direction angle: 314.8, wind direction: WN
2025-07-09 10:45:35 - ModbusReader - INFO - wind speed: 1.0 m/s, wind level: 1, wind direction angle: 314.8, wind direction: WN
2025-07-09 10:46:06 - ModbusReader - INFO - wind speed: 1.1 m/s, wind level: 1, wind direction angle: 304.8, wind direction: WN
2025-07-09 10:46:06 - ModbusReader - INFO - wind speed: 1.1 m/s, wind level: 1, wind direction angle: 304.8, wind direction: WN
2025-07-09 10:46:37 - ModbusReader - INFO - wind speed: 1.5 m/s, wind level: 1, wind direction angle: 283.3, wind direction: WNW
2025-07-09 10:46:37 - ModbusReader - INFO - wind speed: 1.5 m/s, wind level: 1, wind direction angle: 283.3, wind direction: WNW
2025-07-09 10:47:08 - ModbusReader - INFO - wind speed: 0.9 m/s, wind level: 1, wind direction angle: 249.7, wind direction: WSW
2025-07-09 10:47:09 - ModbusReader - INFO - wind speed: 0.9 m/s, wind level: 1, wind direction angle: 249.7, wind direction: WSW
2025-07-09 10:47:39 - ModbusReader - INFO - wind speed: 1.4 m/s, wind level: 1, wind direction angle: 279.9, wind direction: W
2025-07-09 10:47:40 - ModbusReader - INFO - wind speed: 1.4 m/s, wind level: 1, wind direction angle: 279.9, wind direction: W
2025-07-09 10:48:10 - ModbusReader - INFO - wind speed: 2.0 m/s, wind level: 2, wind direction angle: 262.7, wind direction: W
2025-07-09 10:48:11 - ModbusReader - INFO - wind speed: 2.0 m/s, wind level: 2, wind direction angle: 262.7, wind direction: W
2025-07-09 10:48:42 - ModbusReader - INFO - wind speed: 1.3 m/s, wind level: 1, wind direction angle: 292.6, wind direction: WNW
2025-07-09 10:48:42 - ModbusReader - INFO - wind speed: 1.3 m/s, wind level: 1, wind direction angle: 292.6, wind direction: WNW
2025-07-09 10:49:13 - ModbusReader - INFO - wind speed: 1.6 m/s, wind level: 2, wind direction angle: 316.3, wind direction: WN
2025-07-09 10:49:13 - ModbusReader - INFO - wind speed: 1.6 m/s, wind level: 2, wind direction angle: 316.3, wind direction: WN
2025-07-09 10:49:44 - ModbusReader - INFO - wind speed: 1.0 m/s, wind level: 1, wind direction angle: 6.5, wind direction: N
2025-07-09 10:49:45 - ModbusReader - INFO - wind speed: 1.0 m/s, wind level: 1, wind direction angle: 6.5, wind direction: N
2025-07-09 10:50:15 - ModbusReader - INFO - wind speed: 0.9 m/s, wind level: 1, wind direction angle: 272.2, wind direction: W
2025-07-09 10:50:16 - ModbusReader - INFO - wind speed: 0.9 m/s, wind level: 1, wind direction angle: 272.2, wind direction: W
2025-07-09 10:50:46 - ModbusReader - INFO - wind speed: 1.6 m/s, wind level: 2, wind direction angle: 345.8, wind direction: NNW
2025-07-09 10:50:47 - ModbusReader - INFO - wind speed: 1.6 m/s, wind level: 2, wind direction angle: 345.8, wind direction: NNW
2025-07-09 10:51:18 - ModbusReader - INFO - wind speed: 1.6 m/s, wind level: 2, wind direction angle: 312.9, wind direction: WN
2025-07-09 10:51:18 - ModbusReader - INFO - wind speed: 1.6 m/s, wind level: 2, wind direction angle: 312.9, wind direction: WN
2025-07-09 10:51:49 - ModbusReader - INFO - wind speed: 0.9 m/s, wind level: 1, wind direction angle: 155.9, wind direction: SSE
2025-07-09 10:51:49 - ModbusReader - INFO - wind speed: 0.9 m/s, wind level: 1, wind direction angle: 155.9, wind direction: SSE
2025-07-09 10:52:20 - ModbusReader - INFO - wind speed: 0.5 m/s, wind level: 1, wind direction angle: 269.4, wind direction: W
2025-07-09 10:52:21 - ModbusReader - INFO - wind speed: 0.7 m/s, wind level: 1, wind direction angle: 307.1, wind direction: WN
2025-07-09 10:52:51 - ModbusReader - INFO - wind speed: 1.2 m/s, wind level: 1, wind direction angle: 221.4, wind direction: WS
2025-07-09 10:52:52 - ModbusReader - INFO - wind speed: 1.2 m/s, wind level: 1, wind direction angle: 221.4, wind direction: WS
2025-07-09 10:53:22 - ModbusReader - INFO - wind speed: 0.7 m/s, wind level: 1, wind direction angle: 302.9, wind direction: WNW
2025-07-09 10:53:23 - ModbusReader - INFO - wind speed: 0.7 m/s, wind level: 1, wind direction angle: 302.9, wind direction: WNW
2025-07-09 10:53:54 - ModbusReader - INFO - wind speed: 0.5 m/s, wind level: 1, wind direction angle: 195.7, wind direction: SSW
2025-07-09 10:53:54 - ModbusReader - INFO - wind speed: 0.5 m/s, wind level: 1, wind direction angle: 195.7, wind direction: SSW
2025-07-09 10:54:25 - ModbusReader - INFO - wind speed: 0.6 m/s, wind level: 1, wind direction angle: 232.4, wind direction: WS
2025-07-09 10:54:25 - ModbusReader - INFO - wind speed: 0.6 m/s, wind level: 1, wind direction angle: 232.4, wind direction: WS
2025-07-09 10:54:56 - ModbusReader - INFO - wind speed: 1.0 m/s, wind level: 1, wind direction angle: 266.7, wind direction: W
2025-07-09 10:54:57 - ModbusReader - INFO - wind speed: 1.0 m/s, wind level: 1, wind direction angle: 266.7, wind direction: W
2025-07-09 10:55:27 - ModbusReader - INFO - wind speed: 2.0 m/s, wind level: 2, wind direction angle: 274.8, wind direction: W
2025-07-09 10:55:28 - ModbusReader - INFO - wind speed: 2.0 m/s, wind level: 2, wind direction angle: 274.8, wind direction: W
2025-07-09 10:55:58 - ModbusReader - INFO - wind speed: 1.1 m/s, wind level: 1, wind direction angle: 124.9, wind direction: ES
2025-07-09 10:55:59 - ModbusReader - INFO - wind speed: 1.1 m/s, wind level: 1, wind direction angle: 124.9, wind direction: ES
2025-07-09 10:56:30 - ModbusReader - INFO - wind speed: 0.5 m/s, wind level: 1, wind direction angle: 270.4, wind direction: W
2025-07-09 10:56:30 - ModbusReader - INFO - wind speed: 0.5 m/s, wind level: 1, wind direction angle: 270.4, wind direction: W
2025-07-09 10:57:01 - ModbusReader - INFO - wind speed: 0.1 m/s, wind level: 0, wind direction angle: 234.2, wind direction: WS
2025-07-09 10:57:01 - ModbusReader - INFO - wind speed: 0.1 m/s, wind level: 0, wind direction angle: 234.2, wind direction: WS
2025-07-09 10:57:32 - ModbusReader - INFO - wind speed: 1.6 m/s, wind level: 2, wind direction angle: 281.3, wind direction: WNW
2025-07-09 10:57:33 - ModbusReader - INFO - wind speed: 1.6 m/s, wind level: 2, wind direction angle: 281.3, wind direction: WNW
2025-07-09 10:58:03 - ModbusReader - INFO - wind speed: 0.8 m/s, wind level: 1, wind direction angle: 351.2, wind direction: N
2025-07-09 10:58:04 - ModbusReader - INFO - wind speed: 0.8 m/s, wind level: 1, wind direction angle: 351.2, wind direction: N
2025-07-09 10:58:34 - ModbusReader - INFO - wind speed: 1.2 m/s, wind level: 1, wind direction angle: 111.1, wind direction: ESE
2025-07-09 10:58:35 - ModbusReader - INFO - wind speed: 1.2 m/s, wind level: 1, wind direction angle: 111.1, wind direction: ESE
2025-07-09 10:59:06 - ModbusReader - INFO - wind speed: 1.5 m/s, wind level: 1, wind direction angle: 271.5, wind direction: W
2025-07-09 10:59:06 - ModbusReader - INFO - wind speed: 1.5 m/s, wind level: 1, wind direction angle: 271.5, wind direction: W
2025-07-09 10:59:37 - ModbusReader - INFO - wind speed: 0.9 m/s, wind level: 1, wind direction angle: 316.1, wind direction: WN
2025-07-09 10:59:37 - ModbusReader - INFO - wind speed: 0.8 m/s, wind level: 1, wind direction angle: 271.7, wind direction: W
2025-07-09 11:00:08 - ModbusReader - INFO - wind speed: 1.8 m/s, wind level: 2, wind direction angle: 77.0, wind direction: ENE
2025-07-09 11:00:09 - ModbusReader - INFO - wind speed: 1.8 m/s, wind level: 2, wind direction angle: 77.0, wind direction: ENE
2025-07-09 11:00:39 - ModbusReader - INFO - wind speed: 1.5 m/s, wind level: 1, wind direction angle: 252.5, wind direction: WSW
2025-07-09 11:00:40 - ModbusReader - INFO - wind speed: 1.5 m/s, wind level: 1, wind direction angle: 252.5, wind direction: WSW
2025-07-09 11:01:10 - ModbusReader - INFO - wind speed: 0.9 m/s, wind level: 1, wind direction angle: 24.2, wind direction: NNE
2025-07-09 11:01:11 - ModbusReader - INFO - wind speed: 0.9 m/s, wind level: 1, wind direction angle: 24.2, wind direction: NNE
2025-07-09 11:01:42 - ModbusReader - INFO - wind speed: 0.7 m/s, wind level: 1, wind direction angle: 297.5, wind direction: WNW
2025-07-09 11:01:42 - ModbusReader - INFO - wind speed: 0.7 m/s, wind level: 1, wind direction angle: 297.5, wind direction: WNW
2025-07-09 11:02:13 - ModbusReader - INFO - wind speed: 0.6 m/s, wind level: 1, wind direction angle: 126.6, wind direction: ES
2025-07-09 11:02:13 - ModbusReader - INFO - wind speed: 0.6 m/s, wind level: 1, wind direction angle: 126.6, wind direction: ES
2025-07-09 11:02:44 - ModbusReader - INFO - wind speed: 1.0 m/s, wind level: 1, wind direction angle: 358.4, wind direction: N
2025-07-09 11:02:45 - ModbusReader - INFO - wind speed: 1.0 m/s, wind level: 1, wind direction angle: 358.4, wind direction: N
2025-07-09 11:03:15 - ModbusReader - INFO - wind speed: 1.0 m/s, wind level: 1, wind direction angle: 283.7, wind direction: WNW
2025-07-09 11:03:16 - ModbusReader - INFO - wind speed: 1.0 m/s, wind level: 1, wind direction angle: 283.7, wind direction: WNW
2025-07-09 11:03:46 - ModbusReader - INFO - wind speed: 1.5 m/s, wind level: 1, wind direction angle: 351.6, wind direction: N
2025-07-09 11:03:47 - ModbusReader - INFO - wind speed: 1.5 m/s, wind level: 1, wind direction angle: 351.6, wind direction: N
2025-07-09 11:04:18 - ModbusReader - INFO - wind speed: 0.9 m/s, wind level: 1, wind direction angle: 31.0, wind direction: NNE
2025-07-09 11:04:18 - ModbusReader - INFO - wind speed: 0.9 m/s, wind level: 1, wind direction angle: 31.0, wind direction: NNE
2025-07-09 11:04:49 - ModbusReader - INFO - wind speed: 1.5 m/s, wind level: 1, wind direction angle: 286.3, wind direction: WNW
2025-07-09 11:04:49 - ModbusReader - INFO - wind speed: 1.5 m/s, wind level: 1, wind direction angle: 286.3, wind direction: WNW
2025-07-09 11:05:20 - ModbusReader - INFO - wind speed: 2.1 m/s, wind level: 2, wind direction angle: 202.5, wind direction: SSW
2025-07-09 11:05:21 - ModbusReader - INFO - wind speed: 2.1 m/s, wind level: 2, wind direction angle: 202.5, wind direction: SSW
2025-07-09 11:05:51 - ModbusReader - INFO - wind speed: 1.3 m/s, wind level: 1, wind direction angle: 352.6, wind direction: N
2025-07-09 11:05:52 - ModbusReader - INFO - wind speed: 1.3 m/s, wind level: 1, wind direction angle: 352.6, wind direction: N
2025-07-09 11:06:22 - ModbusReader - INFO - wind speed: 0.6 m/s, wind level: 1, wind direction angle: 242.3, wind direction: WSW
2025-07-09 11:06:23 - ModbusReader - INFO - wind speed: 0.6 m/s, wind level: 1, wind direction angle: 242.3, wind direction: WSW
2025-07-09 11:06:54 - ModbusReader - INFO - wind speed: 1.0 m/s, wind level: 1, wind direction angle: 94.3, wind direction: E
2025-07-09 11:06:54 - ModbusReader - INFO - wind speed: 0.8 m/s, wind level: 1, wind direction angle: 35.1, wind direction: EN
2025-07-09 11:07:25 - ModbusReader - INFO - wind speed: 0.9 m/s, wind level: 1, wind direction angle: 24.6, wind direction: NNE
2025-07-09 11:07:25 - ModbusReader - INFO - wind speed: 0.9 m/s, wind level: 1, wind direction angle: 24.6, wind direction: NNE
2025-07-09 11:07:56 - ModbusReader - INFO - wind speed: 0.8 m/s, wind level: 1, wind direction angle: 71.4, wind direction: ENE
2025-07-09 11:07:57 - ModbusReader - INFO - wind speed: 0.8 m/s, wind level: 1, wind direction angle: 71.4, wind direction: ENE
2025-07-09 11:08:27 - ModbusReader - INFO - wind speed: 0.6 m/s, wind level: 1, wind direction angle: 188.4, wind direction: S
2025-07-09 11:08:28 - ModbusReader - INFO - wind speed: 0.6 m/s, wind level: 1, wind direction angle: 188.4, wind direction: S
2025-07-09 11:08:58 - ModbusReader - INFO - wind speed: 1.7 m/s, wind level: 2, wind direction angle: 42.8, wind direction: EN
2025-07-09 11:08:59 - ModbusReader - INFO - wind speed: 1.7 m/s, wind level: 2, wind direction angle: 42.8, wind direction: EN
2025-07-09 11:09:30 - ModbusReader - INFO - wind speed: 0.7 m/s, wind level: 1, wind direction angle: 56.0, wind direction: EN
2025-07-09 11:09:30 - ModbusReader - INFO - wind speed: 0.7 m/s, wind level: 1, wind direction angle: 56.0, wind direction: EN
2025-07-09 11:10:01 - ModbusReader - INFO - wind speed: 1.2 m/s, wind level: 1, wind direction angle: 170.0, wind direction: S
2025-07-09 11:10:01 - ModbusReader - INFO - wind speed: 1.2 m/s, wind level: 1, wind direction angle: 170.0, wind direction: S
2025-07-09 11:10:32 - ModbusReader - INFO - wind speed: 1.3 m/s, wind level: 1, wind direction angle: 174.3, wind direction: S
2025-07-09 11:10:33 - ModbusReader - INFO - wind speed: 1.3 m/s, wind level: 1, wind direction angle: 174.3, wind direction: S
2025-07-09 11:11:03 - ModbusReader - INFO - wind speed: 0.7 m/s, wind level: 1, wind direction angle: 200.9, wind direction: SSW
2025-07-09 11:11:04 - ModbusReader - INFO - wind speed: 0.7 m/s, wind level: 1, wind direction angle: 200.9, wind direction: SSW
2025-07-09 11:11:34 - ModbusReader - INFO - wind speed: 0.7 m/s, wind level: 1, wind direction angle: 303.1, wind direction: WNW
2025-07-09 11:11:35 - ModbusReader - INFO - wind speed: 0.7 m/s, wind level: 1, wind direction angle: 303.1, wind direction: WNW
2025-07-09 11:12:06 - ModbusReader - INFO - wind speed: 1.2 m/s, wind level: 1, wind direction angle: 310.9, wind direction: WN
2025-07-09 11:12:06 - ModbusReader - INFO - wind speed: 1.2 m/s, wind level: 1, wind direction angle: 310.9, wind direction: WN
2025-07-09 11:12:37 - ModbusReader - INFO - wind speed: 0.8 m/s, wind level: 1, wind direction angle: 227.1, wind direction: WS
2025-07-09 11:12:37 - ModbusReader - INFO - wind speed: 0.8 m/s, wind level: 1, wind direction angle: 227.1, wind direction: WS
2025-07-09 11:13:08 - ModbusReader - INFO - wind speed: 1.6 m/s, wind level: 2, wind direction angle: 311.3, wind direction: WN
2025-07-09 11:13:09 - ModbusReader - INFO - wind speed: 1.6 m/s, wind level: 2, wind direction angle: 311.3, wind direction: WN
2025-07-09 11:13:39 - ModbusReader - INFO - wind speed: 1.5 m/s, wind level: 1, wind direction angle: 333.7, wind direction: NNW
2025-07-09 11:13:40 - ModbusReader - INFO - wind speed: 1.5 m/s, wind level: 1, wind direction angle: 333.7, wind direction: NNW
2025-07-09 11:14:10 - ModbusReader - INFO - wind speed: 1.6 m/s, wind level: 2, wind direction angle: 51.8, wind direction: EN
2025-07-09 11:14:11 - ModbusReader - INFO - wind speed: 1.6 m/s, wind level: 2, wind direction angle: 313.0, wind direction: WN
2025-07-09 11:14:42 - ModbusReader - INFO - wind speed: 0.8 m/s, wind level: 1, wind direction angle: 295.9, wind direction: WNW
2025-07-09 11:14:42 - ModbusReader - INFO - wind speed: 0.8 m/s, wind level: 1, wind direction angle: 295.9, wind direction: WNW
2025-07-09 11:15:13 - ModbusReader - INFO - wind speed: 2.0 m/s, wind level: 2, wind direction angle: 321.6, wind direction: WN
2025-07-09 11:15:13 - ModbusReader - INFO - wind speed: 2.0 m/s, wind level: 2, wind direction angle: 321.6, wind direction: WN
2025-07-09 11:15:44 - ModbusReader - INFO - wind speed: 1.2 m/s, wind level: 1, wind direction angle: 7.8, wind direction: N
2025-07-09 11:15:45 - ModbusReader - INFO - wind speed: 1.2 m/s, wind level: 1, wind direction angle: 7.8, wind direction: N
2025-07-09 11:16:15 - ModbusReader - INFO - wind speed: 1.3 m/s, wind level: 1, wind direction angle: 175.1, wind direction: S
2025-07-09 11:16:16 - ModbusReader - INFO - wind speed: 1.3 m/s, wind level: 1, wind direction angle: 175.1, wind direction: S
2025-07-09 11:16:46 - ModbusReader - INFO - wind speed: 0.9 m/s, wind level: 1, wind direction angle: 332.4, wind direction: NNW
2025-07-09 11:16:47 - ModbusReader - INFO - wind speed: 0.9 m/s, wind level: 1, wind direction angle: 332.4, wind direction: NNW
2025-07-09 11:17:18 - ModbusReader - INFO - wind speed: 0.6 m/s, wind level: 1, wind direction angle: 91.5, wind direction: E
2025-07-09 11:17:18 - ModbusReader - INFO - wind speed: 0.6 m/s, wind level: 1, wind direction angle: 91.5, wind direction: E
2025-07-09 11:17:49 - ModbusReader - INFO - wind speed: 0.5 m/s, wind level: 1, wind direction angle: 37.5, wind direction: EN
2025-07-09 11:17:49 - ModbusReader - INFO - wind speed: 0.5 m/s, wind level: 1, wind direction angle: 37.5, wind direction: EN
2025-07-09 11:18:20 - ModbusReader - INFO - wind speed: 0.6 m/s, wind level: 1, wind direction angle: 323.8, wind direction: WN
2025-07-09 11:18:21 - ModbusReader - INFO - wind speed: 0.6 m/s, wind level: 1, wind direction angle: 323.8, wind direction: WN
2025-07-09 11:18:51 - ModbusReader - INFO - wind speed: 0.9 m/s, wind level: 1, wind direction angle: 343.7, wind direction: NNW
2025-07-09 11:18:52 - ModbusReader - INFO - wind speed: 0.9 m/s, wind level: 1, wind direction angle: 343.7, wind direction: NNW
2025-07-09 11:19:22 - ModbusReader - INFO - wind speed: 0.7 m/s, wind level: 1, wind direction angle: 322.9, wind direction: WN
2025-07-09 11:19:23 - ModbusReader - INFO - wind speed: 0.7 m/s, wind level: 1, wind direction angle: 322.9, wind direction: WN
2025-07-09 11:19:54 - ModbusReader - INFO - wind speed: 0.0 m/s, wind level: 0, wind direction angle: 235.6, wind direction: WS
2025-07-09 11:19:54 - ModbusReader - INFO - wind speed: 0.0 m/s, wind level: 0, wind direction angle: 235.6, wind direction: WS
2025-07-09 11:20:25 - ModbusReader - INFO - wind speed: 1.5 m/s, wind level: 1, wind direction angle: 287.5, wind direction: WNW
2025-07-09 11:20:25 - ModbusReader - INFO - wind speed: 1.5 m/s, wind level: 1, wind direction angle: 287.5, wind direction: WNW
2025-07-09 11:20:56 - ModbusReader - INFO - wind speed: 1.2 m/s, wind level: 1, wind direction angle: 202.5, wind direction: SSW
2025-07-09 11:20:57 - ModbusReader - INFO - wind speed: 1.2 m/s, wind level: 1, wind direction angle: 202.5, wind direction: SSW
2025-07-09 11:21:27 - ModbusReader - INFO - wind speed: 1.6 m/s, wind level: 2, wind direction angle: 219.0, wind direction: WS
2025-07-09 11:21:28 - ModbusReader - INFO - wind speed: 1.7 m/s, wind level: 2, wind direction angle: 173.9, wind direction: S
2025-07-09 11:21:58 - ModbusReader - INFO - wind speed: 2.2 m/s, wind level: 2, wind direction angle: 309.2, wind direction: WN
2025-07-09 11:21:59 - ModbusReader - INFO - wind speed: 2.2 m/s, wind level: 2, wind direction angle: 309.2, wind direction: WN
2025-07-09 11:22:30 - ModbusReader - INFO - wind speed: 1.3 m/s, wind level: 1, wind direction angle: 192.5, wind direction: SSW
2025-07-09 11:22:30 - ModbusReader - INFO - wind speed: 1.3 m/s, wind level: 1, wind direction angle: 192.5, wind direction: SSW
2025-07-09 11:23:01 - ModbusReader - INFO - wind speed: 0.7 m/s, wind level: 1, wind direction angle: 266.6, wind direction: W
2025-07-09 11:23:01 - ModbusReader - INFO - wind speed: 0.7 m/s, wind level: 1, wind direction angle: 266.6, wind direction: W
2025-07-09 11:23:32 - ModbusReader - INFO - wind speed: 0.6 m/s, wind level: 1, wind direction angle: 270.2, wind direction: W
2025-07-09 11:23:33 - ModbusReader - INFO - wind speed: 0.6 m/s, wind level: 1, wind direction angle: 270.2, wind direction: W
2025-07-09 11:24:03 - ModbusReader - INFO - wind speed: 0.9 m/s, wind level: 1, wind direction angle: 232.0, wind direction: WS
2025-07-09 11:24:04 - ModbusReader - INFO - wind speed: 0.9 m/s, wind level: 1, wind direction angle: 232.0, wind direction: WS
2025-07-09 11:24:34 - ModbusReader - INFO - wind speed: 1.2 m/s, wind level: 1, wind direction angle: 253.3, wind direction: WSW
2025-07-09 11:24:35 - ModbusReader - INFO - wind speed: 1.2 m/s, wind level: 1, wind direction angle: 253.3, wind direction: WSW
2025-07-09 11:25:06 - ModbusReader - INFO - wind speed: 1.1 m/s, wind level: 1, wind direction angle: 254.5, wind direction: WSW
2025-07-09 11:25:06 - ModbusReader - INFO - wind speed: 1.1 m/s, wind level: 1, wind direction angle: 254.5, wind direction: WSW
2025-07-09 11:25:37 - ModbusReader - INFO - wind speed: 0.5 m/s, wind level: 1, wind direction angle: 172.7, wind direction: S
2025-07-09 11:25:37 - ModbusReader - INFO - wind speed: 0.5 m/s, wind level: 1, wind direction angle: 172.7, wind direction: S
2025-07-09 11:26:08 - ModbusReader - INFO - wind speed: 1.1 m/s, wind level: 1, wind direction angle: 293.4, wind direction: WNW
2025-07-09 11:26:09 - ModbusReader - INFO - wind speed: 1.1 m/s, wind level: 1, wind direction angle: 293.4, wind direction: WNW
2025-07-09 11:26:39 - ModbusReader - INFO - wind speed: 1.4 m/s, wind level: 1, wind direction angle: 249.1, wind direction: WSW
2025-07-09 11:26:40 - ModbusReader - INFO - wind speed: 1.4 m/s, wind level: 1, wind direction angle: 249.1, wind direction: WSW
2025-07-09 11:27:10 - ModbusReader - INFO - wind speed: 1.4 m/s, wind level: 1, wind direction angle: 243.6, wind direction: WSW
2025-07-09 11:27:11 - ModbusReader - INFO - wind speed: 1.4 m/s, wind level: 1, wind direction angle: 243.6, wind direction: WSW
2025-07-09 11:27:42 - ModbusReader - INFO - wind speed: 1.2 m/s, wind level: 1, wind direction angle: 293.2, wind direction: WNW
2025-07-09 11:27:42 - ModbusReader - INFO - wind speed: 1.2 m/s, wind level: 1, wind direction angle: 293.2, wind direction: WNW
2025-07-09 11:28:13 - ModbusReader - INFO - wind speed: 1.2 m/s, wind level: 1, wind direction angle: 9.5, wind direction: N
2025-07-09 11:28:13 - ModbusReader - INFO - wind speed: 1.2 m/s, wind level: 1, wind direction angle: 9.5, wind direction: N
2025-07-09 11:28:44 - ModbusReader - INFO - wind speed: 1.4 m/s, wind level: 1, wind direction angle: 297.3, wind direction: WNW
2025-07-09 11:28:45 - ModbusReader - INFO - wind speed: 1.3 m/s, wind level: 1, wind direction angle: 27.8, wind direction: NNE
2025-07-09 11:29:15 - ModbusReader - INFO - wind speed: 0.7 m/s, wind level: 1, wind direction angle: 280.4, wind direction: W
2025-07-09 11:29:16 - ModbusReader - INFO - wind speed: 0.7 m/s, wind level: 1, wind direction angle: 280.4, wind direction: W
2025-07-09 11:29:46 - ModbusReader - INFO - wind speed: 0.9 m/s, wind level: 1, wind direction angle: 1.8, wind direction: N
2025-07-09 11:29:47 - ModbusReader - INFO - wind speed: 0.9 m/s, wind level: 1, wind direction angle: 1.8, wind direction: N
2025-07-09 11:30:18 - ModbusReader - INFO - wind speed: 1.3 m/s, wind level: 1, wind direction angle: 313.9, wind direction: WN
2025-07-09 11:30:18 - ModbusReader - INFO - wind speed: 1.3 m/s, wind level: 1, wind direction angle: 313.9, wind direction: WN
2025-07-09 11:30:49 - ModbusReader - INFO - wind speed: 0.9 m/s, wind level: 1, wind direction angle: 336.6, wind direction: NNW
2025-07-09 11:30:49 - ModbusReader - INFO - wind speed: 0.9 m/s, wind level: 1, wind direction angle: 336.6, wind direction: NNW
2025-07-09 11:31:20 - ModbusReader - INFO - wind speed: 1.0 m/s, wind level: 1, wind direction angle: 308.0, wind direction: WN
2025-07-09 11:31:21 - ModbusReader - INFO - wind speed: 1.0 m/s, wind level: 1, wind direction angle: 308.0, wind direction: WN
2025-07-09 11:31:51 - ModbusReader - INFO - wind speed: 1.5 m/s, wind level: 1, wind direction angle: 29.5, wind direction: NNE
2025-07-09 11:31:52 - ModbusReader - INFO - wind speed: 1.5 m/s, wind level: 1, wind direction angle: 29.5, wind direction: NNE
2025-07-09 11:32:22 - ModbusReader - INFO - wind speed: 0.5 m/s, wind level: 1, wind direction angle: 335.1, wind direction: NNW
2025-07-09 11:32:23 - ModbusReader - INFO - wind speed: 0.5 m/s, wind level: 1, wind direction angle: 335.1, wind direction: NNW
2025-07-09 11:32:54 - ModbusReader - INFO - wind speed: 0.9 m/s, wind level: 1, wind direction angle: 196.0, wind direction: SSW
2025-07-09 11:32:54 - ModbusReader - INFO - wind speed: 0.9 m/s, wind level: 1, wind direction angle: 196.0, wind direction: SSW
2025-07-09 11:33:25 - ModbusReader - INFO - wind speed: 1.3 m/s, wind level: 1, wind direction angle: 312.5, wind direction: WN
2025-07-09 11:33:25 - ModbusReader - INFO - wind speed: 1.3 m/s, wind level: 1, wind direction angle: 312.5, wind direction: WN
2025-07-09 11:33:56 - ModbusReader - INFO - wind speed: 1.4 m/s, wind level: 1, wind direction angle: 32.9, wind direction: NNE
2025-07-09 11:33:57 - ModbusReader - INFO - wind speed: 1.4 m/s, wind level: 1, wind direction angle: 32.9, wind direction: NNE
2025-07-09 11:34:27 - ModbusReader - INFO - wind speed: 1.6 m/s, wind level: 2, wind direction angle: 43.3, wind direction: EN
2025-07-09 11:34:28 - ModbusReader - INFO - wind speed: 1.6 m/s, wind level: 2, wind direction angle: 43.3, wind direction: EN
2025-07-09 11:34:58 - ModbusReader - INFO - wind speed: 1.8 m/s, wind level: 2, wind direction angle: 335.4, wind direction: NNW
2025-07-09 11:34:59 - ModbusReader - INFO - wind speed: 1.8 m/s, wind level: 2, wind direction angle: 335.4, wind direction: NNW
2025-07-09 11:35:30 - ModbusReader - INFO - wind speed: 1.0 m/s, wind level: 1, wind direction angle: 244.5, wind direction: WSW
2025-07-09 11:35:30 - ModbusReader - INFO - wind speed: 1.0 m/s, wind level: 1, wind direction angle: 244.5, wind direction: WSW
2025-07-09 11:36:01 - ModbusReader - INFO - wind speed: 0.5 m/s, wind level: 1, wind direction angle: 324.5, wind direction: WN
2025-07-09 11:36:01 - ModbusReader - INFO - wind speed: 0.4 m/s, wind level: 1, wind direction angle: 23.0, wind direction: NNE
2025-07-09 11:36:32 - ModbusReader - INFO - wind speed: 1.0 m/s, wind level: 1, wind direction angle: 327.9, wind direction: NNW
2025-07-09 11:36:33 - ModbusReader - INFO - wind speed: 1.0 m/s, wind level: 1, wind direction angle: 327.9, wind direction: NNW
2025-07-09 11:37:03 - ModbusReader - INFO - wind speed: 0.5 m/s, wind level: 1, wind direction angle: 102.6, wind direction: ESE
2025-07-09 11:37:04 - ModbusReader - INFO - wind speed: 0.5 m/s, wind level: 1, wind direction angle: 102.6, wind direction: ESE
2025-07-09 11:37:34 - ModbusReader - INFO - wind speed: 0.8 m/s, wind level: 1, wind direction angle: 249.0, wind direction: WSW
2025-07-09 11:37:35 - ModbusReader - INFO - wind speed: 0.8 m/s, wind level: 1, wind direction angle: 249.0, wind direction: WSW
2025-07-09 11:38:06 - ModbusReader - INFO - wind speed: 1.0 m/s, wind level: 1, wind direction angle: 319.3, wind direction: WN
2025-07-09 11:38:06 - ModbusReader - INFO - wind speed: 1.0 m/s, wind level: 1, wind direction angle: 319.3, wind direction: WN
2025-07-09 11:38:37 - ModbusReader - INFO - wind speed: 1.0 m/s, wind level: 1, wind direction angle: 270.0, wind direction: W
2025-07-09 11:38:37 - ModbusReader - INFO - wind speed: 1.0 m/s, wind level: 1, wind direction angle: 270.0, wind direction: W
2025-07-09 11:39:08 - ModbusReader - INFO - wind speed: 1.3 m/s, wind level: 1, wind direction angle: 310.2, wind direction: WN
2025-07-09 11:39:09 - ModbusReader - INFO - wind speed: 1.3 m/s, wind level: 1, wind direction angle: 310.2, wind direction: WN
2025-07-09 11:39:39 - ModbusReader - INFO - wind speed: 1.7 m/s, wind level: 2, wind direction angle: 318.6, wind direction: WN
2025-07-09 11:39:40 - ModbusReader - INFO - wind speed: 1.7 m/s, wind level: 2, wind direction angle: 318.6, wind direction: WN
2025-07-09 11:40:10 - ModbusReader - INFO - wind speed: 1.6 m/s, wind level: 2, wind direction angle: 308.4, wind direction: WN
2025-07-09 11:40:11 - ModbusReader - INFO - wind speed: 1.6 m/s, wind level: 2, wind direction angle: 308.4, wind direction: WN
2025-07-09 11:40:42 - ModbusReader - INFO - wind speed: 1.0 m/s, wind level: 1, wind direction angle: 283.6, wind direction: WNW
2025-07-09 11:40:42 - ModbusReader - INFO - wind speed: 1.0 m/s, wind level: 1, wind direction angle: 283.6, wind direction: WNW
2025-07-09 11:41:13 - ModbusReader - INFO - wind speed: 1.7 m/s, wind level: 2, wind direction angle: 291.6, wind direction: WNW
2025-07-09 11:41:13 - ModbusReader - INFO - wind speed: 1.7 m/s, wind level: 2, wind direction angle: 291.6, wind direction: WNW
2025-07-09 11:41:44 - ModbusReader - INFO - wind speed: 1.2 m/s, wind level: 1, wind direction angle: 114.2, wind direction: ESE
2025-07-09 11:41:45 - ModbusReader - INFO - wind speed: 1.2 m/s, wind level: 1, wind direction angle: 114.2, wind direction: ESE
2025-07-09 11:42:15 - ModbusReader - INFO - wind speed: 1.6 m/s, wind level: 2, wind direction angle: 283.3, wind direction: WNW
2025-07-09 11:42:16 - ModbusReader - INFO - wind speed: 1.6 m/s, wind level: 2, wind direction angle: 283.3, wind direction: WNW
2025-07-09 11:42:46 - ModbusReader - INFO - wind speed: 1.9 m/s, wind level: 2, wind direction angle: 318.5, wind direction: WN
2025-07-09 11:42:47 - ModbusReader - INFO - wind speed: 1.9 m/s, wind level: 2, wind direction angle: 318.5, wind direction: WN
2025-07-09 11:43:18 - ModbusReader - INFO - wind speed: 0.7 m/s, wind level: 1, wind direction angle: 149.8, wind direction: SSE
2025-07-09 11:43:18 - ModbusReader - INFO - wind speed: 0.6 m/s, wind level: 1, wind direction angle: 286.8, wind direction: WNW
2025-07-09 11:43:49 - ModbusReader - INFO - wind speed: 0.0 m/s, wind level: 0, wind direction angle: 288.7, wind direction: WNW
2025-07-09 11:43:49 - ModbusReader - INFO - wind speed: 0.0 m/s, wind level: 0, wind direction angle: 288.7, wind direction: WNW
2025-07-09 11:44:20 - ModbusReader - INFO - wind speed: 0.0 m/s, wind level: 0, wind direction angle: 96.1, wind direction: E
2025-07-09 11:44:21 - ModbusReader - INFO - wind speed: 0.0 m/s, wind level: 0, wind direction angle: 96.1, wind direction: E
2025-07-09 11:44:51 - ModbusReader - INFO - wind speed: 0.0 m/s, wind level: 0, wind direction angle: 147.3, wind direction: SSE
2025-07-09 11:44:52 - ModbusReader - INFO - wind speed: 0.0 m/s, wind level: 0, wind direction angle: 147.3, wind direction: SSE
2025-07-09 11:45:22 - ModbusReader - INFO - wind speed: 1.2 m/s, wind level: 1, wind direction angle: 282.8, wind direction: WNW
2025-07-09 11:45:23 - ModbusReader - INFO - wind speed: 1.2 m/s, wind level: 1, wind direction angle: 282.8, wind direction: WNW
2025-07-09 11:45:54 - ModbusReader - INFO - wind speed: 1.4 m/s, wind level: 1, wind direction angle: 307.9, wind direction: WN
2025-07-09 11:45:54 - ModbusReader - INFO - wind speed: 1.4 m/s, wind level: 1, wind direction angle: 307.9, wind direction: WN
2025-07-09 11:46:25 - ModbusReader - INFO - wind speed: 1.2 m/s, wind level: 1, wind direction angle: 312.7, wind direction: WN
2025-07-09 11:46:25 - ModbusReader - INFO - wind speed: 1.2 m/s, wind level: 1, wind direction angle: 312.7, wind direction: WN
2025-07-09 11:46:56 - ModbusReader - INFO - wind speed: 1.1 m/s, wind level: 1, wind direction angle: 278.1, wind direction: W
2025-07-09 11:46:57 - ModbusReader - INFO - wind speed: 1.1 m/s, wind level: 1, wind direction angle: 278.1, wind direction: W
2025-07-09 11:47:27 - ModbusReader - INFO - wind speed: 1.8 m/s, wind level: 2, wind direction angle: 293.3, wind direction: WNW
2025-07-09 11:47:28 - ModbusReader - INFO - wind speed: 1.8 m/s, wind level: 2, wind direction angle: 293.3, wind direction: WNW
2025-07-09 11:47:58 - ModbusReader - INFO - wind speed: 2.1 m/s, wind level: 2, wind direction angle: 297.3, wind direction: WNW
2025-07-09 11:47:59 - ModbusReader - INFO - wind speed: 2.1 m/s, wind level: 2, wind direction angle: 297.3, wind direction: WNW
2025-07-09 11:48:30 - ModbusReader - INFO - wind speed: 1.1 m/s, wind level: 1, wind direction angle: 3.4, wind direction: N
2025-07-09 11:48:30 - ModbusReader - INFO - wind speed: 1.1 m/s, wind level: 1, wind direction angle: 3.4, wind direction: N
2025-07-09 11:49:01 - ModbusReader - INFO - wind speed: 0.9 m/s, wind level: 1, wind direction angle: 268.7, wind direction: W
2025-07-09 11:49:01 - ModbusReader - INFO - wind speed: 0.9 m/s, wind level: 1, wind direction angle: 268.7, wind direction: W
2025-07-09 11:49:32 - ModbusReader - INFO - wind speed: 0.6 m/s, wind level: 1, wind direction angle: 335.7, wind direction: NNW
2025-07-09 11:49:33 - ModbusReader - INFO - wind speed: 0.6 m/s, wind level: 1, wind direction angle: 335.7, wind direction: NNW
2025-07-09 11:50:03 - ModbusReader - INFO - wind speed: 0.7 m/s, wind level: 1, wind direction angle: 237.0, wind direction: WSW
2025-07-09 11:50:04 - ModbusReader - INFO - wind speed: 0.7 m/s, wind level: 1, wind direction angle: 237.0, wind direction: WSW
2025-07-09 11:50:34 - ModbusReader - INFO - wind speed: 1.0 m/s, wind level: 1, wind direction angle: 334.2, wind direction: NNW
2025-07-09 11:50:35 - ModbusReader - INFO - wind speed: 1.1 m/s, wind level: 1, wind direction angle: 328.5, wind direction: NNW
2025-07-09 11:51:06 - ModbusReader - INFO - wind speed: 1.7 m/s, wind level: 2, wind direction angle: 306.2, wind direction: WN
2025-07-09 11:51:06 - ModbusReader - INFO - wind speed: 1.7 m/s, wind level: 2, wind direction angle: 306.2, wind direction: WN
2025-07-09 11:51:37 - ModbusReader - INFO - wind speed: 1.3 m/s, wind level: 1, wind direction angle: 198.5, wind direction: SSW
2025-07-09 11:51:37 - ModbusReader - INFO - wind speed: 1.3 m/s, wind level: 1, wind direction angle: 198.5, wind direction: SSW
2025-07-09 11:52:08 - ModbusReader - INFO - wind speed: 1.3 m/s, wind level: 1, wind direction angle: 213.6, wind direction: SSW
2025-07-09 11:52:09 - ModbusReader - INFO - wind speed: 1.3 m/s, wind level: 1, wind direction angle: 213.6, wind direction: SSW
2025-07-09 11:52:39 - ModbusReader - INFO - wind speed: 1.7 m/s, wind level: 2, wind direction angle: 21.9, wind direction: NNE
2025-07-09 11:52:40 - ModbusReader - INFO - wind speed: 1.7 m/s, wind level: 2, wind direction angle: 21.9, wind direction: NNE
2025-07-09 11:53:10 - ModbusReader - INFO - wind speed: 1.2 m/s, wind level: 1, wind direction angle: 291.7, wind direction: WNW
2025-07-09 11:53:11 - ModbusReader - INFO - wind speed: 1.2 m/s, wind level: 1, wind direction angle: 291.7, wind direction: WNW
2025-07-09 11:53:42 - ModbusReader - INFO - wind speed: 0.6 m/s, wind level: 1, wind direction angle: 162.9, wind direction: SSE
2025-07-09 11:53:42 - ModbusReader - INFO - wind speed: 0.6 m/s, wind level: 1, wind direction angle: 162.9, wind direction: SSE
2025-07-09 11:54:13 - ModbusReader - INFO - wind speed: 0.0 m/s, wind level: 0, wind direction angle: 38.7, wind direction: EN
2025-07-09 11:54:13 - ModbusReader - INFO - wind speed: 0.0 m/s, wind level: 0, wind direction angle: 38.7, wind direction: EN
2025-07-09 11:54:44 - ModbusReader - INFO - wind speed: 0.0 m/s, wind level: 0, wind direction angle: 352.8, wind direction: N
2025-07-09 11:54:45 - ModbusReader - INFO - wind speed: 0.0 m/s, wind level: 0, wind direction angle: 352.8, wind direction: N
2025-07-09 11:55:15 - ModbusReader - INFO - wind speed: 0.0 m/s, wind level: 0, wind direction angle: 316.6, wind direction: WN
2025-07-09 11:55:16 - ModbusReader - INFO - wind speed: 0.0 m/s, wind level: 0, wind direction angle: 316.6, wind direction: WN
2025-07-09 11:55:46 - ModbusReader - INFO - wind speed: 0.0 m/s, wind level: 0, wind direction angle: 105.0, wind direction: ESE
2025-07-09 11:55:47 - ModbusReader - INFO - wind speed: 0.0 m/s, wind level: 0, wind direction angle: 105.0, wind direction: ESE
2025-07-09 11:56:18 - ModbusReader - INFO - wind speed: 0.0 m/s, wind level: 0, wind direction angle: 338.5, wind direction: NNW
2025-07-09 11:56:18 - ModbusReader - INFO - wind speed: 0.0 m/s, wind level: 0, wind direction angle: 338.5, wind direction: NNW
2025-07-09 11:56:49 - ModbusReader - INFO - wind speed: 0.0 m/s, wind level: 0, wind direction angle: 21.3, wind direction: NNE
2025-07-09 11:56:49 - ModbusReader - INFO - wind speed: 0.0 m/s, wind level: 0, wind direction angle: 21.3, wind direction: NNE
2025-07-09 11:57:20 - ModbusReader - INFO - wind speed: 0.5 m/s, wind level: 1, wind direction angle: 86.8, wind direction: E
2025-07-09 11:57:20 - ModbusReader - INFO - wind speed: 0.5 m/s, wind level: 1, wind direction angle: 86.8, wind direction: E
2025-07-09 11:57:51 - ModbusReader - INFO - wind speed: 0.6 m/s, wind level: 1, wind direction angle: 306.8, wind direction: WN
2025-07-09 11:57:52 - ModbusReader - INFO - wind speed: 1.0 m/s, wind level: 1, wind direction angle: 300.5, wind direction: WNW
2025-07-09 11:58:22 - ModbusReader - INFO - wind speed: 1.1 m/s, wind level: 1, wind direction angle: 63.4, wind direction: ENE
2025-07-09 11:58:23 - ModbusReader - INFO - wind speed: 1.1 m/s, wind level: 1, wind direction angle: 63.4, wind direction: ENE
2025-07-09 11:58:54 - ModbusReader - INFO - wind speed: 0.7 m/s, wind level: 1, wind direction angle: 27.4, wind direction: NNE
2025-07-09 11:58:54 - ModbusReader - INFO - wind speed: 0.7 m/s, wind level: 1, wind direction angle: 27.4, wind direction: NNE
2025-07-09 11:59:25 - ModbusReader - INFO - wind speed: 0.5 m/s, wind level: 1, wind direction angle: 259.0, wind direction: W
2025-07-09 11:59:25 - ModbusReader - INFO - wind speed: 0.5 m/s, wind level: 1, wind direction angle: 259.0, wind direction: W
2025-07-09 11:59:56 - ModbusReader - INFO - wind speed: 1.7 m/s, wind level: 2, wind direction angle: 309.2, wind direction: WN
2025-07-09 11:59:57 - ModbusReader - INFO - wind speed: 1.7 m/s, wind level: 2, wind direction angle: 309.2, wind direction: WN
2025-07-09 12:00:27 - ModbusReader - INFO - wind speed: 1.4 m/s, wind level: 1, wind direction angle: 296.9, wind direction: WNW
2025-07-09 12:00:28 - ModbusReader - INFO - wind speed: 1.4 m/s, wind level: 1, wind direction angle: 296.9, wind direction: WNW
2025-07-09 12:00:58 - ModbusReader - INFO - wind speed: 1.0 m/s, wind level: 1, wind direction angle: 264.7, wind direction: W
2025-07-09 12:00:59 - ModbusReader - INFO - wind speed: 1.0 m/s, wind level: 1, wind direction angle: 264.7, wind direction: W
2025-07-09 12:01:29 - ModbusReader - INFO - wind speed: 1.6 m/s, wind level: 2, wind direction angle: 282.1, wind direction: WNW
2025-07-09 12:01:30 - ModbusReader - INFO - wind speed: 1.6 m/s, wind level: 2, wind direction angle: 282.1, wind direction: WNW
2025-07-09 12:02:01 - ModbusReader - INFO - wind speed: 0.8 m/s, wind level: 1, wind direction angle: 278.0, wind direction: W
2025-07-09 12:02:01 - ModbusReader - INFO - wind speed: 0.8 m/s, wind level: 1, wind direction angle: 278.0, wind direction: W
2025-07-09 12:02:32 - ModbusReader - INFO - wind speed: 0.4 m/s, wind level: 1, wind direction angle: 338.3, wind direction: NNW
2025-07-09 12:02:32 - ModbusReader - INFO - wind speed: 0.4 m/s, wind level: 1, wind direction angle: 338.3, wind direction: NNW
2025-07-09 12:03:03 - ModbusReader - INFO - wind speed: 0.8 m/s, wind level: 1, wind direction angle: 4.4, wind direction: N
2025-07-09 12:03:04 - ModbusReader - INFO - wind speed: 0.8 m/s, wind level: 1, wind direction angle: 4.4, wind direction: N
2025-07-09 12:03:34 - ModbusReader - INFO - wind speed: 0.8 m/s, wind level: 1, wind direction angle: 257.1, wind direction: WSW
2025-07-09 12:03:35 - ModbusReader - INFO - wind speed: 0.8 m/s, wind level: 1, wind direction angle: 257.1, wind direction: WSW
2025-07-09 12:04:05 - ModbusReader - INFO - wind speed: 1.6 m/s, wind level: 2, wind direction angle: 325.8, wind direction: WN
2025-07-09 12:04:06 - ModbusReader - INFO - wind speed: 1.6 m/s, wind level: 2, wind direction angle: 325.8, wind direction: WN
2025-07-09 12:04:37 - ModbusReader - INFO - wind speed: 2.0 m/s, wind level: 2, wind direction angle: 266.5, wind direction: W
2025-07-09 12:04:37 - ModbusReader - INFO - wind speed: 2.0 m/s, wind level: 2, wind direction angle: 266.5, wind direction: W
2025-07-09 12:05:08 - ModbusReader - INFO - wind speed: 1.0 m/s, wind level: 1, wind direction angle: 334.8, wind direction: NNW
2025-07-09 12:05:08 - ModbusReader - INFO - wind speed: 1.4 m/s, wind level: 1, wind direction angle: 247.6, wind direction: WSW
2025-07-09 12:05:39 - ModbusReader - INFO - wind speed: 1.1 m/s, wind level: 1, wind direction angle: 197.9, wind direction: SSW
2025-07-09 12:05:40 - ModbusReader - INFO - wind speed: 1.1 m/s, wind level: 1, wind direction angle: 197.9, wind direction: SSW
2025-07-09 12:06:10 - ModbusReader - INFO - wind speed: 1.0 m/s, wind level: 1, wind direction angle: 344.4, wind direction: NNW
2025-07-09 12:06:11 - ModbusReader - INFO - wind speed: 1.0 m/s, wind level: 1, wind direction angle: 344.4, wind direction: NNW
2025-07-09 12:06:41 - ModbusReader - INFO - wind speed: 1.1 m/s, wind level: 1, wind direction angle: 332.5, wind direction: NNW
2025-07-09 12:06:42 - ModbusReader - INFO - wind speed: 1.1 m/s, wind level: 1, wind direction angle: 332.5, wind direction: NNW
2025-07-09 12:07:13 - ModbusReader - INFO - wind speed: 2.2 m/s, wind level: 2, wind direction angle: 218.8, wind direction: WS
2025-07-09 12:07:13 - ModbusReader - INFO - wind speed: 2.2 m/s, wind level: 2, wind direction angle: 218.8, wind direction: WS
2025-07-09 12:07:44 - ModbusReader - INFO - wind speed: 1.0 m/s, wind level: 1, wind direction angle: 322.1, wind direction: WN
2025-07-09 12:07:44 - ModbusReader - INFO - wind speed: 1.0 m/s, wind level: 1, wind direction angle: 322.1, wind direction: WN
2025-07-09 12:08:15 - ModbusReader - INFO - wind speed: 0.8 m/s, wind level: 1, wind direction angle: 33.8, wind direction: EN
2025-07-09 12:08:16 - ModbusReader - INFO - wind speed: 0.8 m/s, wind level: 1, wind direction angle: 33.8, wind direction: EN
2025-07-09 12:08:46 - ModbusReader - INFO - wind speed: 1.1 m/s, wind level: 1, wind direction angle: 246.5, wind direction: WSW
2025-07-09 12:08:47 - ModbusReader - INFO - wind speed: 1.1 m/s, wind level: 1, wind direction angle: 246.5, wind direction: WSW
2025-07-09 12:09:17 - ModbusReader - INFO - wind speed: 0.7 m/s, wind level: 1, wind direction angle: 341.7, wind direction: NNW
2025-07-09 12:09:18 - ModbusReader - INFO - wind speed: 0.7 m/s, wind level: 1, wind direction angle: 341.7, wind direction: NNW
2025-07-09 12:09:49 - ModbusReader - INFO - wind speed: 1.1 m/s, wind level: 1, wind direction angle: 165.3, wind direction: SSE
2025-07-09 12:09:49 - ModbusReader - INFO - wind speed: 1.1 m/s, wind level: 1, wind direction angle: 165.3, wind direction: SSE
2025-07-09 12:10:20 - ModbusReader - INFO - wind speed: 0.6 m/s, wind level: 1, wind direction angle: 271.8, wind direction: W
2025-07-09 12:10:20 - ModbusReader - INFO - wind speed: 0.6 m/s, wind level: 1, wind direction angle: 271.8, wind direction: W
2025-07-09 12:10:51 - ModbusReader - INFO - wind speed: 1.4 m/s, wind level: 1, wind direction angle: 323.9, wind direction: WN
2025-07-09 12:10:52 - ModbusReader - INFO - wind speed: 1.4 m/s, wind level: 1, wind direction angle: 323.9, wind direction: WN
2025-07-09 12:11:22 - ModbusReader - INFO - wind speed: 0.8 m/s, wind level: 1, wind direction angle: 261.3, wind direction: W
2025-07-09 12:11:23 - ModbusReader - INFO - wind speed: 0.8 m/s, wind level: 1, wind direction angle: 261.3, wind direction: W
2025-07-09 12:11:53 - ModbusReader - INFO - wind speed: 1.0 m/s, wind level: 1, wind direction angle: 6.3, wind direction: N
2025-07-09 12:11:54 - ModbusReader - INFO - wind speed: 1.0 m/s, wind level: 1, wind direction angle: 6.3, wind direction: N
2025-07-09 12:12:25 - ModbusReader - INFO - wind speed: 0.6 m/s, wind level: 1, wind direction angle: 314.0, wind direction: WN
2025-07-09 12:12:25 - ModbusReader - INFO - wind speed: 0.4 m/s, wind level: 1, wind direction angle: 271.1, wind direction: W
2025-07-09 12:12:56 - ModbusReader - INFO - wind speed: 0.0 m/s, wind level: 0, wind direction angle: 34.4, wind direction: EN
2025-07-09 12:12:56 - ModbusReader - INFO - wind speed: 0.0 m/s, wind level: 0, wind direction angle: 34.4, wind direction: EN
2025-07-09 12:13:27 - ModbusReader - INFO - wind speed: 0.9 m/s, wind level: 1, wind direction angle: 328.1, wind direction: NNW
2025-07-09 12:13:28 - ModbusReader - INFO - wind speed: 0.9 m/s, wind level: 1, wind direction angle: 328.1, wind direction: NNW
2025-07-09 12:13:58 - ModbusReader - INFO - wind speed: 0.0 m/s, wind level: 0, wind direction angle: 239.3, wind direction: WSW
2025-07-09 12:13:59 - ModbusReader - INFO - wind speed: 0.0 m/s, wind level: 0, wind direction angle: 239.3, wind direction: WSW
2025-07-09 12:14:29 - ModbusReader - INFO - wind speed: 0.0 m/s, wind level: 0, wind direction angle: 351.8, wind direction: N
2025-07-09 12:14:30 - ModbusReader - INFO - wind speed: 0.0 m/s, wind level: 0, wind direction angle: 351.8, wind direction: N
2025-07-09 12:15:01 - ModbusReader - INFO - wind speed: 0.0 m/s, wind level: 0, wind direction angle: 84.4, wind direction: E
2025-07-09 12:15:01 - ModbusReader - INFO - wind speed: 0.0 m/s, wind level: 0, wind direction angle: 84.4, wind direction: E
2025-07-09 12:15:32 - ModbusReader - INFO - wind speed: 0.0 m/s, wind level: 0, wind direction angle: 320.5, wind direction: WN
2025-07-09 12:15:32 - ModbusReader - INFO - wind speed: 0.0 m/s, wind level: 0, wind direction angle: 320.5, wind direction: WN
2025-07-09 12:16:03 - ModbusReader - INFO - wind speed: 0.0 m/s, wind level: 0, wind direction angle: 270.0, wind direction: W
2025-07-09 12:16:04 - ModbusReader - INFO - wind speed: 0.0 m/s, wind level: 0, wind direction angle: 270.0, wind direction: W
2025-07-09 12:16:34 - ModbusReader - INFO - wind speed: 0.0 m/s, wind level: 0, wind direction angle: 80.6, wind direction: E
2025-07-09 12:16:35 - ModbusReader - INFO - wind speed: 0.0 m/s, wind level: 0, wind direction angle: 80.6, wind direction: E
2025-07-09 12:17:05 - ModbusReader - INFO - wind speed: 0.0 m/s, wind level: 0, wind direction angle: 77.1, wind direction: ENE
2025-07-09 12:17:06 - ModbusReader - INFO - wind speed: 0.0 m/s, wind level: 0, wind direction angle: 77.1, wind direction: ENE
2025-07-09 12:17:37 - ModbusReader - INFO - wind speed: 0.6 m/s, wind level: 1, wind direction angle: 131.0, wind direction: ES
2025-07-09 12:17:37 - ModbusReader - INFO - wind speed: 0.6 m/s, wind level: 1, wind direction angle: 131.0, wind direction: ES
2025-07-09 12:18:08 - ModbusReader - INFO - wind speed: 1.6 m/s, wind level: 2, wind direction angle: 9.1, wind direction: N
2025-07-09 12:18:08 - ModbusReader - INFO - wind speed: 1.6 m/s, wind level: 2, wind direction angle: 9.1, wind direction: N
2025-07-09 12:18:39 - ModbusReader - INFO - wind speed: 1.3 m/s, wind level: 1, wind direction angle: 332.8, wind direction: NNW
2025-07-09 12:18:40 - ModbusReader - INFO - wind speed: 1.3 m/s, wind level: 1, wind direction angle: 332.8, wind direction: NNW
2025-07-09 12:19:10 - ModbusReader - INFO - wind speed: 1.5 m/s, wind level: 1, wind direction angle: 47.3, wind direction: EN
2025-07-09 12:19:11 - ModbusReader - INFO - wind speed: 1.5 m/s, wind level: 1, wind direction angle: 47.3, wind direction: EN
2025-07-09 12:19:41 - ModbusReader - INFO - wind speed: 0.7 m/s, wind level: 1, wind direction angle: 275.8, wind direction: W
2025-07-09 12:19:42 - ModbusReader - INFO - wind speed: 0.7 m/s, wind level: 1, wind direction angle: 5.1, wind direction: N
2025-07-09 12:20:13 - ModbusReader - INFO - wind speed: 1.0 m/s, wind level: 1, wind direction angle: 281.9, wind direction: WNW
2025-07-09 12:20:13 - ModbusReader - INFO - wind speed: 1.0 m/s, wind level: 1, wind direction angle: 281.9, wind direction: WNW
2025-07-09 12:20:44 - ModbusReader - INFO - wind speed: 0.8 m/s, wind level: 1, wind direction angle: 303.4, wind direction: WNW
2025-07-09 12:20:44 - ModbusReader - INFO - wind speed: 0.8 m/s, wind level: 1, wind direction angle: 303.4, wind direction: WNW
2025-07-09 12:21:15 - ModbusReader - INFO - wind speed: 1.0 m/s, wind level: 1, wind direction angle: 262.2, wind direction: W
2025-07-09 12:21:16 - ModbusReader - INFO - wind speed: 1.0 m/s, wind level: 1, wind direction angle: 262.2, wind direction: W
2025-07-09 12:21:46 - ModbusReader - INFO - wind speed: 1.5 m/s, wind level: 1, wind direction angle: 261.3, wind direction: W
2025-07-09 12:21:47 - ModbusReader - INFO - wind speed: 1.5 m/s, wind level: 1, wind direction angle: 261.3, wind direction: W
2025-07-09 12:22:17 - ModbusReader - INFO - wind speed: 0.7 m/s, wind level: 1, wind direction angle: 13.7, wind direction: NNE
2025-07-09 12:22:18 - ModbusReader - INFO - wind speed: 0.7 m/s, wind level: 1, wind direction angle: 13.7, wind direction: NNE
2025-07-09 12:22:49 - ModbusReader - INFO - wind speed: 0.6 m/s, wind level: 1, wind direction angle: 97.7, wind direction: E
2025-07-09 12:22:49 - ModbusReader - INFO - wind speed: 0.6 m/s, wind level: 1, wind direction angle: 97.7, wind direction: E
2025-07-09 12:23:20 - ModbusReader - INFO - wind speed: 0.0 m/s, wind level: 0, wind direction angle: 105.4, wind direction: ESE
2025-07-09 12:23:20 - ModbusReader - INFO - wind speed: 0.0 m/s, wind level: 0, wind direction angle: 105.4, wind direction: ESE
2025-07-09 12:23:51 - ModbusReader - INFO - wind speed: 0.0 m/s, wind level: 0, wind direction angle: 332.1, wind direction: NNW
2025-07-09 12:23:52 - ModbusReader - INFO - wind speed: 0.0 m/s, wind level: 0, wind direction angle: 332.1, wind direction: NNW
2025-07-09 12:24:22 - ModbusReader - INFO - wind speed: 0.7 m/s, wind level: 1, wind direction angle: 150.8, wind direction: SSE
2025-07-09 12:24:23 - ModbusReader - INFO - wind speed: 0.7 m/s, wind level: 1, wind direction angle: 150.8, wind direction: SSE
2025-07-09 12:24:53 - ModbusReader - INFO - wind speed: 1.3 m/s, wind level: 1, wind direction angle: 265.4, wind direction: W
2025-07-09 12:24:54 - ModbusReader - INFO - wind speed: 1.3 m/s, wind level: 1, wind direction angle: 265.4, wind direction: W
2025-07-09 12:25:25 - ModbusReader - INFO - wind speed: 0.7 m/s, wind level: 1, wind direction angle: 301.2, wind direction: WNW
2025-07-09 12:25:25 - ModbusReader - INFO - wind speed: 0.7 m/s, wind level: 1, wind direction angle: 301.2, wind direction: WNW
2025-07-09 12:25:56 - ModbusReader - INFO - wind speed: 0.5 m/s, wind level: 1, wind direction angle: 218.1, wind direction: WS
2025-07-09 12:25:56 - ModbusReader - INFO - wind speed: 0.5 m/s, wind level: 1, wind direction angle: 218.1, wind direction: WS
2025-07-09 12:26:27 - ModbusReader - INFO - wind speed: 0.0 m/s, wind level: 0, wind direction angle: 119.5, wind direction: ESE
2025-07-09 12:26:28 - ModbusReader - INFO - wind speed: 0.0 m/s, wind level: 0, wind direction angle: 119.5, wind direction: ESE
2025-07-09 12:26:58 - ModbusReader - INFO - wind speed: 0.4 m/s, wind level: 1, wind direction angle: 270.6, wind direction: W
2025-07-09 12:26:59 - ModbusReader - INFO - wind speed: 0.4 m/s, wind level: 1, wind direction angle: 270.6, wind direction: W
2025-07-09 12:27:29 - ModbusReader - INFO - wind speed: 0.0 m/s, wind level: 0, wind direction angle: 336.2, wind direction: NNW
2025-07-09 12:27:30 - ModbusReader - INFO - wind speed: 0.0 m/s, wind level: 0, wind direction angle: 336.2, wind direction: NNW
2025-07-09 12:28:01 - ModbusReader - INFO - wind speed: 0.4 m/s, wind level: 1, wind direction angle: 353.5, wind direction: N
2025-07-09 12:28:01 - ModbusReader - INFO - wind speed: 0.4 m/s, wind level: 1, wind direction angle: 353.5, wind direction: N
2025-07-09 12:28:32 - ModbusReader - INFO - wind speed: 0.5 m/s, wind level: 1, wind direction angle: 353.5, wind direction: N
2025-07-09 12:28:32 - ModbusReader - INFO - wind speed: 0.5 m/s, wind level: 1, wind direction angle: 353.5, wind direction: N
2025-07-09 12:29:03 - ModbusReader - INFO - wind speed: 0.0 m/s, wind level: 0, wind direction angle: 31.2, wind direction: NNE
2025-07-09 12:29:04 - ModbusReader - INFO - wind speed: 0.0 m/s, wind level: 0, wind direction angle: 31.2, wind direction: NNE
2025-07-09 12:29:34 - ModbusReader - INFO - wind speed: 0.4 m/s, wind level: 1, wind direction angle: 71.1, wind direction: ENE
2025-07-09 12:29:35 - ModbusReader - INFO - wind speed: 0.4 m/s, wind level: 1, wind direction angle: 71.1, wind direction: ENE
2025-07-09 12:30:05 - ModbusReader - INFO - wind speed: 0.3 m/s, wind level: 1, wind direction angle: 264.4, wind direction: W
2025-07-09 12:30:06 - ModbusReader - INFO - wind speed: 0.3 m/s, wind level: 1, wind direction angle: 264.4, wind direction: W
2025-07-09 12:30:37 - ModbusReader - INFO - wind speed: 0.0 m/s, wind level: 0, wind direction angle: 124.3, wind direction: ES
2025-07-09 12:30:37 - ModbusReader - INFO - wind speed: 0.0 m/s, wind level: 0, wind direction angle: 124.3, wind direction: ES
2025-07-09 12:31:08 - ModbusReader - INFO - wind speed: 0.5 m/s, wind level: 1, wind direction angle: 91.5, wind direction: E
2025-07-09 12:31:08 - ModbusReader - INFO - wind speed: 0.5 m/s, wind level: 1, wind direction angle: 91.5, wind direction: E
2025-07-09 12:31:39 - ModbusReader - INFO - wind speed: 0.5 m/s, wind level: 1, wind direction angle: 257.7, wind direction: WSW
2025-07-09 12:31:40 - ModbusReader - INFO - wind speed: 0.5 m/s, wind level: 1, wind direction angle: 257.7, wind direction: WSW
2025-07-09 12:32:10 - ModbusReader - INFO - wind speed: 0.5 m/s, wind level: 1, wind direction angle: 327.1, wind direction: NNW
2025-07-09 12:32:11 - ModbusReader - INFO - wind speed: 0.5 m/s, wind level: 1, wind direction angle: 327.1, wind direction: NNW
2025-07-09 12:32:41 - ModbusReader - INFO - wind speed: 0.5 m/s, wind level: 1, wind direction angle: 314.6, wind direction: WN
2025-07-09 12:32:42 - ModbusReader - INFO - wind speed: 0.5 m/s, wind level: 1, wind direction angle: 314.6, wind direction: WN
2025-07-09 12:33:13 - ModbusReader - INFO - wind speed: 0.0 m/s, wind level: 0, wind direction angle: 244.4, wind direction: WSW
2025-07-09 12:33:13 - ModbusReader - INFO - wind speed: 0.0 m/s, wind level: 0, wind direction angle: 244.4, wind direction: WSW
2025-07-09 12:33:44 - ModbusReader - INFO - wind speed: 0.0 m/s, wind level: 0, wind direction angle: 101.0, wind direction: E
2025-07-09 12:33:44 - ModbusReader - INFO - wind speed: 0.0 m/s, wind level: 0, wind direction angle: 101.0, wind direction: E
2025-07-09 12:34:15 - ModbusReader - INFO - wind speed: 0.0 m/s, wind level: 0, wind direction angle: 255.9, wind direction: WSW
2025-07-09 12:34:16 - ModbusReader - INFO - wind speed: 0.0 m/s, wind level: 0, wind direction angle: 255.9, wind direction: WSW
2025-07-09 12:34:46 - ModbusReader - INFO - wind speed: 0.0 m/s, wind level: 0, wind direction angle: 230.8, wind direction: WS
2025-07-09 12:34:47 - ModbusReader - INFO - wind speed: 0.0 m/s, wind level: 0, wind direction angle: 230.8, wind direction: WS
2025-07-09 12:35:17 - ModbusReader - INFO - wind speed: 0.0 m/s, wind level: 0, wind direction angle: 111.2, wind direction: ESE
2025-07-09 12:35:18 - ModbusReader - INFO - wind speed: 0.0 m/s, wind level: 0, wind direction angle: 111.2, wind direction: ESE
2025-07-09 12:35:49 - ModbusReader - INFO - wind speed: 0.4 m/s, wind level: 1, wind direction angle: 199.8, wind direction: SSW
2025-07-09 12:35:49 - ModbusReader - INFO - wind speed: 0.4 m/s, wind level: 1, wind direction angle: 199.8, wind direction: SSW
2025-07-09 12:36:20 - ModbusReader - INFO - wind speed: 1.4 m/s, wind level: 1, wind direction angle: 271.3, wind direction: W
2025-07-09 12:36:20 - ModbusReader - INFO - wind speed: 1.4 m/s, wind level: 1, wind direction angle: 271.3, wind direction: W
2025-07-09 12:36:51 - ModbusReader - INFO - wind speed: 1.5 m/s, wind level: 1, wind direction angle: 268.1, wind direction: W
2025-07-09 12:36:52 - ModbusReader - INFO - wind speed: 1.5 m/s, wind level: 1, wind direction angle: 268.1, wind direction: W
2025-07-09 12:37:22 - ModbusReader - INFO - wind speed: 0.7 m/s, wind level: 1, wind direction angle: 344.5, wind direction: NNW
2025-07-09 12:37:23 - ModbusReader - INFO - wind speed: 0.7 m/s, wind level: 1, wind direction angle: 344.5, wind direction: NNW
2025-07-09 12:37:53 - ModbusReader - INFO - wind speed: 1.1 m/s, wind level: 1, wind direction angle: 228.7, wind direction: WS
2025-07-09 12:37:54 - ModbusReader - INFO - wind speed: 1.1 m/s, wind level: 1, wind direction angle: 228.7, wind direction: WS
2025-07-09 12:38:25 - ModbusReader - INFO - wind speed: 0.8 m/s, wind level: 1, wind direction angle: 237.1, wind direction: WSW
2025-07-09 12:38:25 - ModbusReader - INFO - wind speed: 0.8 m/s, wind level: 1, wind direction angle: 237.1, wind direction: WSW
2025-07-09 12:38:56 - ModbusReader - INFO - wind speed: 0.0 m/s, wind level: 0, wind direction angle: 120.8, wind direction: ESE
2025-07-09 12:38:56 - ModbusReader - INFO - wind speed: 0.0 m/s, wind level: 0, wind direction angle: 120.8, wind direction: ESE
2025-07-09 12:39:27 - ModbusReader - INFO - wind speed: 0.0 m/s, wind level: 0, wind direction angle: 300.6, wind direction: WNW
2025-07-09 12:39:28 - ModbusReader - INFO - wind speed: 0.0 m/s, wind level: 0, wind direction angle: 300.6, wind direction: WNW
2025-07-09 12:39:58 - ModbusReader - INFO - wind speed: 0.0 m/s, wind level: 0, wind direction angle: 256.8, wind direction: WSW
2025-07-09 12:39:59 - ModbusReader - INFO - wind speed: 0.0 m/s, wind level: 0, wind direction angle: 256.8, wind direction: WSW
2025-07-09 12:40:29 - ModbusReader - INFO - wind speed: 0.0 m/s, wind level: 0, wind direction angle: 185.0, wind direction: S
2025-07-09 12:40:30 - ModbusReader - INFO - wind speed: 0.0 m/s, wind level: 0, wind direction angle: 185.0, wind direction: S
2025-07-09 12:41:01 - ModbusReader - INFO - wind speed: 0.0 m/s, wind level: 0, wind direction angle: 32.6, wind direction: NNE
2025-07-09 12:41:01 - ModbusReader - INFO - wind speed: 0.0 m/s, wind level: 0, wind direction angle: 251.5, wind direction: WSW
2025-07-09 12:41:32 - ModbusReader - INFO - wind speed: 0.0 m/s, wind level: 0, wind direction angle: 101.4, wind direction: ESE
2025-07-09 12:41:32 - ModbusReader - INFO - wind speed: 0.0 m/s, wind level: 0, wind direction angle: 101.4, wind direction: ESE
2025-07-09 12:42:03 - ModbusReader - INFO - wind speed: 0.0 m/s, wind level: 0, wind direction angle: 1.0, wind direction: N
2025-07-09 12:42:04 - ModbusReader - INFO - wind speed: 0.0 m/s, wind level: 0, wind direction angle: 1.0, wind direction: N
2025-07-09 12:42:34 - ModbusReader - INFO - wind speed: 0.0 m/s, wind level: 0, wind direction angle: 319.0, wind direction: WN
2025-07-09 12:42:35 - ModbusReader - INFO - wind speed: 0.0 m/s, wind level: 0, wind direction angle: 319.0, wind direction: WN
2025-07-09 12:43:05 - ModbusReader - INFO - wind speed: 1.0 m/s, wind level: 1, wind direction angle: 302.3, wind direction: WNW
2025-07-09 12:43:06 - ModbusReader - INFO - wind speed: 1.0 m/s, wind level: 1, wind direction angle: 302.3, wind direction: WNW
2025-07-09 12:43:37 - ModbusReader - INFO - wind speed: 1.7 m/s, wind level: 2, wind direction angle: 227.6, wind direction: WS
2025-07-09 12:43:37 - ModbusReader - INFO - wind speed: 1.7 m/s, wind level: 2, wind direction angle: 227.6, wind direction: WS
2025-07-09 12:44:08 - ModbusReader - INFO - wind speed: 1.1 m/s, wind level: 1, wind direction angle: 278.8, wind direction: W
2025-07-09 12:44:08 - ModbusReader - INFO - wind speed: 1.1 m/s, wind level: 1, wind direction angle: 278.8, wind direction: W
2025-07-09 12:44:39 - ModbusReader - INFO - wind speed: 0.5 m/s, wind level: 1, wind direction angle: 19.4, wind direction: NNE
2025-07-09 12:44:40 - ModbusReader - INFO - wind speed: 0.5 m/s, wind level: 1, wind direction angle: 19.4, wind direction: NNE
2025-07-09 12:45:10 - ModbusReader - INFO - wind speed: 0.1 m/s, wind level: 0, wind direction angle: 116.9, wind direction: ESE
2025-07-09 12:45:11 - ModbusReader - INFO - wind speed: 0.1 m/s, wind level: 0, wind direction angle: 116.9, wind direction: ESE
2025-07-09 12:45:41 - ModbusReader - INFO - wind speed: 0.0 m/s, wind level: 0, wind direction angle: 57.8, wind direction: ENE
2025-07-09 12:45:42 - ModbusReader - INFO - wind speed: 0.0 m/s, wind level: 0, wind direction angle: 57.8, wind direction: ENE
2025-07-09 12:46:13 - ModbusReader - INFO - wind speed: 0.0 m/s, wind level: 0, wind direction angle: 59.2, wind direction: ENE
2025-07-09 12:46:13 - ModbusReader - INFO - wind speed: 0.0 m/s, wind level: 0, wind direction angle: 59.2, wind direction: ENE
2025-07-09 12:46:44 - ModbusReader - INFO - wind speed: 0.0 m/s, wind level: 0, wind direction angle: 340.5, wind direction: NNW
2025-07-09 12:46:44 - ModbusReader - INFO - wind speed: 0.0 m/s, wind level: 0, wind direction angle: 340.5, wind direction: NNW
2025-07-09 12:47:15 - ModbusReader - INFO - wind speed: 0.0 m/s, wind level: 0, wind direction angle: 320.5, wind direction: WN
2025-07-09 12:47:16 - ModbusReader - INFO - wind speed: 0.0 m/s, wind level: 0, wind direction angle: 320.5, wind direction: WN
2025-07-09 12:47:46 - ModbusReader - INFO - wind speed: 0.0 m/s, wind level: 0, wind direction angle: 107.4, wind direction: ESE
2025-07-09 12:47:47 - ModbusReader - INFO - wind speed: 0.0 m/s, wind level: 0, wind direction angle: 107.4, wind direction: ESE
2025-07-09 12:48:17 - ModbusReader - INFO - wind speed: 0.8 m/s, wind level: 1, wind direction angle: 163.1, wind direction: SSE
2025-07-09 12:48:18 - ModbusReader - INFO - wind speed: 0.7 m/s, wind level: 1, wind direction angle: 142.8, wind direction: ES
2025-07-09 12:48:49 - ModbusReader - INFO - wind speed: 1.0 m/s, wind level: 1, wind direction angle: 84.8, wind direction: E
2025-07-09 12:48:49 - ModbusReader - INFO - wind speed: 1.0 m/s, wind level: 1, wind direction angle: 84.8, wind direction: E
2025-07-09 12:49:20 - ModbusReader - INFO - wind speed: 0.6 m/s, wind level: 1, wind direction angle: 123.3, wind direction: ESE
2025-07-09 12:49:20 - ModbusReader - INFO - wind speed: 0.6 m/s, wind level: 1, wind direction angle: 123.3, wind direction: ESE
2025-07-09 12:49:51 - ModbusReader - INFO - wind speed: 0.4 m/s, wind level: 1, wind direction angle: 116.5, wind direction: ESE
2025-07-09 12:49:52 - ModbusReader - INFO - wind speed: 0.4 m/s, wind level: 1, wind direction angle: 116.5, wind direction: ESE
2025-07-09 12:50:22 - ModbusReader - INFO - wind speed: 0.0 m/s, wind level: 0, wind direction angle: 289.6, wind direction: WNW
2025-07-09 12:50:23 - ModbusReader - INFO - wind speed: 0.0 m/s, wind level: 0, wind direction angle: 289.6, wind direction: WNW
2025-07-09 12:50:53 - ModbusReader - INFO - wind speed: 0.0 m/s, wind level: 0, wind direction angle: 53.2, wind direction: EN
2025-07-09 12:50:54 - ModbusReader - INFO - wind speed: 0.0 m/s, wind level: 0, wind direction angle: 53.2, wind direction: EN
2025-07-09 12:51:25 - ModbusReader - INFO - wind speed: 0.0 m/s, wind level: 0, wind direction angle: 109.0, wind direction: ESE
2025-07-09 12:51:25 - ModbusReader - INFO - wind speed: 0.0 m/s, wind level: 0, wind direction angle: 109.0, wind direction: ESE
2025-07-09 12:51:56 - ModbusReader - INFO - wind speed: 0.0 m/s, wind level: 0, wind direction angle: 163.7, wind direction: SSE
2025-07-09 12:51:56 - ModbusReader - INFO - wind speed: 0.0 m/s, wind level: 0, wind direction angle: 163.7, wind direction: SSE
2025-07-09 12:52:27 - ModbusReader - INFO - wind speed: 0.0 m/s, wind level: 0, wind direction angle: 180.0, wind direction: S
2025-07-09 12:52:28 - ModbusReader - INFO - wind speed: 0.0 m/s, wind level: 0, wind direction angle: 180.0, wind direction: S
2025-07-09 12:52:58 - ModbusReader - INFO - wind speed: 0.5 m/s, wind level: 1, wind direction angle: 296.5, wind direction: WNW
2025-07-09 12:52:59 - ModbusReader - INFO - wind speed: 0.5 m/s, wind level: 1, wind direction angle: 296.5, wind direction: WNW
2025-07-09 12:53:29 - ModbusReader - INFO - wind speed: 0.8 m/s, wind level: 1, wind direction angle: 266.8, wind direction: W
2025-07-09 12:53:30 - ModbusReader - INFO - wind speed: 0.8 m/s, wind level: 1, wind direction angle: 266.8, wind direction: W
2025-07-09 12:54:01 - ModbusReader - INFO - wind speed: 0.6 m/s, wind level: 1, wind direction angle: 238.4, wind direction: WSW
2025-07-09 12:54:01 - ModbusReader - INFO - wind speed: 0.6 m/s, wind level: 1, wind direction angle: 238.4, wind direction: WSW
2025-07-09 12:54:32 - ModbusReader - INFO - wind speed: 0.0 m/s, wind level: 0, wind direction angle: 45.3, wind direction: EN
2025-07-09 12:54:32 - ModbusReader - INFO - wind speed: 0.0 m/s, wind level: 0, wind direction angle: 45.3, wind direction: EN
2025-07-09 12:55:03 - ModbusReader - INFO - wind speed: 0.6 m/s, wind level: 1, wind direction angle: 125.9, wind direction: ES
2025-07-09 12:55:04 - ModbusReader - INFO - wind speed: 0.6 m/s, wind level: 1, wind direction angle: 125.9, wind direction: ES
2025-07-09 12:55:34 - ModbusReader - INFO - wind speed: 0.5 m/s, wind level: 1, wind direction angle: 355.7, wind direction: N
2025-07-09 12:55:35 - ModbusReader - INFO - wind speed: 0.5 m/s, wind level: 1, wind direction angle: 160.7, wind direction: SSE
2025-07-09 12:56:05 - ModbusReader - INFO - wind speed: 0.3 m/s, wind level: 1, wind direction angle: 9.5, wind direction: N
2025-07-09 12:56:06 - ModbusReader - INFO - wind speed: 0.3 m/s, wind level: 1, wind direction angle: 9.5, wind direction: N
2025-07-09 12:56:37 - ModbusReader - INFO - wind speed: 0.0 m/s, wind level: 0, wind direction angle: 170.7, wind direction: S
2025-07-09 12:56:37 - ModbusReader - INFO - wind speed: 0.0 m/s, wind level: 0, wind direction angle: 170.7, wind direction: S
2025-07-09 12:57:08 - ModbusReader - INFO - wind speed: 0.0 m/s, wind level: 0, wind direction angle: 324.8, wind direction: WN
2025-07-09 12:57:08 - ModbusReader - INFO - wind speed: 0.0 m/s, wind level: 0, wind direction angle: 324.8, wind direction: WN
2025-07-09 12:57:39 - ModbusReader - INFO - wind speed: 0.0 m/s, wind level: 0, wind direction angle: 19.9, wind direction: NNE
2025-07-09 12:57:40 - ModbusReader - INFO - wind speed: 0.0 m/s, wind level: 0, wind direction angle: 19.9, wind direction: NNE
2025-07-09 12:58:10 - ModbusReader - INFO - wind speed: 0.0 m/s, wind level: 0, wind direction angle: 166.5, wind direction: SSE
2025-07-09 12:58:11 - ModbusReader - INFO - wind speed: 0.0 m/s, wind level: 0, wind direction angle: 166.5, wind direction: SSE
2025-07-09 12:58:41 - ModbusReader - INFO - wind speed: 0.0 m/s, wind level: 0, wind direction angle: 304.5, wind direction: WN
2025-07-09 12:58:42 - ModbusReader - INFO - wind speed: 0.0 m/s, wind level: 0, wind direction angle: 304.5, wind direction: WN
2025-07-09 12:59:13 - ModbusReader - INFO - wind speed: 0.0 m/s, wind level: 0, wind direction angle: 137.8, wind direction: ES
2025-07-09 12:59:13 - ModbusReader - INFO - wind speed: 0.0 m/s, wind level: 0, wind direction angle: 137.8, wind direction: ES
2025-07-09 12:59:44 - ModbusReader - INFO - wind speed: 0.0 m/s, wind level: 0, wind direction angle: 177.9, wind direction: S
2025-07-09 12:59:44 - ModbusReader - INFO - wind speed: 0.0 m/s, wind level: 0, wind direction angle: 177.9, wind direction: S
2025-07-09 13:00:15 - ModbusReader - INFO - wind speed: 0.0 m/s, wind level: 0, wind direction angle: 344.1, wind direction: NNW
2025-07-09 13:00:16 - ModbusReader - INFO - wind speed: 0.0 m/s, wind level: 0, wind direction angle: 344.1, wind direction: NNW
2025-07-09 13:00:46 - ModbusReader - INFO - wind speed: 0.0 m/s, wind level: 0, wind direction angle: 295.9, wind direction: WNW
2025-07-09 13:00:47 - ModbusReader - INFO - wind speed: 0.0 m/s, wind level: 0, wind direction angle: 295.9, wind direction: WNW
2025-07-09 13:01:17 - ModbusReader - INFO - wind speed: 0.0 m/s, wind level: 0, wind direction angle: 343.1, wind direction: NNW
2025-07-09 13:01:18 - ModbusReader - INFO - wind speed: 0.0 m/s, wind level: 0, wind direction angle: 343.1, wind direction: NNW
2025-07-09 13:01:49 - ModbusReader - INFO - wind speed: 0.0 m/s, wind level: 0, wind direction angle: 181.4, wind direction: S
2025-07-09 13:01:49 - ModbusReader - INFO - wind speed: 0.0 m/s, wind level: 0, wind direction angle: 181.4, wind direction: S
2025-07-09 13:02:20 - ModbusReader - INFO - wind speed: 0.0 m/s, wind level: 0, wind direction angle: 27.0, wind direction: NNE
2025-07-09 13:02:20 - ModbusReader - INFO - wind speed: 0.0 m/s, wind level: 0, wind direction angle: 27.0, wind direction: NNE
2025-07-09 13:02:51 - ModbusReader - INFO - wind speed: 0.0 m/s, wind level: 0, wind direction angle: 272.9, wind direction: W
2025-07-09 13:02:52 - ModbusReader - INFO - wind speed: 0.0 m/s, wind level: 0, wind direction angle: 329.2, wind direction: NNW
2025-07-09 13:03:22 - ModbusReader - INFO - wind speed: 0.0 m/s, wind level: 0, wind direction angle: 99.9, wind direction: E
2025-07-09 13:03:23 - ModbusReader - INFO - wind speed: 0.0 m/s, wind level: 0, wind direction angle: 99.9, wind direction: E
2025-07-09 13:03:53 - ModbusReader - INFO - wind speed: 0.0 m/s, wind level: 0, wind direction angle: 80.4, wind direction: E
2025-07-09 13:03:54 - ModbusReader - INFO - wind speed: 0.0 m/s, wind level: 0, wind direction angle: 80.4, wind direction: E
2025-07-09 13:04:25 - ModbusReader - INFO - wind speed: 0.0 m/s, wind level: 0, wind direction angle: 342.4, wind direction: NNW
2025-07-09 13:04:25 - ModbusReader - INFO - wind speed: 0.0 m/s, wind level: 0, wind direction angle: 342.4, wind direction: NNW
2025-07-09 13:04:56 - ModbusReader - INFO - wind speed: 0.0 m/s, wind level: 0, wind direction angle: 261.6, wind direction: W
2025-07-09 13:04:56 - ModbusReader - INFO - wind speed: 0.0 m/s, wind level: 0, wind direction angle: 261.6, wind direction: W
2025-07-09 13:05:27 - ModbusReader - INFO - wind speed: 0.0 m/s, wind level: 0, wind direction angle: 354.0, wind direction: N
2025-07-09 13:05:28 - ModbusReader - INFO - wind speed: 0.0 m/s, wind level: 0, wind direction angle: 354.0, wind direction: N
2025-07-09 13:05:58 - ModbusReader - INFO - wind speed: 0.7 m/s, wind level: 1, wind direction angle: 105.0, wind direction: ESE
2025-07-09 13:05:59 - ModbusReader - INFO - wind speed: 0.7 m/s, wind level: 1, wind direction angle: 105.0, wind direction: ESE
2025-07-09 13:06:29 - ModbusReader - INFO - wind speed: 0.5 m/s, wind level: 1, wind direction angle: 309.2, wind direction: WN
2025-07-09 13:06:30 - ModbusReader - INFO - wind speed: 0.5 m/s, wind level: 1, wind direction angle: 309.2, wind direction: WN
2025-07-09 13:07:01 - ModbusReader - INFO - wind speed: 0.4 m/s, wind level: 1, wind direction angle: 328.3, wind direction: NNW
2025-07-09 13:07:01 - ModbusReader - INFO - wind speed: 0.4 m/s, wind level: 1, wind direction angle: 328.3, wind direction: NNW
2025-07-09 13:07:32 - ModbusReader - INFO - wind speed: 0.0 m/s, wind level: 0, wind direction angle: 83.0, wind direction: E
2025-07-09 13:07:32 - ModbusReader - INFO - wind speed: 0.0 m/s, wind level: 0, wind direction angle: 83.0, wind direction: E
2025-07-09 13:08:03 - ModbusReader - INFO - wind speed: 0.0 m/s, wind level: 0, wind direction angle: 67.1, wind direction: ENE
2025-07-09 13:08:04 - ModbusReader - INFO - wind speed: 0.0 m/s, wind level: 0, wind direction angle: 67.1, wind direction: ENE
2025-07-09 13:08:34 - ModbusReader - INFO - wind speed: 0.0 m/s, wind level: 0, wind direction angle: 103.4, wind direction: ESE
2025-07-09 13:08:35 - ModbusReader - INFO - wind speed: 0.0 m/s, wind level: 0, wind direction angle: 103.4, wind direction: ESE
2025-07-09 13:09:05 - ModbusReader - INFO - wind speed: 0.0 m/s, wind level: 0, wind direction angle: 354.0, wind direction: N
2025-07-09 13:09:06 - ModbusReader - INFO - wind speed: 0.0 m/s, wind level: 0, wind direction angle: 354.0, wind direction: N
2025-07-09 13:09:37 - ModbusReader - INFO - wind speed: 0.0 m/s, wind level: 0, wind direction angle: 188.0, wind direction: S
2025-07-09 13:09:37 - ModbusReader - INFO - wind speed: 0.0 m/s, wind level: 0, wind direction angle: 188.0, wind direction: S
2025-07-09 13:10:08 - ModbusReader - INFO - wind speed: 0.1 m/s, wind level: 0, wind direction angle: 205.6, wind direction: SSW
2025-07-09 13:10:08 - ModbusReader - INFO - wind speed: 0.0 m/s, wind level: 0, wind direction angle: 63.4, wind direction: ENE
2025-07-09 13:10:39 - ModbusReader - INFO - wind speed: 0.0 m/s, wind level: 0, wind direction angle: 238.0, wind direction: WSW
2025-07-09 13:10:40 - ModbusReader - INFO - wind speed: 0.0 m/s, wind level: 0, wind direction angle: 238.0, wind direction: WSW
2025-07-09 13:11:10 - ModbusReader - INFO - wind speed: 0.0 m/s, wind level: 0, wind direction angle: 122.7, wind direction: ESE
2025-07-09 13:11:11 - ModbusReader - INFO - wind speed: 0.0 m/s, wind level: 0, wind direction angle: 122.7, wind direction: ESE
2025-07-09 13:11:41 - ModbusReader - INFO - wind speed: 0.0 m/s, wind level: 0, wind direction angle: 236.9, wind direction: WSW
2025-07-09 13:11:42 - ModbusReader - INFO - wind speed: 0.0 m/s, wind level: 0, wind direction angle: 236.9, wind direction: WSW
2025-07-09 13:12:13 - ModbusReader - INFO - wind speed: 0.0 m/s, wind level: 0, wind direction angle: 125.2, wind direction: ES
2025-07-09 13:12:13 - ModbusReader - INFO - wind speed: 0.0 m/s, wind level: 0, wind direction angle: 125.2, wind direction: ES
2025-07-09 13:12:44 - ModbusReader - INFO - wind speed: 0.0 m/s, wind level: 0, wind direction angle: 145.9, wind direction: ES
2025-07-09 13:12:44 - ModbusReader - INFO - wind speed: 0.0 m/s, wind level: 0, wind direction angle: 145.9, wind direction: ES
2025-07-09 13:13:15 - ModbusReader - INFO - wind speed: 0.0 m/s, wind level: 0, wind direction angle: 114.1, wind direction: ESE
2025-07-09 13:13:16 - ModbusReader - INFO - wind speed: 0.0 m/s, wind level: 0, wind direction angle: 114.1, wind direction: ESE
2025-07-09 13:13:46 - ModbusReader - INFO - wind speed: 0.0 m/s, wind level: 0, wind direction angle: 132.7, wind direction: ES
2025-07-09 13:13:47 - ModbusReader - INFO - wind speed: 0.0 m/s, wind level: 0, wind direction angle: 132.7, wind direction: ES
2025-07-09 13:14:17 - ModbusReader - INFO - wind speed: 0.0 m/s, wind level: 0, wind direction angle: 248.7, wind direction: WSW
2025-07-09 13:14:18 - ModbusReader - INFO - wind speed: 0.0 m/s, wind level: 0, wind direction angle: 248.7, wind direction: WSW
2025-07-09 13:14:49 - ModbusReader - INFO - wind speed: 0.0 m/s, wind level: 0, wind direction angle: 342.8, wind direction: NNW
2025-07-09 13:14:49 - ModbusReader - INFO - wind speed: 0.0 m/s, wind level: 0, wind direction angle: 342.8, wind direction: NNW
2025-07-09 13:15:20 - ModbusReader - INFO - wind speed: 0.0 m/s, wind level: 0, wind direction angle: 40.7, wind direction: EN
2025-07-09 13:15:20 - ModbusReader - INFO - wind speed: 0.0 m/s, wind level: 0, wind direction angle: 40.7, wind direction: EN
2025-07-09 13:15:51 - ModbusReader - INFO - wind speed: 0.0 m/s, wind level: 0, wind direction angle: 224.8, wind direction: WS
2025-07-09 13:15:52 - ModbusReader - INFO - wind speed: 0.0 m/s, wind level: 0, wind direction angle: 224.8, wind direction: WS
2025-07-09 13:16:22 - ModbusReader - INFO - wind speed: 0.7 m/s, wind level: 1, wind direction angle: 269.1, wind direction: W
2025-07-09 13:16:23 - ModbusReader - INFO - wind speed: 0.7 m/s, wind level: 1, wind direction angle: 269.1, wind direction: W
2025-07-09 13:16:53 - ModbusReader - INFO - wind speed: 0.5 m/s, wind level: 1, wind direction angle: 183.3, wind direction: S
2025-07-09 13:16:54 - ModbusReader - INFO - wind speed: 0.5 m/s, wind level: 1, wind direction angle: 183.3, wind direction: S
2025-07-09 13:17:25 - ModbusReader - INFO - wind speed: 0.0 m/s, wind level: 0, wind direction angle: 177.6, wind direction: S
2025-07-09 13:17:25 - ModbusReader - INFO - wind speed: 0.5 m/s, wind level: 1, wind direction angle: 318.0, wind direction: WN
2025-07-09 13:17:56 - ModbusReader - INFO - wind speed: 0.6 m/s, wind level: 1, wind direction angle: 301.3, wind direction: WNW
2025-07-09 13:17:56 - ModbusReader - INFO - wind speed: 0.6 m/s, wind level: 1, wind direction angle: 301.3, wind direction: WNW
2025-07-09 13:18:27 - ModbusReader - INFO - wind speed: 0.6 m/s, wind level: 1, wind direction angle: 331.2, wind direction: NNW
2025-07-09 13:18:28 - ModbusReader - INFO - wind speed: 0.6 m/s, wind level: 1, wind direction angle: 331.2, wind direction: NNW
2025-07-09 13:18:58 - ModbusReader - INFO - wind speed: 0.6 m/s, wind level: 1, wind direction angle: 316.5, wind direction: WN
2025-07-09 13:18:59 - ModbusReader - INFO - wind speed: 0.6 m/s, wind level: 1, wind direction angle: 316.5, wind direction: WN
2025-07-09 13:19:29 - ModbusReader - INFO - wind speed: 0.0 m/s, wind level: 0, wind direction angle: 244.0, wind direction: WSW
2025-07-09 13:19:30 - ModbusReader - INFO - wind speed: 0.0 m/s, wind level: 0, wind direction angle: 244.0, wind direction: WSW
2025-07-09 13:20:01 - ModbusReader - INFO - wind speed: 0.0 m/s, wind level: 0, wind direction angle: 116.9, wind direction: ESE
2025-07-09 13:20:01 - ModbusReader - INFO - wind speed: 0.0 m/s, wind level: 0, wind direction angle: 116.9, wind direction: ESE
2025-07-09 13:20:32 - ModbusReader - INFO - wind speed: 0.0 m/s, wind level: 0, wind direction angle: 123.2, wind direction: ESE
2025-07-09 13:20:32 - ModbusReader - INFO - wind speed: 0.0 m/s, wind level: 0, wind direction angle: 123.2, wind direction: ESE
2025-07-09 13:21:03 - ModbusReader - INFO - wind speed: 0.1 m/s, wind level: 0, wind direction angle: 10.9, wind direction: N
2025-07-09 13:21:04 - ModbusReader - INFO - wind speed: 0.1 m/s, wind level: 0, wind direction angle: 10.9, wind direction: N
2025-07-09 13:21:34 - ModbusReader - INFO - wind speed: 0.0 m/s, wind level: 0, wind direction angle: 141.7, wind direction: ES
2025-07-09 13:21:35 - ModbusReader - INFO - wind speed: 0.0 m/s, wind level: 0, wind direction angle: 141.7, wind direction: ES
2025-07-09 13:22:05 - ModbusReader - INFO - wind speed: 0.0 m/s, wind level: 0, wind direction angle: 55.1, wind direction: EN
2025-07-09 13:22:06 - ModbusReader - INFO - wind speed: 0.0 m/s, wind level: 0, wind direction angle: 55.1, wind direction: EN
2025-07-09 13:22:37 - ModbusReader - INFO - wind speed: 0.0 m/s, wind level: 0, wind direction angle: 331.3, wind direction: NNW
2025-07-09 13:22:37 - ModbusReader - INFO - wind speed: 0.0 m/s, wind level: 0, wind direction angle: 331.3, wind direction: NNW
2025-07-09 13:23:08 - ModbusReader - INFO - wind speed: 0.0 m/s, wind level: 0, wind direction angle: 294.7, wind direction: WNW
2025-07-09 13:23:08 - ModbusReader - INFO - wind speed: 0.0 m/s, wind level: 0, wind direction angle: 294.7, wind direction: WNW
2025-07-09 13:23:39 - ModbusReader - INFO - wind speed: 0.0 m/s, wind level: 0, wind direction angle: 195.9, wind direction: SSW
2025-07-09 13:23:40 - ModbusReader - INFO - wind speed: 0.0 m/s, wind level: 0, wind direction angle: 195.9, wind direction: SSW
2025-07-09 13:24:10 - ModbusReader - INFO - wind speed: 0.0 m/s, wind level: 0, wind direction angle: 276.8, wind direction: W
2025-07-09 13:24:11 - ModbusReader - INFO - wind speed: 0.0 m/s, wind level: 0, wind direction angle: 276.8, wind direction: W
2025-07-09 13:24:41 - ModbusReader - INFO - wind speed: 0.0 m/s, wind level: 0, wind direction angle: 43.9, wind direction: EN
2025-07-09 13:24:42 - ModbusReader - INFO - wind speed: 0.0 m/s, wind level: 0, wind direction angle: 107.2, wind direction: ESE
2025-07-09 13:25:13 - ModbusReader - INFO - wind speed: 0.9 m/s, wind level: 1, wind direction angle: 243.8, wind direction: WSW
2025-07-09 13:25:13 - ModbusReader - INFO - wind speed: 0.9 m/s, wind level: 1, wind direction angle: 243.8, wind direction: WSW
2025-07-09 13:25:44 - ModbusReader - INFO - wind speed: 0.2 m/s, wind level: 0, wind direction angle: 86.9, wind direction: E
2025-07-09 13:25:44 - ModbusReader - INFO - wind speed: 0.2 m/s, wind level: 0, wind direction angle: 86.9, wind direction: E
2025-07-09 13:26:15 - ModbusReader - INFO - wind speed: 0.5 m/s, wind level: 1, wind direction angle: 145.2, wind direction: ES
2025-07-09 13:26:16 - ModbusReader - INFO - wind speed: 0.5 m/s, wind level: 1, wind direction angle: 145.2, wind direction: ES
2025-07-09 13:26:46 - ModbusReader - INFO - wind speed: 0.0 m/s, wind level: 0, wind direction angle: 157.1, wind direction: SSE
2025-07-09 13:26:47 - ModbusReader - INFO - wind speed: 0.0 m/s, wind level: 0, wind direction angle: 157.1, wind direction: SSE
2025-07-09 13:27:17 - ModbusReader - INFO - wind speed: 0.9 m/s, wind level: 1, wind direction angle: 333.7, wind direction: NNW
2025-07-09 13:27:18 - ModbusReader - INFO - wind speed: 0.9 m/s, wind level: 1, wind direction angle: 333.7, wind direction: NNW
2025-07-09 13:27:49 - ModbusReader - INFO - wind speed: 0.4 m/s, wind level: 1, wind direction angle: 199.2, wind direction: SSW
2025-07-09 13:27:49 - ModbusReader - INFO - wind speed: 0.4 m/s, wind level: 1, wind direction angle: 199.2, wind direction: SSW
2025-07-09 13:28:20 - ModbusReader - INFO - wind speed: 0.1 m/s, wind level: 0, wind direction angle: 16.6, wind direction: NNE
2025-07-09 13:28:20 - ModbusReader - INFO - wind speed: 0.1 m/s, wind level: 0, wind direction angle: 16.6, wind direction: NNE
2025-07-09 13:28:51 - ModbusReader - INFO - wind speed: 0.0 m/s, wind level: 0, wind direction angle: 26.3, wind direction: NNE
2025-07-09 13:28:52 - ModbusReader - INFO - wind speed: 0.0 m/s, wind level: 0, wind direction angle: 26.3, wind direction: NNE
2025-07-09 13:29:22 - ModbusReader - INFO - wind speed: 0.0 m/s, wind level: 0, wind direction angle: 264.1, wind direction: W
2025-07-09 13:29:23 - ModbusReader - INFO - wind speed: 0.0 m/s, wind level: 0, wind direction angle: 264.1, wind direction: W
2025-07-09 13:29:53 - ModbusReader - INFO - wind speed: 0.0 m/s, wind level: 0, wind direction angle: 51.4, wind direction: EN
2025-07-09 13:29:54 - ModbusReader - INFO - wind speed: 0.0 m/s, wind level: 0, wind direction angle: 51.4, wind direction: EN
2025-07-09 13:30:25 - ModbusReader - INFO - wind speed: 0.8 m/s, wind level: 1, wind direction angle: 223.3, wind direction: WS
2025-07-09 13:30:25 - ModbusReader - INFO - wind speed: 0.8 m/s, wind level: 1, wind direction angle: 223.3, wind direction: WS
2025-07-09 13:30:56 - ModbusReader - INFO - wind speed: 1.3 m/s, wind level: 1, wind direction angle: 281.6, wind direction: WNW
2025-07-09 13:30:56 - ModbusReader - INFO - wind speed: 1.3 m/s, wind level: 1, wind direction angle: 281.6, wind direction: WNW
2025-07-09 13:31:27 - ModbusReader - INFO - wind speed: 0.6 m/s, wind level: 1, wind direction angle: 338.8, wind direction: NNW
2025-07-09 13:31:28 - ModbusReader - INFO - wind speed: 0.6 m/s, wind level: 1, wind direction angle: 338.8, wind direction: NNW
2025-07-09 13:31:58 - ModbusReader - INFO - wind speed: 0.0 m/s, wind level: 0, wind direction angle: 221.2, wind direction: WS
2025-07-09 13:31:59 - ModbusReader - INFO - wind speed: 0.0 m/s, wind level: 0, wind direction angle: 289.1, wind direction: WNW
2025-07-09 13:32:29 - ModbusReader - INFO - wind speed: 0.2 m/s, wind level: 0, wind direction angle: 258.4, wind direction: WSW
2025-07-09 13:32:30 - ModbusReader - INFO - wind speed: 0.2 m/s, wind level: 0, wind direction angle: 258.4, wind direction: WSW
2025-07-09 13:33:01 - ModbusReader - INFO - wind speed: 0.7 m/s, wind level: 1, wind direction angle: 255.9, wind direction: WSW
2025-07-09 13:33:01 - ModbusReader - INFO - wind speed: 0.7 m/s, wind level: 1, wind direction angle: 255.9, wind direction: WSW
2025-07-09 13:33:32 - ModbusReader - INFO - wind speed: 0.0 m/s, wind level: 0, wind direction angle: 259.2, wind direction: W
2025-07-09 13:33:32 - ModbusReader - INFO - wind speed: 0.0 m/s, wind level: 0, wind direction angle: 259.2, wind direction: W
2025-07-09 13:34:03 - ModbusReader - INFO - wind speed: 0.0 m/s, wind level: 0, wind direction angle: 317.3, wind direction: WN
2025-07-09 13:34:04 - ModbusReader - INFO - wind speed: 0.0 m/s, wind level: 0, wind direction angle: 317.3, wind direction: WN
2025-07-09 13:34:34 - ModbusReader - INFO - wind speed: 0.0 m/s, wind level: 0, wind direction angle: 323.7, wind direction: WN
2025-07-09 13:34:35 - ModbusReader - INFO - wind speed: 0.0 m/s, wind level: 0, wind direction angle: 323.7, wind direction: WN
2025-07-09 13:35:05 - ModbusReader - INFO - wind speed: 0.0 m/s, wind level: 0, wind direction angle: 312.9, wind direction: WN
2025-07-09 13:35:06 - ModbusReader - INFO - wind speed: 0.0 m/s, wind level: 0, wind direction angle: 312.9, wind direction: WN
2025-07-09 13:35:37 - ModbusReader - INFO - wind speed: 0.0 m/s, wind level: 0, wind direction angle: 117.4, wind direction: ESE
2025-07-09 13:35:37 - ModbusReader - INFO - wind speed: 0.0 m/s, wind level: 0, wind direction angle: 117.4, wind direction: ESE
2025-07-09 13:36:08 - ModbusReader - INFO - wind speed: 0.4 m/s, wind level: 1, wind direction angle: 112.9, wind direction: ESE
2025-07-09 13:36:08 - ModbusReader - INFO - wind speed: 0.4 m/s, wind level: 1, wind direction angle: 112.9, wind direction: ESE
2025-07-09 13:36:39 - ModbusReader - INFO - wind speed: 0.0 m/s, wind level: 0, wind direction angle: 181.0, wind direction: S
2025-07-09 13:36:40 - ModbusReader - INFO - wind speed: 0.0 m/s, wind level: 0, wind direction angle: 181.0, wind direction: S
2025-07-09 13:37:10 - ModbusReader - INFO - wind speed: 0.6 m/s, wind level: 1, wind direction angle: 85.9, wind direction: E
2025-07-09 13:37:11 - ModbusReader - INFO - wind speed: 0.6 m/s, wind level: 1, wind direction angle: 85.9, wind direction: E
2025-07-09 13:37:41 - ModbusReader - INFO - wind speed: 0.0 m/s, wind level: 0, wind direction angle: 76.8, wind direction: ENE
2025-07-09 13:37:42 - ModbusReader - INFO - wind speed: 0.0 m/s, wind level: 0, wind direction angle: 76.8, wind direction: ENE
2025-07-09 13:38:13 - ModbusReader - INFO - wind speed: 0.0 m/s, wind level: 0, wind direction angle: 345.6, wind direction: NNW
2025-07-09 13:38:13 - ModbusReader - INFO - wind speed: 0.0 m/s, wind level: 0, wind direction angle: 345.6, wind direction: NNW
2025-07-09 13:38:44 - ModbusReader - INFO - wind speed: 0.6 m/s, wind level: 1, wind direction angle: 19.0, wind direction: NNE
2025-07-09 13:38:44 - ModbusReader - INFO - wind speed: 0.6 m/s, wind level: 1, wind direction angle: 19.0, wind direction: NNE
2025-07-09 13:39:15 - ModbusReader - INFO - wind speed: 0.0 m/s, wind level: 0, wind direction angle: 161.1, wind direction: SSE
2025-07-09 13:39:16 - ModbusReader - INFO - wind speed: 0.0 m/s, wind level: 0, wind direction angle: 242.7, wind direction: WSW
2025-07-09 13:39:46 - ModbusReader - INFO - wind speed: 0.0 m/s, wind level: 0, wind direction angle: 246.6, wind direction: WSW
2025-07-09 13:39:47 - ModbusReader - INFO - wind speed: 0.0 m/s, wind level: 0, wind direction angle: 246.6, wind direction: WSW
2025-07-09 13:40:17 - ModbusReader - INFO - wind speed: 0.0 m/s, wind level: 0, wind direction angle: 204.3, wind direction: SSW
2025-07-09 13:40:18 - ModbusReader - INFO - wind speed: 0.0 m/s, wind level: 0, wind direction angle: 204.3, wind direction: SSW
2025-07-09 13:40:49 - ModbusReader - INFO - wind speed: 0.0 m/s, wind level: 0, wind direction angle: 328.2, wind direction: NNW
2025-07-09 13:40:49 - ModbusReader - INFO - wind speed: 0.0 m/s, wind level: 0, wind direction angle: 328.2, wind direction: NNW
2025-07-09 13:41:20 - ModbusReader - INFO - wind speed: 0.0 m/s, wind level: 0, wind direction angle: 181.2, wind direction: S
2025-07-09 13:41:20 - ModbusReader - INFO - wind speed: 0.0 m/s, wind level: 0, wind direction angle: 181.2, wind direction: S
2025-07-09 13:41:51 - ModbusReader - INFO - wind speed: 0.0 m/s, wind level: 0, wind direction angle: 327.1, wind direction: NNW
2025-07-09 13:41:52 - ModbusReader - INFO - wind speed: 0.0 m/s, wind level: 0, wind direction angle: 327.1, wind direction: NNW
2025-07-09 13:42:22 - ModbusReader - INFO - wind speed: 0.0 m/s, wind level: 0, wind direction angle: 302.1, wind direction: WNW
2025-07-09 13:42:23 - ModbusReader - INFO - wind speed: 0.0 m/s, wind level: 0, wind direction angle: 302.1, wind direction: WNW
2025-07-09 13:42:53 - ModbusReader - INFO - wind speed: 0.0 m/s, wind level: 0, wind direction angle: 21.3, wind direction: NNE
2025-07-09 13:42:54 - ModbusReader - INFO - wind speed: 0.0 m/s, wind level: 0, wind direction angle: 21.3, wind direction: NNE
2025-07-09 13:43:25 - ModbusReader - INFO - wind speed: 0.0 m/s, wind level: 0, wind direction angle: 62.0, wind direction: ENE
2025-07-09 13:43:25 - ModbusReader - INFO - wind speed: 0.0 m/s, wind level: 0, wind direction angle: 62.0, wind direction: ENE
2025-07-09 13:43:56 - ModbusReader - INFO - wind speed: 0.0 m/s, wind level: 0, wind direction angle: 151.3, wind direction: SSE
2025-07-09 13:43:56 - ModbusReader - INFO - wind speed: 0.0 m/s, wind level: 0, wind direction angle: 151.3, wind direction: SSE
2025-07-09 13:44:27 - ModbusReader - INFO - wind speed: 0.0 m/s, wind level: 0, wind direction angle: 171.4, wind direction: S
2025-07-09 13:44:28 - ModbusReader - INFO - wind speed: 0.0 m/s, wind level: 0, wind direction angle: 171.4, wind direction: S
2025-07-09 13:44:58 - ModbusReader - INFO - wind speed: 0.0 m/s, wind level: 0, wind direction angle: 45.5, wind direction: EN
2025-07-09 13:44:59 - ModbusReader - INFO - wind speed: 0.0 m/s, wind level: 0, wind direction angle: 45.5, wind direction: EN
2025-07-09 13:45:29 - ModbusReader - INFO - wind speed: 0.0 m/s, wind level: 0, wind direction angle: 38.9, wind direction: EN
2025-07-09 13:45:30 - ModbusReader - INFO - wind speed: 0.0 m/s, wind level: 0, wind direction angle: 38.9, wind direction: EN
2025-07-09 13:46:00 - ModbusReader - INFO - wind speed: 0.0 m/s, wind level: 0, wind direction angle: 220.7, wind direction: WS
2025-07-09 13:46:01 - ModbusReader - INFO - wind speed: 0.0 m/s, wind level: 0, wind direction angle: 220.7, wind direction: WS
2025-07-09 13:46:32 - ModbusReader - INFO - wind speed: 0.0 m/s, wind level: 0, wind direction angle: 300.9, wind direction: WNW
2025-07-09 13:46:32 - ModbusReader - INFO - wind speed: 0.0 m/s, wind level: 0, wind direction angle: 310.7, wind direction: WN
2025-07-09 13:47:03 - ModbusReader - INFO - wind speed: 0.0 m/s, wind level: 0, wind direction angle: 20.9, wind direction: NNE
2025-07-09 13:47:03 - ModbusReader - INFO - wind speed: 0.0 m/s, wind level: 0, wind direction angle: 20.9, wind direction: NNE
2025-07-09 13:47:34 - ModbusReader - INFO - wind speed: 0.0 m/s, wind level: 0, wind direction angle: 96.7, wind direction: E
2025-07-09 13:47:35 - ModbusReader - INFO - wind speed: 0.0 m/s, wind level: 0, wind direction angle: 96.7, wind direction: E
2025-07-09 13:48:05 - ModbusReader - INFO - wind speed: 0.0 m/s, wind level: 0, wind direction angle: 124.9, wind direction: ES
2025-07-09 13:48:06 - ModbusReader - INFO - wind speed: 0.0 m/s, wind level: 0, wind direction angle: 124.9, wind direction: ES
2025-07-09 13:48:36 - ModbusReader - INFO - wind speed: 0.0 m/s, wind level: 0, wind direction angle: 264.3, wind direction: W
2025-07-09 13:48:37 - ModbusReader - INFO - wind speed: 0.0 m/s, wind level: 0, wind direction angle: 264.3, wind direction: W
2025-07-09 13:49:08 - ModbusReader - INFO - wind speed: 0.0 m/s, wind level: 0, wind direction angle: 142.3, wind direction: ES
2025-07-09 13:49:08 - ModbusReader - INFO - wind speed: 0.0 m/s, wind level: 0, wind direction angle: 142.3, wind direction: ES
2025-07-09 13:49:39 - ModbusReader - INFO - wind speed: 0.0 m/s, wind level: 0, wind direction angle: 10.4, wind direction: N
2025-07-09 13:49:39 - ModbusReader - INFO - wind speed: 0.0 m/s, wind level: 0, wind direction angle: 10.4, wind direction: N
2025-07-09 13:50:10 - ModbusReader - INFO - wind speed: 0.7 m/s, wind level: 1, wind direction angle: 334.3, wind direction: NNW
2025-07-09 13:50:11 - ModbusReader - INFO - wind speed: 0.7 m/s, wind level: 1, wind direction angle: 334.3, wind direction: NNW
2025-07-09 13:50:41 - ModbusReader - INFO - wind speed: 0.5 m/s, wind level: 1, wind direction angle: 304.8, wind direction: WN
2025-07-09 13:50:42 - ModbusReader - INFO - wind speed: 0.5 m/s, wind level: 1, wind direction angle: 304.8, wind direction: WN
2025-07-09 13:51:12 - ModbusReader - INFO - wind speed: 0.3 m/s, wind level: 1, wind direction angle: 263.3, wind direction: W
2025-07-09 13:51:13 - ModbusReader - INFO - wind speed: 0.3 m/s, wind level: 1, wind direction angle: 263.3, wind direction: W
2025-07-09 13:51:44 - ModbusReader - INFO - wind speed: 0.6 m/s, wind level: 1, wind direction angle: 291.2, wind direction: WNW
2025-07-09 13:51:44 - ModbusReader - INFO - wind speed: 0.6 m/s, wind level: 1, wind direction angle: 291.2, wind direction: WNW
2025-07-09 13:52:15 - ModbusReader - INFO - wind speed: 0.6 m/s, wind level: 1, wind direction angle: 267.9, wind direction: W
2025-07-09 13:52:15 - ModbusReader - INFO - wind speed: 0.6 m/s, wind level: 1, wind direction angle: 267.9, wind direction: W
2025-07-09 13:52:46 - ModbusReader - INFO - wind speed: 0.7 m/s, wind level: 1, wind direction angle: 311.2, wind direction: WN
2025-07-09 13:52:47 - ModbusReader - INFO - wind speed: 0.7 m/s, wind level: 1, wind direction angle: 311.2, wind direction: WN
2025-07-09 13:53:17 - ModbusReader - INFO - wind speed: 0.4 m/s, wind level: 1, wind direction angle: 153.2, wind direction: SSE
2025-07-09 13:53:18 - ModbusReader - INFO - wind speed: 0.4 m/s, wind level: 1, wind direction angle: 153.2, wind direction: SSE
2025-07-09 13:53:48 - ModbusReader - INFO - wind speed: 0.0 m/s, wind level: 0, wind direction angle: 160.9, wind direction: SSE
2025-07-09 13:53:49 - ModbusReader - INFO - wind speed: 0.0 m/s, wind level: 0, wind direction angle: 1.1, wind direction: N
2025-07-09 13:54:20 - ModbusReader - INFO - wind speed: 0.0 m/s, wind level: 0, wind direction angle: 179.9, wind direction: S
2025-07-09 13:54:20 - ModbusReader - INFO - wind speed: 0.0 m/s, wind level: 0, wind direction angle: 179.9, wind direction: S
2025-07-09 13:54:51 - ModbusReader - INFO - wind speed: 0.5 m/s, wind level: 1, wind direction angle: 237.3, wind direction: WSW
2025-07-09 13:54:51 - ModbusReader - INFO - wind speed: 0.5 m/s, wind level: 1, wind direction angle: 237.3, wind direction: WSW
2025-07-09 13:55:22 - ModbusReader - INFO - wind speed: 0.7 m/s, wind level: 1, wind direction angle: 356.9, wind direction: N
2025-07-09 13:55:23 - ModbusReader - INFO - wind speed: 0.7 m/s, wind level: 1, wind direction angle: 356.9, wind direction: N
2025-07-09 13:55:53 - ModbusReader - INFO - wind speed: 0.6 m/s, wind level: 1, wind direction angle: 292.0, wind direction: WNW
2025-07-09 13:55:54 - ModbusReader - INFO - wind speed: 0.6 m/s, wind level: 1, wind direction angle: 292.0, wind direction: WNW
2025-07-09 13:56:24 - ModbusReader - INFO - wind speed: 0.0 m/s, wind level: 0, wind direction angle: 323.0, wind direction: WN
2025-07-09 13:56:25 - ModbusReader - INFO - wind speed: 0.0 m/s, wind level: 0, wind direction angle: 323.0, wind direction: WN
2025-07-09 13:56:56 - ModbusReader - INFO - wind speed: 0.0 m/s, wind level: 0, wind direction angle: 5.4, wind direction: N
2025-07-09 13:56:56 - ModbusReader - INFO - wind speed: 0.0 m/s, wind level: 0, wind direction angle: 5.4, wind direction: N
2025-07-09 13:57:27 - ModbusReader - INFO - wind speed: 0.1 m/s, wind level: 0, wind direction angle: 133.5, wind direction: ES
2025-07-09 13:57:27 - ModbusReader - INFO - wind speed: 0.1 m/s, wind level: 0, wind direction angle: 133.5, wind direction: ES
2025-07-09 13:57:58 - ModbusReader - INFO - wind speed: 0.0 m/s, wind level: 0, wind direction angle: 74.4, wind direction: ENE
2025-07-09 13:57:59 - ModbusReader - INFO - wind speed: 0.0 m/s, wind level: 0, wind direction angle: 74.4, wind direction: ENE
2025-07-09 13:58:29 - ModbusReader - INFO - wind speed: 0.0 m/s, wind level: 0, wind direction angle: 150.6, wind direction: SSE
2025-07-09 13:58:30 - ModbusReader - INFO - wind speed: 0.0 m/s, wind level: 0, wind direction angle: 150.6, wind direction: SSE
2025-07-09 13:59:00 - ModbusReader - INFO - wind speed: 0.5 m/s, wind level: 1, wind direction angle: 250.3, wind direction: WSW
2025-07-09 13:59:01 - ModbusReader - INFO - wind speed: 0.5 m/s, wind level: 1, wind direction angle: 250.3, wind direction: WSW
2025-07-09 13:59:32 - ModbusReader - INFO - wind speed: 0.5 m/s, wind level: 1, wind direction angle: 61.7, wind direction: ENE
2025-07-09 13:59:32 - ModbusReader - INFO - wind speed: 0.5 m/s, wind level: 1, wind direction angle: 61.7, wind direction: ENE
2025-07-09 14:00:03 - ModbusReader - INFO - wind speed: 0.4 m/s, wind level: 1, wind direction angle: 239.2, wind direction: WSW
2025-07-09 14:00:03 - ModbusReader - INFO - wind speed: 0.4 m/s, wind level: 1, wind direction angle: 239.2, wind direction: WSW
2025-07-09 14:00:34 - ModbusReader - INFO - wind speed: 0.9 m/s, wind level: 1, wind direction angle: 122.0, wind direction: ESE
2025-07-09 14:00:35 - ModbusReader - INFO - wind speed: 0.9 m/s, wind level: 1, wind direction angle: 122.0, wind direction: ESE
2025-07-09 14:01:05 - ModbusReader - INFO - wind speed: 0.6 m/s, wind level: 1, wind direction angle: 175.1, wind direction: S
2025-07-09 14:01:06 - ModbusReader - INFO - wind speed: 0.5 m/s, wind level: 1, wind direction angle: 303.4, wind direction: WNW
2025-07-09 14:01:36 - ModbusReader - INFO - wind speed: 0.3 m/s, wind level: 1, wind direction angle: 96.9, wind direction: E
2025-07-09 14:01:37 - ModbusReader - INFO - wind speed: 0.3 m/s, wind level: 1, wind direction angle: 96.9, wind direction: E
2025-07-09 14:02:08 - ModbusReader - INFO - wind speed: 0.6 m/s, wind level: 1, wind direction angle: 53.4, wind direction: EN
2025-07-09 14:02:08 - ModbusReader - INFO - wind speed: 0.6 m/s, wind level: 1, wind direction angle: 53.4, wind direction: EN
2025-07-09 14:02:39 - ModbusReader - INFO - wind speed: 0.5 m/s, wind level: 1, wind direction angle: 14.9, wind direction: NNE
2025-07-09 14:02:39 - ModbusReader - INFO - wind speed: 0.5 m/s, wind level: 1, wind direction angle: 14.9, wind direction: NNE
2025-07-09 14:03:10 - ModbusReader - INFO - wind speed: 0.0 m/s, wind level: 0, wind direction angle: 168.0, wind direction: SSE
2025-07-09 14:03:11 - ModbusReader - INFO - wind speed: 0.0 m/s, wind level: 0, wind direction angle: 168.0, wind direction: SSE
2025-07-09 14:03:41 - ModbusReader - INFO - wind speed: 1.0 m/s, wind level: 1, wind direction angle: 252.6, wind direction: WSW
2025-07-09 14:03:42 - ModbusReader - INFO - wind speed: 1.0 m/s, wind level: 1, wind direction angle: 252.6, wind direction: WSW
2025-07-09 14:04:12 - ModbusReader - INFO - wind speed: 0.4 m/s, wind level: 1, wind direction angle: 48.7, wind direction: EN
2025-07-09 14:04:13 - ModbusReader - INFO - wind speed: 0.4 m/s, wind level: 1, wind direction angle: 48.7, wind direction: EN
2025-07-09 14:04:44 - ModbusReader - INFO - wind speed: 0.4 m/s, wind level: 1, wind direction angle: 332.7, wind direction: NNW
2025-07-09 14:04:44 - ModbusReader - INFO - wind speed: 0.4 m/s, wind level: 1, wind direction angle: 332.7, wind direction: NNW
2025-07-09 14:05:15 - ModbusReader - INFO - wind speed: 1.0 m/s, wind level: 1, wind direction angle: 306.2, wind direction: WN
2025-07-09 14:05:15 - ModbusReader - INFO - wind speed: 1.0 m/s, wind level: 1, wind direction angle: 306.2, wind direction: WN
2025-07-09 14:05:46 - ModbusReader - INFO - wind speed: 0.8 m/s, wind level: 1, wind direction angle: 16.7, wind direction: NNE
2025-07-09 14:05:47 - ModbusReader - INFO - wind speed: 0.8 m/s, wind level: 1, wind direction angle: 16.7, wind direction: NNE
2025-07-09 14:06:17 - ModbusReader - INFO - wind speed: 0.7 m/s, wind level: 1, wind direction angle: 105.4, wind direction: ESE
2025-07-09 14:06:18 - ModbusReader - INFO - wind speed: 0.7 m/s, wind level: 1, wind direction angle: 105.4, wind direction: ESE
2025-07-09 14:06:48 - ModbusReader - INFO - wind speed: 0.7 m/s, wind level: 1, wind direction angle: 114.4, wind direction: ESE
2025-07-09 14:06:49 - ModbusReader - INFO - wind speed: 0.7 m/s, wind level: 1, wind direction angle: 114.4, wind direction: ESE
2025-07-09 14:07:20 - ModbusReader - INFO - wind speed: 0.5 m/s, wind level: 1, wind direction angle: 148.8, wind direction: SSE
2025-07-09 14:07:20 - ModbusReader - INFO - wind speed: 0.5 m/s, wind level: 1, wind direction angle: 148.8, wind direction: SSE
2025-07-09 14:07:51 - ModbusReader - INFO - wind speed: 0.6 m/s, wind level: 1, wind direction angle: 263.7, wind direction: W
2025-07-09 14:07:51 - ModbusReader - INFO - wind speed: 0.6 m/s, wind level: 1, wind direction angle: 263.7, wind direction: W
2025-07-09 14:08:22 - ModbusReader - INFO - wind speed: 0.4 m/s, wind level: 1, wind direction angle: 138.0, wind direction: ES
2025-07-09 14:08:23 - ModbusReader - INFO - wind speed: 0.4 m/s, wind level: 1, wind direction angle: 138.0, wind direction: ES
2025-07-09 14:08:53 - ModbusReader - INFO - wind speed: 0.5 m/s, wind level: 1, wind direction angle: 313.0, wind direction: WN
2025-07-09 14:08:54 - ModbusReader - INFO - wind speed: 0.5 m/s, wind level: 1, wind direction angle: 313.0, wind direction: WN
2025-07-09 14:09:24 - ModbusReader - INFO - wind speed: 0.5 m/s, wind level: 1, wind direction angle: 122.9, wind direction: ESE
2025-07-09 14:09:25 - ModbusReader - INFO - wind speed: 0.5 m/s, wind level: 1, wind direction angle: 122.9, wind direction: ESE
2025-07-09 14:09:56 - ModbusReader - INFO - wind speed: 0.4 m/s, wind level: 1, wind direction angle: 32.2, wind direction: NNE
2025-07-09 14:09:56 - ModbusReader - INFO - wind speed: 0.4 m/s, wind level: 1, wind direction angle: 32.2, wind direction: NNE
2025-07-09 14:10:27 - ModbusReader - INFO - wind speed: 0.5 m/s, wind level: 1, wind direction angle: 99.7, wind direction: E
2025-07-09 14:10:27 - ModbusReader - INFO - wind speed: 0.5 m/s, wind level: 1, wind direction angle: 99.7, wind direction: E
2025-07-09 14:10:58 - ModbusReader - INFO - wind speed: 0.6 m/s, wind level: 1, wind direction angle: 11.8, wind direction: NNE
2025-07-09 14:10:59 - ModbusReader - INFO - wind speed: 0.6 m/s, wind level: 1, wind direction angle: 11.8, wind direction: NNE
2025-07-09 14:11:29 - ModbusReader - INFO - wind speed: 0.4 m/s, wind level: 1, wind direction angle: 12.6, wind direction: NNE
2025-07-09 14:11:30 - ModbusReader - INFO - wind speed: 0.4 m/s, wind level: 1, wind direction angle: 12.6, wind direction: NNE
2025-07-09 14:12:00 - ModbusReader - INFO - wind speed: 0.5 m/s, wind level: 1, wind direction angle: 231.0, wind direction: WS
2025-07-09 14:12:01 - ModbusReader - INFO - wind speed: 0.5 m/s, wind level: 1, wind direction angle: 231.0, wind direction: WS
2025-07-09 14:12:32 - ModbusReader - INFO - wind speed: 0.5 m/s, wind level: 1, wind direction angle: 72.5, wind direction: ENE
2025-07-09 14:12:32 - ModbusReader - INFO - wind speed: 0.5 m/s, wind level: 1, wind direction angle: 72.5, wind direction: ENE
2025-07-09 14:13:03 - ModbusReader - INFO - wind speed: 0.4 m/s, wind level: 1, wind direction angle: 274.0, wind direction: W
2025-07-09 14:13:03 - ModbusReader - INFO - wind speed: 0.4 m/s, wind level: 1, wind direction angle: 274.0, wind direction: W
2025-07-09 14:13:34 - ModbusReader - INFO - wind speed: 0.0 m/s, wind level: 0, wind direction angle: 118.3, wind direction: ESE
2025-07-09 14:13:35 - ModbusReader - INFO - wind speed: 0.0 m/s, wind level: 0, wind direction angle: 118.3, wind direction: ESE
2025-07-09 14:14:05 - ModbusReader - INFO - wind speed: 0.4 m/s, wind level: 1, wind direction angle: 277.6, wind direction: W
2025-07-09 14:14:06 - ModbusReader - INFO - wind speed: 0.4 m/s, wind level: 1, wind direction angle: 277.6, wind direction: W
2025-07-09 14:14:36 - ModbusReader - INFO - wind speed: 0.3 m/s, wind level: 1, wind direction angle: 180.5, wind direction: S
2025-07-09 14:14:37 - ModbusReader - INFO - wind speed: 0.3 m/s, wind level: 1, wind direction angle: 180.5, wind direction: S
2025-07-09 14:15:08 - ModbusReader - INFO - wind speed: 0.4 m/s, wind level: 1, wind direction angle: 32.2, wind direction: NNE
2025-07-09 14:15:08 - ModbusReader - INFO - wind speed: 0.4 m/s, wind level: 1, wind direction angle: 32.2, wind direction: NNE
2025-07-09 14:15:39 - ModbusReader - INFO - wind speed: 0.7 m/s, wind level: 1, wind direction angle: 314.7, wind direction: WN
2025-07-09 14:15:39 - ModbusReader - INFO - wind speed: 0.7 m/s, wind level: 1, wind direction angle: 314.7, wind direction: WN
2025-07-09 14:16:10 - ModbusReader - INFO - wind speed: 0.6 m/s, wind level: 1, wind direction angle: 95.8, wind direction: E
2025-07-09 14:16:11 - ModbusReader - INFO - wind speed: 0.6 m/s, wind level: 1, wind direction angle: 95.8, wind direction: E
2025-07-09 14:16:41 - ModbusReader - INFO - wind speed: 0.2 m/s, wind level: 0, wind direction angle: 332.6, wind direction: NNW
2025-07-09 14:16:42 - ModbusReader - INFO - wind speed: 0.2 m/s, wind level: 0, wind direction angle: 332.6, wind direction: NNW
2025-07-09 14:17:12 - ModbusReader - INFO - wind speed: 0.5 m/s, wind level: 1, wind direction angle: 273.0, wind direction: W
2025-07-09 14:17:13 - ModbusReader - INFO - wind speed: 0.5 m/s, wind level: 1, wind direction angle: 273.0, wind direction: W
2025-07-09 14:17:44 - ModbusReader - INFO - wind speed: 0.8 m/s, wind level: 1, wind direction angle: 322.8, wind direction: WN
2025-07-09 14:17:44 - ModbusReader - INFO - wind speed: 0.8 m/s, wind level: 1, wind direction angle: 322.8, wind direction: WN
2025-07-09 14:18:15 - ModbusReader - INFO - wind speed: 0.5 m/s, wind level: 1, wind direction angle: 320.2, wind direction: WN
2025-07-09 14:18:15 - ModbusReader - INFO - wind speed: 0.5 m/s, wind level: 1, wind direction angle: 320.2, wind direction: WN
2025-07-09 14:18:46 - ModbusReader - INFO - wind speed: 0.3 m/s, wind level: 1, wind direction angle: 19.6, wind direction: NNE
2025-07-09 14:18:47 - ModbusReader - INFO - wind speed: 0.3 m/s, wind level: 1, wind direction angle: 19.6, wind direction: NNE
2025-07-09 14:19:17 - ModbusReader - INFO - wind speed: 0.0 m/s, wind level: 0, wind direction angle: 265.0, wind direction: W
2025-07-09 14:19:18 - ModbusReader - INFO - wind speed: 0.0 m/s, wind level: 0, wind direction angle: 265.0, wind direction: W
2025-07-09 14:19:48 - ModbusReader - INFO - wind speed: 0.0 m/s, wind level: 0, wind direction angle: 141.6, wind direction: ES
2025-07-09 14:19:49 - ModbusReader - INFO - wind speed: 0.0 m/s, wind level: 0, wind direction angle: 141.6, wind direction: ES
2025-07-09 14:20:20 - ModbusReader - INFO - wind speed: 0.1 m/s, wind level: 0, wind direction angle: 280.9, wind direction: W
2025-07-09 14:20:20 - ModbusReader - INFO - wind speed: 0.1 m/s, wind level: 0, wind direction angle: 280.9, wind direction: W
2025-07-09 14:20:51 - ModbusReader - INFO - wind speed: 1.0 m/s, wind level: 1, wind direction angle: 281.4, wind direction: WNW
2025-07-09 14:20:51 - ModbusReader - INFO - wind speed: 1.0 m/s, wind level: 1, wind direction angle: 281.4, wind direction: WNW
2025-07-09 14:21:22 - ModbusReader - INFO - wind speed: 1.1 m/s, wind level: 1, wind direction angle: 297.8, wind direction: WNW
2025-07-09 14:21:23 - ModbusReader - INFO - wind speed: 1.1 m/s, wind level: 1, wind direction angle: 297.8, wind direction: WNW
2025-07-09 14:21:53 - ModbusReader - INFO - wind speed: 0.8 m/s, wind level: 1, wind direction angle: 46.7, wind direction: EN
2025-07-09 14:21:54 - ModbusReader - INFO - wind speed: 0.8 m/s, wind level: 1, wind direction angle: 46.7, wind direction: EN
2025-07-09 14:22:24 - ModbusReader - INFO - wind speed: 0.0 m/s, wind level: 0, wind direction angle: 29.3, wind direction: NNE
2025-07-09 14:22:25 - ModbusReader - INFO - wind speed: 0.0 m/s, wind level: 0, wind direction angle: 29.3, wind direction: NNE
2025-07-09 14:22:56 - ModbusReader - INFO - wind speed: 0.0 m/s, wind level: 0, wind direction angle: 327.9, wind direction: NNW
2025-07-09 14:22:56 - ModbusReader - INFO - wind speed: 0.0 m/s, wind level: 0, wind direction angle: 327.9, wind direction: NNW
2025-07-09 14:23:27 - ModbusReader - INFO - wind speed: 0.0 m/s, wind level: 0, wind direction angle: 33.4, wind direction: NNE
2025-07-09 14:23:27 - ModbusReader - INFO - wind speed: 0.0 m/s, wind level: 0, wind direction angle: 33.4, wind direction: NNE
2025-07-09 14:23:58 - ModbusReader - INFO - wind speed: 0.0 m/s, wind level: 0, wind direction angle: 45.5, wind direction: EN
2025-07-09 14:23:59 - ModbusReader - INFO - wind speed: 0.0 m/s, wind level: 0, wind direction angle: 45.5, wind direction: EN
2025-07-09 14:24:29 - ModbusReader - INFO - wind speed: 0.0 m/s, wind level: 0, wind direction angle: 31.3, wind direction: NNE
2025-07-09 14:24:30 - ModbusReader - INFO - wind speed: 0.0 m/s, wind level: 0, wind direction angle: 31.3, wind direction: NNE
2025-07-09 14:25:00 - ModbusReader - INFO - wind speed: 0.0 m/s, wind level: 0, wind direction angle: 317.3, wind direction: WN
2025-07-09 14:25:01 - ModbusReader - INFO - wind speed: 0.0 m/s, wind level: 0, wind direction angle: 317.3, wind direction: WN
2025-07-09 14:25:32 - ModbusReader - INFO - wind speed: 0.0 m/s, wind level: 0, wind direction angle: 282.1, wind direction: WNW
2025-07-09 14:25:32 - ModbusReader - INFO - wind speed: 0.0 m/s, wind level: 0, wind direction angle: 282.1, wind direction: WNW
2025-07-09 14:26:03 - ModbusReader - INFO - wind speed: 0.6 m/s, wind level: 1, wind direction angle: 288.4, wind direction: WNW
2025-07-09 14:26:03 - ModbusReader - INFO - wind speed: 0.6 m/s, wind level: 1, wind direction angle: 288.4, wind direction: WNW
2025-07-09 14:26:34 - ModbusReader - INFO - wind speed: 0.5 m/s, wind level: 1, wind direction angle: 88.5, wind direction: E
2025-07-09 14:26:35 - ModbusReader - INFO - wind speed: 0.5 m/s, wind level: 1, wind direction angle: 88.5, wind direction: E
2025-07-09 14:27:05 - ModbusReader - INFO - wind speed: 0.0 m/s, wind level: 0, wind direction angle: 99.0, wind direction: E
2025-07-09 14:27:06 - ModbusReader - INFO - wind speed: 0.0 m/s, wind level: 0, wind direction angle: 99.0, wind direction: E
2025-07-09 14:27:36 - ModbusReader - INFO - wind speed: 0.0 m/s, wind level: 0, wind direction angle: 150.2, wind direction: SSE
2025-07-09 14:27:37 - ModbusReader - INFO - wind speed: 0.0 m/s, wind level: 0, wind direction angle: 150.2, wind direction: SSE
2025-07-09 14:28:08 - ModbusReader - INFO - wind speed: 0.0 m/s, wind level: 0, wind direction angle: 205.3, wind direction: SSW
2025-07-09 14:28:08 - ModbusReader - INFO - wind speed: 0.0 m/s, wind level: 0, wind direction angle: 205.3, wind direction: SSW
2025-07-09 14:28:39 - ModbusReader - INFO - wind speed: 0.0 m/s, wind level: 0, wind direction angle: 338.0, wind direction: NNW
2025-07-09 14:28:39 - ModbusReader - INFO - wind speed: 0.0 m/s, wind level: 0, wind direction angle: 338.0, wind direction: NNW
2025-07-09 14:29:10 - ModbusReader - INFO - wind speed: 0.0 m/s, wind level: 0, wind direction angle: 355.4, wind direction: N
2025-07-09 14:29:11 - ModbusReader - INFO - wind speed: 0.0 m/s, wind level: 0, wind direction angle: 355.4, wind direction: N
2025-07-09 14:29:41 - ModbusReader - INFO - wind speed: 0.0 m/s, wind level: 0, wind direction angle: 208.6, wind direction: SSW
2025-07-09 14:29:42 - ModbusReader - INFO - wind speed: 0.0 m/s, wind level: 0, wind direction angle: 208.6, wind direction: SSW
2025-07-09 14:30:12 - ModbusReader - INFO - wind speed: 0.0 m/s, wind level: 0, wind direction angle: 106.9, wind direction: ESE
2025-07-09 14:30:13 - ModbusReader - INFO - wind speed: 0.0 m/s, wind level: 0, wind direction angle: 106.9, wind direction: ESE
2025-07-09 14:30:44 - ModbusReader - INFO - wind speed: 0.0 m/s, wind level: 0, wind direction angle: 62.1, wind direction: ENE
2025-07-09 14:30:44 - ModbusReader - INFO - wind speed: 0.0 m/s, wind level: 0, wind direction angle: 62.1, wind direction: ENE
2025-07-09 14:31:15 - ModbusReader - INFO - wind speed: 0.0 m/s, wind level: 0, wind direction angle: 348.7, wind direction: NNW
2025-07-09 14:31:15 - ModbusReader - INFO - wind speed: 0.0 m/s, wind level: 0, wind direction angle: 348.7, wind direction: NNW
2025-07-09 14:31:46 - ModbusReader - INFO - wind speed: 0.0 m/s, wind level: 0, wind direction angle: 341.8, wind direction: NNW
2025-07-09 14:31:47 - ModbusReader - INFO - wind speed: 0.0 m/s, wind level: 0, wind direction angle: 341.8, wind direction: NNW
2025-07-09 14:32:17 - ModbusReader - INFO - wind speed: 0.0 m/s, wind level: 0, wind direction angle: 52.3, wind direction: EN
2025-07-09 14:32:18 - ModbusReader - INFO - wind speed: 0.0 m/s, wind level: 0, wind direction angle: 52.3, wind direction: EN
2025-07-09 14:32:48 - ModbusReader - INFO - wind speed: 0.1 m/s, wind level: 0, wind direction angle: 311.5, wind direction: WN
2025-07-09 14:32:49 - ModbusReader - INFO - wind speed: 0.1 m/s, wind level: 0, wind direction angle: 311.5, wind direction: WN
2025-07-09 14:33:20 - ModbusReader - INFO - wind speed: 0.0 m/s, wind level: 0, wind direction angle: 130.3, wind direction: ES
2025-07-09 14:33:20 - ModbusReader - INFO - wind speed: 0.0 m/s, wind level: 0, wind direction angle: 130.3, wind direction: ES
2025-07-09 14:33:51 - ModbusReader - INFO - wind speed: 0.0 m/s, wind level: 0, wind direction angle: 4.8, wind direction: N
2025-07-09 14:33:51 - ModbusReader - INFO - wind speed: 0.0 m/s, wind level: 0, wind direction angle: 4.8, wind direction: N
2025-07-09 14:34:22 - ModbusReader - INFO - wind speed: 0.0 m/s, wind level: 0, wind direction angle: 311.7, wind direction: WN
2025-07-09 14:34:23 - ModbusReader - INFO - wind speed: 0.0 m/s, wind level: 0, wind direction angle: 311.7, wind direction: WN
2025-07-09 14:34:53 - ModbusReader - INFO - wind speed: 0.3 m/s, wind level: 1, wind direction angle: 235.4, wind direction: WS
2025-07-09 14:34:54 - ModbusReader - INFO - wind speed: 0.3 m/s, wind level: 1, wind direction angle: 235.4, wind direction: WS
2025-07-09 14:35:24 - ModbusReader - INFO - wind speed: 0.5 m/s, wind level: 1, wind direction angle: 175.8, wind direction: S
2025-07-09 14:35:25 - ModbusReader - INFO - wind speed: 0.5 m/s, wind level: 1, wind direction angle: 175.8, wind direction: S
2025-07-09 14:35:56 - ModbusReader - INFO - wind speed: 0.5 m/s, wind level: 1, wind direction angle: 69.0, wind direction: ENE
2025-07-09 14:35:56 - ModbusReader - INFO - wind speed: 0.5 m/s, wind level: 1, wind direction angle: 69.0, wind direction: ENE
2025-07-09 14:36:27 - ModbusReader - INFO - wind speed: 0.2 m/s, wind level: 0, wind direction angle: 322.2, wind direction: WN
2025-07-09 14:36:27 - ModbusReader - INFO - wind speed: 0.2 m/s, wind level: 0, wind direction angle: 322.2, wind direction: WN
2025-07-09 14:36:58 - ModbusReader - INFO - wind speed: 0.0 m/s, wind level: 0, wind direction angle: 350.0, wind direction: N
2025-07-09 14:36:59 - ModbusReader - INFO - wind speed: 0.0 m/s, wind level: 0, wind direction angle: 75.0, wind direction: ENE
2025-07-09 14:37:29 - ModbusReader - INFO - wind speed: 0.0 m/s, wind level: 0, wind direction angle: 29.4, wind direction: NNE
2025-07-09 14:37:30 - ModbusReader - INFO - wind speed: 0.0 m/s, wind level: 0, wind direction angle: 29.4, wind direction: NNE
2025-07-09 14:38:00 - ModbusReader - INFO - wind speed: 0.0 m/s, wind level: 0, wind direction angle: 78.4, wind direction: ENE
2025-07-09 14:38:01 - ModbusReader - INFO - wind speed: 0.0 m/s, wind level: 0, wind direction angle: 78.4, wind direction: ENE
2025-07-09 14:38:32 - ModbusReader - INFO - wind speed: 0.0 m/s, wind level: 0, wind direction angle: 211.3, wind direction: SSW
2025-07-09 14:38:32 - ModbusReader - INFO - wind speed: 0.0 m/s, wind level: 0, wind direction angle: 211.3, wind direction: SSW
2025-07-09 14:39:03 - ModbusReader - INFO - wind speed: 0.0 m/s, wind level: 0, wind direction angle: 353.5, wind direction: N
2025-07-09 14:39:03 - ModbusReader - INFO - wind speed: 0.0 m/s, wind level: 0, wind direction angle: 353.5, wind direction: N
2025-07-09 14:39:34 - ModbusReader - INFO - wind speed: 0.0 m/s, wind level: 0, wind direction angle: 159.0, wind direction: SSE
2025-07-09 14:39:35 - ModbusReader - INFO - wind speed: 0.0 m/s, wind level: 0, wind direction angle: 159.0, wind direction: SSE
2025-07-09 14:40:05 - ModbusReader - INFO - wind speed: 0.0 m/s, wind level: 0, wind direction angle: 309.7, wind direction: WN
2025-07-09 14:40:06 - ModbusReader - INFO - wind speed: 0.0 m/s, wind level: 0, wind direction angle: 309.7, wind direction: WN
2025-07-09 14:40:36 - ModbusReader - INFO - wind speed: 0.0 m/s, wind level: 0, wind direction angle: 124.5, wind direction: ES
2025-07-09 14:40:37 - ModbusReader - INFO - wind speed: 0.0 m/s, wind level: 0, wind direction angle: 124.5, wind direction: ES
2025-07-09 14:41:08 - ModbusReader - INFO - wind speed: 0.0 m/s, wind level: 0, wind direction angle: 220.1, wind direction: WS
2025-07-09 14:41:08 - ModbusReader - INFO - wind speed: 0.0 m/s, wind level: 0, wind direction angle: 220.1, wind direction: WS
2025-07-09 14:41:39 - ModbusReader - INFO - wind speed: 0.0 m/s, wind level: 0, wind direction angle: 122.4, wind direction: ESE
2025-07-09 14:41:39 - ModbusReader - INFO - wind speed: 0.0 m/s, wind level: 0, wind direction angle: 122.4, wind direction: ESE
2025-07-09 14:42:10 - ModbusReader - INFO - wind speed: 0.0 m/s, wind level: 0, wind direction angle: 29.2, wind direction: NNE
2025-07-09 14:42:11 - ModbusReader - INFO - wind speed: 0.0 m/s, wind level: 0, wind direction angle: 29.2, wind direction: NNE
2025-07-09 14:42:41 - ModbusReader - INFO - wind speed: 0.0 m/s, wind level: 0, wind direction angle: 91.2, wind direction: E
2025-07-09 14:42:42 - ModbusReader - INFO - wind speed: 0.0 m/s, wind level: 0, wind direction angle: 91.2, wind direction: E
2025-07-09 14:43:12 - ModbusReader - INFO - wind speed: 0.0 m/s, wind level: 0, wind direction angle: 59.1, wind direction: ENE
2025-07-09 14:43:13 - ModbusReader - INFO - wind speed: 0.0 m/s, wind level: 0, wind direction angle: 59.1, wind direction: ENE
2025-07-09 14:43:44 - ModbusReader - INFO - wind speed: 0.0 m/s, wind level: 0, wind direction angle: 21.8, wind direction: NNE
2025-07-09 14:43:44 - ModbusReader - INFO - wind speed: 0.0 m/s, wind level: 0, wind direction angle: 21.8, wind direction: NNE
2025-07-09 14:44:15 - ModbusReader - INFO - wind speed: 0.0 m/s, wind level: 0, wind direction angle: 319.9, wind direction: WN
2025-07-09 14:44:15 - ModbusReader - INFO - wind speed: 0.0 m/s, wind level: 0, wind direction angle: 250.1, wind direction: WSW
2025-07-09 14:44:46 - ModbusReader - INFO - wind speed: 0.0 m/s, wind level: 0, wind direction angle: 204.4, wind direction: SSW
2025-07-09 14:44:47 - ModbusReader - INFO - wind speed: 0.0 m/s, wind level: 0, wind direction angle: 204.4, wind direction: SSW
2025-07-09 14:45:17 - ModbusReader - INFO - wind speed: 0.0 m/s, wind level: 0, wind direction angle: 137.1, wind direction: ES
2025-07-09 14:45:18 - ModbusReader - INFO - wind speed: 0.0 m/s, wind level: 0, wind direction angle: 137.1, wind direction: ES
2025-07-09 14:45:48 - ModbusReader - INFO - wind speed: 0.0 m/s, wind level: 0, wind direction angle: 119.3, wind direction: ESE
2025-07-09 14:45:49 - ModbusReader - INFO - wind speed: 0.0 m/s, wind level: 0, wind direction angle: 119.3, wind direction: ESE
2025-07-09 14:46:20 - ModbusReader - INFO - wind speed: 0.0 m/s, wind level: 0, wind direction angle: 210.8, wind direction: SSW
2025-07-09 14:46:20 - ModbusReader - INFO - wind speed: 0.0 m/s, wind level: 0, wind direction angle: 210.8, wind direction: SSW
2025-07-09 14:46:51 - ModbusReader - INFO - wind speed: 0.0 m/s, wind level: 0, wind direction angle: 34.4, wind direction: EN
2025-07-09 14:46:51 - ModbusReader - INFO - wind speed: 0.0 m/s, wind level: 0, wind direction angle: 34.4, wind direction: EN
2025-07-09 14:47:22 - ModbusReader - INFO - wind speed: 0.0 m/s, wind level: 0, wind direction angle: 145.7, wind direction: ES
2025-07-09 14:47:23 - ModbusReader - INFO - wind speed: 0.0 m/s, wind level: 0, wind direction angle: 145.7, wind direction: ES
2025-07-09 14:47:53 - ModbusReader - INFO - wind speed: 0.0 m/s, wind level: 0, wind direction angle: 182.8, wind direction: S
2025-07-09 14:47:54 - ModbusReader - INFO - wind speed: 0.0 m/s, wind level: 0, wind direction angle: 182.8, wind direction: S
2025-07-09 14:48:24 - ModbusReader - INFO - wind speed: 0.0 m/s, wind level: 0, wind direction angle: 246.6, wind direction: WSW
2025-07-09 14:48:25 - ModbusReader - INFO - wind speed: 0.0 m/s, wind level: 0, wind direction angle: 246.6, wind direction: WSW
2025-07-09 14:48:56 - ModbusReader - INFO - wind speed: 0.0 m/s, wind level: 0, wind direction angle: 104.1, wind direction: ESE
2025-07-09 14:48:56 - ModbusReader - INFO - wind speed: 0.0 m/s, wind level: 0, wind direction angle: 104.1, wind direction: ESE
2025-07-09 14:49:27 - ModbusReader - INFO - wind speed: 0.0 m/s, wind level: 0, wind direction angle: 65.2, wind direction: ENE
2025-07-09 14:49:27 - ModbusReader - INFO - wind speed: 0.0 m/s, wind level: 0, wind direction angle: 65.2, wind direction: ENE
2025-07-09 14:49:58 - ModbusReader - INFO - wind speed: 0.0 m/s, wind level: 0, wind direction angle: 216.7, wind direction: WS
2025-07-09 14:49:59 - ModbusReader - INFO - wind speed: 0.0 m/s, wind level: 0, wind direction angle: 216.7, wind direction: WS
2025-07-09 14:50:29 - ModbusReader - INFO - wind speed: 0.9 m/s, wind level: 1, wind direction angle: 144.2, wind direction: ES
2025-07-09 14:50:30 - ModbusReader - INFO - wind speed: 0.9 m/s, wind level: 1, wind direction angle: 144.2, wind direction: ES
2025-07-09 14:51:00 - ModbusReader - INFO - wind speed: 0.0 m/s, wind level: 0, wind direction angle: 130.5, wind direction: ES
2025-07-09 14:51:01 - ModbusReader - INFO - wind speed: 0.0 m/s, wind level: 0, wind direction angle: 130.5, wind direction: ES
2025-07-09 14:51:32 - ModbusReader - INFO - wind speed: 0.3 m/s, wind level: 1, wind direction angle: 146.4, wind direction: SSE
2025-07-09 14:51:32 - ModbusReader - INFO - wind speed: 0.7 m/s, wind level: 1, wind direction angle: 105.7, wind direction: ESE
2025-07-09 14:52:03 - ModbusReader - INFO - wind speed: 0.0 m/s, wind level: 0, wind direction angle: 153.9, wind direction: SSE
2025-07-09 14:52:03 - ModbusReader - INFO - wind speed: 0.0 m/s, wind level: 0, wind direction angle: 153.9, wind direction: SSE
2025-07-09 14:52:34 - ModbusReader - INFO - wind speed: 0.0 m/s, wind level: 0, wind direction angle: 144.7, wind direction: ES
2025-07-09 14:52:35 - ModbusReader - INFO - wind speed: 0.0 m/s, wind level: 0, wind direction angle: 144.7, wind direction: ES
2025-07-09 14:53:05 - ModbusReader - INFO - wind speed: 0.0 m/s, wind level: 0, wind direction angle: 46.5, wind direction: EN
2025-07-09 14:53:06 - ModbusReader - INFO - wind speed: 0.0 m/s, wind level: 0, wind direction angle: 46.5, wind direction: EN
2025-07-09 14:53:36 - ModbusReader - INFO - wind speed: 0.0 m/s, wind level: 0, wind direction angle: 16.4, wind direction: NNE
2025-07-09 14:53:37 - ModbusReader - INFO - wind speed: 0.0 m/s, wind level: 0, wind direction angle: 16.4, wind direction: NNE
2025-07-09 14:54:08 - ModbusReader - INFO - wind speed: 0.0 m/s, wind level: 0, wind direction angle: 202.6, wind direction: SSW
2025-07-09 14:54:08 - ModbusReader - INFO - wind speed: 0.0 m/s, wind level: 0, wind direction angle: 202.6, wind direction: SSW
2025-07-09 14:54:39 - ModbusReader - INFO - wind speed: 0.2 m/s, wind level: 0, wind direction angle: 140.0, wind direction: ES
2025-07-09 14:54:39 - ModbusReader - INFO - wind speed: 0.2 m/s, wind level: 0, wind direction angle: 140.0, wind direction: ES
2025-07-09 14:55:10 - ModbusReader - INFO - wind speed: 0.1 m/s, wind level: 0, wind direction angle: 301.5, wind direction: WNW
2025-07-09 14:55:11 - ModbusReader - INFO - wind speed: 0.1 m/s, wind level: 0, wind direction angle: 301.5, wind direction: WNW
2025-07-09 14:55:41 - ModbusReader - INFO - wind speed: 0.0 m/s, wind level: 0, wind direction angle: 163.4, wind direction: SSE
2025-07-09 14:55:42 - ModbusReader - INFO - wind speed: 0.0 m/s, wind level: 0, wind direction angle: 163.4, wind direction: SSE
2025-07-09 14:56:12 - ModbusReader - INFO - wind speed: 0.4 m/s, wind level: 1, wind direction angle: 115.7, wind direction: ESE
2025-07-09 14:56:13 - ModbusReader - INFO - wind speed: 0.4 m/s, wind level: 1, wind direction angle: 115.7, wind direction: ESE
2025-07-09 14:56:44 - ModbusReader - INFO - wind speed: 0.0 m/s, wind level: 0, wind direction angle: 153.3, wind direction: SSE
2025-07-09 14:56:44 - ModbusReader - INFO - wind speed: 0.0 m/s, wind level: 0, wind direction angle: 153.3, wind direction: SSE
2025-07-09 14:57:15 - ModbusReader - INFO - wind speed: 0.0 m/s, wind level: 0, wind direction angle: 117.6, wind direction: ESE
2025-07-09 14:57:15 - ModbusReader - INFO - wind speed: 0.0 m/s, wind level: 0, wind direction angle: 117.6, wind direction: ESE
2025-07-09 14:57:46 - ModbusReader - INFO - wind speed: 0.0 m/s, wind level: 0, wind direction angle: 75.9, wind direction: ENE
2025-07-09 14:57:47 - ModbusReader - INFO - wind speed: 0.0 m/s, wind level: 0, wind direction angle: 75.9, wind direction: ENE
2025-07-09 14:58:17 - ModbusReader - INFO - wind speed: 0.5 m/s, wind level: 1, wind direction angle: 227.7, wind direction: WS
2025-07-09 14:58:18 - ModbusReader - INFO - wind speed: 0.5 m/s, wind level: 1, wind direction angle: 227.7, wind direction: WS
2025-07-09 14:58:48 - ModbusReader - INFO - wind speed: 0.0 m/s, wind level: 0, wind direction angle: 337.4, wind direction: NNW
2025-07-09 14:58:49 - ModbusReader - INFO - wind speed: 0.0 m/s, wind level: 0, wind direction angle: 69.6, wind direction: ENE
2025-07-09 14:59:20 - ModbusReader - INFO - wind speed: 0.0 m/s, wind level: 0, wind direction angle: 222.1, wind direction: WS
2025-07-09 14:59:20 - ModbusReader - INFO - wind speed: 0.0 m/s, wind level: 0, wind direction angle: 222.1, wind direction: WS
2025-07-09 14:59:51 - ModbusReader - INFO - wind speed: 0.0 m/s, wind level: 0, wind direction angle: 122.2, wind direction: ESE
2025-07-09 14:59:51 - ModbusReader - INFO - wind speed: 0.0 m/s, wind level: 0, wind direction angle: 122.2, wind direction: ESE
2025-07-09 15:00:22 - ModbusReader - INFO - wind speed: 0.0 m/s, wind level: 0, wind direction angle: 316.2, wind direction: WN
2025-07-09 15:00:23 - ModbusReader - INFO - wind speed: 0.0 m/s, wind level: 0, wind direction angle: 316.2, wind direction: WN
2025-07-09 15:00:53 - ModbusReader - INFO - wind speed: 0.0 m/s, wind level: 0, wind direction angle: 335.0, wind direction: NNW
2025-07-09 15:00:54 - ModbusReader - INFO - wind speed: 0.0 m/s, wind level: 0, wind direction angle: 335.0, wind direction: NNW
2025-07-09 15:01:24 - ModbusReader - INFO - wind speed: 0.0 m/s, wind level: 0, wind direction angle: 54.5, wind direction: EN
2025-07-09 15:01:25 - ModbusReader - INFO - wind speed: 0.0 m/s, wind level: 0, wind direction angle: 54.5, wind direction: EN
2025-07-09 15:01:56 - ModbusReader - INFO - wind speed: 0.0 m/s, wind level: 0, wind direction angle: 230.7, wind direction: WS
2025-07-09 15:01:56 - ModbusReader - INFO - wind speed: 0.0 m/s, wind level: 0, wind direction angle: 230.7, wind direction: WS
2025-07-09 15:02:27 - ModbusReader - INFO - wind speed: 0.0 m/s, wind level: 0, wind direction angle: 43.0, wind direction: EN
2025-07-09 15:02:27 - ModbusReader - INFO - wind speed: 0.0 m/s, wind level: 0, wind direction angle: 43.0, wind direction: EN
2025-07-09 15:02:58 - ModbusReader - INFO - wind speed: 0.0 m/s, wind level: 0, wind direction angle: 304.9, wind direction: WN
2025-07-09 15:02:59 - ModbusReader - INFO - wind speed: 0.0 m/s, wind level: 0, wind direction angle: 304.9, wind direction: WN
2025-07-09 15:03:29 - ModbusReader - INFO - wind speed: 0.0 m/s, wind level: 0, wind direction angle: 341.2, wind direction: NNW
2025-07-09 15:03:30 - ModbusReader - INFO - wind speed: 0.0 m/s, wind level: 0, wind direction angle: 341.2, wind direction: NNW
2025-07-09 15:04:00 - ModbusReader - INFO - wind speed: 0.0 m/s, wind level: 0, wind direction angle: 255.0, wind direction: WSW
2025-07-09 15:04:01 - ModbusReader - INFO - wind speed: 0.0 m/s, wind level: 0, wind direction angle: 255.0, wind direction: WSW
2025-07-09 15:04:32 - ModbusReader - INFO - wind speed: 0.0 m/s, wind level: 0, wind direction angle: 51.6, wind direction: EN
2025-07-09 15:04:32 - ModbusReader - INFO - wind speed: 0.0 m/s, wind level: 0, wind direction angle: 51.6, wind direction: EN
2025-07-09 15:05:03 - ModbusReader - INFO - wind speed: 0.0 m/s, wind level: 0, wind direction angle: 227.4, wind direction: WS
2025-07-09 15:05:03 - ModbusReader - INFO - wind speed: 0.0 m/s, wind level: 0, wind direction angle: 227.4, wind direction: WS
2025-07-09 15:05:34 - ModbusReader - INFO - wind speed: 0.0 m/s, wind level: 0, wind direction angle: 355.3, wind direction: N
2025-07-09 15:05:35 - ModbusReader - INFO - wind speed: 0.0 m/s, wind level: 0, wind direction angle: 355.3, wind direction: N
2025-07-09 15:06:05 - ModbusReader - INFO - wind speed: 0.0 m/s, wind level: 0, wind direction angle: 95.8, wind direction: E
2025-07-09 15:06:06 - ModbusReader - INFO - wind speed: 0.0 m/s, wind level: 0, wind direction angle: 70.8, wind direction: ENE
2025-07-09 15:06:36 - ModbusReader - INFO - wind speed: 0.0 m/s, wind level: 0, wind direction angle: 81.9, wind direction: E
2025-07-09 15:06:37 - ModbusReader - INFO - wind speed: 0.0 m/s, wind level: 0, wind direction angle: 81.9, wind direction: E
2025-07-09 15:07:08 - ModbusReader - INFO - wind speed: 0.5 m/s, wind level: 1, wind direction angle: 271.7, wind direction: W
2025-07-09 15:07:08 - ModbusReader - INFO - wind speed: 0.5 m/s, wind level: 1, wind direction angle: 271.7, wind direction: W
2025-07-09 15:07:39 - ModbusReader - INFO - wind speed: 0.5 m/s, wind level: 1, wind direction angle: 50.1, wind direction: EN
2025-07-09 15:07:39 - ModbusReader - INFO - wind speed: 0.5 m/s, wind level: 1, wind direction angle: 50.1, wind direction: EN
2025-07-09 15:08:10 - ModbusReader - INFO - wind speed: 0.5 m/s, wind level: 1, wind direction angle: 291.6, wind direction: WNW
2025-07-09 15:08:11 - ModbusReader - INFO - wind speed: 0.5 m/s, wind level: 1, wind direction angle: 291.6, wind direction: WNW
2025-07-09 15:08:41 - ModbusReader - INFO - wind speed: 0.0 m/s, wind level: 0, wind direction angle: 325.9, wind direction: WN
2025-07-09 15:08:42 - ModbusReader - INFO - wind speed: 0.0 m/s, wind level: 0, wind direction angle: 325.9, wind direction: WN
2025-07-09 15:09:12 - ModbusReader - INFO - wind speed: 0.6 m/s, wind level: 1, wind direction angle: 337.2, wind direction: NNW
2025-07-09 15:09:13 - ModbusReader - INFO - wind speed: 0.6 m/s, wind level: 1, wind direction angle: 337.2, wind direction: NNW
2025-07-09 15:09:44 - ModbusReader - INFO - wind speed: 0.0 m/s, wind level: 0, wind direction angle: 201.4, wind direction: SSW
2025-07-09 15:09:44 - ModbusReader - INFO - wind speed: 0.0 m/s, wind level: 0, wind direction angle: 201.4, wind direction: SSW
2025-07-09 15:10:15 - ModbusReader - INFO - wind speed: 0.0 m/s, wind level: 0, wind direction angle: 313.0, wind direction: WN
2025-07-09 15:10:15 - ModbusReader - INFO - wind speed: 0.0 m/s, wind level: 0, wind direction angle: 313.0, wind direction: WN
2025-07-09 15:10:46 - ModbusReader - INFO - wind speed: 0.5 m/s, wind level: 1, wind direction angle: 103.1, wind direction: ESE
2025-07-09 15:10:47 - ModbusReader - INFO - wind speed: 0.5 m/s, wind level: 1, wind direction angle: 103.1, wind direction: ESE
2025-07-09 15:11:17 - ModbusReader - INFO - wind speed: 0.3 m/s, wind level: 1, wind direction angle: 44.1, wind direction: EN
2025-07-09 15:11:18 - ModbusReader - INFO - wind speed: 0.3 m/s, wind level: 1, wind direction angle: 44.1, wind direction: EN
2025-07-09 15:11:48 - ModbusReader - INFO - wind speed: 0.8 m/s, wind level: 1, wind direction angle: 294.4, wind direction: WNW
2025-07-09 15:11:49 - ModbusReader - INFO - wind speed: 0.8 m/s, wind level: 1, wind direction angle: 294.4, wind direction: WNW
2025-07-09 15:12:20 - ModbusReader - INFO - wind speed: 1.0 m/s, wind level: 1, wind direction angle: 206.5, wind direction: SSW
2025-07-09 15:12:20 - ModbusReader - INFO - wind speed: 1.0 m/s, wind level: 1, wind direction angle: 206.5, wind direction: SSW
2025-07-09 15:12:51 - ModbusReader - INFO - wind speed: 0.0 m/s, wind level: 0, wind direction angle: 160.8, wind direction: SSE
2025-07-09 15:12:51 - ModbusReader - INFO - wind speed: 0.0 m/s, wind level: 0, wind direction angle: 160.8, wind direction: SSE
2025-07-09 15:13:22 - ModbusReader - INFO - wind speed: 0.0 m/s, wind level: 0, wind direction angle: 316.7, wind direction: WN
2025-07-09 15:13:23 - ModbusReader - INFO - wind speed: 0.0 m/s, wind level: 0, wind direction angle: 46.8, wind direction: EN
2025-07-09 15:13:53 - ModbusReader - INFO - wind speed: 0.6 m/s, wind level: 1, wind direction angle: 348.7, wind direction: NNW
2025-07-09 15:13:54 - ModbusReader - INFO - wind speed: 0.6 m/s, wind level: 1, wind direction angle: 348.7, wind direction: NNW
2025-07-09 15:14:24 - ModbusReader - INFO - wind speed: 0.0 m/s, wind level: 0, wind direction angle: 109.4, wind direction: ESE
2025-07-09 15:14:25 - ModbusReader - INFO - wind speed: 0.0 m/s, wind level: 0, wind direction angle: 109.4, wind direction: ESE
2025-07-09 15:14:56 - ModbusReader - INFO - wind speed: 0.0 m/s, wind level: 0, wind direction angle: 11.0, wind direction: N
2025-07-09 15:14:56 - ModbusReader - INFO - wind speed: 0.0 m/s, wind level: 0, wind direction angle: 11.0, wind direction: N
2025-07-09 15:15:27 - ModbusReader - INFO - wind speed: 0.0 m/s, wind level: 0, wind direction angle: 24.7, wind direction: NNE
2025-07-09 15:15:27 - ModbusReader - INFO - wind speed: 0.0 m/s, wind level: 0, wind direction angle: 24.7, wind direction: NNE
2025-07-09 15:15:58 - ModbusReader - INFO - wind speed: 0.0 m/s, wind level: 0, wind direction angle: 97.3, wind direction: E
2025-07-09 15:15:59 - ModbusReader - INFO - wind speed: 0.0 m/s, wind level: 0, wind direction angle: 97.3, wind direction: E
2025-07-09 15:16:29 - ModbusReader - INFO - wind speed: 0.1 m/s, wind level: 0, wind direction angle: 101.7, wind direction: ESE
2025-07-09 15:16:30 - ModbusReader - INFO - wind speed: 0.1 m/s, wind level: 0, wind direction angle: 101.7, wind direction: ESE
2025-07-09 15:17:00 - ModbusReader - INFO - wind speed: 0.0 m/s, wind level: 0, wind direction angle: 60.6, wind direction: ENE
2025-07-09 15:17:01 - ModbusReader - INFO - wind speed: 0.0 m/s, wind level: 0, wind direction angle: 60.6, wind direction: ENE
2025-07-09 15:17:32 - ModbusReader - INFO - wind speed: 0.4 m/s, wind level: 1, wind direction angle: 135.3, wind direction: ES
2025-07-09 15:17:32 - ModbusReader - INFO - wind speed: 0.4 m/s, wind level: 1, wind direction angle: 135.3, wind direction: ES
2025-07-09 15:18:03 - ModbusReader - INFO - wind speed: 0.0 m/s, wind level: 0, wind direction angle: 196.5, wind direction: SSW
2025-07-09 15:18:03 - ModbusReader - INFO - wind speed: 0.0 m/s, wind level: 0, wind direction angle: 196.5, wind direction: SSW
2025-07-09 15:18:34 - ModbusReader - INFO - wind speed: 0.0 m/s, wind level: 0, wind direction angle: 136.3, wind direction: ES
2025-07-09 15:18:35 - ModbusReader - INFO - wind speed: 0.0 m/s, wind level: 0, wind direction angle: 136.3, wind direction: ES
2025-07-09 15:19:05 - ModbusReader - INFO - wind speed: 0.0 m/s, wind level: 0, wind direction angle: 106.1, wind direction: ESE
2025-07-09 15:19:06 - ModbusReader - INFO - wind speed: 0.0 m/s, wind level: 0, wind direction angle: 106.1, wind direction: ESE
2025-07-09 15:19:36 - ModbusReader - INFO - wind speed: 0.0 m/s, wind level: 0, wind direction angle: 27.9, wind direction: NNE
2025-07-09 15:19:37 - ModbusReader - INFO - wind speed: 0.0 m/s, wind level: 0, wind direction angle: 27.9, wind direction: NNE
2025-07-09 15:20:08 - ModbusReader - INFO - wind speed: 0.0 m/s, wind level: 0, wind direction angle: 106.1, wind direction: ESE
2025-07-09 15:20:08 - ModbusReader - INFO - wind speed: 0.0 m/s, wind level: 0, wind direction angle: 106.1, wind direction: ESE
2025-07-09 15:20:39 - ModbusReader - INFO - wind speed: 0.0 m/s, wind level: 0, wind direction angle: 134.0, wind direction: ES
2025-07-09 15:20:39 - ModbusReader - INFO - wind speed: 0.0 m/s, wind level: 0, wind direction angle: 224.6, wind direction: WS
2025-07-09 15:21:10 - ModbusReader - INFO - wind speed: 0.0 m/s, wind level: 0, wind direction angle: 94.9, wind direction: E
2025-07-09 15:21:11 - ModbusReader - INFO - wind speed: 0.0 m/s, wind level: 0, wind direction angle: 94.9, wind direction: E
2025-07-09 15:21:41 - ModbusReader - INFO - wind speed: 0.4 m/s, wind level: 1, wind direction angle: 102.3, wind direction: ESE
2025-07-09 15:21:42 - ModbusReader - INFO - wind speed: 0.4 m/s, wind level: 1, wind direction angle: 102.3, wind direction: ESE
2025-07-09 15:22:12 - ModbusReader - INFO - wind speed: 0.0 m/s, wind level: 0, wind direction angle: 107.5, wind direction: ESE
2025-07-09 15:22:13 - ModbusReader - INFO - wind speed: 0.0 m/s, wind level: 0, wind direction angle: 107.5, wind direction: ESE
2025-07-09 15:22:44 - ModbusReader - INFO - wind speed: 0.0 m/s, wind level: 0, wind direction angle: 42.0, wind direction: EN
2025-07-09 15:22:44 - ModbusReader - INFO - wind speed: 0.0 m/s, wind level: 0, wind direction angle: 42.0, wind direction: EN
2025-07-09 15:23:15 - ModbusReader - INFO - wind speed: 0.0 m/s, wind level: 0, wind direction angle: 274.8, wind direction: W
2025-07-09 15:23:15 - ModbusReader - INFO - wind speed: 0.0 m/s, wind level: 0, wind direction angle: 274.8, wind direction: W
2025-07-09 15:23:46 - ModbusReader - INFO - wind speed: 0.8 m/s, wind level: 1, wind direction angle: 138.7, wind direction: ES
2025-07-09 15:23:47 - ModbusReader - INFO - wind speed: 0.8 m/s, wind level: 1, wind direction angle: 138.7, wind direction: ES
2025-07-09 15:24:17 - ModbusReader - INFO - wind speed: 0.5 m/s, wind level: 1, wind direction angle: 26.9, wind direction: NNE
2025-07-09 15:24:18 - ModbusReader - INFO - wind speed: 0.5 m/s, wind level: 1, wind direction angle: 26.9, wind direction: NNE
2025-07-09 15:24:48 - ModbusReader - INFO - wind speed: 0.4 m/s, wind level: 1, wind direction angle: 18.5, wind direction: NNE
2025-07-09 15:24:49 - ModbusReader - INFO - wind speed: 0.4 m/s, wind level: 1, wind direction angle: 18.5, wind direction: NNE
2025-07-09 15:25:20 - ModbusReader - INFO - wind speed: 0.0 m/s, wind level: 0, wind direction angle: 196.5, wind direction: SSW
2025-07-09 15:25:20 - ModbusReader - INFO - wind speed: 0.0 m/s, wind level: 0, wind direction angle: 196.5, wind direction: SSW
2025-07-09 15:25:51 - ModbusReader - INFO - wind speed: 0.0 m/s, wind level: 0, wind direction angle: 249.4, wind direction: WSW
2025-07-09 15:25:51 - ModbusReader - INFO - wind speed: 0.0 m/s, wind level: 0, wind direction angle: 249.4, wind direction: WSW
2025-07-09 15:26:22 - ModbusReader - INFO - wind speed: 1.0 m/s, wind level: 1, wind direction angle: 10.3, wind direction: N
2025-07-09 15:26:23 - ModbusReader - INFO - wind speed: 1.0 m/s, wind level: 1, wind direction angle: 10.3, wind direction: N
2025-07-09 15:26:53 - ModbusReader - INFO - wind speed: 0.4 m/s, wind level: 1, wind direction angle: 39.8, wind direction: EN
2025-07-09 15:26:54 - ModbusReader - INFO - wind speed: 0.4 m/s, wind level: 1, wind direction angle: 39.8, wind direction: EN
2025-07-09 15:27:24 - ModbusReader - INFO - wind speed: 0.0 m/s, wind level: 0, wind direction angle: 8.0, wind direction: N
2025-07-09 15:27:25 - ModbusReader - INFO - wind speed: 0.0 m/s, wind level: 0, wind direction angle: 8.0, wind direction: N
2025-07-09 15:27:56 - ModbusReader - INFO - wind speed: 0.0 m/s, wind level: 0, wind direction angle: 29.5, wind direction: NNE
2025-07-09 15:27:56 - ModbusReader - INFO - wind speed: 0.0 m/s, wind level: 0, wind direction angle: 126.6, wind direction: ES
2025-07-09 15:28:27 - ModbusReader - INFO - wind speed: 0.7 m/s, wind level: 1, wind direction angle: 297.8, wind direction: WNW
2025-07-09 15:28:27 - ModbusReader - INFO - wind speed: 0.7 m/s, wind level: 1, wind direction angle: 297.8, wind direction: WNW
2025-07-09 15:28:58 - ModbusReader - INFO - wind speed: 0.3 m/s, wind level: 1, wind direction angle: 140.1, wind direction: ES
2025-07-09 15:28:59 - ModbusReader - INFO - wind speed: 0.3 m/s, wind level: 1, wind direction angle: 140.1, wind direction: ES
2025-07-09 15:29:29 - ModbusReader - INFO - wind speed: 0.0 m/s, wind level: 0, wind direction angle: 340.5, wind direction: NNW
2025-07-09 15:29:30 - ModbusReader - INFO - wind speed: 0.0 m/s, wind level: 0, wind direction angle: 340.5, wind direction: NNW
2025-07-09 15:30:00 - ModbusReader - INFO - wind speed: 0.0 m/s, wind level: 0, wind direction angle: 153.8, wind direction: SSE
2025-07-09 15:30:01 - ModbusReader - INFO - wind speed: 0.0 m/s, wind level: 0, wind direction angle: 153.8, wind direction: SSE
2025-07-09 15:30:32 - ModbusReader - INFO - wind speed: 0.0 m/s, wind level: 0, wind direction angle: 304.4, wind direction: WN
2025-07-09 15:30:32 - ModbusReader - INFO - wind speed: 0.0 m/s, wind level: 0, wind direction angle: 304.4, wind direction: WN
2025-07-09 15:31:03 - ModbusReader - INFO - wind speed: 0.0 m/s, wind level: 0, wind direction angle: 302.0, wind direction: WNW
2025-07-09 15:31:03 - ModbusReader - INFO - wind speed: 0.0 m/s, wind level: 0, wind direction angle: 302.0, wind direction: WNW
2025-07-09 15:31:34 - ModbusReader - INFO - wind speed: 0.0 m/s, wind level: 0, wind direction angle: 275.6, wind direction: W
2025-07-09 15:31:35 - ModbusReader - INFO - wind speed: 0.0 m/s, wind level: 0, wind direction angle: 275.6, wind direction: W
2025-07-09 15:32:05 - ModbusReader - INFO - wind speed: 0.0 m/s, wind level: 0, wind direction angle: 176.1, wind direction: S
2025-07-09 15:32:06 - ModbusReader - INFO - wind speed: 0.0 m/s, wind level: 0, wind direction angle: 176.1, wind direction: S
2025-07-09 15:32:36 - ModbusReader - INFO - wind speed: 0.0 m/s, wind level: 0, wind direction angle: 354.4, wind direction: N
2025-07-09 15:32:37 - ModbusReader - INFO - wind speed: 0.0 m/s, wind level: 0, wind direction angle: 354.4, wind direction: N
2025-07-09 15:33:08 - ModbusReader - INFO - wind speed: 0.0 m/s, wind level: 0, wind direction angle: 154.9, wind direction: SSE
2025-07-09 15:33:08 - ModbusReader - INFO - wind speed: 0.0 m/s, wind level: 0, wind direction angle: 154.9, wind direction: SSE
2025-07-09 15:33:39 - ModbusReader - INFO - wind speed: 0.0 m/s, wind level: 0, wind direction angle: 337.3, wind direction: NNW
2025-07-09 15:33:39 - ModbusReader - INFO - wind speed: 0.0 m/s, wind level: 0, wind direction angle: 337.3, wind direction: NNW
2025-07-09 15:34:10 - ModbusReader - INFO - wind speed: 0.8 m/s, wind level: 1, wind direction angle: 359.9, wind direction: N
2025-07-09 15:34:10 - ModbusReader - INFO - wind speed: 0.8 m/s, wind level: 1, wind direction angle: 359.9, wind direction: N
2025-07-09 15:34:41 - ModbusReader - INFO - wind speed: 0.4 m/s, wind level: 1, wind direction angle: 290.4, wind direction: WNW
2025-07-09 15:34:42 - ModbusReader - INFO - wind speed: 0.4 m/s, wind level: 1, wind direction angle: 290.4, wind direction: WNW
2025-07-09 15:35:12 - ModbusReader - INFO - wind speed: 0.0 m/s, wind level: 0, wind direction angle: 167.7, wind direction: SSE
2025-07-09 15:35:13 - ModbusReader - INFO - wind speed: 0.0 m/s, wind level: 0, wind direction angle: 72.8, wind direction: ENE
2025-07-09 15:35:43 - ModbusReader - INFO - wind speed: 0.0 m/s, wind level: 0, wind direction angle: 114.2, wind direction: ESE
2025-07-09 15:35:44 - ModbusReader - INFO - wind speed: 0.0 m/s, wind level: 0, wind direction angle: 114.2, wind direction: ESE
2025-07-09 15:36:15 - ModbusReader - INFO - wind speed: 0.0 m/s, wind level: 0, wind direction angle: 21.3, wind direction: NNE
2025-07-09 15:36:15 - ModbusReader - INFO - wind speed: 0.0 m/s, wind level: 0, wind direction angle: 21.3, wind direction: NNE
2025-07-09 15:36:46 - ModbusReader - INFO - wind speed: 0.5 m/s, wind level: 1, wind direction angle: 101.6, wind direction: ESE
2025-07-09 15:36:46 - ModbusReader - INFO - wind speed: 0.5 m/s, wind level: 1, wind direction angle: 101.6, wind direction: ESE
2025-07-09 15:37:17 - ModbusReader - INFO - wind speed: 0.6 m/s, wind level: 1, wind direction angle: 92.6, wind direction: E
2025-07-09 15:37:18 - ModbusReader - INFO - wind speed: 0.6 m/s, wind level: 1, wind direction angle: 92.6, wind direction: E
2025-07-09 15:37:48 - ModbusReader - INFO - wind speed: 0.3 m/s, wind level: 1, wind direction angle: 283.4, wind direction: WNW
2025-07-09 15:37:49 - ModbusReader - INFO - wind speed: 0.3 m/s, wind level: 1, wind direction angle: 283.4, wind direction: WNW
2025-07-09 15:38:19 - ModbusReader - INFO - wind speed: 0.0 m/s, wind level: 0, wind direction angle: 149.9, wind direction: SSE
2025-07-09 15:38:20 - ModbusReader - INFO - wind speed: 0.0 m/s, wind level: 0, wind direction angle: 149.9, wind direction: SSE
2025-07-09 15:38:51 - ModbusReader - INFO - wind speed: 0.0 m/s, wind level: 0, wind direction angle: 205.4, wind direction: SSW
2025-07-09 15:38:51 - ModbusReader - INFO - wind speed: 0.0 m/s, wind level: 0, wind direction angle: 205.4, wind direction: SSW
2025-07-09 15:39:22 - ModbusReader - INFO - wind speed: 0.0 m/s, wind level: 0, wind direction angle: 135.3, wind direction: ES
2025-07-09 15:39:22 - ModbusReader - INFO - wind speed: 0.0 m/s, wind level: 0, wind direction angle: 135.3, wind direction: ES
2025-07-09 15:39:53 - ModbusReader - INFO - wind speed: 0.0 m/s, wind level: 0, wind direction angle: 14.9, wind direction: NNE
2025-07-09 15:39:54 - ModbusReader - INFO - wind speed: 0.0 m/s, wind level: 0, wind direction angle: 14.9, wind direction: NNE
2025-07-09 15:40:24 - ModbusReader - INFO - wind speed: 0.0 m/s, wind level: 0, wind direction angle: 282.8, wind direction: WNW
2025-07-09 15:40:25 - ModbusReader - INFO - wind speed: 0.0 m/s, wind level: 0, wind direction angle: 282.8, wind direction: WNW
2025-07-09 15:40:55 - ModbusReader - INFO - wind speed: 0.0 m/s, wind level: 0, wind direction angle: 326.2, wind direction: WN
2025-07-09 15:40:56 - ModbusReader - INFO - wind speed: 0.0 m/s, wind level: 0, wind direction angle: 326.2, wind direction: WN
2025-07-09 15:41:27 - ModbusReader - INFO - wind speed: 0.0 m/s, wind level: 0, wind direction angle: 189.5, wind direction: S
2025-07-09 15:41:27 - ModbusReader - INFO - wind speed: 0.0 m/s, wind level: 0, wind direction angle: 189.5, wind direction: S
2025-07-09 15:41:58 - ModbusReader - INFO - wind speed: 0.0 m/s, wind level: 0, wind direction angle: 313.9, wind direction: WN
2025-07-09 15:41:58 - ModbusReader - INFO - wind speed: 0.0 m/s, wind level: 0, wind direction angle: 313.9, wind direction: WN
2025-07-09 15:42:29 - ModbusReader - INFO - wind speed: 0.0 m/s, wind level: 0, wind direction angle: 304.2, wind direction: WN
2025-07-09 15:42:30 - ModbusReader - INFO - wind speed: 0.0 m/s, wind level: 0, wind direction angle: 358.6, wind direction: N
2025-07-09 15:43:00 - ModbusReader - INFO - wind speed: 0.0 m/s, wind level: 0, wind direction angle: 66.2, wind direction: ENE
2025-07-09 15:43:01 - ModbusReader - INFO - wind speed: 0.0 m/s, wind level: 0, wind direction angle: 66.2, wind direction: ENE
2025-07-09 15:43:31 - ModbusReader - INFO - wind speed: 0.0 m/s, wind level: 0, wind direction angle: 107.1, wind direction: ESE
2025-07-09 15:43:32 - ModbusReader - INFO - wind speed: 0.0 m/s, wind level: 0, wind direction angle: 107.1, wind direction: ESE
2025-07-09 15:44:03 - ModbusReader - INFO - wind speed: 0.0 m/s, wind level: 0, wind direction angle: 95.4, wind direction: E
2025-07-09 15:44:03 - ModbusReader - INFO - wind speed: 0.0 m/s, wind level: 0, wind direction angle: 95.4, wind direction: E
2025-07-09 15:44:34 - ModbusReader - INFO - wind speed: 0.0 m/s, wind level: 0, wind direction angle: 143.6, wind direction: ES
2025-07-09 15:44:34 - ModbusReader - INFO - wind speed: 0.0 m/s, wind level: 0, wind direction angle: 143.6, wind direction: ES
2025-07-09 15:45:05 - ModbusReader - INFO - wind speed: 0.0 m/s, wind level: 0, wind direction angle: 161.9, wind direction: SSE
2025-07-09 15:45:06 - ModbusReader - INFO - wind speed: 0.0 m/s, wind level: 0, wind direction angle: 161.9, wind direction: SSE
2025-07-09 15:45:36 - ModbusReader - INFO - wind speed: 0.0 m/s, wind level: 0, wind direction angle: 78.8, wind direction: E
2025-07-09 15:45:37 - ModbusReader - INFO - wind speed: 0.0 m/s, wind level: 0, wind direction angle: 78.8, wind direction: E
2025-07-09 15:46:07 - ModbusReader - INFO - wind speed: 0.0 m/s, wind level: 0, wind direction angle: 64.4, wind direction: ENE
2025-07-09 15:46:08 - ModbusReader - INFO - wind speed: 0.0 m/s, wind level: 0, wind direction angle: 64.4, wind direction: ENE
2025-07-09 15:46:39 - ModbusReader - INFO - wind speed: 0.0 m/s, wind level: 0, wind direction angle: 186.9, wind direction: S
2025-07-09 15:46:39 - ModbusReader - INFO - wind speed: 0.0 m/s, wind level: 0, wind direction angle: 186.9, wind direction: S
2025-07-09 15:47:10 - ModbusReader - INFO - wind speed: 0.0 m/s, wind level: 0, wind direction angle: 236.1, wind direction: WS
2025-07-09 15:47:10 - ModbusReader - INFO - wind speed: 0.0 m/s, wind level: 0, wind direction angle: 236.1, wind direction: WS
2025-07-09 15:47:41 - ModbusReader - INFO - wind speed: 0.0 m/s, wind level: 0, wind direction angle: 174.1, wind direction: S
2025-07-09 15:47:42 - ModbusReader - INFO - wind speed: 0.0 m/s, wind level: 0, wind direction angle: 174.1, wind direction: S
2025-07-09 15:48:12 - ModbusReader - INFO - wind speed: 0.0 m/s, wind level: 0, wind direction angle: 113.6, wind direction: ESE
2025-07-09 15:48:13 - ModbusReader - INFO - wind speed: 0.0 m/s, wind level: 0, wind direction angle: 113.6, wind direction: ESE
2025-07-09 15:48:43 - ModbusReader - INFO - wind speed: 0.0 m/s, wind level: 0, wind direction angle: 128.7, wind direction: ES
2025-07-09 15:48:44 - ModbusReader - INFO - wind speed: 0.0 m/s, wind level: 0, wind direction angle: 128.7, wind direction: ES
2025-07-09 15:49:15 - ModbusReader - INFO - wind speed: 0.0 m/s, wind level: 0, wind direction angle: 207.4, wind direction: SSW
2025-07-09 15:49:15 - ModbusReader - INFO - wind speed: 0.0 m/s, wind level: 0, wind direction angle: 207.4, wind direction: SSW
2025-07-09 15:49:46 - ModbusReader - INFO - wind speed: 0.0 m/s, wind level: 0, wind direction angle: 186.9, wind direction: S
2025-07-09 15:49:46 - ModbusReader - INFO - wind speed: 0.0 m/s, wind level: 0, wind direction angle: 73.3, wind direction: ENE
2025-07-09 15:50:17 - ModbusReader - INFO - wind speed: 0.0 m/s, wind level: 0, wind direction angle: 345.0, wind direction: NNW
2025-07-09 15:50:18 - ModbusReader - INFO - wind speed: 0.0 m/s, wind level: 0, wind direction angle: 345.0, wind direction: NNW
2025-07-09 15:50:48 - ModbusReader - INFO - wind speed: 0.0 m/s, wind level: 0, wind direction angle: 121.8, wind direction: ESE
2025-07-09 15:50:49 - ModbusReader - INFO - wind speed: 0.0 m/s, wind level: 0, wind direction angle: 121.8, wind direction: ESE
2025-07-09 15:51:19 - ModbusReader - INFO - wind speed: 0.0 m/s, wind level: 0, wind direction angle: 61.6, wind direction: ENE
2025-07-09 15:51:20 - ModbusReader - INFO - wind speed: 0.0 m/s, wind level: 0, wind direction angle: 61.6, wind direction: ENE
2025-07-09 15:51:51 - ModbusReader - INFO - wind speed: 0.0 m/s, wind level: 0, wind direction angle: 267.2, wind direction: W
2025-07-09 15:51:51 - ModbusReader - INFO - wind speed: 0.0 m/s, wind level: 0, wind direction angle: 267.2, wind direction: W
2025-07-09 15:52:22 - ModbusReader - INFO - wind speed: 0.0 m/s, wind level: 0, wind direction angle: 99.0, wind direction: E
2025-07-09 15:52:22 - ModbusReader - INFO - wind speed: 0.0 m/s, wind level: 0, wind direction angle: 99.0, wind direction: E
2025-07-09 15:52:53 - ModbusReader - INFO - wind speed: 0.0 m/s, wind level: 0, wind direction angle: 108.2, wind direction: ESE
2025-07-09 15:52:54 - ModbusReader - INFO - wind speed: 0.0 m/s, wind level: 0, wind direction angle: 108.2, wind direction: ESE
2025-07-09 15:53:24 - ModbusReader - INFO - wind speed: 0.0 m/s, wind level: 0, wind direction angle: 11.4, wind direction: NNE
2025-07-09 15:53:25 - ModbusReader - INFO - wind speed: 0.0 m/s, wind level: 0, wind direction angle: 11.4, wind direction: NNE
2025-07-09 15:53:55 - ModbusReader - INFO - wind speed: 0.0 m/s, wind level: 0, wind direction angle: 336.6, wind direction: NNW
2025-07-09 15:53:56 - ModbusReader - INFO - wind speed: 0.0 m/s, wind level: 0, wind direction angle: 336.6, wind direction: NNW
2025-07-09 15:54:27 - ModbusReader - INFO - wind speed: 0.0 m/s, wind level: 0, wind direction angle: 351.3, wind direction: N
2025-07-09 15:54:27 - ModbusReader - INFO - wind speed: 0.0 m/s, wind level: 0, wind direction angle: 351.3, wind direction: N
2025-07-09 15:54:58 - ModbusReader - INFO - wind speed: 0.0 m/s, wind level: 0, wind direction angle: 303.4, wind direction: WNW
2025-07-09 15:54:58 - ModbusReader - INFO - wind speed: 0.0 m/s, wind level: 0, wind direction angle: 303.4, wind direction: WNW
2025-07-09 15:55:29 - ModbusReader - INFO - wind speed: 0.0 m/s, wind level: 0, wind direction angle: 22.3, wind direction: NNE
2025-07-09 15:55:30 - ModbusReader - INFO - wind speed: 0.0 m/s, wind level: 0, wind direction angle: 22.3, wind direction: NNE
2025-07-09 15:56:00 - ModbusReader - INFO - wind speed: 0.0 m/s, wind level: 0, wind direction angle: 191.3, wind direction: SSW
2025-07-09 15:56:01 - ModbusReader - INFO - wind speed: 0.0 m/s, wind level: 0, wind direction angle: 191.3, wind direction: SSW
2025-07-09 15:56:31 - ModbusReader - INFO - wind speed: 0.0 m/s, wind level: 0, wind direction angle: 169.0, wind direction: S
2025-07-09 15:56:32 - ModbusReader - INFO - wind speed: 0.0 m/s, wind level: 0, wind direction angle: 169.0, wind direction: S
2025-07-09 15:57:03 - ModbusReader - INFO - wind speed: 0.0 m/s, wind level: 0, wind direction angle: 349.6, wind direction: N
2025-07-09 15:57:03 - ModbusReader - INFO - wind speed: 0.0 m/s, wind level: 0, wind direction angle: 50.8, wind direction: EN
2025-07-09 15:57:34 - ModbusReader - INFO - wind speed: 0.0 m/s, wind level: 0, wind direction angle: 63.3, wind direction: ENE
2025-07-09 15:57:34 - ModbusReader - INFO - wind speed: 0.0 m/s, wind level: 0, wind direction angle: 63.3, wind direction: ENE
2025-07-09 15:58:05 - ModbusReader - INFO - wind speed: 0.0 m/s, wind level: 0, wind direction angle: 38.4, wind direction: EN
2025-07-09 15:58:06 - ModbusReader - INFO - wind speed: 0.0 m/s, wind level: 0, wind direction angle: 38.4, wind direction: EN
2025-07-09 15:58:36 - ModbusReader - INFO - wind speed: 0.0 m/s, wind level: 0, wind direction angle: 145.2, wind direction: ES
2025-07-09 15:58:37 - ModbusReader - INFO - wind speed: 0.0 m/s, wind level: 0, wind direction angle: 145.2, wind direction: ES
2025-07-09 15:59:07 - ModbusReader - INFO - wind speed: 0.0 m/s, wind level: 0, wind direction angle: 65.5, wind direction: ENE
2025-07-09 15:59:08 - ModbusReader - INFO - wind speed: 0.0 m/s, wind level: 0, wind direction angle: 65.5, wind direction: ENE
2025-07-09 15:59:39 - ModbusReader - INFO - wind speed: 0.0 m/s, wind level: 0, wind direction angle: 237.4, wind direction: WSW
2025-07-09 15:59:39 - ModbusReader - INFO - wind speed: 0.0 m/s, wind level: 0, wind direction angle: 237.4, wind direction: WSW
2025-07-09 16:00:10 - ModbusReader - INFO - wind speed: 0.0 m/s, wind level: 0, wind direction angle: 165.1, wind direction: SSE
2025-07-09 16:00:10 - ModbusReader - INFO - wind speed: 0.0 m/s, wind level: 0, wind direction angle: 165.1, wind direction: SSE
2025-07-09 16:00:41 - ModbusReader - INFO - wind speed: 0.0 m/s, wind level: 0, wind direction angle: 143.0, wind direction: ES
2025-07-09 16:00:42 - ModbusReader - INFO - wind speed: 0.0 m/s, wind level: 0, wind direction angle: 143.0, wind direction: ES
2025-07-09 16:01:12 - ModbusReader - INFO - wind speed: 0.0 m/s, wind level: 0, wind direction angle: 170.9, wind direction: S
2025-07-09 16:01:13 - ModbusReader - INFO - wind speed: 0.0 m/s, wind level: 0, wind direction angle: 170.9, wind direction: S
2025-07-09 16:01:43 - ModbusReader - INFO - wind speed: 0.0 m/s, wind level: 0, wind direction angle: 168.5, wind direction: SSE
2025-07-09 16:01:44 - ModbusReader - INFO - wind speed: 0.0 m/s, wind level: 0, wind direction angle: 168.5, wind direction: SSE
2025-07-09 16:02:15 - ModbusReader - INFO - wind speed: 0.0 m/s, wind level: 0, wind direction angle: 131.2, wind direction: ES
2025-07-09 16:02:15 - ModbusReader - INFO - wind speed: 0.0 m/s, wind level: 0, wind direction angle: 131.2, wind direction: ES
2025-07-09 16:02:46 - ModbusReader - INFO - wind speed: 0.0 m/s, wind level: 0, wind direction angle: 353.1, wind direction: N
2025-07-09 16:02:46 - ModbusReader - INFO - wind speed: 0.0 m/s, wind level: 0, wind direction angle: 353.1, wind direction: N
2025-07-09 16:03:17 - ModbusReader - INFO - wind speed: 0.0 m/s, wind level: 0, wind direction angle: 130.9, wind direction: ES
2025-07-09 16:03:18 - ModbusReader - INFO - wind speed: 0.0 m/s, wind level: 0, wind direction angle: 130.9, wind direction: ES
2025-07-09 16:03:48 - ModbusReader - INFO - wind speed: 0.0 m/s, wind level: 0, wind direction angle: 182.8, wind direction: S
2025-07-09 16:03:49 - ModbusReader - INFO - wind speed: 0.0 m/s, wind level: 0, wind direction angle: 182.8, wind direction: S
2025-07-09 16:04:19 - ModbusReader - INFO - wind speed: 0.0 m/s, wind level: 0, wind direction angle: 268.3, wind direction: W
2025-07-09 16:04:20 - ModbusReader - INFO - wind speed: 0.0 m/s, wind level: 0, wind direction angle: 311.3, wind direction: WN
2025-07-09 16:04:51 - ModbusReader - INFO - wind speed: 0.0 m/s, wind level: 0, wind direction angle: 156.5, wind direction: SSE
2025-07-09 16:04:51 - ModbusReader - INFO - wind speed: 0.0 m/s, wind level: 0, wind direction angle: 156.5, wind direction: SSE
2025-07-09 16:05:22 - ModbusReader - INFO - wind speed: 0.0 m/s, wind level: 0, wind direction angle: 15.9, wind direction: NNE
2025-07-09 16:05:22 - ModbusReader - INFO - wind speed: 0.0 m/s, wind level: 0, wind direction angle: 15.9, wind direction: NNE
2025-07-09 16:05:53 - ModbusReader - INFO - wind speed: 0.0 m/s, wind level: 0, wind direction angle: 87.0, wind direction: E
2025-07-09 16:05:54 - ModbusReader - INFO - wind speed: 0.0 m/s, wind level: 0, wind direction angle: 87.0, wind direction: E
2025-07-09 16:06:24 - ModbusReader - INFO - wind speed: 0.0 m/s, wind level: 0, wind direction angle: 356.2, wind direction: N
2025-07-09 16:06:25 - ModbusReader - INFO - wind speed: 0.0 m/s, wind level: 0, wind direction angle: 356.2, wind direction: N
2025-07-09 16:06:55 - ModbusReader - INFO - wind speed: 0.0 m/s, wind level: 0, wind direction angle: 27.2, wind direction: NNE
2025-07-09 16:06:56 - ModbusReader - INFO - wind speed: 0.0 m/s, wind level: 0, wind direction angle: 27.2, wind direction: NNE
2025-07-09 16:07:27 - ModbusReader - INFO - wind speed: 0.0 m/s, wind level: 0, wind direction angle: 348.8, wind direction: N
2025-07-09 16:07:27 - ModbusReader - INFO - wind speed: 0.0 m/s, wind level: 0, wind direction angle: 348.8, wind direction: N
2025-07-09 16:07:58 - ModbusReader - INFO - wind speed: 0.0 m/s, wind level: 0, wind direction angle: 172.9, wind direction: S
2025-07-09 16:07:58 - ModbusReader - INFO - wind speed: 0.0 m/s, wind level: 0, wind direction angle: 172.9, wind direction: S
2025-07-09 16:08:29 - ModbusReader - INFO - wind speed: 0.3 m/s, wind level: 1, wind direction angle: 104.3, wind direction: ESE
2025-07-09 16:08:30 - ModbusReader - INFO - wind speed: 0.3 m/s, wind level: 1, wind direction angle: 104.3, wind direction: ESE
2025-07-09 16:09:00 - ModbusReader - INFO - wind speed: 0.0 m/s, wind level: 0, wind direction angle: 323.5, wind direction: WN
2025-07-09 16:09:01 - ModbusReader - INFO - wind speed: 0.0 m/s, wind level: 0, wind direction angle: 323.5, wind direction: WN
2025-07-09 16:09:31 - ModbusReader - INFO - wind speed: 0.1 m/s, wind level: 0, wind direction angle: 35.4, wind direction: EN
2025-07-09 16:09:32 - ModbusReader - INFO - wind speed: 0.1 m/s, wind level: 0, wind direction angle: 35.4, wind direction: EN
2025-07-09 16:10:03 - ModbusReader - INFO - wind speed: 0.6 m/s, wind level: 1, wind direction angle: 170.4, wind direction: S
2025-07-09 16:10:03 - ModbusReader - INFO - wind speed: 0.6 m/s, wind level: 1, wind direction angle: 170.4, wind direction: S
2025-07-09 16:10:34 - ModbusReader - INFO - wind speed: 0.0 m/s, wind level: 0, wind direction angle: 177.1, wind direction: S
2025-07-09 16:10:34 - ModbusReader - INFO - wind speed: 0.0 m/s, wind level: 0, wind direction angle: 177.1, wind direction: S
2025-07-09 16:11:05 - ModbusReader - INFO - wind speed: 0.0 m/s, wind level: 0, wind direction angle: 38.0, wind direction: EN
2025-07-09 16:11:06 - ModbusReader - INFO - wind speed: 0.0 m/s, wind level: 0, wind direction angle: 38.0, wind direction: EN
2025-07-09 16:11:36 - ModbusReader - INFO - wind speed: 0.0 m/s, wind level: 0, wind direction angle: 8.0, wind direction: N
2025-07-09 16:11:37 - ModbusReader - INFO - wind speed: 0.0 m/s, wind level: 0, wind direction angle: 8.0, wind direction: N
2025-07-09 16:12:07 - ModbusReader - INFO - wind speed: 0.0 m/s, wind level: 0, wind direction angle: 112.5, wind direction: ESE
2025-07-09 16:12:08 - ModbusReader - INFO - wind speed: 0.0 m/s, wind level: 0, wind direction angle: 112.5, wind direction: ESE
2025-07-09 16:12:39 - ModbusReader - INFO - wind speed: 0.0 m/s, wind level: 0, wind direction angle: 206.0, wind direction: SSW
2025-07-09 16:12:39 - ModbusReader - INFO - wind speed: 0.0 m/s, wind level: 0, wind direction angle: 206.0, wind direction: SSW
2025-07-09 16:13:10 - ModbusReader - INFO - wind speed: 0.0 m/s, wind level: 0, wind direction angle: 34.4, wind direction: EN
2025-07-09 16:13:10 - ModbusReader - INFO - wind speed: 0.0 m/s, wind level: 0, wind direction angle: 34.4, wind direction: EN
2025-07-09 16:13:41 - ModbusReader - INFO - wind speed: 0.0 m/s, wind level: 0, wind direction angle: 144.4, wind direction: ES
2025-07-09 16:13:42 - ModbusReader - INFO - wind speed: 0.0 m/s, wind level: 0, wind direction angle: 144.4, wind direction: ES
2025-07-09 16:14:12 - ModbusReader - INFO - wind speed: 0.0 m/s, wind level: 0, wind direction angle: 176.0, wind direction: S
2025-07-09 16:14:13 - ModbusReader - INFO - wind speed: 0.0 m/s, wind level: 0, wind direction angle: 176.0, wind direction: S
2025-07-09 16:14:43 - ModbusReader - INFO - wind speed: 0.0 m/s, wind level: 0, wind direction angle: 353.0, wind direction: N
2025-07-09 16:14:44 - ModbusReader - INFO - wind speed: 0.0 m/s, wind level: 0, wind direction angle: 353.0, wind direction: N
2025-07-09 16:15:15 - ModbusReader - INFO - wind speed: 0.0 m/s, wind level: 0, wind direction angle: 85.7, wind direction: E
2025-07-09 16:15:15 - ModbusReader - INFO - wind speed: 0.0 m/s, wind level: 0, wind direction angle: 85.7, wind direction: E
2025-07-09 16:15:46 - ModbusReader - INFO - wind speed: 0.0 m/s, wind level: 0, wind direction angle: 110.4, wind direction: ESE
2025-07-09 16:15:46 - ModbusReader - INFO - wind speed: 0.0 m/s, wind level: 0, wind direction angle: 110.4, wind direction: ESE
2025-07-09 16:16:17 - ModbusReader - INFO - wind speed: 0.0 m/s, wind level: 0, wind direction angle: 78.9, wind direction: E
2025-07-09 16:16:18 - ModbusReader - INFO - wind speed: 0.0 m/s, wind level: 0, wind direction angle: 78.9, wind direction: E
2025-07-09 16:16:48 - ModbusReader - INFO - wind speed: 0.0 m/s, wind level: 0, wind direction angle: 208.2, wind direction: SSW
2025-07-09 16:16:49 - ModbusReader - INFO - wind speed: 0.0 m/s, wind level: 0, wind direction angle: 208.2, wind direction: SSW
2025-07-09 16:17:19 - ModbusReader - INFO - wind speed: 0.0 m/s, wind level: 0, wind direction angle: 69.0, wind direction: ENE
2025-07-09 16:17:20 - ModbusReader - INFO - wind speed: 0.0 m/s, wind level: 0, wind direction angle: 69.0, wind direction: ENE
2025-07-09 16:17:51 - ModbusReader - INFO - wind speed: 0.0 m/s, wind level: 0, wind direction angle: 164.3, wind direction: SSE
2025-07-09 16:17:51 - ModbusReader - INFO - wind speed: 0.0 m/s, wind level: 0, wind direction angle: 164.3, wind direction: SSE
2025-07-09 16:18:22 - ModbusReader - INFO - wind speed: 0.0 m/s, wind level: 0, wind direction angle: 169.1, wind direction: S
2025-07-09 16:18:22 - ModbusReader - INFO - wind speed: 0.0 m/s, wind level: 0, wind direction angle: 169.1, wind direction: S
2025-07-09 16:18:53 - ModbusReader - INFO - wind speed: 0.0 m/s, wind level: 0, wind direction angle: 222.5, wind direction: WS
2025-07-09 16:18:54 - ModbusReader - INFO - wind speed: 0.0 m/s, wind level: 0, wind direction angle: 222.5, wind direction: WS
2025-07-09 16:19:24 - ModbusReader - INFO - wind speed: 0.0 m/s, wind level: 0, wind direction angle: 264.1, wind direction: W
2025-07-09 16:19:25 - ModbusReader - INFO - wind speed: 0.0 m/s, wind level: 0, wind direction angle: 264.1, wind direction: W
2025-07-09 16:19:55 - ModbusReader - INFO - wind speed: 0.0 m/s, wind level: 0, wind direction angle: 178.0, wind direction: S
2025-07-09 16:19:56 - ModbusReader - INFO - wind speed: 0.0 m/s, wind level: 0, wind direction angle: 178.0, wind direction: S
2025-07-09 16:20:27 - ModbusReader - INFO - wind speed: 0.0 m/s, wind level: 0, wind direction angle: 129.1, wind direction: ES
2025-07-09 16:20:27 - ModbusReader - INFO - wind speed: 0.0 m/s, wind level: 0, wind direction angle: 129.1, wind direction: ES
2025-07-09 16:20:58 - ModbusReader - INFO - wind speed: 0.9 m/s, wind level: 1, wind direction angle: 196.2, wind direction: SSW
2025-07-09 16:20:58 - ModbusReader - INFO - wind speed: 0.9 m/s, wind level: 1, wind direction angle: 196.2, wind direction: SSW
2025-07-09 16:21:29 - ModbusReader - INFO - wind speed: 0.8 m/s, wind level: 1, wind direction angle: 179.1, wind direction: S
2025-07-09 16:21:30 - ModbusReader - INFO - wind speed: 0.8 m/s, wind level: 1, wind direction angle: 179.1, wind direction: S
2025-07-09 16:22:00 - ModbusReader - INFO - wind speed: 0.0 m/s, wind level: 0, wind direction angle: 122.7, wind direction: ESE
2025-07-09 16:22:01 - ModbusReader - INFO - wind speed: 0.0 m/s, wind level: 0, wind direction angle: 122.7, wind direction: ESE
2025-07-09 16:22:31 - ModbusReader - INFO - wind speed: 0.0 m/s, wind level: 0, wind direction angle: 309.6, wind direction: WN
2025-07-09 16:22:32 - ModbusReader - INFO - wind speed: 0.0 m/s, wind level: 0, wind direction angle: 309.6, wind direction: WN
2025-07-09 16:23:03 - ModbusReader - INFO - wind speed: 0.0 m/s, wind level: 0, wind direction angle: 175.1, wind direction: S
2025-07-09 16:23:03 - ModbusReader - INFO - wind speed: 0.0 m/s, wind level: 0, wind direction angle: 175.1, wind direction: S
2025-07-09 16:23:34 - ModbusReader - INFO - wind speed: 0.0 m/s, wind level: 0, wind direction angle: 78.6, wind direction: ENE
2025-07-09 16:23:34 - ModbusReader - INFO - wind speed: 0.0 m/s, wind level: 0, wind direction angle: 78.6, wind direction: ENE
2025-07-09 16:24:05 - ModbusReader - INFO - wind speed: 0.0 m/s, wind level: 0, wind direction angle: 99.5, wind direction: E
2025-07-09 16:24:06 - ModbusReader - INFO - wind speed: 0.0 m/s, wind level: 0, wind direction angle: 99.5, wind direction: E
2025-07-09 16:24:36 - ModbusReader - INFO - wind speed: 0.0 m/s, wind level: 0, wind direction angle: 313.3, wind direction: WN
2025-07-09 16:24:37 - ModbusReader - INFO - wind speed: 0.0 m/s, wind level: 0, wind direction angle: 313.3, wind direction: WN
2025-07-09 16:25:07 - ModbusReader - INFO - wind speed: 0.6 m/s, wind level: 1, wind direction angle: 128.6, wind direction: ES
2025-07-09 16:25:08 - ModbusReader - INFO - wind speed: 0.6 m/s, wind level: 1, wind direction angle: 128.6, wind direction: ES
2025-07-09 16:25:39 - ModbusReader - INFO - wind speed: 0.4 m/s, wind level: 1, wind direction angle: 141.3, wind direction: ES
2025-07-09 16:25:39 - ModbusReader - INFO - wind speed: 0.4 m/s, wind level: 1, wind direction angle: 141.3, wind direction: ES
2025-07-09 16:26:10 - ModbusReader - INFO - wind speed: 0.0 m/s, wind level: 0, wind direction angle: 125.4, wind direction: ES
2025-07-09 16:26:10 - ModbusReader - INFO - wind speed: 0.0 m/s, wind level: 0, wind direction angle: 125.4, wind direction: ES
2025-07-09 16:26:41 - ModbusReader - INFO - wind speed: 0.4 m/s, wind level: 1, wind direction angle: 190.3, wind direction: S
2025-07-09 16:26:42 - ModbusReader - INFO - wind speed: 0.4 m/s, wind level: 1, wind direction angle: 190.3, wind direction: S
2025-07-09 16:27:12 - ModbusReader - INFO - wind speed: 1.0 m/s, wind level: 1, wind direction angle: 74.1, wind direction: ENE
2025-07-09 16:27:13 - ModbusReader - INFO - wind speed: 1.0 m/s, wind level: 1, wind direction angle: 74.1, wind direction: ENE
2025-07-09 16:27:43 - ModbusReader - INFO - wind speed: 0.9 m/s, wind level: 1, wind direction angle: 157.2, wind direction: SSE
2025-07-09 16:27:44 - ModbusReader - INFO - wind speed: 0.9 m/s, wind level: 1, wind direction angle: 157.2, wind direction: SSE
2025-07-09 16:28:15 - ModbusReader - INFO - wind speed: 0.0 m/s, wind level: 0, wind direction angle: 354.1, wind direction: N
2025-07-09 16:28:15 - ModbusReader - INFO - wind speed: 0.0 m/s, wind level: 0, wind direction angle: 354.1, wind direction: N
2025-07-09 16:28:46 - ModbusReader - INFO - wind speed: 0.4 m/s, wind level: 1, wind direction angle: 18.0, wind direction: NNE
2025-07-09 16:28:46 - ModbusReader - INFO - wind speed: 0.4 m/s, wind level: 1, wind direction angle: 18.0, wind direction: NNE
2025-07-09 16:29:17 - ModbusReader - INFO - wind speed: 0.7 m/s, wind level: 1, wind direction angle: 183.6, wind direction: S
2025-07-09 16:29:18 - ModbusReader - INFO - wind speed: 0.7 m/s, wind level: 1, wind direction angle: 183.6, wind direction: S
2025-07-09 16:29:48 - ModbusReader - INFO - wind speed: 0.0 m/s, wind level: 0, wind direction angle: 357.4, wind direction: N
2025-07-09 16:29:49 - ModbusReader - INFO - wind speed: 0.0 m/s, wind level: 0, wind direction angle: 357.4, wind direction: N
2025-07-09 16:30:19 - ModbusReader - INFO - wind speed: 0.0 m/s, wind level: 0, wind direction angle: 137.7, wind direction: ES
2025-07-09 16:30:20 - ModbusReader - INFO - wind speed: 0.0 m/s, wind level: 0, wind direction angle: 137.7, wind direction: ES
2025-07-09 16:30:51 - ModbusReader - INFO - wind speed: 0.0 m/s, wind level: 0, wind direction angle: 241.0, wind direction: WSW
2025-07-09 16:30:51 - ModbusReader - INFO - wind speed: 0.0 m/s, wind level: 0, wind direction angle: 241.0, wind direction: WSW
2025-07-09 16:31:22 - ModbusReader - INFO - wind speed: 0.0 m/s, wind level: 0, wind direction angle: 297.0, wind direction: WNW
2025-07-09 16:31:22 - ModbusReader - INFO - wind speed: 0.0 m/s, wind level: 0, wind direction angle: 297.0, wind direction: WNW
2025-07-09 16:31:53 - ModbusReader - INFO - wind speed: 0.0 m/s, wind level: 0, wind direction angle: 74.6, wind direction: ENE
2025-07-09 16:31:54 - ModbusReader - INFO - wind speed: 0.0 m/s, wind level: 0, wind direction angle: 74.6, wind direction: ENE
2025-07-09 16:32:24 - ModbusReader - INFO - wind speed: 0.0 m/s, wind level: 0, wind direction angle: 317.2, wind direction: WN
2025-07-09 16:32:25 - ModbusReader - INFO - wind speed: 0.0 m/s, wind level: 0, wind direction angle: 317.2, wind direction: WN
2025-07-09 16:32:55 - ModbusReader - INFO - wind speed: 0.0 m/s, wind level: 0, wind direction angle: 341.2, wind direction: NNW
2025-07-09 16:32:56 - ModbusReader - INFO - wind speed: 0.0 m/s, wind level: 0, wind direction angle: 341.2, wind direction: NNW
2025-07-09 16:33:27 - ModbusReader - INFO - wind speed: 0.0 m/s, wind level: 0, wind direction angle: 146.0, wind direction: ES
2025-07-09 16:33:27 - ModbusReader - INFO - wind speed: 0.0 m/s, wind level: 0, wind direction angle: 146.0, wind direction: ES
2025-07-09 16:33:58 - ModbusReader - INFO - wind speed: 0.8 m/s, wind level: 1, wind direction angle: 160.4, wind direction: SSE
2025-07-09 16:33:58 - ModbusReader - INFO - wind speed: 0.8 m/s, wind level: 1, wind direction angle: 160.4, wind direction: SSE
2025-07-09 16:34:29 - ModbusReader - INFO - wind speed: 0.4 m/s, wind level: 1, wind direction angle: 182.7, wind direction: S
2025-07-09 16:34:30 - ModbusReader - INFO - wind speed: 0.4 m/s, wind level: 1, wind direction angle: 182.7, wind direction: S
2025-07-09 16:35:00 - ModbusReader - INFO - wind speed: 0.0 m/s, wind level: 0, wind direction angle: 1.6, wind direction: N
2025-07-09 16:35:01 - ModbusReader - INFO - wind speed: 0.0 m/s, wind level: 0, wind direction angle: 1.6, wind direction: N
2025-07-09 16:35:31 - ModbusReader - INFO - wind speed: 0.0 m/s, wind level: 0, wind direction angle: 117.1, wind direction: ESE
2025-07-09 16:35:32 - ModbusReader - INFO - wind speed: 0.0 m/s, wind level: 0, wind direction angle: 117.1, wind direction: ESE
2025-07-09 16:36:03 - ModbusReader - INFO - wind speed: 0.0 m/s, wind level: 0, wind direction angle: 316.3, wind direction: WN
2025-07-09 16:36:03 - ModbusReader - INFO - wind speed: 0.0 m/s, wind level: 0, wind direction angle: 316.3, wind direction: WN
2025-07-09 16:36:34 - ModbusReader - INFO - wind speed: 0.0 m/s, wind level: 0, wind direction angle: 339.0, wind direction: NNW
2025-07-09 16:36:34 - ModbusReader - INFO - wind speed: 0.0 m/s, wind level: 0, wind direction angle: 339.0, wind direction: NNW
2025-07-09 16:37:05 - ModbusReader - INFO - wind speed: 0.0 m/s, wind level: 0, wind direction angle: 249.0, wind direction: WSW
2025-07-09 16:37:06 - ModbusReader - INFO - wind speed: 0.0 m/s, wind level: 0, wind direction angle: 249.0, wind direction: WSW
2025-07-09 16:37:36 - ModbusReader - INFO - wind speed: 0.0 m/s, wind level: 0, wind direction angle: 78.2, wind direction: ENE
2025-07-09 16:37:37 - ModbusReader - INFO - wind speed: 0.0 m/s, wind level: 0, wind direction angle: 78.2, wind direction: ENE
2025-07-09 16:38:07 - ModbusReader - INFO - wind speed: 0.0 m/s, wind level: 0, wind direction angle: 268.9, wind direction: W
2025-07-09 16:38:08 - ModbusReader - INFO - wind speed: 0.0 m/s, wind level: 0, wind direction angle: 268.9, wind direction: W
2025-07-09 16:38:39 - ModbusReader - INFO - wind speed: 0.0 m/s, wind level: 0, wind direction angle: 127.4, wind direction: ES
2025-07-09 16:38:39 - ModbusReader - INFO - wind speed: 0.0 m/s, wind level: 0, wind direction angle: 127.4, wind direction: ES
2025-07-09 16:39:10 - ModbusReader - INFO - wind speed: 0.0 m/s, wind level: 0, wind direction angle: 133.5, wind direction: ES
2025-07-09 16:39:10 - ModbusReader - INFO - wind speed: 0.0 m/s, wind level: 0, wind direction angle: 133.5, wind direction: ES
2025-07-09 16:39:41 - ModbusReader - INFO - wind speed: 0.0 m/s, wind level: 0, wind direction angle: 164.0, wind direction: SSE
2025-07-09 16:39:42 - ModbusReader - INFO - wind speed: 0.0 m/s, wind level: 0, wind direction angle: 164.0, wind direction: SSE
2025-07-09 16:40:12 - ModbusReader - INFO - wind speed: 0.0 m/s, wind level: 0, wind direction angle: 23.2, wind direction: NNE
2025-07-09 16:40:13 - ModbusReader - INFO - wind speed: 0.0 m/s, wind level: 0, wind direction angle: 349.8, wind direction: N
2025-07-09 16:40:43 - ModbusReader - INFO - wind speed: 0.0 m/s, wind level: 0, wind direction angle: 176.8, wind direction: S
2025-07-09 16:40:44 - ModbusReader - INFO - wind speed: 0.0 m/s, wind level: 0, wind direction angle: 176.8, wind direction: S
2025-07-09 16:41:15 - ModbusReader - INFO - wind speed: 0.7 m/s, wind level: 1, wind direction angle: 191.7, wind direction: SSW
2025-07-09 16:41:15 - ModbusReader - INFO - wind speed: 0.7 m/s, wind level: 1, wind direction angle: 191.7, wind direction: SSW
2025-07-09 16:41:46 - ModbusReader - INFO - wind speed: 0.3 m/s, wind level: 1, wind direction angle: 84.0, wind direction: E
2025-07-09 16:41:46 - ModbusReader - INFO - wind speed: 0.3 m/s, wind level: 1, wind direction angle: 84.0, wind direction: E
2025-07-09 16:42:17 - ModbusReader - INFO - wind speed: 0.0 m/s, wind level: 0, wind direction angle: 167.2, wind direction: SSE
2025-07-09 16:42:18 - ModbusReader - INFO - wind speed: 0.0 m/s, wind level: 0, wind direction angle: 167.2, wind direction: SSE
2025-07-09 16:42:48 - ModbusReader - INFO - wind speed: 0.0 m/s, wind level: 0, wind direction angle: 120.2, wind direction: ESE
2025-07-09 16:42:49 - ModbusReader - INFO - wind speed: 0.0 m/s, wind level: 0, wind direction angle: 120.2, wind direction: ESE
2025-07-09 16:43:19 - ModbusReader - INFO - wind speed: 1.0 m/s, wind level: 1, wind direction angle: 163.4, wind direction: SSE
2025-07-09 16:43:20 - ModbusReader - INFO - wind speed: 1.0 m/s, wind level: 1, wind direction angle: 163.4, wind direction: SSE
2025-07-09 16:43:51 - ModbusReader - INFO - wind speed: 0.3 m/s, wind level: 1, wind direction angle: 256.4, wind direction: WSW
2025-07-09 16:43:51 - ModbusReader - INFO - wind speed: 0.3 m/s, wind level: 1, wind direction angle: 256.4, wind direction: WSW
2025-07-09 16:44:22 - ModbusReader - INFO - wind speed: 0.0 m/s, wind level: 0, wind direction angle: 135.4, wind direction: ES
2025-07-09 16:44:22 - ModbusReader - INFO - wind speed: 0.0 m/s, wind level: 0, wind direction angle: 135.4, wind direction: ES
2025-07-09 16:44:53 - ModbusReader - INFO - wind speed: 0.0 m/s, wind level: 0, wind direction angle: 108.5, wind direction: ESE
2025-07-09 16:44:54 - ModbusReader - INFO - wind speed: 0.0 m/s, wind level: 0, wind direction angle: 108.5, wind direction: ESE
2025-07-09 16:45:24 - ModbusReader - INFO - wind speed: 0.0 m/s, wind level: 0, wind direction angle: 327.0, wind direction: NNW
2025-07-09 16:45:25 - ModbusReader - INFO - wind speed: 0.0 m/s, wind level: 0, wind direction angle: 327.0, wind direction: NNW
2025-07-09 16:45:55 - ModbusReader - INFO - wind speed: 0.0 m/s, wind level: 0, wind direction angle: 318.5, wind direction: WN
2025-07-09 16:45:56 - ModbusReader - INFO - wind speed: 0.0 m/s, wind level: 0, wind direction angle: 318.5, wind direction: WN
2025-07-09 16:46:27 - ModbusReader - INFO - wind speed: 0.0 m/s, wind level: 0, wind direction angle: 203.3, wind direction: SSW
2025-07-09 16:46:27 - ModbusReader - INFO - wind speed: 0.0 m/s, wind level: 0, wind direction angle: 203.3, wind direction: SSW
2025-07-09 16:46:58 - ModbusReader - INFO - wind speed: 0.0 m/s, wind level: 0, wind direction angle: 122.5, wind direction: ESE
2025-07-09 16:46:58 - ModbusReader - INFO - wind speed: 0.0 m/s, wind level: 0, wind direction angle: 122.5, wind direction: ESE
2025-07-09 16:47:29 - ModbusReader - INFO - wind speed: 0.0 m/s, wind level: 0, wind direction angle: 49.4, wind direction: EN
2025-07-09 16:47:30 - ModbusReader - INFO - wind speed: 0.0 m/s, wind level: 0, wind direction angle: 17.7, wind direction: NNE
2025-07-09 16:48:00 - ModbusReader - INFO - wind speed: 0.0 m/s, wind level: 0, wind direction angle: 304.7, wind direction: WN
2025-07-09 16:48:01 - ModbusReader - INFO - wind speed: 0.0 m/s, wind level: 0, wind direction angle: 304.7, wind direction: WN
2025-07-09 16:48:31 - ModbusReader - INFO - wind speed: 0.0 m/s, wind level: 0, wind direction angle: 345.2, wind direction: NNW
2025-07-09 16:48:32 - ModbusReader - INFO - wind speed: 0.0 m/s, wind level: 0, wind direction angle: 345.2, wind direction: NNW
2025-07-09 16:49:03 - ModbusReader - INFO - wind speed: 0.0 m/s, wind level: 0, wind direction angle: 331.7, wind direction: NNW
2025-07-09 16:49:03 - ModbusReader - INFO - wind speed: 0.0 m/s, wind level: 0, wind direction angle: 331.7, wind direction: NNW
2025-07-09 16:49:34 - ModbusReader - INFO - wind speed: 0.0 m/s, wind level: 0, wind direction angle: 0.8, wind direction: N
2025-07-09 16:49:34 - ModbusReader - INFO - wind speed: 0.0 m/s, wind level: 0, wind direction angle: 0.8, wind direction: N
2025-07-09 16:50:05 - ModbusReader - INFO - wind speed: 0.0 m/s, wind level: 0, wind direction angle: 38.8, wind direction: EN
2025-07-09 16:50:06 - ModbusReader - INFO - wind speed: 0.0 m/s, wind level: 0, wind direction angle: 38.8, wind direction: EN
2025-07-09 16:50:36 - ModbusReader - INFO - wind speed: 0.0 m/s, wind level: 0, wind direction angle: 180.1, wind direction: S
2025-07-09 16:50:37 - ModbusReader - INFO - wind speed: 0.0 m/s, wind level: 0, wind direction angle: 180.1, wind direction: S
2025-07-09 16:51:07 - ModbusReader - INFO - wind speed: 0.0 m/s, wind level: 0, wind direction angle: 111.1, wind direction: ESE
2025-07-09 16:51:08 - ModbusReader - INFO - wind speed: 0.0 m/s, wind level: 0, wind direction angle: 111.1, wind direction: ESE
2025-07-09 16:51:39 - ModbusReader - INFO - wind speed: 0.0 m/s, wind level: 0, wind direction angle: 127.4, wind direction: ES
2025-07-09 16:51:39 - ModbusReader - INFO - wind speed: 0.0 m/s, wind level: 0, wind direction angle: 127.4, wind direction: ES
2025-07-09 16:52:10 - ModbusReader - INFO - wind speed: 0.0 m/s, wind level: 0, wind direction angle: 158.5, wind direction: SSE
2025-07-09 16:52:10 - ModbusReader - INFO - wind speed: 0.0 m/s, wind level: 0, wind direction angle: 158.5, wind direction: SSE
2025-07-09 16:52:41 - ModbusReader - INFO - wind speed: 0.0 m/s, wind level: 0, wind direction angle: 192.3, wind direction: SSW
2025-07-09 16:52:42 - ModbusReader - INFO - wind speed: 0.0 m/s, wind level: 0, wind direction angle: 192.3, wind direction: SSW
2025-07-09 16:53:12 - ModbusReader - INFO - wind speed: 0.0 m/s, wind level: 0, wind direction angle: 124.5, wind direction: ES
2025-07-09 16:53:13 - ModbusReader - INFO - wind speed: 0.0 m/s, wind level: 0, wind direction angle: 124.5, wind direction: ES
2025-07-09 16:53:43 - ModbusReader - INFO - wind speed: 0.0 m/s, wind level: 0, wind direction angle: 108.5, wind direction: ESE
2025-07-09 16:53:44 - ModbusReader - INFO - wind speed: 0.0 m/s, wind level: 0, wind direction angle: 108.5, wind direction: ESE
2025-07-09 16:54:15 - ModbusReader - INFO - wind speed: 0.0 m/s, wind level: 0, wind direction angle: 45.5, wind direction: EN
2025-07-09 16:54:15 - ModbusReader - INFO - wind speed: 0.0 m/s, wind level: 0, wind direction angle: 45.5, wind direction: EN
2025-07-09 16:54:46 - ModbusReader - INFO - wind speed: 0.0 m/s, wind level: 0, wind direction angle: 20.0, wind direction: NNE
2025-07-09 16:54:46 - ModbusReader - INFO - wind speed: 0.0 m/s, wind level: 0, wind direction angle: 348.4, wind direction: NNW
2025-07-09 16:55:17 - ModbusReader - INFO - wind speed: 0.2 m/s, wind level: 0, wind direction angle: 119.6, wind direction: ESE
2025-07-09 16:55:18 - ModbusReader - INFO - wind speed: 0.2 m/s, wind level: 0, wind direction angle: 119.6, wind direction: ESE
2025-07-09 16:55:48 - ModbusReader - INFO - wind speed: 0.0 m/s, wind level: 0, wind direction angle: 199.1, wind direction: SSW
2025-07-09 16:55:49 - ModbusReader - INFO - wind speed: 0.0 m/s, wind level: 0, wind direction angle: 199.1, wind direction: SSW
2025-07-09 16:56:19 - ModbusReader - INFO - wind speed: 0.0 m/s, wind level: 0, wind direction angle: 317.4, wind direction: WN
2025-07-09 16:56:20 - ModbusReader - INFO - wind speed: 0.0 m/s, wind level: 0, wind direction angle: 317.4, wind direction: WN
2025-07-09 16:56:51 - ModbusReader - INFO - wind speed: 0.0 m/s, wind level: 0, wind direction angle: 146.2, wind direction: ES
2025-07-09 16:56:51 - ModbusReader - INFO - wind speed: 0.0 m/s, wind level: 0, wind direction angle: 146.2, wind direction: ES
2025-07-09 16:57:22 - ModbusReader - INFO - wind speed: 0.0 m/s, wind level: 0, wind direction angle: 134.4, wind direction: ES
2025-07-09 16:57:22 - ModbusReader - INFO - wind speed: 0.0 m/s, wind level: 0, wind direction angle: 134.4, wind direction: ES
2025-07-09 16:57:53 - ModbusReader - INFO - wind speed: 0.0 m/s, wind level: 0, wind direction angle: 183.4, wind direction: S
2025-07-09 16:57:54 - ModbusReader - INFO - wind speed: 0.0 m/s, wind level: 0, wind direction angle: 183.4, wind direction: S
2025-07-09 16:58:24 - ModbusReader - INFO - wind speed: 0.6 m/s, wind level: 1, wind direction angle: 255.0, wind direction: WSW
2025-07-09 16:58:25 - ModbusReader - INFO - wind speed: 0.6 m/s, wind level: 1, wind direction angle: 255.0, wind direction: WSW
2025-07-09 16:58:55 - ModbusReader - INFO - wind speed: 0.0 m/s, wind level: 0, wind direction angle: 144.6, wind direction: ES
2025-07-09 16:58:56 - ModbusReader - INFO - wind speed: 0.0 m/s, wind level: 0, wind direction angle: 144.6, wind direction: ES
2025-07-09 16:59:27 - ModbusReader - INFO - wind speed: 0.0 m/s, wind level: 0, wind direction angle: 314.9, wind direction: WN
2025-07-09 16:59:27 - ModbusReader - INFO - wind speed: 0.0 m/s, wind level: 0, wind direction angle: 314.9, wind direction: WN
2025-07-09 16:59:58 - ModbusReader - INFO - wind speed: 0.0 m/s, wind level: 0, wind direction angle: 165.5, wind direction: SSE
2025-07-09 16:59:58 - ModbusReader - INFO - wind speed: 0.0 m/s, wind level: 0, wind direction angle: 165.5, wind direction: SSE
2025-07-09 17:00:29 - ModbusReader - INFO - wind speed: 0.0 m/s, wind level: 0, wind direction angle: 246.8, wind direction: WSW
2025-07-09 17:00:30 - ModbusReader - INFO - wind speed: 0.0 m/s, wind level: 0, wind direction angle: 246.8, wind direction: WSW
2025-07-09 17:01:00 - ModbusReader - INFO - wind speed: 0.0 m/s, wind level: 0, wind direction angle: 17.5, wind direction: NNE
2025-07-09 17:01:01 - ModbusReader - INFO - wind speed: 0.0 m/s, wind level: 0, wind direction angle: 17.5, wind direction: NNE
2025-07-09 17:01:31 - ModbusReader - INFO - wind speed: 0.0 m/s, wind level: 0, wind direction angle: 176.3, wind direction: S
2025-07-09 17:01:32 - ModbusReader - INFO - wind speed: 0.0 m/s, wind level: 0, wind direction angle: 176.3, wind direction: S
2025-07-09 17:02:03 - ModbusReader - INFO - wind speed: 0.0 m/s, wind level: 0, wind direction angle: 132.0, wind direction: ES
2025-07-09 17:02:03 - ModbusReader - INFO - wind speed: 0.0 m/s, wind level: 0, wind direction angle: 252.3, wind direction: WSW
2025-07-09 17:02:34 - ModbusReader - INFO - wind speed: 0.0 m/s, wind level: 0, wind direction angle: 119.0, wind direction: ESE
2025-07-09 17:02:34 - ModbusReader - INFO - wind speed: 0.0 m/s, wind level: 0, wind direction angle: 119.0, wind direction: ESE
2025-07-09 17:03:05 - ModbusReader - INFO - wind speed: 0.0 m/s, wind level: 0, wind direction angle: 104.4, wind direction: ESE
2025-07-09 17:03:06 - ModbusReader - INFO - wind speed: 0.0 m/s, wind level: 0, wind direction angle: 104.4, wind direction: ESE
2025-07-09 17:03:36 - ModbusReader - INFO - wind speed: 0.7 m/s, wind level: 1, wind direction angle: 263.5, wind direction: W
2025-07-09 17:03:37 - ModbusReader - INFO - wind speed: 0.7 m/s, wind level: 1, wind direction angle: 263.5, wind direction: W
2025-07-09 17:04:07 - ModbusReader - INFO - wind speed: 0.0 m/s, wind level: 0, wind direction angle: 136.5, wind direction: ES
2025-07-09 17:04:08 - ModbusReader - INFO - wind speed: 0.0 m/s, wind level: 0, wind direction angle: 136.5, wind direction: ES
2025-07-09 17:04:39 - ModbusReader - INFO - wind speed: 0.0 m/s, wind level: 0, wind direction angle: 198.2, wind direction: SSW
2025-07-09 17:04:39 - ModbusReader - INFO - wind speed: 0.0 m/s, wind level: 0, wind direction angle: 198.2, wind direction: SSW
2025-07-09 17:05:10 - ModbusReader - INFO - wind speed: 0.0 m/s, wind level: 0, wind direction angle: 50.5, wind direction: EN
2025-07-09 17:05:10 - ModbusReader - INFO - wind speed: 0.0 m/s, wind level: 0, wind direction angle: 50.5, wind direction: EN
2025-07-09 17:05:41 - ModbusReader - INFO - wind speed: 1.1 m/s, wind level: 1, wind direction angle: 146.2, wind direction: ES
2025-07-09 17:05:42 - ModbusReader - INFO - wind speed: 1.1 m/s, wind level: 1, wind direction angle: 146.2, wind direction: ES
2025-07-09 17:06:12 - ModbusReader - INFO - wind speed: 1.0 m/s, wind level: 1, wind direction angle: 346.0, wind direction: NNW
2025-07-09 17:06:13 - ModbusReader - INFO - wind speed: 1.0 m/s, wind level: 1, wind direction angle: 346.0, wind direction: NNW
2025-07-09 17:06:43 - ModbusReader - INFO - wind speed: 0.5 m/s, wind level: 1, wind direction angle: 136.4, wind direction: ES
2025-07-09 17:06:44 - ModbusReader - INFO - wind speed: 0.5 m/s, wind level: 1, wind direction angle: 136.4, wind direction: ES
2025-07-09 17:07:15 - ModbusReader - INFO - wind speed: 1.3 m/s, wind level: 1, wind direction angle: 152.3, wind direction: SSE
2025-07-09 17:07:15 - ModbusReader - INFO - wind speed: 1.3 m/s, wind level: 1, wind direction angle: 152.3, wind direction: SSE
2025-07-09 17:07:46 - ModbusReader - INFO - wind speed: 1.0 m/s, wind level: 1, wind direction angle: 155.6, wind direction: SSE
2025-07-09 17:07:46 - ModbusReader - INFO - wind speed: 1.0 m/s, wind level: 1, wind direction angle: 155.6, wind direction: SSE
2025-07-09 17:08:17 - ModbusReader - INFO - wind speed: 0.5 m/s, wind level: 1, wind direction angle: 123.2, wind direction: ESE
2025-07-09 17:08:18 - ModbusReader - INFO - wind speed: 0.5 m/s, wind level: 1, wind direction angle: 123.2, wind direction: ESE
2025-07-09 17:08:48 - ModbusReader - INFO - wind speed: 0.8 m/s, wind level: 1, wind direction angle: 165.1, wind direction: SSE
2025-07-09 17:08:49 - ModbusReader - INFO - wind speed: 0.8 m/s, wind level: 1, wind direction angle: 165.1, wind direction: SSE
2025-07-09 17:09:19 - ModbusReader - INFO - wind speed: 1.4 m/s, wind level: 1, wind direction angle: 157.4, wind direction: SSE
2025-07-09 17:09:20 - ModbusReader - INFO - wind speed: 1.1 m/s, wind level: 1, wind direction angle: 124.0, wind direction: ES
2025-07-09 17:09:51 - ModbusReader - INFO - wind speed: 0.9 m/s, wind level: 1, wind direction angle: 162.8, wind direction: SSE
2025-07-09 17:09:51 - ModbusReader - INFO - wind speed: 0.9 m/s, wind level: 1, wind direction angle: 162.8, wind direction: SSE
2025-07-09 17:10:22 - ModbusReader - INFO - wind speed: 0.8 m/s, wind level: 1, wind direction angle: 118.7, wind direction: ESE
2025-07-09 17:10:22 - ModbusReader - INFO - wind speed: 0.8 m/s, wind level: 1, wind direction angle: 118.7, wind direction: ESE
2025-07-09 17:10:53 - ModbusReader - INFO - wind speed: 0.6 m/s, wind level: 1, wind direction angle: 42.6, wind direction: EN
2025-07-09 17:10:54 - ModbusReader - INFO - wind speed: 0.6 m/s, wind level: 1, wind direction angle: 42.6, wind direction: EN
2025-07-09 17:11:24 - ModbusReader - INFO - wind speed: 0.0 m/s, wind level: 0, wind direction angle: 150.0, wind direction: SSE
2025-07-09 17:11:25 - ModbusReader - INFO - wind speed: 0.0 m/s, wind level: 0, wind direction angle: 150.0, wind direction: SSE
2025-07-09 17:11:55 - ModbusReader - INFO - wind speed: 0.0 m/s, wind level: 0, wind direction angle: 125.9, wind direction: ES
2025-07-09 17:11:56 - ModbusReader - INFO - wind speed: 0.0 m/s, wind level: 0, wind direction angle: 125.9, wind direction: ES
2025-07-09 17:12:27 - ModbusReader - INFO - wind speed: 0.0 m/s, wind level: 0, wind direction angle: 193.6, wind direction: SSW
2025-07-09 17:12:27 - ModbusReader - INFO - wind speed: 0.0 m/s, wind level: 0, wind direction angle: 193.6, wind direction: SSW
2025-07-09 17:12:58 - ModbusReader - INFO - wind speed: 0.0 m/s, wind level: 0, wind direction angle: 338.7, wind direction: NNW
2025-07-09 17:12:58 - ModbusReader - INFO - wind speed: 0.0 m/s, wind level: 0, wind direction angle: 338.7, wind direction: NNW
2025-07-09 17:13:29 - ModbusReader - INFO - wind speed: 0.0 m/s, wind level: 0, wind direction angle: 247.2, wind direction: WSW
2025-07-09 17:13:30 - ModbusReader - INFO - wind speed: 0.0 m/s, wind level: 0, wind direction angle: 247.2, wind direction: WSW
2025-07-09 17:14:00 - ModbusReader - INFO - wind speed: 0.0 m/s, wind level: 0, wind direction angle: 98.8, wind direction: E
2025-07-09 17:14:01 - ModbusReader - INFO - wind speed: 0.0 m/s, wind level: 0, wind direction angle: 98.8, wind direction: E
2025-07-09 17:14:31 - ModbusReader - INFO - wind speed: 0.0 m/s, wind level: 0, wind direction angle: 56.8, wind direction: ENE
2025-07-09 17:14:32 - ModbusReader - INFO - wind speed: 0.0 m/s, wind level: 0, wind direction angle: 56.8, wind direction: ENE
2025-07-09 17:15:03 - ModbusReader - INFO - wind speed: 0.0 m/s, wind level: 0, wind direction angle: 349.5, wind direction: N
2025-07-09 17:15:03 - ModbusReader - INFO - wind speed: 0.0 m/s, wind level: 0, wind direction angle: 349.5, wind direction: N
2025-07-09 17:15:34 - ModbusReader - INFO - wind speed: 0.0 m/s, wind level: 0, wind direction angle: 88.4, wind direction: E
2025-07-09 17:15:34 - ModbusReader - INFO - wind speed: 0.0 m/s, wind level: 0, wind direction angle: 88.4, wind direction: E
2025-07-09 17:16:05 - ModbusReader - INFO - wind speed: 0.0 m/s, wind level: 0, wind direction angle: 127.6, wind direction: ES
2025-07-09 17:16:06 - ModbusReader - INFO - wind speed: 0.0 m/s, wind level: 0, wind direction angle: 127.6, wind direction: ES
2025-07-09 17:16:36 - ModbusReader - INFO - wind speed: 0.0 m/s, wind level: 0, wind direction angle: 233.8, wind direction: WS
2025-07-09 17:16:37 - ModbusReader - INFO - wind speed: 0.0 m/s, wind level: 0, wind direction angle: 299.0, wind direction: WNW
2025-07-09 17:17:07 - ModbusReader - INFO - wind speed: 0.0 m/s, wind level: 0, wind direction angle: 47.9, wind direction: EN
2025-07-09 17:17:08 - ModbusReader - INFO - wind speed: 0.0 m/s, wind level: 0, wind direction angle: 47.9, wind direction: EN
2025-07-09 17:17:39 - ModbusReader - INFO - wind speed: 0.0 m/s, wind level: 0, wind direction angle: 130.0, wind direction: ES
2025-07-09 17:17:39 - ModbusReader - INFO - wind speed: 0.0 m/s, wind level: 0, wind direction angle: 130.0, wind direction: ES
2025-07-09 17:18:10 - ModbusReader - INFO - wind speed: 0.0 m/s, wind level: 0, wind direction angle: 319.9, wind direction: WN
2025-07-09 17:18:10 - ModbusReader - INFO - wind speed: 0.0 m/s, wind level: 0, wind direction angle: 319.9, wind direction: WN
2025-07-09 17:18:41 - ModbusReader - INFO - wind speed: 0.0 m/s, wind level: 0, wind direction angle: 333.0, wind direction: NNW
2025-07-09 17:18:41 - ModbusReader - INFO - wind speed: 0.0 m/s, wind level: 0, wind direction angle: 333.0, wind direction: NNW
2025-07-09 17:19:12 - ModbusReader - INFO - wind speed: 0.5 m/s, wind level: 1, wind direction angle: 165.3, wind direction: SSE
2025-07-09 17:19:13 - ModbusReader - INFO - wind speed: 0.5 m/s, wind level: 1, wind direction angle: 165.3, wind direction: SSE
2025-07-09 17:19:43 - ModbusReader - INFO - wind speed: 0.6 m/s, wind level: 1, wind direction angle: 177.4, wind direction: S
2025-07-09 17:19:44 - ModbusReader - INFO - wind speed: 0.6 m/s, wind level: 1, wind direction angle: 177.4, wind direction: S
2025-07-09 17:20:15 - ModbusReader - INFO - wind speed: 1.0 m/s, wind level: 1, wind direction angle: 183.7, wind direction: S
2025-07-09 17:20:15 - ModbusReader - INFO - wind speed: 1.0 m/s, wind level: 1, wind direction angle: 183.7, wind direction: S
2025-07-09 17:20:46 - ModbusReader - INFO - wind speed: 1.0 m/s, wind level: 1, wind direction angle: 227.9, wind direction: WS
2025-07-09 17:20:46 - ModbusReader - INFO - wind speed: 1.0 m/s, wind level: 1, wind direction angle: 227.9, wind direction: WS
2025-07-09 17:21:17 - ModbusReader - INFO - wind speed: 0.5 m/s, wind level: 1, wind direction angle: 87.8, wind direction: E
2025-07-09 17:21:18 - ModbusReader - INFO - wind speed: 0.5 m/s, wind level: 1, wind direction angle: 87.8, wind direction: E
2025-07-09 17:21:48 - ModbusReader - INFO - wind speed: 0.9 m/s, wind level: 1, wind direction angle: 200.9, wind direction: SSW
2025-07-09 17:21:49 - ModbusReader - INFO - wind speed: 0.9 m/s, wind level: 1, wind direction angle: 200.9, wind direction: SSW
2025-07-09 17:22:19 - ModbusReader - INFO - wind speed: 0.4 m/s, wind level: 1, wind direction angle: 208.0, wind direction: SSW
2025-07-09 17:22:20 - ModbusReader - INFO - wind speed: 0.4 m/s, wind level: 1, wind direction angle: 208.0, wind direction: SSW
2025-07-09 17:22:50 - ModbusReader - INFO - wind speed: 0.8 m/s, wind level: 1, wind direction angle: 164.4, wind direction: SSE
2025-07-09 17:22:51 - ModbusReader - INFO - wind speed: 0.8 m/s, wind level: 1, wind direction angle: 164.4, wind direction: SSE
2025-07-09 17:23:22 - ModbusReader - INFO - wind speed: 0.0 m/s, wind level: 0, wind direction angle: 50.7, wind direction: EN
2025-07-09 17:23:22 - ModbusReader - INFO - wind speed: 0.0 m/s, wind level: 0, wind direction angle: 50.7, wind direction: EN
2025-07-09 17:23:53 - ModbusReader - INFO - wind speed: 0.9 m/s, wind level: 1, wind direction angle: 121.0, wind direction: ESE
2025-07-09 17:23:53 - ModbusReader - INFO - wind speed: 0.7 m/s, wind level: 1, wind direction angle: 116.0, wind direction: ESE
2025-07-09 17:24:24 - ModbusReader - INFO - wind speed: 0.2 m/s, wind level: 0, wind direction angle: 159.7, wind direction: SSE
2025-07-09 17:24:25 - ModbusReader - INFO - wind speed: 0.2 m/s, wind level: 0, wind direction angle: 159.7, wind direction: SSE
2025-07-09 17:24:55 - ModbusReader - INFO - wind speed: 0.0 m/s, wind level: 0, wind direction angle: 192.9, wind direction: SSW
2025-07-09 17:24:56 - ModbusReader - INFO - wind speed: 0.0 m/s, wind level: 0, wind direction angle: 192.9, wind direction: SSW
2025-07-09 17:25:26 - ModbusReader - INFO - wind speed: 0.0 m/s, wind level: 0, wind direction angle: 73.8, wind direction: ENE
2025-07-09 17:25:27 - ModbusReader - INFO - wind speed: 0.0 m/s, wind level: 0, wind direction angle: 73.8, wind direction: ENE
2025-07-09 17:25:58 - ModbusReader - INFO - wind speed: 0.0 m/s, wind level: 0, wind direction angle: 239.6, wind direction: WSW
2025-07-09 17:25:58 - ModbusReader - INFO - wind speed: 0.0 m/s, wind level: 0, wind direction angle: 239.6, wind direction: WSW
2025-07-09 17:26:29 - ModbusReader - INFO - wind speed: 0.0 m/s, wind level: 0, wind direction angle: 96.5, wind direction: E
2025-07-09 17:26:29 - ModbusReader - INFO - wind speed: 0.0 m/s, wind level: 0, wind direction angle: 96.5, wind direction: E
2025-07-09 17:27:00 - ModbusReader - INFO - wind speed: 1.0 m/s, wind level: 1, wind direction angle: 103.1, wind direction: ESE
2025-07-09 17:27:01 - ModbusReader - INFO - wind speed: 1.0 m/s, wind level: 1, wind direction angle: 103.1, wind direction: ESE
2025-07-09 17:27:31 - ModbusReader - INFO - wind speed: 1.3 m/s, wind level: 1, wind direction angle: 195.6, wind direction: SSW
2025-07-09 17:27:32 - ModbusReader - INFO - wind speed: 1.3 m/s, wind level: 1, wind direction angle: 195.6, wind direction: SSW
2025-07-09 17:28:02 - ModbusReader - INFO - wind speed: 0.9 m/s, wind level: 1, wind direction angle: 177.9, wind direction: S
2025-07-09 17:28:03 - ModbusReader - INFO - wind speed: 0.9 m/s, wind level: 1, wind direction angle: 177.9, wind direction: S
2025-07-09 17:28:34 - ModbusReader - INFO - wind speed: 0.6 m/s, wind level: 1, wind direction angle: 118.2, wind direction: ESE
2025-07-09 17:28:34 - ModbusReader - INFO - wind speed: 0.6 m/s, wind level: 1, wind direction angle: 118.2, wind direction: ESE
2025-07-09 17:29:05 - ModbusReader - INFO - wind speed: 0.0 m/s, wind level: 0, wind direction angle: 144.6, wind direction: ES
2025-07-09 17:29:05 - ModbusReader - INFO - wind speed: 0.0 m/s, wind level: 0, wind direction angle: 144.6, wind direction: ES
2025-07-09 17:29:36 - ModbusReader - INFO - wind speed: 0.3 m/s, wind level: 1, wind direction angle: 42.1, wind direction: EN
2025-07-09 17:29:37 - ModbusReader - INFO - wind speed: 0.3 m/s, wind level: 1, wind direction angle: 42.1, wind direction: EN
2025-07-09 17:30:07 - ModbusReader - INFO - wind speed: 0.6 m/s, wind level: 1, wind direction angle: 256.8, wind direction: WSW
2025-07-09 17:30:08 - ModbusReader - INFO - wind speed: 0.6 m/s, wind level: 1, wind direction angle: 256.8, wind direction: WSW
2025-07-09 17:30:38 - ModbusReader - INFO - wind speed: 0.5 m/s, wind level: 1, wind direction angle: 87.6, wind direction: E
2025-07-09 17:30:39 - ModbusReader - INFO - wind speed: 0.5 m/s, wind level: 1, wind direction angle: 87.6, wind direction: E
2025-07-09 17:31:10 - ModbusReader - INFO - wind speed: 0.5 m/s, wind level: 1, wind direction angle: 211.6, wind direction: SSW
2025-07-09 17:31:10 - ModbusReader - INFO - wind speed: 0.5 m/s, wind level: 1, wind direction angle: 204.5, wind direction: SSW
2025-07-09 17:31:41 - ModbusReader - INFO - wind speed: 0.0 m/s, wind level: 0, wind direction angle: 183.7, wind direction: S
2025-07-09 17:31:41 - ModbusReader - INFO - wind speed: 0.0 m/s, wind level: 0, wind direction angle: 183.7, wind direction: S
2025-07-09 17:32:12 - ModbusReader - INFO - wind speed: 0.0 m/s, wind level: 0, wind direction angle: 18.3, wind direction: NNE
2025-07-09 17:32:13 - ModbusReader - INFO - wind speed: 0.0 m/s, wind level: 0, wind direction angle: 18.3, wind direction: NNE
2025-07-09 17:32:43 - ModbusReader - INFO - wind speed: 0.0 m/s, wind level: 0, wind direction angle: 47.2, wind direction: EN
2025-07-09 17:32:44 - ModbusReader - INFO - wind speed: 0.0 m/s, wind level: 0, wind direction angle: 47.2, wind direction: EN
2025-07-09 17:33:14 - ModbusReader - INFO - wind speed: 0.0 m/s, wind level: 0, wind direction angle: 199.4, wind direction: SSW
2025-07-09 17:33:15 - ModbusReader - INFO - wind speed: 0.0 m/s, wind level: 0, wind direction angle: 199.4, wind direction: SSW
2025-07-09 17:33:46 - ModbusReader - INFO - wind speed: 0.0 m/s, wind level: 0, wind direction angle: 249.4, wind direction: WSW
2025-07-09 17:33:46 - ModbusReader - INFO - wind speed: 0.0 m/s, wind level: 0, wind direction angle: 249.4, wind direction: WSW
2025-07-09 17:34:17 - ModbusReader - INFO - wind speed: 0.0 m/s, wind level: 0, wind direction angle: 356.9, wind direction: N
2025-07-09 17:34:17 - ModbusReader - INFO - wind speed: 0.0 m/s, wind level: 0, wind direction angle: 356.9, wind direction: N
2025-07-09 17:34:48 - ModbusReader - INFO - wind speed: 0.5 m/s, wind level: 1, wind direction angle: 169.2, wind direction: S
2025-07-09 17:34:49 - ModbusReader - INFO - wind speed: 0.5 m/s, wind level: 1, wind direction angle: 169.2, wind direction: S
2025-07-09 17:35:19 - ModbusReader - INFO - wind speed: 0.5 m/s, wind level: 1, wind direction angle: 78.0, wind direction: ENE
2025-07-09 17:35:20 - ModbusReader - INFO - wind speed: 0.5 m/s, wind level: 1, wind direction angle: 78.0, wind direction: ENE
2025-07-09 17:35:50 - ModbusReader - INFO - wind speed: 0.4 m/s, wind level: 1, wind direction angle: 100.5, wind direction: E
2025-07-09 17:35:51 - ModbusReader - INFO - wind speed: 0.4 m/s, wind level: 1, wind direction angle: 100.5, wind direction: E
2025-07-09 17:36:22 - ModbusReader - INFO - wind speed: 0.6 m/s, wind level: 1, wind direction angle: 63.0, wind direction: ENE
2025-07-09 17:36:22 - ModbusReader - INFO - wind speed: 0.6 m/s, wind level: 1, wind direction angle: 63.0, wind direction: ENE
2025-07-09 17:36:53 - ModbusReader - INFO - wind speed: 0.8 m/s, wind level: 1, wind direction angle: 313.7, wind direction: WN
2025-07-09 17:36:53 - ModbusReader - INFO - wind speed: 0.8 m/s, wind level: 1, wind direction angle: 313.7, wind direction: WN
2025-07-09 17:37:24 - ModbusReader - INFO - wind speed: 0.0 m/s, wind level: 0, wind direction angle: 314.1, wind direction: WN
2025-07-09 17:37:25 - ModbusReader - INFO - wind speed: 0.0 m/s, wind level: 0, wind direction angle: 314.1, wind direction: WN
2025-07-09 17:37:55 - ModbusReader - INFO - wind speed: 0.4 m/s, wind level: 1, wind direction angle: 300.7, wind direction: WNW
2025-07-09 17:37:56 - ModbusReader - INFO - wind speed: 0.4 m/s, wind level: 1, wind direction angle: 300.7, wind direction: WNW
2025-07-09 17:38:26 - ModbusReader - INFO - wind speed: 0.0 m/s, wind level: 0, wind direction angle: 193.8, wind direction: SSW
2025-07-09 17:38:27 - ModbusReader - INFO - wind speed: 0.0 m/s, wind level: 0, wind direction angle: 147.8, wind direction: SSE
2025-07-09 17:38:58 - ModbusReader - INFO - wind speed: 0.0 m/s, wind level: 0, wind direction angle: 2.4, wind direction: N
2025-07-09 17:38:58 - ModbusReader - INFO - wind speed: 0.0 m/s, wind level: 0, wind direction angle: 2.4, wind direction: N
2025-07-09 17:39:29 - ModbusReader - INFO - wind speed: 0.1 m/s, wind level: 0, wind direction angle: 345.2, wind direction: NNW
2025-07-09 17:39:29 - ModbusReader - INFO - wind speed: 0.1 m/s, wind level: 0, wind direction angle: 345.2, wind direction: NNW
2025-07-09 17:40:00 - ModbusReader - INFO - wind speed: 0.0 m/s, wind level: 0, wind direction angle: 117.6, wind direction: ESE
2025-07-09 17:40:01 - ModbusReader - INFO - wind speed: 0.0 m/s, wind level: 0, wind direction angle: 117.6, wind direction: ESE
2025-07-09 17:40:31 - ModbusReader - INFO - wind speed: 0.0 m/s, wind level: 0, wind direction angle: 178.6, wind direction: S
2025-07-09 17:40:32 - ModbusReader - INFO - wind speed: 0.0 m/s, wind level: 0, wind direction angle: 178.6, wind direction: S
2025-07-09 17:41:02 - ModbusReader - INFO - wind speed: 0.0 m/s, wind level: 0, wind direction angle: 287.2, wind direction: WNW
2025-07-09 17:41:03 - ModbusReader - INFO - wind speed: 0.0 m/s, wind level: 0, wind direction angle: 287.2, wind direction: WNW
2025-07-09 17:41:34 - ModbusReader - INFO - wind speed: 1.2 m/s, wind level: 1, wind direction angle: 143.5, wind direction: ES
2025-07-09 17:41:34 - ModbusReader - INFO - wind speed: 1.2 m/s, wind level: 1, wind direction angle: 143.5, wind direction: ES
2025-07-09 17:42:05 - ModbusReader - INFO - wind speed: 0.6 m/s, wind level: 1, wind direction angle: 27.1, wind direction: NNE
2025-07-09 17:42:05 - ModbusReader - INFO - wind speed: 0.6 m/s, wind level: 1, wind direction angle: 27.1, wind direction: NNE
2025-07-09 17:42:36 - ModbusReader - INFO - wind speed: 0.0 m/s, wind level: 0, wind direction angle: 287.0, wind direction: WNW
2025-07-09 17:42:37 - ModbusReader - INFO - wind speed: 0.0 m/s, wind level: 0, wind direction angle: 287.0, wind direction: WNW
2025-07-09 17:43:07 - ModbusReader - INFO - wind speed: 0.0 m/s, wind level: 0, wind direction angle: 180.8, wind direction: S
2025-07-09 17:43:08 - ModbusReader - INFO - wind speed: 0.0 m/s, wind level: 0, wind direction angle: 180.8, wind direction: S
2025-07-09 17:43:38 - ModbusReader - INFO - wind speed: 0.0 m/s, wind level: 0, wind direction angle: 186.0, wind direction: S
2025-07-09 17:43:39 - ModbusReader - INFO - wind speed: 0.0 m/s, wind level: 0, wind direction angle: 186.0, wind direction: S
2025-07-09 17:44:10 - ModbusReader - INFO - wind speed: 0.0 m/s, wind level: 0, wind direction angle: 190.4, wind direction: S
2025-07-09 17:44:10 - ModbusReader - INFO - wind speed: 0.0 m/s, wind level: 0, wind direction angle: 190.4, wind direction: S
2025-07-09 17:44:41 - ModbusReader - INFO - wind speed: 0.0 m/s, wind level: 0, wind direction angle: 280.2, wind direction: W
2025-07-09 17:44:41 - ModbusReader - INFO - wind speed: 0.0 m/s, wind level: 0, wind direction angle: 280.2, wind direction: W
2025-07-09 17:45:12 - ModbusReader - INFO - wind speed: 0.0 m/s, wind level: 0, wind direction angle: 171.4, wind direction: S
2025-07-09 17:45:13 - ModbusReader - INFO - wind speed: 0.0 m/s, wind level: 0, wind direction angle: 171.4, wind direction: S
2025-07-09 17:45:43 - ModbusReader - INFO - wind speed: 0.0 m/s, wind level: 0, wind direction angle: 206.5, wind direction: SSW
2025-07-09 17:45:44 - ModbusReader - INFO - wind speed: 0.8 m/s, wind level: 1, wind direction angle: 159.7, wind direction: SSE
2025-07-09 17:46:14 - ModbusReader - INFO - wind speed: 0.8 m/s, wind level: 1, wind direction angle: 180.5, wind direction: S
2025-07-09 17:46:15 - ModbusReader - INFO - wind speed: 0.8 m/s, wind level: 1, wind direction angle: 180.5, wind direction: S
2025-07-09 17:46:46 - ModbusReader - INFO - wind speed: 0.5 m/s, wind level: 1, wind direction angle: 306.3, wind direction: WN
2025-07-09 17:46:46 - ModbusReader - INFO - wind speed: 0.5 m/s, wind level: 1, wind direction angle: 306.3, wind direction: WN
2025-07-09 17:47:17 - ModbusReader - INFO - wind speed: 0.0 m/s, wind level: 0, wind direction angle: 260.6, wind direction: W
2025-07-09 17:47:17 - ModbusReader - INFO - wind speed: 0.0 m/s, wind level: 0, wind direction angle: 260.6, wind direction: W
2025-07-09 17:47:48 - ModbusReader - INFO - wind speed: 0.0 m/s, wind level: 0, wind direction angle: 70.4, wind direction: ENE
2025-07-09 17:47:49 - ModbusReader - INFO - wind speed: 0.0 m/s, wind level: 0, wind direction angle: 70.4, wind direction: ENE
2025-07-09 17:48:19 - ModbusReader - INFO - wind speed: 0.0 m/s, wind level: 0, wind direction angle: 36.8, wind direction: EN
2025-07-09 17:48:20 - ModbusReader - INFO - wind speed: 0.0 m/s, wind level: 0, wind direction angle: 36.8, wind direction: EN
2025-07-09 17:48:50 - ModbusReader - INFO - wind speed: 0.0 m/s, wind level: 0, wind direction angle: 204.6, wind direction: SSW
2025-07-09 17:48:51 - ModbusReader - INFO - wind speed: 0.0 m/s, wind level: 0, wind direction angle: 204.6, wind direction: SSW
2025-07-09 17:49:22 - ModbusReader - INFO - wind speed: 0.0 m/s, wind level: 0, wind direction angle: 79.9, wind direction: E
2025-07-09 17:49:22 - ModbusReader - INFO - wind speed: 0.0 m/s, wind level: 0, wind direction angle: 79.9, wind direction: E
2025-07-09 17:49:53 - ModbusReader - INFO - wind speed: 0.0 m/s, wind level: 0, wind direction angle: 2.9, wind direction: N
2025-07-09 17:49:53 - ModbusReader - INFO - wind speed: 0.0 m/s, wind level: 0, wind direction angle: 2.9, wind direction: N
2025-07-09 17:50:24 - ModbusReader - INFO - wind speed: 0.7 m/s, wind level: 1, wind direction angle: 145.6, wind direction: ES
2025-07-09 17:50:25 - ModbusReader - INFO - wind speed: 0.7 m/s, wind level: 1, wind direction angle: 145.6, wind direction: ES
2025-07-09 17:50:55 - ModbusReader - INFO - wind speed: 0.8 m/s, wind level: 1, wind direction angle: 172.9, wind direction: S
2025-07-09 17:50:56 - ModbusReader - INFO - wind speed: 0.8 m/s, wind level: 1, wind direction angle: 172.9, wind direction: S
2025-07-09 17:51:26 - ModbusReader - INFO - wind speed: 0.9 m/s, wind level: 1, wind direction angle: 187.4, wind direction: S
2025-07-09 17:51:27 - ModbusReader - INFO - wind speed: 0.9 m/s, wind level: 1, wind direction angle: 187.4, wind direction: S
2025-07-09 17:51:58 - ModbusReader - INFO - wind speed: 0.7 m/s, wind level: 1, wind direction angle: 171.1, wind direction: S
2025-07-09 17:51:58 - ModbusReader - INFO - wind speed: 0.7 m/s, wind level: 1, wind direction angle: 171.1, wind direction: S
2025-07-09 17:52:29 - ModbusReader - INFO - wind speed: 0.0 m/s, wind level: 0, wind direction angle: 341.5, wind direction: NNW
2025-07-09 17:52:29 - ModbusReader - INFO - wind speed: 0.0 m/s, wind level: 0, wind direction angle: 341.5, wind direction: NNW
2025-07-09 17:53:00 - ModbusReader - INFO - wind speed: 0.0 m/s, wind level: 0, wind direction angle: 101.6, wind direction: ESE
2025-07-09 17:53:01 - ModbusReader - INFO - wind speed: 0.0 m/s, wind level: 0, wind direction angle: 156.1, wind direction: SSE
2025-07-09 17:53:31 - ModbusReader - INFO - wind speed: 0.0 m/s, wind level: 0, wind direction angle: 217.3, wind direction: WS
2025-07-09 17:53:32 - ModbusReader - INFO - wind speed: 0.0 m/s, wind level: 0, wind direction angle: 217.3, wind direction: WS
2025-07-09 17:54:02 - ModbusReader - INFO - wind speed: 0.0 m/s, wind level: 0, wind direction angle: 196.6, wind direction: SSW
2025-07-09 17:54:03 - ModbusReader - INFO - wind speed: 0.0 m/s, wind level: 0, wind direction angle: 196.6, wind direction: SSW
2025-07-09 17:54:34 - ModbusReader - INFO - wind speed: 0.0 m/s, wind level: 0, wind direction angle: 190.3, wind direction: S
2025-07-09 17:54:34 - ModbusReader - INFO - wind speed: 0.0 m/s, wind level: 0, wind direction angle: 190.3, wind direction: S
2025-07-09 17:55:05 - ModbusReader - INFO - wind speed: 0.0 m/s, wind level: 0, wind direction angle: 173.2, wind direction: S
2025-07-09 17:55:05 - ModbusReader - INFO - wind speed: 0.0 m/s, wind level: 0, wind direction angle: 173.2, wind direction: S
2025-07-09 17:55:36 - ModbusReader - INFO - wind speed: 0.0 m/s, wind level: 0, wind direction angle: 161.1, wind direction: SSE
2025-07-09 17:55:37 - ModbusReader - INFO - wind speed: 0.0 m/s, wind level: 0, wind direction angle: 161.1, wind direction: SSE
2025-07-09 17:56:07 - ModbusReader - INFO - wind speed: 0.0 m/s, wind level: 0, wind direction angle: 127.0, wind direction: ES
2025-07-09 17:56:08 - ModbusReader - INFO - wind speed: 0.0 m/s, wind level: 0, wind direction angle: 127.0, wind direction: ES
2025-07-09 17:56:38 - ModbusReader - INFO - wind speed: 0.0 m/s, wind level: 0, wind direction angle: 9.2, wind direction: N
2025-07-09 17:56:39 - ModbusReader - INFO - wind speed: 0.0 m/s, wind level: 0, wind direction angle: 9.2, wind direction: N
2025-07-09 17:57:10 - ModbusReader - INFO - wind speed: 0.0 m/s, wind level: 0, wind direction angle: 231.8, wind direction: WS
2025-07-09 17:57:10 - ModbusReader - INFO - wind speed: 0.0 m/s, wind level: 0, wind direction angle: 231.8, wind direction: WS
2025-07-09 17:57:41 - ModbusReader - INFO - wind speed: 0.0 m/s, wind level: 0, wind direction angle: 207.3, wind direction: SSW
2025-07-09 17:57:41 - ModbusReader - INFO - wind speed: 0.0 m/s, wind level: 0, wind direction angle: 207.3, wind direction: SSW
2025-07-09 17:58:12 - ModbusReader - INFO - wind speed: 0.0 m/s, wind level: 0, wind direction angle: 199.0, wind direction: SSW
2025-07-09 17:58:13 - ModbusReader - INFO - wind speed: 0.0 m/s, wind level: 0, wind direction angle: 199.0, wind direction: SSW
2025-07-09 17:58:43 - ModbusReader - INFO - wind speed: 0.0 m/s, wind level: 0, wind direction angle: 151.6, wind direction: SSE
2025-07-09 17:58:44 - ModbusReader - INFO - wind speed: 0.0 m/s, wind level: 0, wind direction angle: 151.6, wind direction: SSE
2025-07-09 17:59:14 - ModbusReader - INFO - wind speed: 0.0 m/s, wind level: 0, wind direction angle: 317.9, wind direction: WN
2025-07-09 17:59:15 - ModbusReader - INFO - wind speed: 0.0 m/s, wind level: 0, wind direction angle: 317.9, wind direction: WN
2025-07-09 17:59:46 - ModbusReader - INFO - wind speed: 0.0 m/s, wind level: 0, wind direction angle: 333.9, wind direction: NNW
2025-07-09 17:59:46 - ModbusReader - INFO - wind speed: 0.0 m/s, wind level: 0, wind direction angle: 333.9, wind direction: NNW
2025-07-09 18:00:17 - ModbusReader - INFO - wind speed: 0.0 m/s, wind level: 0, wind direction angle: 35.5, wind direction: EN
2025-07-09 18:00:17 - ModbusReader - INFO - wind speed: 0.0 m/s, wind level: 0, wind direction angle: 189.1, wind direction: S
2025-07-10 09:12:29 - ModbusReader - INFO - 找到 wind speed計 設備: COM4
2025-07-10 09:12:30 - ModbusReader - INFO - wind speed: 0.0 m/s, wind level: 0, wind direction angle: 185.6, wind direction: S
2025-07-10 09:12:31 - ModbusReader - INFO - wind speed: 0.0 m/s, wind level: 0, wind direction angle: 185.6, wind direction: S
2025-07-10 09:12:31 - ModbusReader - INFO - wind speed: 0.0 m/s, wind level: 0, wind direction angle: 185.6, wind direction: S
2025-07-10 09:13:02 - ModbusReader - INFO - wind speed: 0.0 m/s, wind level: 0, wind direction angle: 180.0, wind direction: S
2025-07-10 09:13:03 - ModbusReader - INFO - wind speed: 0.0 m/s, wind level: 0, wind direction angle: 180.0, wind direction: S
2025-07-10 09:13:33 - ModbusReader - INFO - wind speed: 0.0 m/s, wind level: 0, wind direction angle: 190.4, wind direction: S
2025-07-10 09:13:34 - ModbusReader - INFO - wind speed: 0.0 m/s, wind level: 0, wind direction angle: 190.4, wind direction: S
2025-07-10 09:14:04 - ModbusReader - INFO - wind speed: 0.0 m/s, wind level: 0, wind direction angle: 349.0, wind direction: N
2025-07-10 09:14:05 - ModbusReader - INFO - wind speed: 0.0 m/s, wind level: 0, wind direction angle: 273.8, wind direction: W
2025-07-10 09:14:36 - ModbusReader - INFO - wind speed: 0.0 m/s, wind level: 0, wind direction angle: 274.5, wind direction: W
2025-07-10 09:14:36 - ModbusReader - INFO - wind speed: 0.0 m/s, wind level: 0, wind direction angle: 274.5, wind direction: W
2025-07-10 09:15:07 - ModbusReader - INFO - wind speed: 0.0 m/s, wind level: 0, wind direction angle: 247.0, wind direction: WSW
2025-07-10 09:15:07 - ModbusReader - INFO - wind speed: 0.0 m/s, wind level: 0, wind direction angle: 247.0, wind direction: WSW
2025-07-10 09:15:38 - ModbusReader - INFO - wind speed: 0.0 m/s, wind level: 0, wind direction angle: 349.0, wind direction: N
2025-07-10 09:15:39 - ModbusReader - INFO - wind speed: 0.0 m/s, wind level: 0, wind direction angle: 349.0, wind direction: N
2025-07-10 09:16:09 - ModbusReader - INFO - wind speed: 0.0 m/s, wind level: 0, wind direction angle: 244.9, wind direction: WSW
2025-07-10 09:16:10 - ModbusReader - INFO - wind speed: 0.0 m/s, wind level: 0, wind direction angle: 244.9, wind direction: WSW
2025-07-10 09:16:40 - ModbusReader - INFO - wind speed: 0.0 m/s, wind level: 0, wind direction angle: 241.0, wind direction: WSW
2025-07-10 09:16:41 - ModbusReader - INFO - wind speed: 0.0 m/s, wind level: 0, wind direction angle: 241.0, wind direction: WSW
2025-07-10 09:17:12 - ModbusReader - INFO - wind speed: 0.0 m/s, wind level: 0, wind direction angle: 151.7, wind direction: SSE
2025-07-10 09:17:12 - ModbusReader - INFO - wind speed: 0.0 m/s, wind level: 0, wind direction angle: 151.7, wind direction: SSE
2025-07-10 09:17:43 - ModbusReader - INFO - wind speed: 0.0 m/s, wind level: 0, wind direction angle: 207.5, wind direction: SSW
2025-07-10 09:17:43 - ModbusReader - INFO - wind speed: 0.0 m/s, wind level: 0, wind direction angle: 207.5, wind direction: SSW
2025-07-10 09:18:14 - ModbusReader - INFO - wind speed: 0.0 m/s, wind level: 0, wind direction angle: 323.9, wind direction: WN
2025-07-10 09:18:15 - ModbusReader - INFO - wind speed: 0.0 m/s, wind level: 0, wind direction angle: 323.9, wind direction: WN
2025-07-10 09:18:45 - ModbusReader - INFO - wind speed: 0.1 m/s, wind level: 0, wind direction angle: 213.2, wind direction: SSW
2025-07-10 09:18:46 - ModbusReader - INFO - wind speed: 0.1 m/s, wind level: 0, wind direction angle: 213.2, wind direction: SSW
2025-07-10 09:19:16 - ModbusReader - INFO - wind speed: 0.0 m/s, wind level: 0, wind direction angle: 19.7, wind direction: NNE
2025-07-10 09:19:17 - ModbusReader - INFO - wind speed: 0.0 m/s, wind level: 0, wind direction angle: 19.7, wind direction: NNE
2025-07-10 09:19:48 - ModbusReader - INFO - wind speed: 0.0 m/s, wind level: 0, wind direction angle: 31.6, wind direction: NNE
2025-07-10 09:19:48 - ModbusReader - INFO - wind speed: 0.0 m/s, wind level: 0, wind direction angle: 31.6, wind direction: NNE
2025-07-10 09:20:19 - ModbusReader - INFO - wind speed: 0.0 m/s, wind level: 0, wind direction angle: 183.9, wind direction: S
2025-07-10 09:20:19 - ModbusReader - INFO - wind speed: 0.0 m/s, wind level: 0, wind direction angle: 183.9, wind direction: S
2025-07-10 09:20:50 - ModbusReader - INFO - wind speed: 0.0 m/s, wind level: 0, wind direction angle: 137.2, wind direction: ES
2025-07-10 09:20:51 - ModbusReader - INFO - wind speed: 0.0 m/s, wind level: 0, wind direction angle: 137.2, wind direction: ES
2025-07-10 09:21:21 - ModbusReader - INFO - wind speed: 0.0 m/s, wind level: 0, wind direction angle: 131.5, wind direction: ES
2025-07-10 09:21:22 - ModbusReader - INFO - wind speed: 0.0 m/s, wind level: 0, wind direction angle: 131.4, wind direction: ES
2025-07-10 09:21:52 - ModbusReader - INFO - wind speed: 0.0 m/s, wind level: 0, wind direction angle: 170.1, wind direction: S
2025-07-10 09:21:53 - ModbusReader - INFO - wind speed: 0.0 m/s, wind level: 0, wind direction angle: 170.1, wind direction: S
2025-07-10 09:22:24 - ModbusReader - INFO - wind speed: 0.0 m/s, wind level: 0, wind direction angle: 204.8, wind direction: SSW
2025-07-10 09:22:24 - ModbusReader - INFO - wind speed: 0.0 m/s, wind level: 0, wind direction angle: 204.8, wind direction: SSW
2025-07-10 09:22:53 - ModbusReader - INFO - wind speed: 0.2 m/s, wind level: 0, wind direction angle: 173.7, wind direction: S
2025-07-10 09:22:53 - ModbusReader - INFO - wind speed: 0.2 m/s, wind level: 0, wind direction angle: 173.7, wind direction: S
2025-07-10 09:23:24 - ModbusReader - INFO - wind speed: 0.0 m/s, wind level: 0, wind direction angle: 81.3, wind direction: E
2025-07-10 09:23:25 - ModbusReader - INFO - wind speed: 0.0 m/s, wind level: 0, wind direction angle: 81.3, wind direction: E
2025-07-10 09:23:55 - ModbusReader - INFO - wind speed: 0.0 m/s, wind level: 0, wind direction angle: 169.4, wind direction: S
2025-07-10 09:23:56 - ModbusReader - INFO - wind speed: 0.0 m/s, wind level: 0, wind direction angle: 169.4, wind direction: S
2025-07-10 09:24:26 - ModbusReader - INFO - wind speed: 0.0 m/s, wind level: 0, wind direction angle: 100.7, wind direction: E
2025-07-10 09:24:27 - ModbusReader - INFO - wind speed: 0.0 m/s, wind level: 0, wind direction angle: 100.7, wind direction: E
2025-07-10 09:24:58 - ModbusReader - INFO - wind speed: 0.0 m/s, wind level: 0, wind direction angle: 119.8, wind direction: ESE
2025-07-10 09:24:58 - ModbusReader - INFO - wind speed: 0.0 m/s, wind level: 0, wind direction angle: 119.8, wind direction: ESE
2025-07-10 09:25:29 - ModbusReader - INFO - wind speed: 0.0 m/s, wind level: 0, wind direction angle: 256.6, wind direction: WSW
2025-07-10 09:25:29 - ModbusReader - INFO - wind speed: 0.0 m/s, wind level: 0, wind direction angle: 256.6, wind direction: WSW
2025-07-10 09:26:00 - ModbusReader - INFO - wind speed: 0.0 m/s, wind level: 0, wind direction angle: 175.3, wind direction: S
2025-07-10 09:26:01 - ModbusReader - INFO - wind speed: 0.0 m/s, wind level: 0, wind direction angle: 175.3, wind direction: S
2025-07-10 09:26:31 - ModbusReader - INFO - wind speed: 0.0 m/s, wind level: 0, wind direction angle: 94.2, wind direction: E
2025-07-10 09:26:32 - ModbusReader - INFO - wind speed: 0.0 m/s, wind level: 0, wind direction angle: 94.2, wind direction: E
2025-07-10 09:27:02 - ModbusReader - INFO - wind speed: 0.4 m/s, wind level: 1, wind direction angle: 190.0, wind direction: S
2025-07-10 09:27:03 - ModbusReader - INFO - wind speed: 0.4 m/s, wind level: 1, wind direction angle: 190.0, wind direction: S
2025-07-10 09:27:34 - ModbusReader - INFO - wind speed: 0.0 m/s, wind level: 0, wind direction angle: 205.5, wind direction: SSW
2025-07-10 09:27:34 - ModbusReader - INFO - wind speed: 0.0 m/s, wind level: 0, wind direction angle: 205.5, wind direction: SSW
2025-07-10 09:28:05 - ModbusReader - INFO - wind speed: 0.0 m/s, wind level: 0, wind direction angle: 154.1, wind direction: SSE
2025-07-10 09:28:05 - ModbusReader - INFO - wind speed: 0.0 m/s, wind level: 0, wind direction angle: 154.1, wind direction: SSE
2025-07-10 09:28:36 - ModbusReader - INFO - wind speed: 0.0 m/s, wind level: 0, wind direction angle: 101.7, wind direction: ESE
2025-07-10 09:28:37 - ModbusReader - INFO - wind speed: 0.0 m/s, wind level: 0, wind direction angle: 101.7, wind direction: ESE
2025-07-10 09:29:07 - ModbusReader - INFO - wind speed: 0.0 m/s, wind level: 0, wind direction angle: 203.6, wind direction: SSW
2025-07-10 09:29:08 - ModbusReader - INFO - wind speed: 0.0 m/s, wind level: 0, wind direction angle: 203.6, wind direction: SSW
2025-07-10 09:29:38 - ModbusReader - INFO - wind speed: 0.0 m/s, wind level: 0, wind direction angle: 209.9, wind direction: SSW
2025-07-10 09:29:39 - ModbusReader - INFO - wind speed: 0.0 m/s, wind level: 0, wind direction angle: 209.9, wind direction: SSW
2025-07-10 09:30:10 - ModbusReader - INFO - wind speed: 0.0 m/s, wind level: 0, wind direction angle: 195.7, wind direction: SSW
2025-07-10 09:30:10 - ModbusReader - INFO - wind speed: 0.0 m/s, wind level: 0, wind direction angle: 195.7, wind direction: SSW
2025-07-10 09:30:41 - ModbusReader - INFO - wind speed: 0.0 m/s, wind level: 0, wind direction angle: 151.1, wind direction: SSE
2025-07-10 09:30:41 - ModbusReader - INFO - wind speed: 0.0 m/s, wind level: 0, wind direction angle: 151.1, wind direction: SSE
2025-07-10 09:31:12 - ModbusReader - INFO - wind speed: 0.3 m/s, wind level: 1, wind direction angle: 228.9, wind direction: WS
2025-07-10 09:31:13 - ModbusReader - INFO - wind speed: 0.3 m/s, wind level: 1, wind direction angle: 228.9, wind direction: WS
2025-07-10 09:31:43 - ModbusReader - INFO - wind speed: 0.0 m/s, wind level: 0, wind direction angle: 203.3, wind direction: SSW
2025-07-10 09:31:44 - ModbusReader - INFO - wind speed: 0.0 m/s, wind level: 0, wind direction angle: 203.3, wind direction: SSW
2025-07-10 09:32:14 - ModbusReader - INFO - wind speed: 0.0 m/s, wind level: 0, wind direction angle: 17.4, wind direction: NNE
2025-07-10 09:32:15 - ModbusReader - INFO - wind speed: 0.0 m/s, wind level: 0, wind direction angle: 17.4, wind direction: NNE
2025-07-10 09:32:46 - ModbusReader - INFO - wind speed: 0.0 m/s, wind level: 0, wind direction angle: 140.6, wind direction: ES
2025-07-10 09:32:46 - ModbusReader - INFO - wind speed: 0.0 m/s, wind level: 0, wind direction angle: 140.6, wind direction: ES
2025-07-10 09:33:17 - ModbusReader - INFO - wind speed: 0.0 m/s, wind level: 0, wind direction angle: 312.1, wind direction: WN
2025-07-10 09:33:17 - ModbusReader - INFO - wind speed: 0.0 m/s, wind level: 0, wind direction angle: 312.1, wind direction: WN
2025-07-10 09:33:48 - ModbusReader - INFO - wind speed: 0.0 m/s, wind level: 0, wind direction angle: 194.3, wind direction: SSW
2025-07-10 09:33:49 - ModbusReader - INFO - wind speed: 0.0 m/s, wind level: 0, wind direction angle: 194.3, wind direction: SSW
2025-07-10 09:34:19 - ModbusReader - INFO - wind speed: 0.0 m/s, wind level: 0, wind direction angle: 215.5, wind direction: WS
2025-07-10 09:34:20 - ModbusReader - INFO - wind speed: 0.0 m/s, wind level: 0, wind direction angle: 215.5, wind direction: WS
2025-07-10 09:34:50 - ModbusReader - INFO - wind speed: 0.0 m/s, wind level: 0, wind direction angle: 212.1, wind direction: SSW
2025-07-10 09:34:51 - ModbusReader - INFO - wind speed: 0.0 m/s, wind level: 0, wind direction angle: 212.1, wind direction: SSW
2025-07-10 09:35:22 - ModbusReader - INFO - wind speed: 0.0 m/s, wind level: 0, wind direction angle: 106.7, wind direction: ESE
2025-07-10 09:35:22 - ModbusReader - INFO - wind speed: 0.0 m/s, wind level: 0, wind direction angle: 106.7, wind direction: ESE
2025-07-10 09:35:53 - ModbusReader - INFO - wind speed: 0.0 m/s, wind level: 0, wind direction angle: 159.4, wind direction: SSE
2025-07-10 09:35:53 - ModbusReader - INFO - wind speed: 0.0 m/s, wind level: 0, wind direction angle: 159.4, wind direction: SSE
2025-07-10 09:36:24 - ModbusReader - INFO - wind speed: 0.0 m/s, wind level: 0, wind direction angle: 347.3, wind direction: NNW
2025-07-10 09:36:25 - ModbusReader - INFO - wind speed: 0.0 m/s, wind level: 0, wind direction angle: 347.3, wind direction: NNW
2025-07-10 09:36:55 - ModbusReader - INFO - wind speed: 0.0 m/s, wind level: 0, wind direction angle: 329.6, wind direction: NNW
2025-07-10 09:36:56 - ModbusReader - INFO - wind speed: 0.0 m/s, wind level: 0, wind direction angle: 329.6, wind direction: NNW
2025-07-10 09:37:26 - ModbusReader - INFO - wind speed: 0.0 m/s, wind level: 0, wind direction angle: 160.5, wind direction: SSE
2025-07-10 09:37:27 - ModbusReader - INFO - wind speed: 0.0 m/s, wind level: 0, wind direction angle: 160.5, wind direction: SSE
2025-07-10 09:37:58 - ModbusReader - INFO - wind speed: 0.0 m/s, wind level: 0, wind direction angle: 264.8, wind direction: W
2025-07-10 09:37:58 - ModbusReader - INFO - wind speed: 0.0 m/s, wind level: 0, wind direction angle: 264.8, wind direction: W
2025-07-10 09:38:29 - ModbusReader - INFO - wind speed: 0.0 m/s, wind level: 0, wind direction angle: 259.6, wind direction: W
2025-07-10 09:38:29 - ModbusReader - INFO - wind speed: 0.0 m/s, wind level: 0, wind direction angle: 259.6, wind direction: W
2025-07-10 09:39:00 - ModbusReader - INFO - wind speed: 0.0 m/s, wind level: 0, wind direction angle: 272.3, wind direction: W
2025-07-10 09:39:01 - ModbusReader - INFO - wind speed: 0.0 m/s, wind level: 0, wind direction angle: 272.3, wind direction: W
2025-07-10 09:39:31 - ModbusReader - INFO - wind speed: 0.0 m/s, wind level: 0, wind direction angle: 126.7, wind direction: ES
2025-07-10 09:39:32 - ModbusReader - INFO - wind speed: 0.0 m/s, wind level: 0, wind direction angle: 126.7, wind direction: ES
2025-07-10 09:40:02 - ModbusReader - INFO - wind speed: 0.0 m/s, wind level: 0, wind direction angle: 298.4, wind direction: WNW
2025-07-10 09:40:03 - ModbusReader - INFO - wind speed: 0.0 m/s, wind level: 0, wind direction angle: 298.4, wind direction: WNW
2025-07-10 09:40:34 - ModbusReader - INFO - wind speed: 0.0 m/s, wind level: 0, wind direction angle: 136.0, wind direction: ES
2025-07-10 09:40:34 - ModbusReader - INFO - wind speed: 0.0 m/s, wind level: 0, wind direction angle: 136.0, wind direction: ES
2025-07-10 09:41:05 - ModbusReader - INFO - wind speed: 0.0 m/s, wind level: 0, wind direction angle: 135.8, wind direction: ES
2025-07-10 09:41:05 - ModbusReader - INFO - wind speed: 0.0 m/s, wind level: 0, wind direction angle: 135.8, wind direction: ES
2025-07-10 09:41:36 - ModbusReader - INFO - wind speed: 0.0 m/s, wind level: 0, wind direction angle: 81.1, wind direction: E
2025-07-10 09:41:37 - ModbusReader - INFO - wind speed: 0.0 m/s, wind level: 0, wind direction angle: 81.1, wind direction: E
2025-07-10 09:42:07 - ModbusReader - INFO - wind speed: 0.0 m/s, wind level: 0, wind direction angle: 281.5, wind direction: WNW
2025-07-10 09:42:08 - ModbusReader - INFO - wind speed: 0.0 m/s, wind level: 0, wind direction angle: 281.5, wind direction: WNW
2025-07-10 09:42:38 - ModbusReader - INFO - wind speed: 0.0 m/s, wind level: 0, wind direction angle: 332.3, wind direction: NNW
2025-07-10 09:42:39 - ModbusReader - INFO - wind speed: 0.0 m/s, wind level: 0, wind direction angle: 332.3, wind direction: NNW
2025-07-10 09:43:10 - ModbusReader - INFO - wind speed: 0.0 m/s, wind level: 0, wind direction angle: 173.4, wind direction: S
2025-07-10 09:43:10 - ModbusReader - INFO - wind speed: 0.0 m/s, wind level: 0, wind direction angle: 173.4, wind direction: S
2025-07-10 09:43:41 - ModbusReader - INFO - wind speed: 0.0 m/s, wind level: 0, wind direction angle: 189.4, wind direction: S
2025-07-10 09:43:41 - ModbusReader - INFO - wind speed: 0.0 m/s, wind level: 0, wind direction angle: 189.4, wind direction: S
2025-07-10 09:44:12 - ModbusReader - INFO - wind speed: 0.0 m/s, wind level: 0, wind direction angle: 217.6, wind direction: WS
2025-07-10 09:44:13 - ModbusReader - INFO - wind speed: 0.0 m/s, wind level: 0, wind direction angle: 217.6, wind direction: WS
2025-07-10 09:44:43 - ModbusReader - INFO - wind speed: 0.0 m/s, wind level: 0, wind direction angle: 129.2, wind direction: ES
2025-07-10 09:44:44 - ModbusReader - INFO - wind speed: 0.0 m/s, wind level: 0, wind direction angle: 129.2, wind direction: ES
2025-07-10 09:45:14 - ModbusReader - INFO - wind speed: 0.0 m/s, wind level: 0, wind direction angle: 63.4, wind direction: ENE
2025-07-10 09:45:15 - ModbusReader - INFO - wind speed: 0.0 m/s, wind level: 0, wind direction angle: 63.4, wind direction: ENE
2025-07-10 09:45:46 - ModbusReader - INFO - wind speed: 0.0 m/s, wind level: 0, wind direction angle: 170.0, wind direction: S
2025-07-10 09:45:46 - ModbusReader - INFO - wind speed: 0.0 m/s, wind level: 0, wind direction angle: 170.0, wind direction: S
2025-07-10 09:46:17 - ModbusReader - INFO - wind speed: 0.0 m/s, wind level: 0, wind direction angle: 326.3, wind direction: NNW
2025-07-10 09:46:17 - ModbusReader - INFO - wind speed: 0.0 m/s, wind level: 0, wind direction angle: 326.3, wind direction: NNW
2025-07-10 09:46:48 - ModbusReader - INFO - wind speed: 0.0 m/s, wind level: 0, wind direction angle: 261.8, wind direction: W
2025-07-10 09:46:49 - ModbusReader - INFO - wind speed: 0.0 m/s, wind level: 0, wind direction angle: 261.8, wind direction: W
2025-07-10 09:47:19 - ModbusReader - INFO - wind speed: 0.0 m/s, wind level: 0, wind direction angle: 55.3, wind direction: EN
2025-07-10 09:47:20 - ModbusReader - INFO - wind speed: 0.0 m/s, wind level: 0, wind direction angle: 55.3, wind direction: EN
2025-07-10 09:47:50 - ModbusReader - INFO - wind speed: 0.0 m/s, wind level: 0, wind direction angle: 196.8, wind direction: SSW
2025-07-10 09:47:51 - ModbusReader - INFO - wind speed: 0.0 m/s, wind level: 0, wind direction angle: 196.8, wind direction: SSW
2025-07-10 09:48:22 - ModbusReader - INFO - wind speed: 0.0 m/s, wind level: 0, wind direction angle: 267.9, wind direction: W
2025-07-10 09:48:22 - ModbusReader - INFO - wind speed: 0.0 m/s, wind level: 0, wind direction angle: 267.9, wind direction: W
2025-07-10 09:48:53 - ModbusReader - INFO - wind speed: 0.0 m/s, wind level: 0, wind direction angle: 215.0, wind direction: WS
2025-07-10 09:48:53 - ModbusReader - INFO - wind speed: 0.0 m/s, wind level: 0, wind direction angle: 215.0, wind direction: WS
2025-07-10 09:49:24 - ModbusReader - INFO - wind speed: 0.0 m/s, wind level: 0, wind direction angle: 312.5, wind direction: WN
2025-07-10 09:49:25 - ModbusReader - INFO - wind speed: 0.0 m/s, wind level: 0, wind direction angle: 312.5, wind direction: WN
2025-07-10 09:49:55 - ModbusReader - INFO - wind speed: 0.0 m/s, wind level: 0, wind direction angle: 174.6, wind direction: S
2025-07-10 09:49:56 - ModbusReader - INFO - wind speed: 0.0 m/s, wind level: 0, wind direction angle: 174.6, wind direction: S
2025-07-10 09:50:26 - ModbusReader - INFO - wind speed: 0.0 m/s, wind level: 0, wind direction angle: 315.0, wind direction: WN
2025-07-10 09:50:27 - ModbusReader - INFO - wind speed: 0.0 m/s, wind level: 0, wind direction angle: 315.0, wind direction: WN
2025-07-10 09:50:58 - ModbusReader - INFO - wind speed: 0.0 m/s, wind level: 0, wind direction angle: 221.4, wind direction: WS
2025-07-10 09:50:58 - ModbusReader - INFO - wind speed: 0.0 m/s, wind level: 0, wind direction angle: 221.4, wind direction: WS
2025-07-10 09:51:29 - ModbusReader - INFO - wind speed: 0.0 m/s, wind level: 0, wind direction angle: 285.6, wind direction: WNW
2025-07-10 09:51:29 - ModbusReader - INFO - wind speed: 0.0 m/s, wind level: 0, wind direction angle: 285.6, wind direction: WNW
2025-07-10 09:52:00 - ModbusReader - INFO - wind speed: 0.0 m/s, wind level: 0, wind direction angle: 213.4, wind direction: SSW
2025-07-10 09:52:01 - ModbusReader - INFO - wind speed: 0.0 m/s, wind level: 0, wind direction angle: 213.4, wind direction: SSW
2025-07-10 09:52:31 - ModbusReader - INFO - wind speed: 0.0 m/s, wind level: 0, wind direction angle: 219.2, wind direction: WS
2025-07-10 09:52:32 - ModbusReader - INFO - wind speed: 0.0 m/s, wind level: 0, wind direction angle: 219.2, wind direction: WS
2025-07-10 09:53:02 - ModbusReader - INFO - wind speed: 0.0 m/s, wind level: 0, wind direction angle: 233.6, wind direction: WS
2025-07-10 09:53:03 - ModbusReader - INFO - wind speed: 0.0 m/s, wind level: 0, wind direction angle: 233.6, wind direction: WS
2025-07-10 09:53:34 - ModbusReader - INFO - wind speed: 0.0 m/s, wind level: 0, wind direction angle: 197.9, wind direction: SSW
2025-07-10 09:53:34 - ModbusReader - INFO - wind speed: 0.0 m/s, wind level: 0, wind direction angle: 197.9, wind direction: SSW
2025-07-10 09:54:05 - ModbusReader - INFO - wind speed: 0.0 m/s, wind level: 0, wind direction angle: 176.4, wind direction: S
2025-07-10 09:54:05 - ModbusReader - INFO - wind speed: 0.0 m/s, wind level: 0, wind direction angle: 176.4, wind direction: S
2025-07-10 09:54:36 - ModbusReader - INFO - wind speed: 0.0 m/s, wind level: 0, wind direction angle: 121.3, wind direction: ESE
2025-07-10 09:54:37 - ModbusReader - INFO - wind speed: 0.0 m/s, wind level: 0, wind direction angle: 121.3, wind direction: ESE
2025-07-10 09:55:07 - ModbusReader - INFO - wind speed: 0.0 m/s, wind level: 0, wind direction angle: 180.0, wind direction: S
2025-07-10 09:55:08 - ModbusReader - INFO - wind speed: 0.0 m/s, wind level: 0, wind direction angle: 180.0, wind direction: S
2025-07-10 09:55:38 - ModbusReader - INFO - wind speed: 0.0 m/s, wind level: 0, wind direction angle: 228.0, wind direction: WS
2025-07-10 09:55:39 - ModbusReader - INFO - wind speed: 0.0 m/s, wind level: 0, wind direction angle: 228.0, wind direction: WS
2025-07-10 09:56:10 - ModbusReader - INFO - wind speed: 0.0 m/s, wind level: 0, wind direction angle: 223.9, wind direction: WS
2025-07-10 09:56:10 - ModbusReader - INFO - wind speed: 0.0 m/s, wind level: 0, wind direction angle: 223.9, wind direction: WS
2025-07-10 09:56:41 - ModbusReader - INFO - wind speed: 0.0 m/s, wind level: 0, wind direction angle: 167.9, wind direction: SSE
2025-07-10 09:56:41 - ModbusReader - INFO - wind speed: 0.0 m/s, wind level: 0, wind direction angle: 167.9, wind direction: SSE
2025-07-10 09:57:12 - ModbusReader - INFO - wind speed: 0.0 m/s, wind level: 0, wind direction angle: 187.0, wind direction: S
2025-07-10 09:57:13 - ModbusReader - INFO - wind speed: 0.0 m/s, wind level: 0, wind direction angle: 187.0, wind direction: S
2025-07-10 09:57:43 - ModbusReader - INFO - wind speed: 0.0 m/s, wind level: 0, wind direction angle: 154.1, wind direction: SSE
2025-07-10 09:57:44 - ModbusReader - INFO - wind speed: 0.0 m/s, wind level: 0, wind direction angle: 154.1, wind direction: SSE
2025-07-10 09:58:14 - ModbusReader - INFO - wind speed: 0.0 m/s, wind level: 0, wind direction angle: 149.4, wind direction: SSE
2025-07-10 09:58:15 - ModbusReader - INFO - wind speed: 0.0 m/s, wind level: 0, wind direction angle: 149.4, wind direction: SSE
2025-07-10 09:58:46 - ModbusReader - INFO - wind speed: 0.0 m/s, wind level: 0, wind direction angle: 217.8, wind direction: WS
2025-07-10 09:58:46 - ModbusReader - INFO - wind speed: 0.0 m/s, wind level: 0, wind direction angle: 217.8, wind direction: WS
2025-07-10 09:59:17 - ModbusReader - INFO - wind speed: 0.0 m/s, wind level: 0, wind direction angle: 168.4, wind direction: SSE
2025-07-10 09:59:17 - ModbusReader - INFO - wind speed: 0.0 m/s, wind level: 0, wind direction angle: 168.4, wind direction: SSE
2025-07-10 09:59:48 - ModbusReader - INFO - wind speed: 0.0 m/s, wind level: 0, wind direction angle: 2.9, wind direction: N
2025-07-10 09:59:49 - ModbusReader - INFO - wind speed: 0.0 m/s, wind level: 0, wind direction angle: 2.9, wind direction: N
2025-07-10 10:00:19 - ModbusReader - INFO - wind speed: 0.0 m/s, wind level: 0, wind direction angle: 223.0, wind direction: WS
2025-07-10 10:00:20 - ModbusReader - INFO - wind speed: 0.0 m/s, wind level: 0, wind direction angle: 223.0, wind direction: WS
2025-07-10 10:00:50 - ModbusReader - INFO - wind speed: 0.0 m/s, wind level: 0, wind direction angle: 166.7, wind direction: SSE
2025-07-10 10:00:51 - ModbusReader - INFO - wind speed: 0.0 m/s, wind level: 0, wind direction angle: 166.7, wind direction: SSE
2025-07-10 10:01:22 - ModbusReader - INFO - wind speed: 0.0 m/s, wind level: 0, wind direction angle: 186.3, wind direction: S
2025-07-10 10:01:22 - ModbusReader - INFO - wind speed: 0.0 m/s, wind level: 0, wind direction angle: 186.3, wind direction: S
2025-07-10 10:01:53 - ModbusReader - INFO - wind speed: 0.0 m/s, wind level: 0, wind direction angle: 318.3, wind direction: WN
2025-07-10 10:01:53 - ModbusReader - INFO - wind speed: 0.0 m/s, wind level: 0, wind direction angle: 318.3, wind direction: WN
2025-07-10 10:02:24 - ModbusReader - INFO - wind speed: 0.0 m/s, wind level: 0, wind direction angle: 301.6, wind direction: WNW
2025-07-10 10:02:25 - ModbusReader - INFO - wind speed: 0.0 m/s, wind level: 0, wind direction angle: 301.6, wind direction: WNW
2025-07-10 10:02:55 - ModbusReader - INFO - wind speed: 0.0 m/s, wind level: 0, wind direction angle: 135.4, wind direction: ES
2025-07-10 10:02:56 - ModbusReader - INFO - wind speed: 0.0 m/s, wind level: 0, wind direction angle: 135.4, wind direction: ES
2025-07-10 10:03:26 - ModbusReader - INFO - wind speed: 0.0 m/s, wind level: 0, wind direction angle: 171.2, wind direction: S
2025-07-10 10:03:27 - ModbusReader - INFO - wind speed: 0.0 m/s, wind level: 0, wind direction angle: 171.2, wind direction: S
2025-07-10 10:03:58 - ModbusReader - INFO - wind speed: 0.0 m/s, wind level: 0, wind direction angle: 35.6, wind direction: EN
2025-07-10 10:03:58 - ModbusReader - INFO - wind speed: 0.0 m/s, wind level: 0, wind direction angle: 35.6, wind direction: EN
2025-07-10 10:04:29 - ModbusReader - INFO - wind speed: 0.0 m/s, wind level: 0, wind direction angle: 172.2, wind direction: S
2025-07-10 10:04:29 - ModbusReader - INFO - wind speed: 0.0 m/s, wind level: 0, wind direction angle: 172.2, wind direction: S
2025-07-10 10:05:00 - ModbusReader - INFO - wind speed: 0.0 m/s, wind level: 0, wind direction angle: 15.4, wind direction: NNE
2025-07-10 10:05:01 - ModbusReader - INFO - wind speed: 0.0 m/s, wind level: 0, wind direction angle: 15.4, wind direction: NNE
2025-07-10 10:05:31 - ModbusReader - INFO - wind speed: 0.0 m/s, wind level: 0, wind direction angle: 80.1, wind direction: E
2025-07-10 10:05:32 - ModbusReader - INFO - wind speed: 0.0 m/s, wind level: 0, wind direction angle: 80.1, wind direction: E
2025-07-10 10:06:02 - ModbusReader - INFO - wind speed: 0.0 m/s, wind level: 0, wind direction angle: 170.2, wind direction: S
2025-07-10 10:06:03 - ModbusReader - INFO - wind speed: 0.0 m/s, wind level: 0, wind direction angle: 170.2, wind direction: S
2025-07-10 10:06:34 - ModbusReader - INFO - wind speed: 0.0 m/s, wind level: 0, wind direction angle: 195.3, wind direction: SSW
2025-07-10 10:06:34 - ModbusReader - INFO - wind speed: 0.0 m/s, wind level: 0, wind direction angle: 195.3, wind direction: SSW
2025-07-10 10:07:05 - ModbusReader - INFO - wind speed: 0.0 m/s, wind level: 0, wind direction angle: 152.7, wind direction: SSE
2025-07-10 10:07:05 - ModbusReader - INFO - wind speed: 0.0 m/s, wind level: 0, wind direction angle: 152.7, wind direction: SSE
2025-07-10 10:07:36 - ModbusReader - INFO - wind speed: 0.0 m/s, wind level: 0, wind direction angle: 179.0, wind direction: S
2025-07-10 10:07:37 - ModbusReader - INFO - wind speed: 0.0 m/s, wind level: 0, wind direction angle: 179.0, wind direction: S
2025-07-10 10:08:07 - ModbusReader - INFO - wind speed: 0.0 m/s, wind level: 0, wind direction angle: 214.9, wind direction: WS
2025-07-10 10:08:08 - ModbusReader - INFO - wind speed: 0.0 m/s, wind level: 0, wind direction angle: 214.9, wind direction: WS
2025-07-10 10:08:38 - ModbusReader - INFO - wind speed: 0.0 m/s, wind level: 0, wind direction angle: 356.2, wind direction: N
2025-07-10 10:08:39 - ModbusReader - INFO - wind speed: 0.0 m/s, wind level: 0, wind direction angle: 356.2, wind direction: N
2025-07-10 10:09:10 - ModbusReader - INFO - wind speed: 0.0 m/s, wind level: 0, wind direction angle: 294.7, wind direction: WNW
2025-07-10 10:09:10 - ModbusReader - INFO - wind speed: 0.0 m/s, wind level: 0, wind direction angle: 294.7, wind direction: WNW
2025-07-10 10:09:41 - ModbusReader - INFO - wind speed: 0.0 m/s, wind level: 0, wind direction angle: 161.5, wind direction: SSE
2025-07-10 10:09:41 - ModbusReader - INFO - wind speed: 0.0 m/s, wind level: 0, wind direction angle: 161.5, wind direction: SSE
2025-07-10 10:10:12 - ModbusReader - INFO - wind speed: 0.0 m/s, wind level: 0, wind direction angle: 154.7, wind direction: SSE
2025-07-10 10:10:13 - ModbusReader - INFO - wind speed: 0.0 m/s, wind level: 0, wind direction angle: 154.7, wind direction: SSE
2025-07-10 10:10:43 - ModbusReader - INFO - wind speed: 0.0 m/s, wind level: 0, wind direction angle: 25.7, wind direction: NNE
2025-07-10 10:10:44 - ModbusReader - INFO - wind speed: 0.0 m/s, wind level: 0, wind direction angle: 25.7, wind direction: NNE
2025-07-10 10:11:14 - ModbusReader - INFO - wind speed: 0.0 m/s, wind level: 0, wind direction angle: 301.6, wind direction: WNW
2025-07-10 10:11:15 - ModbusReader - INFO - wind speed: 0.0 m/s, wind level: 0, wind direction angle: 301.6, wind direction: WNW
2025-07-10 10:11:46 - ModbusReader - INFO - wind speed: 0.0 m/s, wind level: 0, wind direction angle: 351.4, wind direction: N
2025-07-10 10:11:46 - ModbusReader - INFO - wind speed: 0.0 m/s, wind level: 0, wind direction angle: 351.4, wind direction: N
2025-07-10 10:12:17 - ModbusReader - INFO - wind speed: 0.0 m/s, wind level: 0, wind direction angle: 79.3, wind direction: E
2025-07-10 10:12:17 - ModbusReader - INFO - wind speed: 0.0 m/s, wind level: 0, wind direction angle: 79.3, wind direction: E
2025-07-10 10:12:48 - ModbusReader - INFO - wind speed: 0.0 m/s, wind level: 0, wind direction angle: 185.1, wind direction: S
2025-07-10 10:12:49 - ModbusReader - INFO - wind speed: 0.0 m/s, wind level: 0, wind direction angle: 185.1, wind direction: S
2025-07-10 10:13:19 - ModbusReader - INFO - wind speed: 0.0 m/s, wind level: 0, wind direction angle: 14.6, wind direction: NNE
2025-07-10 10:13:20 - ModbusReader - INFO - wind speed: 0.0 m/s, wind level: 0, wind direction angle: 14.6, wind direction: NNE
2025-07-10 10:13:50 - ModbusReader - INFO - wind speed: 0.0 m/s, wind level: 0, wind direction angle: 101.5, wind direction: ESE
2025-07-10 10:13:51 - ModbusReader - INFO - wind speed: 0.0 m/s, wind level: 0, wind direction angle: 101.5, wind direction: ESE
2025-07-10 10:14:22 - ModbusReader - INFO - wind speed: 0.0 m/s, wind level: 0, wind direction angle: 163.1, wind direction: SSE
2025-07-10 10:14:22 - ModbusReader - INFO - wind speed: 0.0 m/s, wind level: 0, wind direction angle: 163.1, wind direction: SSE
2025-07-10 10:14:53 - ModbusReader - INFO - wind speed: 0.0 m/s, wind level: 0, wind direction angle: 195.2, wind direction: SSW
2025-07-10 10:14:53 - ModbusReader - INFO - wind speed: 0.0 m/s, wind level: 0, wind direction angle: 195.2, wind direction: SSW
2025-07-10 10:15:24 - ModbusReader - INFO - wind speed: 0.0 m/s, wind level: 0, wind direction angle: 275.1, wind direction: W
2025-07-10 10:15:25 - ModbusReader - INFO - wind speed: 0.0 m/s, wind level: 0, wind direction angle: 275.1, wind direction: W
2025-07-10 10:15:55 - ModbusReader - INFO - wind speed: 0.0 m/s, wind level: 0, wind direction angle: 340.0, wind direction: NNW
2025-07-10 10:15:56 - ModbusReader - INFO - wind speed: 0.0 m/s, wind level: 0, wind direction angle: 340.0, wind direction: NNW
2025-07-10 10:16:26 - ModbusReader - INFO - wind speed: 0.0 m/s, wind level: 0, wind direction angle: 180.0, wind direction: S
2025-07-10 10:16:27 - ModbusReader - INFO - wind speed: 0.0 m/s, wind level: 0, wind direction angle: 180.0, wind direction: S
2025-07-10 10:16:58 - ModbusReader - INFO - wind speed: 0.0 m/s, wind level: 0, wind direction angle: 184.1, wind direction: S
2025-07-10 10:16:58 - ModbusReader - INFO - wind speed: 0.0 m/s, wind level: 0, wind direction angle: 184.1, wind direction: S
2025-07-10 10:17:29 - ModbusReader - INFO - wind speed: 0.0 m/s, wind level: 0, wind direction angle: 171.3, wind direction: S
2025-07-10 10:17:29 - ModbusReader - INFO - wind speed: 0.0 m/s, wind level: 0, wind direction angle: 171.3, wind direction: S
2025-07-10 10:18:00 - ModbusReader - INFO - wind speed: 0.0 m/s, wind level: 0, wind direction angle: 162.5, wind direction: SSE
2025-07-10 10:18:01 - ModbusReader - INFO - wind speed: 0.0 m/s, wind level: 0, wind direction angle: 162.5, wind direction: SSE
2025-07-10 10:18:31 - ModbusReader - INFO - wind speed: 0.0 m/s, wind level: 0, wind direction angle: 154.2, wind direction: SSE
2025-07-10 10:18:32 - ModbusReader - INFO - wind speed: 0.0 m/s, wind level: 0, wind direction angle: 154.2, wind direction: SSE
2025-07-10 10:19:02 - ModbusReader - INFO - wind speed: 0.0 m/s, wind level: 0, wind direction angle: 131.1, wind direction: ES
2025-07-10 10:19:03 - ModbusReader - INFO - wind speed: 0.0 m/s, wind level: 0, wind direction angle: 131.1, wind direction: ES
2025-07-10 10:19:34 - ModbusReader - INFO - wind speed: 0.0 m/s, wind level: 0, wind direction angle: 171.3, wind direction: S
2025-07-10 10:19:34 - ModbusReader - INFO - wind speed: 0.0 m/s, wind level: 0, wind direction angle: 171.3, wind direction: S
2025-07-10 10:20:05 - ModbusReader - INFO - wind speed: 0.0 m/s, wind level: 0, wind direction angle: 223.6, wind direction: WS
2025-07-10 10:20:05 - ModbusReader - INFO - wind speed: 0.0 m/s, wind level: 0, wind direction angle: 223.6, wind direction: WS
2025-07-10 10:20:36 - ModbusReader - INFO - wind speed: 0.0 m/s, wind level: 0, wind direction angle: 227.1, wind direction: WS
2025-07-10 10:20:37 - ModbusReader - INFO - wind speed: 0.0 m/s, wind level: 0, wind direction angle: 227.1, wind direction: WS
2025-07-10 10:21:07 - ModbusReader - INFO - wind speed: 0.0 m/s, wind level: 0, wind direction angle: 210.7, wind direction: SSW
2025-07-10 10:21:08 - ModbusReader - INFO - wind speed: 0.0 m/s, wind level: 0, wind direction angle: 210.7, wind direction: SSW
2025-07-10 10:21:38 - ModbusReader - INFO - wind speed: 0.0 m/s, wind level: 0, wind direction angle: 206.8, wind direction: SSW
2025-07-10 10:21:39 - ModbusReader - INFO - wind speed: 0.0 m/s, wind level: 0, wind direction angle: 206.8, wind direction: SSW
2025-07-10 10:22:10 - ModbusReader - INFO - wind speed: 0.0 m/s, wind level: 0, wind direction angle: 178.0, wind direction: S
2025-07-10 10:22:10 - ModbusReader - INFO - wind speed: 0.0 m/s, wind level: 0, wind direction angle: 178.0, wind direction: S
2025-07-10 10:22:41 - ModbusReader - INFO - wind speed: 0.0 m/s, wind level: 0, wind direction angle: 264.5, wind direction: W
2025-07-10 10:22:41 - ModbusReader - INFO - wind speed: 0.0 m/s, wind level: 0, wind direction angle: 264.5, wind direction: W
2025-07-10 10:23:12 - ModbusReader - INFO - wind speed: 0.0 m/s, wind level: 0, wind direction angle: 160.2, wind direction: SSE
2025-07-10 10:23:13 - ModbusReader - INFO - wind speed: 0.0 m/s, wind level: 0, wind direction angle: 160.2, wind direction: SSE
2025-07-10 10:23:43 - ModbusReader - INFO - wind speed: 0.0 m/s, wind level: 0, wind direction angle: 354.6, wind direction: N
2025-07-10 10:23:44 - ModbusReader - INFO - wind speed: 0.0 m/s, wind level: 0, wind direction angle: 354.6, wind direction: N
2025-07-10 10:24:14 - ModbusReader - INFO - wind speed: 0.0 m/s, wind level: 0, wind direction angle: 144.9, wind direction: ES
2025-07-10 10:24:15 - ModbusReader - INFO - wind speed: 0.0 m/s, wind level: 0, wind direction angle: 144.9, wind direction: ES
2025-07-10 10:24:46 - ModbusReader - INFO - wind speed: 0.0 m/s, wind level: 0, wind direction angle: 190.8, wind direction: S
2025-07-10 10:24:46 - ModbusReader - INFO - wind speed: 0.0 m/s, wind level: 0, wind direction angle: 190.8, wind direction: S
2025-07-10 10:25:17 - ModbusReader - INFO - wind speed: 0.0 m/s, wind level: 0, wind direction angle: 204.3, wind direction: SSW
2025-07-10 10:25:17 - ModbusReader - INFO - wind speed: 0.0 m/s, wind level: 0, wind direction angle: 204.3, wind direction: SSW
2025-07-10 10:25:48 - ModbusReader - INFO - wind speed: 0.0 m/s, wind level: 0, wind direction angle: 295.2, wind direction: WNW
2025-07-10 10:25:49 - ModbusReader - INFO - wind speed: 0.0 m/s, wind level: 0, wind direction angle: 295.2, wind direction: WNW
2025-07-10 10:26:19 - ModbusReader - INFO - wind speed: 0.0 m/s, wind level: 0, wind direction angle: 224.3, wind direction: WS
2025-07-10 10:26:20 - ModbusReader - INFO - wind speed: 0.0 m/s, wind level: 0, wind direction angle: 55.2, wind direction: EN
2025-07-10 10:26:50 - ModbusReader - INFO - wind speed: 0.0 m/s, wind level: 0, wind direction angle: 354.5, wind direction: N
2025-07-10 10:26:51 - ModbusReader - INFO - wind speed: 0.0 m/s, wind level: 0, wind direction angle: 354.5, wind direction: N
2025-07-10 10:27:22 - ModbusReader - INFO - wind speed: 0.0 m/s, wind level: 0, wind direction angle: 310.9, wind direction: WN
2025-07-10 10:27:22 - ModbusReader - INFO - wind speed: 0.0 m/s, wind level: 0, wind direction angle: 310.9, wind direction: WN
2025-07-10 10:27:53 - ModbusReader - INFO - wind speed: 0.0 m/s, wind level: 0, wind direction angle: 135.6, wind direction: ES
2025-07-10 10:27:53 - ModbusReader - INFO - wind speed: 0.0 m/s, wind level: 0, wind direction angle: 135.6, wind direction: ES
2025-07-10 10:28:24 - ModbusReader - INFO - wind speed: 0.0 m/s, wind level: 0, wind direction angle: 279.5, wind direction: W
2025-07-10 10:28:25 - ModbusReader - INFO - wind speed: 0.0 m/s, wind level: 0, wind direction angle: 279.5, wind direction: W
2025-07-10 10:28:55 - ModbusReader - INFO - wind speed: 0.0 m/s, wind level: 0, wind direction angle: 155.0, wind direction: SSE
2025-07-10 10:28:56 - ModbusReader - INFO - wind speed: 0.0 m/s, wind level: 0, wind direction angle: 155.0, wind direction: SSE
2025-07-10 10:29:26 - ModbusReader - INFO - wind speed: 0.0 m/s, wind level: 0, wind direction angle: 27.8, wind direction: NNE
2025-07-10 10:29:27 - ModbusReader - INFO - wind speed: 0.0 m/s, wind level: 0, wind direction angle: 27.8, wind direction: NNE
2025-07-10 10:29:58 - ModbusReader - INFO - wind speed: 0.0 m/s, wind level: 0, wind direction angle: 205.3, wind direction: SSW
2025-07-10 10:29:58 - ModbusReader - INFO - wind speed: 0.0 m/s, wind level: 0, wind direction angle: 205.3, wind direction: SSW
2025-07-10 10:30:29 - ModbusReader - INFO - wind speed: 0.0 m/s, wind level: 0, wind direction angle: 62.8, wind direction: ENE
2025-07-10 10:30:29 - ModbusReader - INFO - wind speed: 0.0 m/s, wind level: 0, wind direction angle: 62.8, wind direction: ENE
2025-07-10 10:31:00 - ModbusReader - INFO - wind speed: 0.0 m/s, wind level: 0, wind direction angle: 85.0, wind direction: E
2025-07-10 10:31:01 - ModbusReader - INFO - wind speed: 0.0 m/s, wind level: 0, wind direction angle: 85.0, wind direction: E
2025-07-10 10:31:31 - ModbusReader - INFO - wind speed: 0.0 m/s, wind level: 0, wind direction angle: 48.7, wind direction: EN
2025-07-10 10:31:32 - ModbusReader - INFO - wind speed: 0.0 m/s, wind level: 0, wind direction angle: 48.7, wind direction: EN
2025-07-10 10:32:02 - ModbusReader - INFO - wind speed: 0.0 m/s, wind level: 0, wind direction angle: 150.9, wind direction: SSE
2025-07-10 10:32:03 - ModbusReader - INFO - wind speed: 0.0 m/s, wind level: 0, wind direction angle: 150.9, wind direction: SSE
2025-07-10 10:32:34 - ModbusReader - INFO - wind speed: 0.0 m/s, wind level: 0, wind direction angle: 146.8, wind direction: SSE
2025-07-10 10:32:34 - ModbusReader - INFO - wind speed: 0.0 m/s, wind level: 0, wind direction angle: 146.8, wind direction: SSE
2025-07-10 10:33:05 - ModbusReader - INFO - wind speed: 0.0 m/s, wind level: 0, wind direction angle: 233.7, wind direction: WS
2025-07-10 10:33:05 - ModbusReader - INFO - wind speed: 0.0 m/s, wind level: 0, wind direction angle: 233.7, wind direction: WS
2025-07-10 10:33:36 - ModbusReader - INFO - wind speed: 0.0 m/s, wind level: 0, wind direction angle: 160.8, wind direction: SSE
2025-07-10 10:33:37 - ModbusReader - INFO - wind speed: 0.1 m/s, wind level: 0, wind direction angle: 141.4, wind direction: ES
2025-07-10 10:34:07 - ModbusReader - INFO - wind speed: 0.0 m/s, wind level: 0, wind direction angle: 266.8, wind direction: W
2025-07-10 10:34:08 - ModbusReader - INFO - wind speed: 0.0 m/s, wind level: 0, wind direction angle: 266.8, wind direction: W
2025-07-10 10:34:38 - ModbusReader - INFO - wind speed: 0.5 m/s, wind level: 1, wind direction angle: 156.3, wind direction: SSE
2025-07-10 10:34:39 - ModbusReader - INFO - wind speed: 0.5 m/s, wind level: 1, wind direction angle: 156.3, wind direction: SSE
2025-07-10 10:35:10 - ModbusReader - INFO - wind speed: 0.4 m/s, wind level: 1, wind direction angle: 280.8, wind direction: W
2025-07-10 10:35:10 - ModbusReader - INFO - wind speed: 0.4 m/s, wind level: 1, wind direction angle: 280.8, wind direction: W
2025-07-10 10:35:41 - ModbusReader - INFO - wind speed: 0.1 m/s, wind level: 0, wind direction angle: 160.4, wind direction: SSE
2025-07-10 10:35:41 - ModbusReader - INFO - wind speed: 0.1 m/s, wind level: 0, wind direction angle: 160.4, wind direction: SSE
2025-07-10 10:36:12 - ModbusReader - INFO - wind speed: 0.7 m/s, wind level: 1, wind direction angle: 145.4, wind direction: ES
2025-07-10 10:36:13 - ModbusReader - INFO - wind speed: 0.7 m/s, wind level: 1, wind direction angle: 145.4, wind direction: ES
2025-07-10 10:36:43 - ModbusReader - INFO - wind speed: 0.2 m/s, wind level: 0, wind direction angle: 279.5, wind direction: W
2025-07-10 10:36:44 - ModbusReader - INFO - wind speed: 0.2 m/s, wind level: 0, wind direction angle: 279.5, wind direction: W
2025-07-10 10:37:14 - ModbusReader - INFO - wind speed: 0.0 m/s, wind level: 0, wind direction angle: 35.6, wind direction: EN
2025-07-10 10:37:15 - ModbusReader - INFO - wind speed: 0.0 m/s, wind level: 0, wind direction angle: 35.6, wind direction: EN
2025-07-10 10:37:46 - ModbusReader - INFO - wind speed: 0.0 m/s, wind level: 0, wind direction angle: 194.7, wind direction: SSW
2025-07-10 10:37:46 - ModbusReader - INFO - wind speed: 0.0 m/s, wind level: 0, wind direction angle: 194.7, wind direction: SSW
2025-07-10 10:38:17 - ModbusReader - INFO - wind speed: 0.0 m/s, wind level: 0, wind direction angle: 154.6, wind direction: SSE
2025-07-10 10:38:17 - ModbusReader - INFO - wind speed: 0.0 m/s, wind level: 0, wind direction angle: 154.6, wind direction: SSE
2025-07-10 10:38:48 - ModbusReader - INFO - wind speed: 0.0 m/s, wind level: 0, wind direction angle: 126.9, wind direction: ES
2025-07-10 10:38:49 - ModbusReader - INFO - wind speed: 0.0 m/s, wind level: 0, wind direction angle: 126.9, wind direction: ES
2025-07-10 10:39:19 - ModbusReader - INFO - wind speed: 0.0 m/s, wind level: 0, wind direction angle: 134.9, wind direction: ES
2025-07-10 10:39:20 - ModbusReader - INFO - wind speed: 0.0 m/s, wind level: 0, wind direction angle: 134.9, wind direction: ES
2025-07-10 10:39:50 - ModbusReader - INFO - wind speed: 0.0 m/s, wind level: 0, wind direction angle: 155.4, wind direction: SSE
2025-07-10 10:39:51 - ModbusReader - INFO - wind speed: 0.0 m/s, wind level: 0, wind direction angle: 155.4, wind direction: SSE
2025-07-10 10:40:22 - ModbusReader - INFO - wind speed: 0.0 m/s, wind level: 0, wind direction angle: 319.8, wind direction: WN
2025-07-10 10:40:22 - ModbusReader - INFO - wind speed: 0.0 m/s, wind level: 0, wind direction angle: 319.8, wind direction: WN
2025-07-10 10:40:53 - ModbusReader - INFO - wind speed: 0.0 m/s, wind level: 0, wind direction angle: 314.4, wind direction: WN
2025-07-10 10:40:53 - ModbusReader - INFO - wind speed: 0.0 m/s, wind level: 0, wind direction angle: 8.7, wind direction: N
2025-07-10 10:41:24 - ModbusReader - INFO - wind speed: 0.0 m/s, wind level: 0, wind direction angle: 219.8, wind direction: WS
2025-07-10 10:41:25 - ModbusReader - INFO - wind speed: 0.0 m/s, wind level: 0, wind direction angle: 219.8, wind direction: WS
2025-07-10 10:41:55 - ModbusReader - INFO - wind speed: 0.0 m/s, wind level: 0, wind direction angle: 163.5, wind direction: SSE
2025-07-10 10:41:56 - ModbusReader - INFO - wind speed: 0.0 m/s, wind level: 0, wind direction angle: 163.5, wind direction: SSE
2025-07-10 10:42:26 - ModbusReader - INFO - wind speed: 0.0 m/s, wind level: 0, wind direction angle: 133.0, wind direction: ES
2025-07-10 10:42:27 - ModbusReader - INFO - wind speed: 0.0 m/s, wind level: 0, wind direction angle: 133.0, wind direction: ES
2025-07-10 10:42:58 - ModbusReader - INFO - wind speed: 0.0 m/s, wind level: 0, wind direction angle: 165.9, wind direction: SSE
2025-07-10 10:42:58 - ModbusReader - INFO - wind speed: 0.0 m/s, wind level: 0, wind direction angle: 165.9, wind direction: SSE
2025-07-10 10:43:29 - ModbusReader - INFO - wind speed: 0.0 m/s, wind level: 0, wind direction angle: 131.3, wind direction: ES
2025-07-10 10:43:29 - ModbusReader - INFO - wind speed: 0.0 m/s, wind level: 0, wind direction angle: 131.3, wind direction: ES
2025-07-10 10:44:00 - ModbusReader - INFO - wind speed: 0.0 m/s, wind level: 0, wind direction angle: 164.1, wind direction: SSE
2025-07-10 10:44:01 - ModbusReader - INFO - wind speed: 0.0 m/s, wind level: 0, wind direction angle: 164.1, wind direction: SSE
2025-07-10 10:44:31 - ModbusReader - INFO - wind speed: 0.0 m/s, wind level: 0, wind direction angle: 179.8, wind direction: S
2025-07-10 10:44:32 - ModbusReader - INFO - wind speed: 0.0 m/s, wind level: 0, wind direction angle: 179.8, wind direction: S
2025-07-10 10:45:02 - ModbusReader - INFO - wind speed: 0.0 m/s, wind level: 0, wind direction angle: 212.0, wind direction: SSW
2025-07-10 10:45:03 - ModbusReader - INFO - wind speed: 0.0 m/s, wind level: 0, wind direction angle: 212.0, wind direction: SSW
2025-07-10 10:45:34 - ModbusReader - INFO - wind speed: 0.0 m/s, wind level: 0, wind direction angle: 189.5, wind direction: S
2025-07-10 10:45:34 - ModbusReader - INFO - wind speed: 0.0 m/s, wind level: 0, wind direction angle: 189.5, wind direction: S
2025-07-10 10:46:05 - ModbusReader - INFO - wind speed: 0.0 m/s, wind level: 0, wind direction angle: 149.9, wind direction: SSE
2025-07-10 10:46:05 - ModbusReader - INFO - wind speed: 0.0 m/s, wind level: 0, wind direction angle: 149.9, wind direction: SSE
2025-07-10 10:46:36 - ModbusReader - INFO - wind speed: 0.0 m/s, wind level: 0, wind direction angle: 150.3, wind direction: SSE
2025-07-10 10:46:37 - ModbusReader - INFO - wind speed: 0.0 m/s, wind level: 0, wind direction angle: 150.3, wind direction: SSE
2025-07-10 10:47:07 - ModbusReader - INFO - wind speed: 0.0 m/s, wind level: 0, wind direction angle: 153.1, wind direction: SSE
2025-07-10 10:47:08 - ModbusReader - INFO - wind speed: 0.0 m/s, wind level: 0, wind direction angle: 153.1, wind direction: SSE
2025-07-10 10:47:38 - ModbusReader - INFO - wind speed: 0.0 m/s, wind level: 0, wind direction angle: 353.6, wind direction: N
2025-07-10 10:47:39 - ModbusReader - INFO - wind speed: 0.0 m/s, wind level: 0, wind direction angle: 353.6, wind direction: N
2025-07-10 10:48:09 - ModbusReader - INFO - wind speed: 0.0 m/s, wind level: 0, wind direction angle: 150.8, wind direction: SSE
2025-07-10 10:48:10 - ModbusReader - INFO - wind speed: 0.0 m/s, wind level: 0, wind direction angle: 92.2, wind direction: E
2025-07-10 10:48:41 - ModbusReader - INFO - wind speed: 0.0 m/s, wind level: 0, wind direction angle: 179.9, wind direction: S
2025-07-10 10:48:41 - ModbusReader - INFO - wind speed: 0.0 m/s, wind level: 0, wind direction angle: 179.9, wind direction: S
2025-07-10 10:49:12 - ModbusReader - INFO - wind speed: 0.0 m/s, wind level: 0, wind direction angle: 144.5, wind direction: ES
2025-07-10 10:49:12 - ModbusReader - INFO - wind speed: 0.0 m/s, wind level: 0, wind direction angle: 144.5, wind direction: ES
2025-07-10 10:49:43 - ModbusReader - INFO - wind speed: 0.0 m/s, wind level: 0, wind direction angle: 175.2, wind direction: S
2025-07-10 10:49:44 - ModbusReader - INFO - wind speed: 0.0 m/s, wind level: 0, wind direction angle: 175.2, wind direction: S
2025-07-10 10:50:14 - ModbusReader - INFO - wind speed: 0.0 m/s, wind level: 0, wind direction angle: 164.7, wind direction: SSE
2025-07-10 10:50:15 - ModbusReader - INFO - wind speed: 0.0 m/s, wind level: 0, wind direction angle: 164.7, wind direction: SSE
2025-07-10 10:50:45 - ModbusReader - INFO - wind speed: 0.0 m/s, wind level: 0, wind direction angle: 172.2, wind direction: S
2025-07-10 10:50:46 - ModbusReader - INFO - wind speed: 0.0 m/s, wind level: 0, wind direction angle: 172.2, wind direction: S
2025-07-10 10:51:17 - ModbusReader - INFO - wind speed: 0.0 m/s, wind level: 0, wind direction angle: 175.0, wind direction: S
2025-07-10 10:51:17 - ModbusReader - INFO - wind speed: 0.0 m/s, wind level: 0, wind direction angle: 175.0, wind direction: S
2025-07-10 10:51:48 - ModbusReader - INFO - wind speed: 0.0 m/s, wind level: 0, wind direction angle: 201.6, wind direction: SSW
2025-07-10 10:51:49 - ModbusReader - INFO - wind speed: 0.0 m/s, wind level: 0, wind direction angle: 201.6, wind direction: SSW
2025-07-10 10:52:19 - ModbusReader - INFO - wind speed: 0.0 m/s, wind level: 0, wind direction angle: 203.3, wind direction: SSW
2025-07-10 10:52:20 - ModbusReader - INFO - wind speed: 0.0 m/s, wind level: 0, wind direction angle: 203.3, wind direction: SSW
2025-07-10 10:52:50 - ModbusReader - INFO - wind speed: 0.0 m/s, wind level: 0, wind direction angle: 162.8, wind direction: SSE
2025-07-10 10:52:51 - ModbusReader - INFO - wind speed: 0.0 m/s, wind level: 0, wind direction angle: 162.8, wind direction: SSE
2025-07-10 10:53:21 - ModbusReader - INFO - wind speed: 0.0 m/s, wind level: 0, wind direction angle: 156.4, wind direction: SSE
2025-07-10 10:53:22 - ModbusReader - INFO - wind speed: 0.0 m/s, wind level: 0, wind direction angle: 156.4, wind direction: SSE
2025-07-10 10:53:53 - ModbusReader - INFO - wind speed: 0.0 m/s, wind level: 0, wind direction angle: 155.7, wind direction: SSE
2025-07-10 10:53:53 - ModbusReader - INFO - wind speed: 0.0 m/s, wind level: 0, wind direction angle: 155.7, wind direction: SSE
2025-07-10 10:54:24 - ModbusReader - INFO - wind speed: 0.0 m/s, wind level: 0, wind direction angle: 195.6, wind direction: SSW
2025-07-10 10:54:24 - ModbusReader - INFO - wind speed: 0.0 m/s, wind level: 0, wind direction angle: 195.6, wind direction: SSW
2025-07-10 10:54:55 - ModbusReader - INFO - wind speed: 0.0 m/s, wind level: 0, wind direction angle: 164.5, wind direction: SSE
2025-07-10 10:54:56 - ModbusReader - INFO - wind speed: 0.0 m/s, wind level: 0, wind direction angle: 164.5, wind direction: SSE
2025-07-10 10:55:26 - ModbusReader - INFO - wind speed: 0.0 m/s, wind level: 0, wind direction angle: 210.1, wind direction: SSW
2025-07-10 10:55:27 - ModbusReader - INFO - wind speed: 0.0 m/s, wind level: 0, wind direction angle: 209.9, wind direction: SSW
2025-07-10 10:55:57 - ModbusReader - INFO - wind speed: 0.0 m/s, wind level: 0, wind direction angle: 209.8, wind direction: SSW
2025-07-10 10:55:58 - ModbusReader - INFO - wind speed: 0.0 m/s, wind level: 0, wind direction angle: 209.8, wind direction: SSW
2025-07-10 10:56:29 - ModbusReader - INFO - wind speed: 0.0 m/s, wind level: 0, wind direction angle: 209.8, wind direction: SSW
2025-07-10 10:56:29 - ModbusReader - INFO - wind speed: 0.0 m/s, wind level: 0, wind direction angle: 209.8, wind direction: SSW
2025-07-10 10:57:00 - ModbusReader - INFO - wind speed: 0.0 m/s, wind level: 0, wind direction angle: 210.0, wind direction: SSW
2025-07-10 10:57:00 - ModbusReader - INFO - wind speed: 0.0 m/s, wind level: 0, wind direction angle: 210.0, wind direction: SSW
2025-07-10 10:57:31 - ModbusReader - INFO - wind speed: 0.0 m/s, wind level: 0, wind direction angle: 209.8, wind direction: SSW
2025-07-10 10:57:32 - ModbusReader - INFO - wind speed: 0.0 m/s, wind level: 0, wind direction angle: 209.8, wind direction: SSW
2025-07-10 10:58:02 - ModbusReader - INFO - wind speed: 0.0 m/s, wind level: 0, wind direction angle: 270.4, wind direction: W
2025-07-10 10:58:03 - ModbusReader - INFO - wind speed: 0.0 m/s, wind level: 0, wind direction angle: 270.4, wind direction: W
2025-07-10 10:58:33 - ModbusReader - INFO - wind speed: 0.0 m/s, wind level: 0, wind direction angle: 78.2, wind direction: ENE
2025-07-10 10:58:34 - ModbusReader - INFO - wind speed: 0.0 m/s, wind level: 0, wind direction angle: 78.2, wind direction: ENE
2025-07-10 10:59:05 - ModbusReader - INFO - wind speed: 0.0 m/s, wind level: 0, wind direction angle: 270.1, wind direction: W
2025-07-10 10:59:05 - ModbusReader - INFO - wind speed: 0.0 m/s, wind level: 0, wind direction angle: 270.1, wind direction: W
2025-07-10 10:59:36 - ModbusReader - INFO - wind speed: 0.0 m/s, wind level: 0, wind direction angle: 269.7, wind direction: W
2025-07-10 10:59:36 - ModbusReader - INFO - wind speed: 0.0 m/s, wind level: 0, wind direction angle: 269.7, wind direction: W
2025-07-10 11:00:07 - ModbusReader - INFO - wind speed: 0.0 m/s, wind level: 0, wind direction angle: 270.0, wind direction: W
2025-07-10 11:00:08 - ModbusReader - INFO - wind speed: 0.0 m/s, wind level: 0, wind direction angle: 270.0, wind direction: W
2025-07-10 11:00:38 - ModbusReader - INFO - wind speed: 0.0 m/s, wind level: 0, wind direction angle: 224.0, wind direction: WS
2025-07-10 11:00:39 - ModbusReader - INFO - wind speed: 0.0 m/s, wind level: 0, wind direction angle: 224.0, wind direction: WS
2025-07-10 11:01:09 - ModbusReader - INFO - wind speed: 0.0 m/s, wind level: 0, wind direction angle: 223.8, wind direction: WS
2025-07-10 11:01:10 - ModbusReader - INFO - wind speed: 0.0 m/s, wind level: 0, wind direction angle: 223.8, wind direction: WS
2025-07-10 11:01:41 - ModbusReader - INFO - wind speed: 0.0 m/s, wind level: 0, wind direction angle: 156.6, wind direction: SSE
2025-07-10 11:01:41 - ModbusReader - INFO - wind speed: 0.0 m/s, wind level: 0, wind direction angle: 156.6, wind direction: SSE
2025-07-10 11:02:12 - ModbusReader - INFO - wind speed: 0.0 m/s, wind level: 0, wind direction angle: 158.8, wind direction: SSE
2025-07-10 11:02:12 - ModbusReader - INFO - wind speed: 0.0 m/s, wind level: 0, wind direction angle: 158.8, wind direction: SSE
2025-07-10 11:02:43 - ModbusReader - INFO - wind speed: 0.0 m/s, wind level: 0, wind direction angle: 159.2, wind direction: SSE
2025-07-10 11:02:44 - ModbusReader - INFO - wind speed: 0.0 m/s, wind level: 0, wind direction angle: 159.2, wind direction: SSE
2025-07-10 11:03:14 - ModbusReader - INFO - wind speed: 0.0 m/s, wind level: 0, wind direction angle: 159.2, wind direction: SSE
2025-07-10 11:03:15 - ModbusReader - INFO - wind speed: 0.0 m/s, wind level: 0, wind direction angle: 159.2, wind direction: SSE
2025-07-10 11:03:45 - ModbusReader - INFO - wind speed: 0.0 m/s, wind level: 0, wind direction angle: 159.3, wind direction: SSE
2025-07-10 11:03:46 - ModbusReader - INFO - wind speed: 0.0 m/s, wind level: 0, wind direction angle: 159.3, wind direction: SSE
2025-07-10 11:04:17 - ModbusReader - INFO - wind speed: 0.0 m/s, wind level: 0, wind direction angle: 150.3, wind direction: SSE
2025-07-10 11:04:17 - ModbusReader - INFO - wind speed: 0.0 m/s, wind level: 0, wind direction angle: 150.3, wind direction: SSE
2025-07-10 11:04:48 - ModbusReader - INFO - wind speed: 0.0 m/s, wind level: 0, wind direction angle: 143.0, wind direction: ES
2025-07-10 11:04:48 - ModbusReader - INFO - wind speed: 0.0 m/s, wind level: 0, wind direction angle: 143.0, wind direction: ES
2025-07-10 11:05:19 - ModbusReader - INFO - wind speed: 0.0 m/s, wind level: 0, wind direction angle: 164.6, wind direction: SSE
2025-07-10 11:05:20 - ModbusReader - INFO - wind speed: 0.0 m/s, wind level: 0, wind direction angle: 164.6, wind direction: SSE
2025-07-10 11:05:50 - ModbusReader - INFO - wind speed: 0.0 m/s, wind level: 0, wind direction angle: 231.2, wind direction: WS
2025-07-10 11:05:51 - ModbusReader - INFO - wind speed: 0.0 m/s, wind level: 0, wind direction angle: 231.2, wind direction: WS
2025-07-10 11:06:21 - ModbusReader - INFO - wind speed: 0.0 m/s, wind level: 0, wind direction angle: 153.6, wind direction: SSE
2025-07-10 11:06:22 - ModbusReader - INFO - wind speed: 0.0 m/s, wind level: 0, wind direction angle: 153.6, wind direction: SSE
2025-07-10 11:06:53 - ModbusReader - INFO - wind speed: 0.0 m/s, wind level: 0, wind direction angle: 353.8, wind direction: N
2025-07-10 11:06:53 - ModbusReader - INFO - wind speed: 0.0 m/s, wind level: 0, wind direction angle: 353.8, wind direction: N
2025-07-10 11:07:24 - ModbusReader - INFO - wind speed: 0.0 m/s, wind level: 0, wind direction angle: 146.8, wind direction: SSE
2025-07-10 11:07:24 - ModbusReader - INFO - wind speed: 0.0 m/s, wind level: 0, wind direction angle: 146.8, wind direction: SSE
2025-07-10 11:07:55 - ModbusReader - INFO - wind speed: 0.0 m/s, wind level: 0, wind direction angle: 344.4, wind direction: NNW
2025-07-10 11:07:56 - ModbusReader - INFO - wind speed: 0.0 m/s, wind level: 0, wind direction angle: 344.4, wind direction: NNW
2025-07-10 11:08:26 - ModbusReader - INFO - wind speed: 0.0 m/s, wind level: 0, wind direction angle: 200.4, wind direction: SSW
2025-07-10 11:08:27 - ModbusReader - INFO - wind speed: 0.0 m/s, wind level: 0, wind direction angle: 200.4, wind direction: SSW
2025-07-10 11:08:57 - ModbusReader - INFO - wind speed: 0.0 m/s, wind level: 0, wind direction angle: 262.1, wind direction: W
2025-07-10 11:08:58 - ModbusReader - INFO - wind speed: 0.0 m/s, wind level: 0, wind direction angle: 262.1, wind direction: W
2025-07-10 11:09:29 - ModbusReader - INFO - wind speed: 0.0 m/s, wind level: 0, wind direction angle: 190.2, wind direction: S
2025-07-10 11:09:29 - ModbusReader - INFO - wind speed: 0.0 m/s, wind level: 0, wind direction angle: 190.2, wind direction: S
2025-07-10 11:10:00 - ModbusReader - INFO - wind speed: 0.0 m/s, wind level: 0, wind direction angle: 148.2, wind direction: SSE
2025-07-10 11:10:00 - ModbusReader - INFO - wind speed: 0.0 m/s, wind level: 0, wind direction angle: 166.0, wind direction: SSE
2025-07-10 11:10:31 - ModbusReader - INFO - wind speed: 0.0 m/s, wind level: 0, wind direction angle: 175.7, wind direction: S
2025-07-10 11:10:32 - ModbusReader - INFO - wind speed: 0.0 m/s, wind level: 0, wind direction angle: 175.7, wind direction: S
2025-07-10 11:11:02 - ModbusReader - INFO - wind speed: 0.0 m/s, wind level: 0, wind direction angle: 154.7, wind direction: SSE
2025-07-10 11:11:03 - ModbusReader - INFO - wind speed: 0.0 m/s, wind level: 0, wind direction angle: 154.7, wind direction: SSE
2025-07-10 11:11:33 - ModbusReader - INFO - wind speed: 0.0 m/s, wind level: 0, wind direction angle: 118.8, wind direction: ESE
2025-07-10 11:11:34 - ModbusReader - INFO - wind speed: 0.0 m/s, wind level: 0, wind direction angle: 118.8, wind direction: ESE
2025-07-10 11:12:05 - ModbusReader - INFO - wind speed: 0.0 m/s, wind level: 0, wind direction angle: 331.4, wind direction: NNW
2025-07-10 11:12:05 - ModbusReader - INFO - wind speed: 0.0 m/s, wind level: 0, wind direction angle: 331.4, wind direction: NNW
2025-07-10 11:12:36 - ModbusReader - INFO - wind speed: 0.0 m/s, wind level: 0, wind direction angle: 334.4, wind direction: NNW
2025-07-10 11:12:36 - ModbusReader - INFO - wind speed: 0.0 m/s, wind level: 0, wind direction angle: 334.4, wind direction: NNW
2025-07-10 11:13:07 - ModbusReader - INFO - wind speed: 0.0 m/s, wind level: 0, wind direction angle: 190.0, wind direction: S
2025-07-10 11:13:08 - ModbusReader - INFO - wind speed: 0.0 m/s, wind level: 0, wind direction angle: 190.0, wind direction: S
2025-07-10 11:13:38 - ModbusReader - INFO - wind speed: 0.0 m/s, wind level: 0, wind direction angle: 122.0, wind direction: ESE
2025-07-10 11:13:39 - ModbusReader - INFO - wind speed: 0.0 m/s, wind level: 0, wind direction angle: 122.0, wind direction: ESE
2025-07-10 11:14:09 - ModbusReader - INFO - wind speed: 0.0 m/s, wind level: 0, wind direction angle: 159.7, wind direction: SSE
2025-07-10 11:14:10 - ModbusReader - INFO - wind speed: 0.0 m/s, wind level: 0, wind direction angle: 159.7, wind direction: SSE
2025-07-10 11:14:41 - ModbusReader - INFO - wind speed: 0.0 m/s, wind level: 0, wind direction angle: 193.4, wind direction: SSW
2025-07-10 11:14:41 - ModbusReader - INFO - wind speed: 0.0 m/s, wind level: 0, wind direction angle: 193.4, wind direction: SSW
2025-07-10 11:15:12 - ModbusReader - INFO - wind speed: 0.0 m/s, wind level: 0, wind direction angle: 111.6, wind direction: ESE
2025-07-10 11:15:12 - ModbusReader - INFO - wind speed: 0.0 m/s, wind level: 0, wind direction angle: 111.6, wind direction: ESE
2025-07-10 11:15:43 - ModbusReader - INFO - wind speed: 0.0 m/s, wind level: 0, wind direction angle: 146.6, wind direction: SSE
2025-07-10 11:15:44 - ModbusReader - INFO - wind speed: 0.0 m/s, wind level: 0, wind direction angle: 146.6, wind direction: SSE
2025-07-10 11:16:14 - ModbusReader - INFO - wind speed: 0.0 m/s, wind level: 0, wind direction angle: 156.0, wind direction: SSE
2025-07-10 11:16:15 - ModbusReader - INFO - wind speed: 0.0 m/s, wind level: 0, wind direction angle: 156.0, wind direction: SSE
2025-07-10 11:16:45 - ModbusReader - INFO - wind speed: 0.0 m/s, wind level: 0, wind direction angle: 175.7, wind direction: S
2025-07-10 11:16:46 - ModbusReader - INFO - wind speed: 0.0 m/s, wind level: 0, wind direction angle: 175.7, wind direction: S
2025-07-10 11:17:17 - ModbusReader - INFO - wind speed: 0.0 m/s, wind level: 0, wind direction angle: 130.9, wind direction: ES
2025-07-10 11:17:17 - ModbusReader - INFO - wind speed: 0.0 m/s, wind level: 0, wind direction angle: 156.9, wind direction: SSE
2025-07-10 11:17:48 - ModbusReader - INFO - wind speed: 0.0 m/s, wind level: 0, wind direction angle: 167.1, wind direction: SSE
2025-07-10 11:17:48 - ModbusReader - INFO - wind speed: 0.0 m/s, wind level: 0, wind direction angle: 167.1, wind direction: SSE
2025-07-10 11:18:19 - ModbusReader - INFO - wind speed: 0.0 m/s, wind level: 0, wind direction angle: 68.6, wind direction: ENE
2025-07-10 11:18:20 - ModbusReader - INFO - wind speed: 0.0 m/s, wind level: 0, wind direction angle: 68.6, wind direction: ENE
2025-07-10 11:18:50 - ModbusReader - INFO - wind speed: 0.0 m/s, wind level: 0, wind direction angle: 164.2, wind direction: SSE
2025-07-10 11:18:51 - ModbusReader - INFO - wind speed: 0.0 m/s, wind level: 0, wind direction angle: 164.2, wind direction: SSE
2025-07-10 11:19:21 - ModbusReader - INFO - wind speed: 0.1 m/s, wind level: 0, wind direction angle: 13.5, wind direction: NNE
2025-07-10 11:19:22 - ModbusReader - INFO - wind speed: 0.1 m/s, wind level: 0, wind direction angle: 13.5, wind direction: NNE
2025-07-10 11:19:53 - ModbusReader - INFO - wind speed: 0.0 m/s, wind level: 0, wind direction angle: 163.3, wind direction: SSE
2025-07-10 11:19:53 - ModbusReader - INFO - wind speed: 0.0 m/s, wind level: 0, wind direction angle: 163.3, wind direction: SSE
2025-07-10 11:20:24 - ModbusReader - INFO - wind speed: 0.7 m/s, wind level: 1, wind direction angle: 145.5, wind direction: ES
2025-07-10 11:20:24 - ModbusReader - INFO - wind speed: 0.7 m/s, wind level: 1, wind direction angle: 145.5, wind direction: ES
2025-07-10 11:20:55 - ModbusReader - INFO - wind speed: 0.0 m/s, wind level: 0, wind direction angle: 325.9, wind direction: WN
2025-07-10 11:20:56 - ModbusReader - INFO - wind speed: 0.0 m/s, wind level: 0, wind direction angle: 325.9, wind direction: WN
2025-07-10 11:21:26 - ModbusReader - INFO - wind speed: 0.0 m/s, wind level: 0, wind direction angle: 167.2, wind direction: SSE
2025-07-10 11:21:27 - ModbusReader - INFO - wind speed: 0.0 m/s, wind level: 0, wind direction angle: 167.2, wind direction: SSE
2025-07-10 11:21:57 - ModbusReader - INFO - wind speed: 0.0 m/s, wind level: 0, wind direction angle: 260.8, wind direction: W
2025-07-10 11:21:58 - ModbusReader - INFO - wind speed: 0.0 m/s, wind level: 0, wind direction angle: 260.8, wind direction: W
2025-07-10 11:22:29 - ModbusReader - INFO - wind speed: 0.0 m/s, wind level: 0, wind direction angle: 140.2, wind direction: ES
2025-07-10 11:22:29 - ModbusReader - INFO - wind speed: 0.0 m/s, wind level: 0, wind direction angle: 140.2, wind direction: ES
2025-07-10 11:23:00 - ModbusReader - INFO - wind speed: 0.0 m/s, wind level: 0, wind direction angle: 155.6, wind direction: SSE
2025-07-10 11:23:00 - ModbusReader - INFO - wind speed: 0.0 m/s, wind level: 0, wind direction angle: 155.6, wind direction: SSE
2025-07-10 11:23:31 - ModbusReader - INFO - wind speed: 0.0 m/s, wind level: 0, wind direction angle: 121.7, wind direction: ESE
2025-07-10 11:23:32 - ModbusReader - INFO - wind speed: 0.0 m/s, wind level: 0, wind direction angle: 121.7, wind direction: ESE
2025-07-10 11:24:02 - ModbusReader - INFO - wind speed: 0.0 m/s, wind level: 0, wind direction angle: 312.7, wind direction: WN
2025-07-10 11:24:03 - ModbusReader - INFO - wind speed: 0.0 m/s, wind level: 0, wind direction angle: 312.7, wind direction: WN
2025-07-10 11:24:33 - ModbusReader - INFO - wind speed: 0.0 m/s, wind level: 0, wind direction angle: 147.5, wind direction: SSE
2025-07-10 11:24:34 - ModbusReader - INFO - wind speed: 0.0 m/s, wind level: 0, wind direction angle: 78.6, wind direction: ENE
2025-07-10 11:25:05 - ModbusReader - INFO - wind speed: 0.0 m/s, wind level: 0, wind direction angle: 61.8, wind direction: ENE
2025-07-10 11:25:05 - ModbusReader - INFO - wind speed: 0.0 m/s, wind level: 0, wind direction angle: 61.8, wind direction: ENE
2025-07-10 11:25:36 - ModbusReader - INFO - wind speed: 0.0 m/s, wind level: 0, wind direction angle: 237.4, wind direction: WSW
2025-07-10 11:25:36 - ModbusReader - INFO - wind speed: 0.0 m/s, wind level: 0, wind direction angle: 237.4, wind direction: WSW
2025-07-10 11:26:07 - ModbusReader - INFO - wind speed: 0.0 m/s, wind level: 0, wind direction angle: 108.3, wind direction: ESE
2025-07-10 11:26:08 - ModbusReader - INFO - wind speed: 0.0 m/s, wind level: 0, wind direction angle: 108.3, wind direction: ESE
2025-07-10 11:26:38 - ModbusReader - INFO - wind speed: 0.0 m/s, wind level: 0, wind direction angle: 142.1, wind direction: ES
2025-07-10 11:26:39 - ModbusReader - INFO - wind speed: 0.0 m/s, wind level: 0, wind direction angle: 142.1, wind direction: ES
2025-07-10 11:27:09 - ModbusReader - INFO - wind speed: 0.0 m/s, wind level: 0, wind direction angle: 158.3, wind direction: SSE
2025-07-10 11:27:10 - ModbusReader - INFO - wind speed: 0.0 m/s, wind level: 0, wind direction angle: 158.3, wind direction: SSE
2025-07-10 11:27:41 - ModbusReader - INFO - wind speed: 0.0 m/s, wind level: 0, wind direction angle: 29.7, wind direction: NNE
2025-07-10 11:27:41 - ModbusReader - INFO - wind speed: 0.0 m/s, wind level: 0, wind direction angle: 29.7, wind direction: NNE
2025-07-10 11:28:12 - ModbusReader - INFO - wind speed: 0.0 m/s, wind level: 0, wind direction angle: 260.7, wind direction: W
2025-07-10 11:28:12 - ModbusReader - INFO - wind speed: 0.0 m/s, wind level: 0, wind direction angle: 260.7, wind direction: W
2025-07-10 11:28:43 - ModbusReader - INFO - wind speed: 0.7 m/s, wind level: 1, wind direction angle: 188.8, wind direction: S
2025-07-10 11:28:44 - ModbusReader - INFO - wind speed: 0.7 m/s, wind level: 1, wind direction angle: 188.8, wind direction: S
2025-07-10 11:29:14 - ModbusReader - INFO - wind speed: 0.3 m/s, wind level: 1, wind direction angle: 143.5, wind direction: ES
2025-07-10 11:29:15 - ModbusReader - INFO - wind speed: 0.3 m/s, wind level: 1, wind direction angle: 143.5, wind direction: ES
2025-07-10 11:29:45 - ModbusReader - INFO - wind speed: 0.0 m/s, wind level: 0, wind direction angle: 38.3, wind direction: EN
2025-07-10 11:29:46 - ModbusReader - INFO - wind speed: 0.0 m/s, wind level: 0, wind direction angle: 38.3, wind direction: EN
2025-07-10 11:30:17 - ModbusReader - INFO - wind speed: 0.0 m/s, wind level: 0, wind direction angle: 53.6, wind direction: EN
2025-07-10 11:30:17 - ModbusReader - INFO - wind speed: 0.0 m/s, wind level: 0, wind direction angle: 53.6, wind direction: EN
2025-07-10 11:30:48 - ModbusReader - INFO - wind speed: 0.0 m/s, wind level: 0, wind direction angle: 348.9, wind direction: N
2025-07-10 11:30:48 - ModbusReader - INFO - wind speed: 0.0 m/s, wind level: 0, wind direction angle: 348.9, wind direction: N
2025-07-10 11:31:19 - ModbusReader - INFO - wind speed: 0.0 m/s, wind level: 0, wind direction angle: 186.7, wind direction: S
2025-07-10 11:31:20 - ModbusReader - INFO - wind speed: 0.0 m/s, wind level: 0, wind direction angle: 186.7, wind direction: S
2025-07-10 11:31:50 - ModbusReader - INFO - wind speed: 0.8 m/s, wind level: 1, wind direction angle: 168.6, wind direction: SSE
2025-07-10 11:31:51 - ModbusReader - INFO - wind speed: 0.8 m/s, wind level: 1, wind direction angle: 168.6, wind direction: SSE
2025-07-10 11:32:21 - ModbusReader - INFO - wind speed: 0.8 m/s, wind level: 1, wind direction angle: 119.6, wind direction: ESE
2025-07-10 11:32:22 - ModbusReader - INFO - wind speed: 0.8 m/s, wind level: 1, wind direction angle: 119.6, wind direction: ESE
2025-07-10 11:32:53 - ModbusReader - INFO - wind speed: 0.4 m/s, wind level: 1, wind direction angle: 160.4, wind direction: SSE
2025-07-10 11:32:53 - ModbusReader - INFO - wind speed: 0.4 m/s, wind level: 1, wind direction angle: 160.4, wind direction: SSE
2025-07-10 11:33:24 - ModbusReader - INFO - wind speed: 0.7 m/s, wind level: 1, wind direction angle: 193.7, wind direction: SSW
2025-07-10 11:33:24 - ModbusReader - INFO - wind speed: 0.7 m/s, wind level: 1, wind direction angle: 193.7, wind direction: SSW
2025-07-10 11:33:55 - ModbusReader - INFO - wind speed: 0.3 m/s, wind level: 1, wind direction angle: 170.7, wind direction: S
2025-07-10 11:33:56 - ModbusReader - INFO - wind speed: 0.3 m/s, wind level: 1, wind direction angle: 170.7, wind direction: S
2025-07-10 11:34:26 - ModbusReader - INFO - wind speed: 0.0 m/s, wind level: 0, wind direction angle: 135.2, wind direction: ES
2025-07-10 11:34:27 - ModbusReader - INFO - wind speed: 0.0 m/s, wind level: 0, wind direction angle: 135.2, wind direction: ES
2025-07-10 11:34:57 - ModbusReader - INFO - wind speed: 0.0 m/s, wind level: 0, wind direction angle: 282.5, wind direction: WNW
2025-07-10 11:34:58 - ModbusReader - INFO - wind speed: 0.0 m/s, wind level: 0, wind direction angle: 282.5, wind direction: WNW
2025-07-10 11:35:29 - ModbusReader - INFO - wind speed: 0.0 m/s, wind level: 0, wind direction angle: 145.2, wind direction: ES
2025-07-10 11:35:29 - ModbusReader - INFO - wind speed: 0.0 m/s, wind level: 0, wind direction angle: 145.2, wind direction: ES
2025-07-10 11:36:00 - ModbusReader - INFO - wind speed: 0.0 m/s, wind level: 0, wind direction angle: 127.0, wind direction: ES
2025-07-10 11:36:00 - ModbusReader - INFO - wind speed: 0.0 m/s, wind level: 0, wind direction angle: 127.0, wind direction: ES
2025-07-10 11:36:31 - ModbusReader - INFO - wind speed: 0.0 m/s, wind level: 0, wind direction angle: 83.1, wind direction: E
2025-07-10 11:36:32 - ModbusReader - INFO - wind speed: 0.0 m/s, wind level: 0, wind direction angle: 83.1, wind direction: E
2025-07-10 11:37:02 - ModbusReader - INFO - wind speed: 0.0 m/s, wind level: 0, wind direction angle: 222.1, wind direction: WS
2025-07-10 11:37:03 - ModbusReader - INFO - wind speed: 0.0 m/s, wind level: 0, wind direction angle: 222.1, wind direction: WS
2025-07-10 11:37:33 - ModbusReader - INFO - wind speed: 0.7 m/s, wind level: 1, wind direction angle: 252.6, wind direction: WSW
2025-07-10 11:37:34 - ModbusReader - INFO - wind speed: 0.7 m/s, wind level: 1, wind direction angle: 252.6, wind direction: WSW
2025-07-10 11:38:05 - ModbusReader - INFO - wind speed: 0.4 m/s, wind level: 1, wind direction angle: 329.8, wind direction: NNW
2025-07-10 11:38:05 - ModbusReader - INFO - wind speed: 0.4 m/s, wind level: 1, wind direction angle: 329.8, wind direction: NNW
2025-07-10 11:38:36 - ModbusReader - INFO - wind speed: 0.0 m/s, wind level: 0, wind direction angle: 14.9, wind direction: NNE
2025-07-10 11:38:36 - ModbusReader - INFO - wind speed: 0.0 m/s, wind level: 0, wind direction angle: 354.7, wind direction: N
2025-07-10 11:39:07 - ModbusReader - INFO - wind speed: 0.0 m/s, wind level: 0, wind direction angle: 82.6, wind direction: E
2025-07-10 11:39:08 - ModbusReader - INFO - wind speed: 0.0 m/s, wind level: 0, wind direction angle: 82.6, wind direction: E
2025-07-10 11:39:38 - ModbusReader - INFO - wind speed: 0.0 m/s, wind level: 0, wind direction angle: 335.4, wind direction: NNW
2025-07-10 11:39:39 - ModbusReader - INFO - wind speed: 0.0 m/s, wind level: 0, wind direction angle: 335.4, wind direction: NNW
2025-07-10 11:40:09 - ModbusReader - INFO - wind speed: 0.0 m/s, wind level: 0, wind direction angle: 164.7, wind direction: SSE
2025-07-10 11:40:10 - ModbusReader - INFO - wind speed: 0.0 m/s, wind level: 0, wind direction angle: 164.7, wind direction: SSE
2025-07-10 11:40:41 - ModbusReader - INFO - wind speed: 0.3 m/s, wind level: 1, wind direction angle: 301.9, wind direction: WNW
2025-07-10 11:40:41 - ModbusReader - INFO - wind speed: 0.3 m/s, wind level: 1, wind direction angle: 301.9, wind direction: WNW
2025-07-10 11:41:12 - ModbusReader - INFO - wind speed: 0.0 m/s, wind level: 0, wind direction angle: 143.4, wind direction: ES
2025-07-10 11:41:12 - ModbusReader - INFO - wind speed: 0.0 m/s, wind level: 0, wind direction angle: 143.4, wind direction: ES
2025-07-10 11:41:43 - ModbusReader - INFO - wind speed: 0.0 m/s, wind level: 0, wind direction angle: 204.4, wind direction: SSW
2025-07-10 11:41:45 - ModbusReader - INFO - wind speed: 0.0 m/s, wind level: 0, wind direction angle: 204.4, wind direction: SSW
2025-07-10 11:42:15 - ModbusReader - INFO - wind speed: 0.0 m/s, wind level: 0, wind direction angle: 346.3, wind direction: NNW
2025-07-10 11:42:16 - ModbusReader - INFO - wind speed: 0.0 m/s, wind level: 0, wind direction angle: 346.3, wind direction: NNW
2025-07-10 11:42:46 - ModbusReader - INFO - wind speed: 0.0 m/s, wind level: 0, wind direction angle: 128.2, wind direction: ES
2025-07-10 11:42:47 - ModbusReader - INFO - wind speed: 0.0 m/s, wind level: 0, wind direction angle: 128.2, wind direction: ES
2025-07-10 11:43:18 - ModbusReader - INFO - wind speed: 0.0 m/s, wind level: 0, wind direction angle: 176.6, wind direction: S
2025-07-10 11:43:18 - ModbusReader - INFO - wind speed: 0.0 m/s, wind level: 0, wind direction angle: 176.6, wind direction: S
2025-07-10 11:43:49 - ModbusReader - INFO - wind speed: 0.3 m/s, wind level: 1, wind direction angle: 56.4, wind direction: ENE
2025-07-10 11:43:49 - ModbusReader - INFO - wind speed: 0.3 m/s, wind level: 1, wind direction angle: 56.4, wind direction: ENE
2025-07-10 11:44:20 - ModbusReader - INFO - wind speed: 0.3 m/s, wind level: 1, wind direction angle: 149.5, wind direction: SSE
2025-07-10 11:44:21 - ModbusReader - INFO - wind speed: 0.3 m/s, wind level: 1, wind direction angle: 149.5, wind direction: SSE
2025-07-10 11:44:51 - ModbusReader - INFO - wind speed: 0.0 m/s, wind level: 0, wind direction angle: 270.0, wind direction: W
2025-07-10 11:44:52 - ModbusReader - INFO - wind speed: 0.0 m/s, wind level: 0, wind direction angle: 270.0, wind direction: W
2025-07-10 11:45:22 - ModbusReader - INFO - wind speed: 0.4 m/s, wind level: 1, wind direction angle: 338.2, wind direction: NNW
2025-07-10 11:45:23 - ModbusReader - INFO - wind speed: 0.4 m/s, wind level: 1, wind direction angle: 340.4, wind direction: NNW
2025-07-10 11:45:54 - ModbusReader - INFO - wind speed: 0.5 m/s, wind level: 1, wind direction angle: 197.5, wind direction: SSW
2025-07-10 11:45:54 - ModbusReader - INFO - wind speed: 0.5 m/s, wind level: 1, wind direction angle: 197.5, wind direction: SSW
2025-07-10 11:46:25 - ModbusReader - INFO - wind speed: 0.3 m/s, wind level: 1, wind direction angle: 129.2, wind direction: ES
2025-07-10 11:46:25 - ModbusReader - INFO - wind speed: 0.3 m/s, wind level: 1, wind direction angle: 129.2, wind direction: ES
2025-07-10 11:46:56 - ModbusReader - INFO - wind speed: 0.0 m/s, wind level: 0, wind direction angle: 103.7, wind direction: ESE
2025-07-10 11:46:57 - ModbusReader - INFO - wind speed: 0.0 m/s, wind level: 0, wind direction angle: 103.7, wind direction: ESE
2025-07-10 11:47:27 - ModbusReader - INFO - wind speed: 0.0 m/s, wind level: 0, wind direction angle: 303.2, wind direction: WNW
2025-07-10 11:47:28 - ModbusReader - INFO - wind speed: 0.0 m/s, wind level: 0, wind direction angle: 303.2, wind direction: WNW
2025-07-10 11:47:58 - ModbusReader - INFO - wind speed: 0.0 m/s, wind level: 0, wind direction angle: 33.6, wind direction: NNE
2025-07-10 11:47:59 - ModbusReader - INFO - wind speed: 0.0 m/s, wind level: 0, wind direction angle: 33.6, wind direction: NNE
2025-07-10 11:48:30 - ModbusReader - INFO - wind speed: 0.0 m/s, wind level: 0, wind direction angle: 97.2, wind direction: E
2025-07-10 11:48:30 - ModbusReader - INFO - wind speed: 0.0 m/s, wind level: 0, wind direction angle: 97.2, wind direction: E
2025-07-10 11:49:01 - ModbusReader - INFO - wind speed: 0.0 m/s, wind level: 0, wind direction angle: 297.7, wind direction: WNW
2025-07-10 11:49:01 - ModbusReader - INFO - wind speed: 0.0 m/s, wind level: 0, wind direction angle: 297.7, wind direction: WNW
2025-07-10 11:49:32 - ModbusReader - INFO - wind speed: 0.0 m/s, wind level: 0, wind direction angle: 125.4, wind direction: ES
2025-07-10 11:49:33 - ModbusReader - INFO - wind speed: 0.0 m/s, wind level: 0, wind direction angle: 125.4, wind direction: ES
2025-07-10 11:50:03 - ModbusReader - INFO - wind speed: 0.4 m/s, wind level: 1, wind direction angle: 222.9, wind direction: WS
2025-07-10 11:50:04 - ModbusReader - INFO - wind speed: 0.4 m/s, wind level: 1, wind direction angle: 222.9, wind direction: WS
2025-07-10 11:50:34 - ModbusReader - INFO - wind speed: 0.3 m/s, wind level: 1, wind direction angle: 309.6, wind direction: WN
2025-07-10 11:50:35 - ModbusReader - INFO - wind speed: 0.3 m/s, wind level: 1, wind direction angle: 309.6, wind direction: WN
2025-07-10 11:51:06 - ModbusReader - INFO - wind speed: 0.0 m/s, wind level: 0, wind direction angle: 110.8, wind direction: ESE
2025-07-10 11:51:06 - ModbusReader - INFO - wind speed: 0.0 m/s, wind level: 0, wind direction angle: 110.8, wind direction: ESE
2025-07-10 11:51:37 - ModbusReader - INFO - wind speed: 0.0 m/s, wind level: 0, wind direction angle: 182.3, wind direction: S
2025-07-10 11:51:37 - ModbusReader - INFO - wind speed: 0.0 m/s, wind level: 0, wind direction angle: 182.3, wind direction: S
2025-07-10 11:52:08 - ModbusReader - INFO - wind speed: 0.1 m/s, wind level: 0, wind direction angle: 166.6, wind direction: SSE
2025-07-10 11:52:09 - ModbusReader - INFO - wind speed: 0.1 m/s, wind level: 0, wind direction angle: 166.6, wind direction: SSE
2025-07-10 11:52:39 - ModbusReader - INFO - wind speed: 0.0 m/s, wind level: 0, wind direction angle: 149.0, wind direction: SSE
2025-07-10 11:52:40 - ModbusReader - INFO - wind speed: 0.0 m/s, wind level: 0, wind direction angle: 155.4, wind direction: SSE
2025-07-10 11:53:10 - ModbusReader - INFO - wind speed: 0.0 m/s, wind level: 0, wind direction angle: 339.0, wind direction: NNW
2025-07-10 11:53:11 - ModbusReader - INFO - wind speed: 0.0 m/s, wind level: 0, wind direction angle: 339.0, wind direction: NNW
2025-07-10 11:53:42 - ModbusReader - INFO - wind speed: 0.0 m/s, wind level: 0, wind direction angle: 356.4, wind direction: N
2025-07-10 11:53:42 - ModbusReader - INFO - wind speed: 0.0 m/s, wind level: 0, wind direction angle: 356.4, wind direction: N
2025-07-10 11:54:13 - ModbusReader - INFO - wind speed: 0.0 m/s, wind level: 0, wind direction angle: 131.6, wind direction: ES
2025-07-10 11:54:13 - ModbusReader - INFO - wind speed: 0.0 m/s, wind level: 0, wind direction angle: 131.6, wind direction: ES
2025-07-10 11:54:44 - ModbusReader - INFO - wind speed: 0.0 m/s, wind level: 0, wind direction angle: 296.9, wind direction: WNW
2025-07-10 11:54:45 - ModbusReader - INFO - wind speed: 0.0 m/s, wind level: 0, wind direction angle: 296.9, wind direction: WNW
2025-07-10 11:55:15 - ModbusReader - INFO - wind speed: 0.0 m/s, wind level: 0, wind direction angle: 202.9, wind direction: SSW
2025-07-10 11:55:16 - ModbusReader - INFO - wind speed: 0.0 m/s, wind level: 0, wind direction angle: 202.9, wind direction: SSW
2025-07-10 11:55:46 - ModbusReader - INFO - wind speed: 0.0 m/s, wind level: 0, wind direction angle: 332.3, wind direction: NNW
2025-07-10 11:55:47 - ModbusReader - INFO - wind speed: 0.0 m/s, wind level: 0, wind direction angle: 332.3, wind direction: NNW
2025-07-10 11:56:18 - ModbusReader - INFO - wind speed: 0.0 m/s, wind level: 0, wind direction angle: 326.8, wind direction: NNW
2025-07-10 11:56:18 - ModbusReader - INFO - wind speed: 0.0 m/s, wind level: 0, wind direction angle: 326.8, wind direction: NNW
2025-07-10 11:56:49 - ModbusReader - INFO - wind speed: 0.0 m/s, wind level: 0, wind direction angle: 314.8, wind direction: WN
2025-07-10 11:56:49 - ModbusReader - INFO - wind speed: 0.0 m/s, wind level: 0, wind direction angle: 314.8, wind direction: WN
2025-07-10 11:57:20 - ModbusReader - INFO - wind speed: 0.0 m/s, wind level: 0, wind direction angle: 92.3, wind direction: E
2025-07-10 11:57:21 - ModbusReader - INFO - wind speed: 0.0 m/s, wind level: 0, wind direction angle: 92.3, wind direction: E
2025-07-10 11:57:51 - ModbusReader - INFO - wind speed: 0.0 m/s, wind level: 0, wind direction angle: 49.0, wind direction: EN
2025-07-10 11:57:52 - ModbusReader - INFO - wind speed: 0.0 m/s, wind level: 0, wind direction angle: 49.0, wind direction: EN
2025-07-10 11:58:22 - ModbusReader - INFO - wind speed: 0.0 m/s, wind level: 0, wind direction angle: 337.3, wind direction: NNW
2025-07-10 11:58:23 - ModbusReader - INFO - wind speed: 0.0 m/s, wind level: 0, wind direction angle: 337.3, wind direction: NNW
2025-07-10 11:58:54 - ModbusReader - INFO - wind speed: 0.1 m/s, wind level: 0, wind direction angle: 18.4, wind direction: NNE
2025-07-10 11:58:54 - ModbusReader - INFO - wind speed: 0.1 m/s, wind level: 0, wind direction angle: 18.4, wind direction: NNE
2025-07-10 11:59:25 - ModbusReader - INFO - wind speed: 0.0 m/s, wind level: 0, wind direction angle: 104.7, wind direction: ESE
2025-07-10 11:59:25 - ModbusReader - INFO - wind speed: 0.0 m/s, wind level: 0, wind direction angle: 104.7, wind direction: ESE
2025-07-10 11:59:56 - ModbusReader - INFO - wind speed: 0.1 m/s, wind level: 0, wind direction angle: 150.2, wind direction: SSE
2025-07-10 11:59:57 - ModbusReader - INFO - wind speed: 0.5 m/s, wind level: 1, wind direction angle: 172.9, wind direction: S
2025-07-10 12:00:27 - ModbusReader - INFO - wind speed: 0.0 m/s, wind level: 0, wind direction angle: 142.0, wind direction: ES
2025-07-10 12:00:28 - ModbusReader - INFO - wind speed: 0.0 m/s, wind level: 0, wind direction angle: 142.0, wind direction: ES
2025-07-10 12:00:58 - ModbusReader - INFO - wind speed: 0.0 m/s, wind level: 0, wind direction angle: 148.6, wind direction: SSE
2025-07-10 12:00:59 - ModbusReader - INFO - wind speed: 0.0 m/s, wind level: 0, wind direction angle: 148.6, wind direction: SSE
2025-07-10 12:01:30 - ModbusReader - INFO - wind speed: 0.0 m/s, wind level: 0, wind direction angle: 217.6, wind direction: WS
2025-07-10 12:01:30 - ModbusReader - INFO - wind speed: 0.0 m/s, wind level: 0, wind direction angle: 217.6, wind direction: WS
2025-07-10 12:02:01 - ModbusReader - INFO - wind speed: 0.0 m/s, wind level: 0, wind direction angle: 65.2, wind direction: ENE
2025-07-10 12:02:01 - ModbusReader - INFO - wind speed: 0.0 m/s, wind level: 0, wind direction angle: 65.2, wind direction: ENE
2025-07-10 12:02:32 - ModbusReader - INFO - wind speed: 0.0 m/s, wind level: 0, wind direction angle: 222.9, wind direction: WS
2025-07-10 12:02:33 - ModbusReader - INFO - wind speed: 0.0 m/s, wind level: 0, wind direction angle: 222.9, wind direction: WS
2025-07-10 12:03:03 - ModbusReader - INFO - wind speed: 0.0 m/s, wind level: 0, wind direction angle: 183.8, wind direction: S
2025-07-10 12:03:04 - ModbusReader - INFO - wind speed: 0.0 m/s, wind level: 0, wind direction angle: 183.8, wind direction: S
2025-07-10 12:03:34 - ModbusReader - INFO - wind speed: 0.0 m/s, wind level: 0, wind direction angle: 13.2, wind direction: NNE
2025-07-10 12:03:35 - ModbusReader - INFO - wind speed: 0.0 m/s, wind level: 0, wind direction angle: 13.2, wind direction: NNE
2025-07-10 12:04:06 - ModbusReader - INFO - wind speed: 0.0 m/s, wind level: 0, wind direction angle: 357.3, wind direction: N
2025-07-10 12:04:06 - ModbusReader - INFO - wind speed: 0.0 m/s, wind level: 0, wind direction angle: 357.3, wind direction: N
2025-07-10 12:04:37 - ModbusReader - INFO - wind speed: 0.0 m/s, wind level: 0, wind direction angle: 198.9, wind direction: SSW
2025-07-10 12:04:37 - ModbusReader - INFO - wind speed: 0.0 m/s, wind level: 0, wind direction angle: 198.9, wind direction: SSW
2025-07-10 12:05:08 - ModbusReader - INFO - wind speed: 0.0 m/s, wind level: 0, wind direction angle: 28.3, wind direction: NNE
2025-07-10 12:05:09 - ModbusReader - INFO - wind speed: 0.0 m/s, wind level: 0, wind direction angle: 28.3, wind direction: NNE
2025-07-10 12:05:39 - ModbusReader - INFO - wind speed: 0.0 m/s, wind level: 0, wind direction angle: 172.8, wind direction: S
2025-07-10 12:05:40 - ModbusReader - INFO - wind speed: 0.0 m/s, wind level: 0, wind direction angle: 172.8, wind direction: S
2025-07-10 12:06:10 - ModbusReader - INFO - wind speed: 0.0 m/s, wind level: 0, wind direction angle: 148.4, wind direction: SSE
2025-07-10 12:06:11 - ModbusReader - INFO - wind speed: 0.0 m/s, wind level: 0, wind direction angle: 148.4, wind direction: SSE
2025-07-10 12:06:42 - ModbusReader - INFO - wind speed: 0.0 m/s, wind level: 0, wind direction angle: 342.9, wind direction: NNW
2025-07-10 12:06:42 - ModbusReader - INFO - wind speed: 0.0 m/s, wind level: 0, wind direction angle: 342.9, wind direction: NNW
2025-07-10 12:07:13 - ModbusReader - INFO - wind speed: 0.0 m/s, wind level: 0, wind direction angle: 298.3, wind direction: WNW
2025-07-10 12:07:13 - ModbusReader - INFO - wind speed: 0.0 m/s, wind level: 0, wind direction angle: 107.8, wind direction: ESE
2025-07-10 12:07:44 - ModbusReader - INFO - wind speed: 0.0 m/s, wind level: 0, wind direction angle: 56.3, wind direction: ENE
2025-07-10 12:07:45 - ModbusReader - INFO - wind speed: 0.0 m/s, wind level: 0, wind direction angle: 56.3, wind direction: ENE
2025-07-10 12:08:15 - ModbusReader - INFO - wind speed: 0.0 m/s, wind level: 0, wind direction angle: 358.6, wind direction: N
2025-07-10 12:08:16 - ModbusReader - INFO - wind speed: 0.0 m/s, wind level: 0, wind direction angle: 358.6, wind direction: N
2025-07-10 12:08:46 - ModbusReader - INFO - wind speed: 0.0 m/s, wind level: 0, wind direction angle: 133.6, wind direction: ES
2025-07-10 12:08:47 - ModbusReader - INFO - wind speed: 0.0 m/s, wind level: 0, wind direction angle: 133.6, wind direction: ES
2025-07-10 12:09:18 - ModbusReader - INFO - wind speed: 0.0 m/s, wind level: 0, wind direction angle: 320.1, wind direction: WN
2025-07-10 12:09:18 - ModbusReader - INFO - wind speed: 0.0 m/s, wind level: 0, wind direction angle: 320.1, wind direction: WN
2025-07-10 12:09:49 - ModbusReader - INFO - wind speed: 0.0 m/s, wind level: 0, wind direction angle: 264.1, wind direction: W
2025-07-10 12:09:49 - ModbusReader - INFO - wind speed: 0.0 m/s, wind level: 0, wind direction angle: 264.1, wind direction: W
2025-07-10 12:10:20 - ModbusReader - INFO - wind speed: 0.0 m/s, wind level: 0, wind direction angle: 276.5, wind direction: W
2025-07-10 12:10:21 - ModbusReader - INFO - wind speed: 0.0 m/s, wind level: 0, wind direction angle: 276.5, wind direction: W
2025-07-10 12:10:51 - ModbusReader - INFO - wind speed: 0.0 m/s, wind level: 0, wind direction angle: 262.1, wind direction: W
2025-07-10 12:10:52 - ModbusReader - INFO - wind speed: 0.0 m/s, wind level: 0, wind direction angle: 262.1, wind direction: W
2025-07-10 12:11:22 - ModbusReader - INFO - wind speed: 0.0 m/s, wind level: 0, wind direction angle: 309.5, wind direction: WN
2025-07-10 12:11:23 - ModbusReader - INFO - wind speed: 0.0 m/s, wind level: 0, wind direction angle: 309.5, wind direction: WN
2025-07-10 12:11:54 - ModbusReader - INFO - wind speed: 0.0 m/s, wind level: 0, wind direction angle: 119.2, wind direction: ESE
2025-07-10 12:11:54 - ModbusReader - INFO - wind speed: 0.0 m/s, wind level: 0, wind direction angle: 119.2, wind direction: ESE
2025-07-10 12:12:25 - ModbusReader - INFO - wind speed: 0.0 m/s, wind level: 0, wind direction angle: 58.0, wind direction: ENE
2025-07-10 12:12:25 - ModbusReader - INFO - wind speed: 0.0 m/s, wind level: 0, wind direction angle: 58.0, wind direction: ENE
2025-07-10 12:12:56 - ModbusReader - INFO - wind speed: 0.0 m/s, wind level: 0, wind direction angle: 165.7, wind direction: SSE
2025-07-10 12:12:57 - ModbusReader - INFO - wind speed: 0.0 m/s, wind level: 0, wind direction angle: 165.7, wind direction: SSE
2025-07-10 12:13:27 - ModbusReader - INFO - wind speed: 0.0 m/s, wind level: 0, wind direction angle: 331.3, wind direction: NNW
2025-07-10 12:13:28 - ModbusReader - INFO - wind speed: 0.0 m/s, wind level: 0, wind direction angle: 331.3, wind direction: NNW
2025-07-10 12:13:58 - ModbusReader - INFO - wind speed: 0.0 m/s, wind level: 0, wind direction angle: 57.4, wind direction: ENE
2025-07-10 12:13:59 - ModbusReader - INFO - wind speed: 0.0 m/s, wind level: 0, wind direction angle: 57.4, wind direction: ENE
2025-07-10 12:14:30 - ModbusReader - INFO - wind speed: 0.9 m/s, wind level: 1, wind direction angle: 165.4, wind direction: SSE
2025-07-10 12:14:30 - ModbusReader - INFO - wind speed: 1.2 m/s, wind level: 1, wind direction angle: 161.1, wind direction: SSE
2025-07-10 12:15:01 - ModbusReader - INFO - wind speed: 0.7 m/s, wind level: 1, wind direction angle: 212.1, wind direction: SSW
2025-07-10 12:15:01 - ModbusReader - INFO - wind speed: 0.7 m/s, wind level: 1, wind direction angle: 212.1, wind direction: SSW
2025-07-10 12:15:32 - ModbusReader - INFO - wind speed: 0.4 m/s, wind level: 1, wind direction angle: 126.5, wind direction: ES
2025-07-10 12:15:33 - ModbusReader - INFO - wind speed: 0.4 m/s, wind level: 1, wind direction angle: 126.5, wind direction: ES
2025-07-10 12:16:03 - ModbusReader - INFO - wind speed: 0.0 m/s, wind level: 0, wind direction angle: 146.3, wind direction: SSE
2025-07-10 12:16:04 - ModbusReader - INFO - wind speed: 0.0 m/s, wind level: 0, wind direction angle: 146.3, wind direction: SSE
2025-07-10 12:16:34 - ModbusReader - INFO - wind speed: 0.0 m/s, wind level: 0, wind direction angle: 318.3, wind direction: WN
2025-07-10 12:16:35 - ModbusReader - INFO - wind speed: 0.0 m/s, wind level: 0, wind direction angle: 318.3, wind direction: WN
2025-07-10 12:17:06 - ModbusReader - INFO - wind speed: 0.0 m/s, wind level: 0, wind direction angle: 86.3, wind direction: E
2025-07-10 12:17:06 - ModbusReader - INFO - wind speed: 0.0 m/s, wind level: 0, wind direction angle: 86.3, wind direction: E
2025-07-10 12:17:37 - ModbusReader - INFO - wind speed: 0.0 m/s, wind level: 0, wind direction angle: 39.4, wind direction: EN
2025-07-10 12:17:37 - ModbusReader - INFO - wind speed: 0.0 m/s, wind level: 0, wind direction angle: 39.4, wind direction: EN
2025-07-10 12:18:08 - ModbusReader - INFO - wind speed: 0.0 m/s, wind level: 0, wind direction angle: 14.8, wind direction: NNE
2025-07-10 12:18:09 - ModbusReader - INFO - wind speed: 0.0 m/s, wind level: 0, wind direction angle: 14.8, wind direction: NNE
2025-07-10 12:18:39 - ModbusReader - INFO - wind speed: 0.0 m/s, wind level: 0, wind direction angle: 141.9, wind direction: ES
2025-07-10 12:18:40 - ModbusReader - INFO - wind speed: 0.0 m/s, wind level: 0, wind direction angle: 141.9, wind direction: ES
2025-07-10 12:19:10 - ModbusReader - INFO - wind speed: 0.0 m/s, wind level: 0, wind direction angle: 178.7, wind direction: S
2025-07-10 12:19:11 - ModbusReader - INFO - wind speed: 0.0 m/s, wind level: 0, wind direction angle: 178.7, wind direction: S
2025-07-10 12:19:42 - ModbusReader - INFO - wind speed: 0.0 m/s, wind level: 0, wind direction angle: 150.1, wind direction: SSE
2025-07-10 12:19:42 - ModbusReader - INFO - wind speed: 0.0 m/s, wind level: 0, wind direction angle: 150.1, wind direction: SSE
2025-07-10 12:20:13 - ModbusReader - INFO - wind speed: 0.0 m/s, wind level: 0, wind direction angle: 171.1, wind direction: S
2025-07-10 12:20:13 - ModbusReader - INFO - wind speed: 0.0 m/s, wind level: 0, wind direction angle: 171.1, wind direction: S
2025-07-10 12:20:44 - ModbusReader - INFO - wind speed: 0.0 m/s, wind level: 0, wind direction angle: 247.6, wind direction: WSW
2025-07-10 12:20:45 - ModbusReader - INFO - wind speed: 0.0 m/s, wind level: 0, wind direction angle: 247.6, wind direction: WSW
2025-07-10 12:21:15 - ModbusReader - INFO - wind speed: 0.0 m/s, wind level: 0, wind direction angle: 332.3, wind direction: NNW
2025-07-10 12:21:16 - ModbusReader - INFO - wind speed: 0.0 m/s, wind level: 0, wind direction angle: 332.3, wind direction: NNW
2025-07-10 12:21:46 - ModbusReader - INFO - wind speed: 0.0 m/s, wind level: 0, wind direction angle: 139.3, wind direction: ES
2025-07-10 12:21:47 - ModbusReader - INFO - wind speed: 0.0 m/s, wind level: 0, wind direction angle: 145.3, wind direction: ES
2025-07-10 12:22:18 - ModbusReader - INFO - wind speed: 0.0 m/s, wind level: 0, wind direction angle: 134.0, wind direction: ES
2025-07-10 12:22:18 - ModbusReader - INFO - wind speed: 0.0 m/s, wind level: 0, wind direction angle: 134.0, wind direction: ES
2025-07-10 12:22:49 - ModbusReader - INFO - wind speed: 0.0 m/s, wind level: 0, wind direction angle: 155.1, wind direction: SSE
2025-07-10 12:22:49 - ModbusReader - INFO - wind speed: 0.0 m/s, wind level: 0, wind direction angle: 155.1, wind direction: SSE
2025-07-10 12:23:20 - ModbusReader - INFO - wind speed: 0.0 m/s, wind level: 0, wind direction angle: 151.7, wind direction: SSE
2025-07-10 12:23:21 - ModbusReader - INFO - wind speed: 0.0 m/s, wind level: 0, wind direction angle: 151.7, wind direction: SSE
2025-07-10 12:23:51 - ModbusReader - INFO - wind speed: 0.0 m/s, wind level: 0, wind direction angle: 169.2, wind direction: S
2025-07-10 12:23:52 - ModbusReader - INFO - wind speed: 0.0 m/s, wind level: 0, wind direction angle: 169.2, wind direction: S
2025-07-10 12:24:22 - ModbusReader - INFO - wind speed: 0.0 m/s, wind level: 0, wind direction angle: 161.5, wind direction: SSE
2025-07-10 12:24:23 - ModbusReader - INFO - wind speed: 0.0 m/s, wind level: 0, wind direction angle: 161.5, wind direction: SSE
2025-07-10 12:24:54 - ModbusReader - INFO - wind speed: 0.0 m/s, wind level: 0, wind direction angle: 161.4, wind direction: SSE
2025-07-10 12:24:54 - ModbusReader - INFO - wind speed: 0.0 m/s, wind level: 0, wind direction angle: 161.4, wind direction: SSE
2025-07-10 12:25:25 - ModbusReader - INFO - wind speed: 0.6 m/s, wind level: 1, wind direction angle: 140.4, wind direction: ES
2025-07-10 12:25:25 - ModbusReader - INFO - wind speed: 0.6 m/s, wind level: 1, wind direction angle: 140.4, wind direction: ES
2025-07-10 12:25:56 - ModbusReader - INFO - wind speed: 0.3 m/s, wind level: 1, wind direction angle: 272.2, wind direction: W
2025-07-10 12:25:57 - ModbusReader - INFO - wind speed: 0.3 m/s, wind level: 1, wind direction angle: 272.2, wind direction: W
2025-07-10 12:26:27 - ModbusReader - INFO - wind speed: 0.0 m/s, wind level: 0, wind direction angle: 321.8, wind direction: WN
2025-07-10 12:26:28 - ModbusReader - INFO - wind speed: 0.0 m/s, wind level: 0, wind direction angle: 321.8, wind direction: WN
2025-07-10 12:26:58 - ModbusReader - INFO - wind speed: 0.8 m/s, wind level: 1, wind direction angle: 161.9, wind direction: SSE
2025-07-10 12:26:59 - ModbusReader - INFO - wind speed: 0.8 m/s, wind level: 1, wind direction angle: 161.9, wind direction: SSE
2025-07-10 12:27:30 - ModbusReader - INFO - wind speed: 1.1 m/s, wind level: 1, wind direction angle: 195.4, wind direction: SSW
2025-07-10 12:27:30 - ModbusReader - INFO - wind speed: 1.1 m/s, wind level: 1, wind direction angle: 195.4, wind direction: SSW
2025-07-10 12:28:01 - ModbusReader - INFO - wind speed: 1.0 m/s, wind level: 1, wind direction angle: 220.7, wind direction: WS
2025-07-10 12:28:01 - ModbusReader - INFO - wind speed: 1.0 m/s, wind level: 1, wind direction angle: 220.7, wind direction: WS
2025-07-10 12:28:32 - ModbusReader - INFO - wind speed: 0.7 m/s, wind level: 1, wind direction angle: 171.4, wind direction: S
2025-07-10 12:28:33 - ModbusReader - INFO - wind speed: 0.7 m/s, wind level: 1, wind direction angle: 171.4, wind direction: S
2025-07-10 12:29:03 - ModbusReader - INFO - wind speed: 0.6 m/s, wind level: 1, wind direction angle: 129.1, wind direction: ES
2025-07-10 12:29:04 - ModbusReader - INFO - wind speed: 0.4 m/s, wind level: 1, wind direction angle: 251.9, wind direction: WSW
2025-07-10 12:29:34 - ModbusReader - INFO - wind speed: 0.1 m/s, wind level: 0, wind direction angle: 304.9, wind direction: WN
2025-07-10 12:29:35 - ModbusReader - INFO - wind speed: 0.1 m/s, wind level: 0, wind direction angle: 304.9, wind direction: WN
2025-07-10 12:30:06 - ModbusReader - INFO - wind speed: 0.7 m/s, wind level: 1, wind direction angle: 103.6, wind direction: ESE
2025-07-10 12:30:06 - ModbusReader - INFO - wind speed: 0.7 m/s, wind level: 1, wind direction angle: 103.6, wind direction: ESE
2025-07-10 12:30:37 - ModbusReader - INFO - wind speed: 0.6 m/s, wind level: 1, wind direction angle: 156.6, wind direction: SSE
2025-07-10 12:30:37 - ModbusReader - INFO - wind speed: 0.6 m/s, wind level: 1, wind direction angle: 156.6, wind direction: SSE
2025-07-10 12:31:08 - ModbusReader - INFO - wind speed: 0.9 m/s, wind level: 1, wind direction angle: 101.7, wind direction: ESE
2025-07-10 12:31:09 - ModbusReader - INFO - wind speed: 0.9 m/s, wind level: 1, wind direction angle: 101.7, wind direction: ESE
2025-07-10 12:31:39 - ModbusReader - INFO - wind speed: 0.6 m/s, wind level: 1, wind direction angle: 231.8, wind direction: WS
2025-07-10 12:31:40 - ModbusReader - INFO - wind speed: 0.6 m/s, wind level: 1, wind direction angle: 231.8, wind direction: WS
2025-07-10 12:32:10 - ModbusReader - INFO - wind speed: 1.0 m/s, wind level: 1, wind direction angle: 97.2, wind direction: E
2025-07-10 12:32:11 - ModbusReader - INFO - wind speed: 1.0 m/s, wind level: 1, wind direction angle: 97.2, wind direction: E
2025-07-10 12:32:42 - ModbusReader - INFO - wind speed: 0.3 m/s, wind level: 1, wind direction angle: 190.5, wind direction: S
2025-07-10 12:32:42 - ModbusReader - INFO - wind speed: 0.3 m/s, wind level: 1, wind direction angle: 190.5, wind direction: S
2025-07-10 12:33:13 - ModbusReader - INFO - wind speed: 0.0 m/s, wind level: 0, wind direction angle: 48.9, wind direction: EN
2025-07-10 12:33:13 - ModbusReader - INFO - wind speed: 0.0 m/s, wind level: 0, wind direction angle: 48.9, wind direction: EN
2025-07-10 12:33:44 - ModbusReader - INFO - wind speed: 0.0 m/s, wind level: 0, wind direction angle: 184.3, wind direction: S
2025-07-10 12:33:45 - ModbusReader - INFO - wind speed: 0.0 m/s, wind level: 0, wind direction angle: 184.3, wind direction: S
2025-07-10 12:34:15 - ModbusReader - INFO - wind speed: 0.0 m/s, wind level: 0, wind direction angle: 185.2, wind direction: S
2025-07-10 12:34:16 - ModbusReader - INFO - wind speed: 0.0 m/s, wind level: 0, wind direction angle: 185.2, wind direction: S
2025-07-10 12:34:46 - ModbusReader - INFO - wind speed: 0.0 m/s, wind level: 0, wind direction angle: 123.9, wind direction: ES
2025-07-10 12:34:47 - ModbusReader - INFO - wind speed: 0.0 m/s, wind level: 0, wind direction angle: 123.9, wind direction: ES
2025-07-10 12:35:17 - ModbusReader - INFO - wind speed: 0.7 m/s, wind level: 1, wind direction angle: 137.9, wind direction: ES
2025-07-10 12:35:18 - ModbusReader - INFO - wind speed: 0.7 m/s, wind level: 1, wind direction angle: 137.9, wind direction: ES
2025-07-10 12:35:49 - ModbusReader - INFO - wind speed: 0.6 m/s, wind level: 1, wind direction angle: 131.4, wind direction: ES
2025-07-10 12:35:49 - ModbusReader - INFO - wind speed: 0.6 m/s, wind level: 1, wind direction angle: 131.4, wind direction: ES
2025-07-10 12:36:20 - ModbusReader - INFO - wind speed: 0.6 m/s, wind level: 1, wind direction angle: 219.9, wind direction: WS
2025-07-10 12:36:20 - ModbusReader - INFO - wind speed: 0.6 m/s, wind level: 1, wind direction angle: 219.9, wind direction: WS
2025-07-10 12:36:51 - ModbusReader - INFO - wind speed: 0.9 m/s, wind level: 1, wind direction angle: 173.2, wind direction: S
2025-07-10 12:36:52 - ModbusReader - INFO - wind speed: 0.9 m/s, wind level: 1, wind direction angle: 173.2, wind direction: S
2025-07-10 12:37:22 - ModbusReader - INFO - wind speed: 1.1 m/s, wind level: 1, wind direction angle: 198.0, wind direction: SSW
2025-07-10 12:37:23 - ModbusReader - INFO - wind speed: 1.1 m/s, wind level: 1, wind direction angle: 198.0, wind direction: SSW
2025-07-10 12:37:54 - ModbusReader - INFO - wind speed: 0.8 m/s, wind level: 1, wind direction angle: 90.8, wind direction: E
2025-07-10 12:37:54 - ModbusReader - INFO - wind speed: 0.8 m/s, wind level: 1, wind direction angle: 90.8, wind direction: E
2025-07-10 12:38:25 - ModbusReader - INFO - wind speed: 1.0 m/s, wind level: 1, wind direction angle: 172.6, wind direction: S
2025-07-10 12:38:25 - ModbusReader - INFO - wind speed: 1.0 m/s, wind level: 1, wind direction angle: 172.6, wind direction: S
2025-07-10 12:38:56 - ModbusReader - INFO - wind speed: 1.1 m/s, wind level: 1, wind direction angle: 144.9, wind direction: ES
2025-07-10 12:38:56 - ModbusReader - INFO - wind speed: 1.1 m/s, wind level: 1, wind direction angle: 144.9, wind direction: ES
2025-07-10 12:39:27 - ModbusReader - INFO - wind speed: 0.7 m/s, wind level: 1, wind direction angle: 238.0, wind direction: WSW
2025-07-10 12:39:28 - ModbusReader - INFO - wind speed: 0.7 m/s, wind level: 1, wind direction angle: 238.0, wind direction: WSW
2025-07-10 12:39:58 - ModbusReader - INFO - wind speed: 0.6 m/s, wind level: 1, wind direction angle: 165.1, wind direction: SSE
2025-07-10 12:39:59 - ModbusReader - INFO - wind speed: 0.6 m/s, wind level: 1, wind direction angle: 165.1, wind direction: SSE
2025-07-10 12:40:29 - ModbusReader - INFO - wind speed: 0.7 m/s, wind level: 1, wind direction angle: 146.7, wind direction: SSE
2025-07-10 12:40:30 - ModbusReader - INFO - wind speed: 0.7 m/s, wind level: 1, wind direction angle: 146.7, wind direction: SSE
2025-07-10 12:41:01 - ModbusReader - INFO - wind speed: 0.4 m/s, wind level: 1, wind direction angle: 288.4, wind direction: WNW
2025-07-10 12:41:01 - ModbusReader - INFO - wind speed: 0.4 m/s, wind level: 1, wind direction angle: 288.4, wind direction: WNW
2025-07-10 12:41:32 - ModbusReader - INFO - wind speed: 0.0 m/s, wind level: 0, wind direction angle: 324.1, wind direction: WN
2025-07-10 12:41:32 - ModbusReader - INFO - wind speed: 0.0 m/s, wind level: 0, wind direction angle: 324.1, wind direction: WN
2025-07-10 12:42:03 - ModbusReader - INFO - wind speed: 0.0 m/s, wind level: 0, wind direction angle: 150.9, wind direction: SSE
2025-07-10 12:42:04 - ModbusReader - INFO - wind speed: 0.0 m/s, wind level: 0, wind direction angle: 150.9, wind direction: SSE
2025-07-10 12:42:34 - ModbusReader - INFO - wind speed: 0.0 m/s, wind level: 0, wind direction angle: 147.2, wind direction: SSE
2025-07-10 12:42:35 - ModbusReader - INFO - wind speed: 0.0 m/s, wind level: 0, wind direction angle: 147.2, wind direction: SSE
2025-07-10 12:43:05 - ModbusReader - INFO - wind speed: 0.0 m/s, wind level: 0, wind direction angle: 85.8, wind direction: E
2025-07-10 12:43:06 - ModbusReader - INFO - wind speed: 0.0 m/s, wind level: 0, wind direction angle: 85.8, wind direction: E
2025-07-10 12:43:37 - ModbusReader - INFO - wind speed: 0.0 m/s, wind level: 0, wind direction angle: 159.8, wind direction: SSE
2025-07-10 12:43:37 - ModbusReader - INFO - wind speed: 0.0 m/s, wind level: 0, wind direction angle: 206.9, wind direction: SSW
2025-07-10 12:44:08 - ModbusReader - INFO - wind speed: 0.0 m/s, wind level: 0, wind direction angle: 42.0, wind direction: EN
2025-07-10 12:44:08 - ModbusReader - INFO - wind speed: 0.0 m/s, wind level: 0, wind direction angle: 42.0, wind direction: EN
2025-07-10 12:44:39 - ModbusReader - INFO - wind speed: 0.7 m/s, wind level: 1, wind direction angle: 180.0, wind direction: S
2025-07-10 12:44:40 - ModbusReader - INFO - wind speed: 0.7 m/s, wind level: 1, wind direction angle: 180.0, wind direction: S
2025-07-10 12:45:10 - ModbusReader - INFO - wind speed: 1.1 m/s, wind level: 1, wind direction angle: 161.4, wind direction: SSE
2025-07-10 12:45:11 - ModbusReader - INFO - wind speed: 1.1 m/s, wind level: 1, wind direction angle: 161.4, wind direction: SSE
2025-07-10 12:45:41 - ModbusReader - INFO - wind speed: 0.8 m/s, wind level: 1, wind direction angle: 182.8, wind direction: S
2025-07-10 12:45:42 - ModbusReader - INFO - wind speed: 0.8 m/s, wind level: 1, wind direction angle: 182.8, wind direction: S
2025-07-10 12:46:13 - ModbusReader - INFO - wind speed: 0.9 m/s, wind level: 1, wind direction angle: 165.6, wind direction: SSE
2025-07-10 12:46:13 - ModbusReader - INFO - wind speed: 0.9 m/s, wind level: 1, wind direction angle: 165.6, wind direction: SSE
2025-07-10 12:46:44 - ModbusReader - INFO - wind speed: 0.8 m/s, wind level: 1, wind direction angle: 259.8, wind direction: W
2025-07-10 12:46:44 - ModbusReader - INFO - wind speed: 0.8 m/s, wind level: 1, wind direction angle: 259.8, wind direction: W
2025-07-10 12:47:15 - ModbusReader - INFO - wind speed: 0.8 m/s, wind level: 1, wind direction angle: 42.2, wind direction: EN
2025-07-10 12:47:16 - ModbusReader - INFO - wind speed: 0.8 m/s, wind level: 1, wind direction angle: 42.2, wind direction: EN
2025-07-10 12:47:46 - ModbusReader - INFO - wind speed: 0.8 m/s, wind level: 1, wind direction angle: 120.3, wind direction: ESE
2025-07-10 12:47:47 - ModbusReader - INFO - wind speed: 0.8 m/s, wind level: 1, wind direction angle: 120.3, wind direction: ESE
2025-07-10 12:48:17 - ModbusReader - INFO - wind speed: 0.6 m/s, wind level: 1, wind direction angle: 117.4, wind direction: ESE
2025-07-10 12:48:18 - ModbusReader - INFO - wind speed: 0.6 m/s, wind level: 1, wind direction angle: 117.4, wind direction: ESE
2025-07-10 12:48:49 - ModbusReader - INFO - wind speed: 0.8 m/s, wind level: 1, wind direction angle: 106.3, wind direction: ESE
2025-07-10 12:48:49 - ModbusReader - INFO - wind speed: 0.8 m/s, wind level: 1, wind direction angle: 106.3, wind direction: ESE
2025-07-10 12:49:20 - ModbusReader - INFO - wind speed: 0.4 m/s, wind level: 1, wind direction angle: 263.1, wind direction: W
2025-07-10 12:49:20 - ModbusReader - INFO - wind speed: 0.4 m/s, wind level: 1, wind direction angle: 263.1, wind direction: W
2025-07-10 12:49:51 - ModbusReader - INFO - wind speed: 0.9 m/s, wind level: 1, wind direction angle: 56.3, wind direction: ENE
2025-07-10 12:49:52 - ModbusReader - INFO - wind speed: 0.9 m/s, wind level: 1, wind direction angle: 56.3, wind direction: ENE
2025-07-10 12:50:22 - ModbusReader - INFO - wind speed: 0.8 m/s, wind level: 1, wind direction angle: 76.2, wind direction: ENE
2025-07-10 12:50:23 - ModbusReader - INFO - wind speed: 0.8 m/s, wind level: 1, wind direction angle: 76.2, wind direction: ENE
2025-07-10 12:50:53 - ModbusReader - INFO - wind speed: 0.6 m/s, wind level: 1, wind direction angle: 201.1, wind direction: SSW
2025-07-10 12:50:54 - ModbusReader - INFO - wind speed: 0.6 m/s, wind level: 1, wind direction angle: 201.1, wind direction: SSW
2025-07-10 12:51:25 - ModbusReader - INFO - wind speed: 1.1 m/s, wind level: 1, wind direction angle: 158.5, wind direction: SSE
2025-07-10 12:51:25 - ModbusReader - INFO - wind speed: 1.1 m/s, wind level: 1, wind direction angle: 158.5, wind direction: SSE
2025-07-10 12:51:56 - ModbusReader - INFO - wind speed: 0.8 m/s, wind level: 1, wind direction angle: 201.1, wind direction: SSW
2025-07-10 12:51:56 - ModbusReader - INFO - wind speed: 0.8 m/s, wind level: 1, wind direction angle: 201.1, wind direction: SSW
2025-07-10 12:52:27 - ModbusReader - INFO - wind speed: 0.9 m/s, wind level: 1, wind direction angle: 170.3, wind direction: S
2025-07-10 12:52:28 - ModbusReader - INFO - wind speed: 0.9 m/s, wind level: 1, wind direction angle: 170.3, wind direction: S
2025-07-10 12:52:58 - ModbusReader - INFO - wind speed: 1.0 m/s, wind level: 1, wind direction angle: 168.5, wind direction: SSE
2025-07-10 12:52:59 - ModbusReader - INFO - wind speed: 1.0 m/s, wind level: 1, wind direction angle: 168.5, wind direction: SSE
2025-07-10 12:53:29 - ModbusReader - INFO - wind speed: 1.1 m/s, wind level: 1, wind direction angle: 340.5, wind direction: NNW
2025-07-10 12:53:30 - ModbusReader - INFO - wind speed: 1.1 m/s, wind level: 1, wind direction angle: 340.5, wind direction: NNW
2025-07-10 12:54:01 - ModbusReader - INFO - wind speed: 0.6 m/s, wind level: 1, wind direction angle: 162.8, wind direction: SSE
2025-07-10 12:54:01 - ModbusReader - INFO - wind speed: 0.6 m/s, wind level: 1, wind direction angle: 162.8, wind direction: SSE
2025-07-10 12:54:32 - ModbusReader - INFO - wind speed: 0.5 m/s, wind level: 1, wind direction angle: 35.9, wind direction: EN
2025-07-10 12:54:32 - ModbusReader - INFO - wind speed: 0.5 m/s, wind level: 1, wind direction angle: 35.9, wind direction: EN
2025-07-10 12:55:03 - ModbusReader - INFO - wind speed: 0.7 m/s, wind level: 1, wind direction angle: 70.5, wind direction: ENE
2025-07-10 12:55:04 - ModbusReader - INFO - wind speed: 0.7 m/s, wind level: 1, wind direction angle: 70.5, wind direction: ENE
2025-07-10 12:55:34 - ModbusReader - INFO - wind speed: 0.5 m/s, wind level: 1, wind direction angle: 159.7, wind direction: SSE
2025-07-10 12:55:35 - ModbusReader - INFO - wind speed: 0.5 m/s, wind level: 1, wind direction angle: 159.7, wind direction: SSE
2025-07-10 12:56:05 - ModbusReader - INFO - wind speed: 0.3 m/s, wind level: 1, wind direction angle: 29.8, wind direction: NNE
2025-07-10 12:56:06 - ModbusReader - INFO - wind speed: 0.3 m/s, wind level: 1, wind direction angle: 29.8, wind direction: NNE
2025-07-10 12:56:37 - ModbusReader - INFO - wind speed: 0.6 m/s, wind level: 1, wind direction angle: 346.5, wind direction: NNW
2025-07-10 12:56:37 - ModbusReader - INFO - wind speed: 0.6 m/s, wind level: 1, wind direction angle: 346.5, wind direction: NNW
2025-07-10 12:57:08 - ModbusReader - INFO - wind speed: 0.0 m/s, wind level: 0, wind direction angle: 163.3, wind direction: SSE
2025-07-10 12:57:08 - ModbusReader - INFO - wind speed: 0.0 m/s, wind level: 0, wind direction angle: 163.3, wind direction: SSE
2025-07-10 12:57:39 - ModbusReader - INFO - wind speed: 0.0 m/s, wind level: 0, wind direction angle: 347.6, wind direction: NNW
2025-07-10 12:57:40 - ModbusReader - INFO - wind speed: 0.0 m/s, wind level: 0, wind direction angle: 347.6, wind direction: NNW
2025-07-10 12:58:10 - ModbusReader - INFO - wind speed: 0.0 m/s, wind level: 0, wind direction angle: 13.6, wind direction: NNE
2025-07-10 12:58:11 - ModbusReader - INFO - wind speed: 0.0 m/s, wind level: 0, wind direction angle: 13.6, wind direction: NNE
2025-07-10 12:58:41 - ModbusReader - INFO - wind speed: 0.0 m/s, wind level: 0, wind direction angle: 45.0, wind direction: EN
2025-07-10 12:58:42 - ModbusReader - INFO - wind speed: 0.0 m/s, wind level: 0, wind direction angle: 45.0, wind direction: EN
2025-07-10 12:59:13 - ModbusReader - INFO - wind speed: 0.0 m/s, wind level: 0, wind direction angle: 288.2, wind direction: WNW
2025-07-10 12:59:13 - ModbusReader - INFO - wind speed: 0.0 m/s, wind level: 0, wind direction angle: 288.2, wind direction: WNW
2025-07-10 12:59:44 - ModbusReader - INFO - wind speed: 0.0 m/s, wind level: 0, wind direction angle: 282.1, wind direction: WNW
2025-07-10 12:59:44 - ModbusReader - INFO - wind speed: 0.0 m/s, wind level: 0, wind direction angle: 282.1, wind direction: WNW
2025-07-10 13:00:15 - ModbusReader - INFO - wind speed: 0.0 m/s, wind level: 0, wind direction angle: 2.9, wind direction: N
2025-07-10 13:00:16 - ModbusReader - INFO - wind speed: 0.0 m/s, wind level: 0, wind direction angle: 2.9, wind direction: N
2025-07-10 13:00:46 - ModbusReader - INFO - wind speed: 0.0 m/s, wind level: 0, wind direction angle: 147.4, wind direction: SSE
2025-07-10 13:00:47 - ModbusReader - INFO - wind speed: 0.0 m/s, wind level: 0, wind direction angle: 147.4, wind direction: SSE
2025-07-10 13:01:17 - ModbusReader - INFO - wind speed: 0.0 m/s, wind level: 0, wind direction angle: 126.1, wind direction: ES
2025-07-10 13:01:18 - ModbusReader - INFO - wind speed: 0.0 m/s, wind level: 0, wind direction angle: 126.1, wind direction: ES
2025-07-10 13:01:49 - ModbusReader - INFO - wind speed: 0.0 m/s, wind level: 0, wind direction angle: 299.8, wind direction: WNW
2025-07-10 13:01:49 - ModbusReader - INFO - wind speed: 0.0 m/s, wind level: 0, wind direction angle: 299.8, wind direction: WNW
2025-07-10 13:02:20 - ModbusReader - INFO - wind speed: 0.1 m/s, wind level: 0, wind direction angle: 107.7, wind direction: ESE
2025-07-10 13:02:20 - ModbusReader - INFO - wind speed: 0.1 m/s, wind level: 0, wind direction angle: 107.7, wind direction: ESE
2025-07-10 13:02:51 - ModbusReader - INFO - wind speed: 0.6 m/s, wind level: 1, wind direction angle: 148.3, wind direction: SSE
2025-07-10 13:02:52 - ModbusReader - INFO - wind speed: 0.6 m/s, wind level: 1, wind direction angle: 148.3, wind direction: SSE
2025-07-10 13:03:22 - ModbusReader - INFO - wind speed: 0.9 m/s, wind level: 1, wind direction angle: 99.6, wind direction: E
2025-07-10 13:03:23 - ModbusReader - INFO - wind speed: 0.9 m/s, wind level: 1, wind direction angle: 99.6, wind direction: E
2025-07-10 13:03:53 - ModbusReader - INFO - wind speed: 0.6 m/s, wind level: 1, wind direction angle: 27.8, wind direction: NNE
2025-07-10 13:03:54 - ModbusReader - INFO - wind speed: 0.6 m/s, wind level: 1, wind direction angle: 27.8, wind direction: NNE
2025-07-10 13:04:25 - ModbusReader - INFO - wind speed: 0.6 m/s, wind level: 1, wind direction angle: 150.6, wind direction: SSE
2025-07-10 13:04:25 - ModbusReader - INFO - wind speed: 0.6 m/s, wind level: 1, wind direction angle: 150.6, wind direction: SSE
2025-07-10 13:04:56 - ModbusReader - INFO - wind speed: 1.1 m/s, wind level: 1, wind direction angle: 134.1, wind direction: ES
2025-07-10 13:04:56 - ModbusReader - INFO - wind speed: 1.1 m/s, wind level: 1, wind direction angle: 134.1, wind direction: ES
2025-07-10 13:05:27 - ModbusReader - INFO - wind speed: 0.3 m/s, wind level: 1, wind direction angle: 308.7, wind direction: WN
2025-07-10 13:05:28 - ModbusReader - INFO - wind speed: 0.3 m/s, wind level: 1, wind direction angle: 308.7, wind direction: WN
2025-07-10 13:05:58 - ModbusReader - INFO - wind speed: 0.0 m/s, wind level: 0, wind direction angle: 214.8, wind direction: WS
2025-07-10 13:05:59 - ModbusReader - INFO - wind speed: 0.0 m/s, wind level: 0, wind direction angle: 214.8, wind direction: WS
2025-07-10 13:06:29 - ModbusReader - INFO - wind speed: 0.0 m/s, wind level: 0, wind direction angle: 106.4, wind direction: ESE
2025-07-10 13:06:30 - ModbusReader - INFO - wind speed: 0.0 m/s, wind level: 0, wind direction angle: 106.4, wind direction: ESE
2025-07-10 13:07:01 - ModbusReader - INFO - wind speed: 0.0 m/s, wind level: 0, wind direction angle: 281.3, wind direction: WNW
2025-07-10 13:07:01 - ModbusReader - INFO - wind speed: 0.0 m/s, wind level: 0, wind direction angle: 281.3, wind direction: WNW
2025-07-10 13:07:32 - ModbusReader - INFO - wind speed: 0.0 m/s, wind level: 0, wind direction angle: 162.1, wind direction: SSE
2025-07-10 13:07:32 - ModbusReader - INFO - wind speed: 0.0 m/s, wind level: 0, wind direction angle: 162.1, wind direction: SSE
2025-07-10 13:08:03 - ModbusReader - INFO - wind speed: 0.0 m/s, wind level: 0, wind direction angle: 299.9, wind direction: WNW
2025-07-10 13:08:04 - ModbusReader - INFO - wind speed: 0.0 m/s, wind level: 0, wind direction angle: 299.9, wind direction: WNW
2025-07-10 13:08:34 - ModbusReader - INFO - wind speed: 0.0 m/s, wind level: 0, wind direction angle: 10.7, wind direction: N
2025-07-10 13:08:35 - ModbusReader - INFO - wind speed: 0.0 m/s, wind level: 0, wind direction angle: 10.7, wind direction: N
2025-07-10 13:09:05 - ModbusReader - INFO - wind speed: 0.8 m/s, wind level: 1, wind direction angle: 171.9, wind direction: S
2025-07-10 13:09:06 - ModbusReader - INFO - wind speed: 0.8 m/s, wind level: 1, wind direction angle: 171.9, wind direction: S
2025-07-10 13:09:37 - ModbusReader - INFO - wind speed: 0.9 m/s, wind level: 1, wind direction angle: 154.6, wind direction: SSE
2025-07-10 13:09:37 - ModbusReader - INFO - wind speed: 0.9 m/s, wind level: 1, wind direction angle: 154.6, wind direction: SSE
2025-07-10 13:10:08 - ModbusReader - INFO - wind speed: 0.9 m/s, wind level: 1, wind direction angle: 248.5, wind direction: WSW
2025-07-10 13:10:08 - ModbusReader - INFO - wind speed: 0.9 m/s, wind level: 1, wind direction angle: 248.5, wind direction: WSW
2025-07-10 13:10:39 - ModbusReader - INFO - wind speed: 0.8 m/s, wind level: 1, wind direction angle: 102.3, wind direction: ESE
2025-07-10 13:10:40 - ModbusReader - INFO - wind speed: 0.8 m/s, wind level: 1, wind direction angle: 102.3, wind direction: ESE
2025-07-10 13:11:10 - ModbusReader - INFO - wind speed: 0.6 m/s, wind level: 1, wind direction angle: 330.8, wind direction: NNW
2025-07-10 13:11:11 - ModbusReader - INFO - wind speed: 0.6 m/s, wind level: 1, wind direction angle: 330.8, wind direction: NNW
2025-07-10 13:11:41 - ModbusReader - INFO - wind speed: 0.4 m/s, wind level: 1, wind direction angle: 200.3, wind direction: SSW
2025-07-10 13:11:42 - ModbusReader - INFO - wind speed: 0.4 m/s, wind level: 1, wind direction angle: 200.3, wind direction: SSW
2025-07-10 13:12:13 - ModbusReader - INFO - wind speed: 0.6 m/s, wind level: 1, wind direction angle: 11.1, wind direction: N
2025-07-10 13:12:13 - ModbusReader - INFO - wind speed: 0.0 m/s, wind level: 0, wind direction angle: 129.7, wind direction: ES
2025-07-10 13:12:44 - ModbusReader - INFO - wind speed: 0.7 m/s, wind level: 1, wind direction angle: 113.9, wind direction: ESE
2025-07-10 13:12:44 - ModbusReader - INFO - wind speed: 0.7 m/s, wind level: 1, wind direction angle: 113.9, wind direction: ESE
2025-07-10 13:13:15 - ModbusReader - INFO - wind speed: 1.1 m/s, wind level: 1, wind direction angle: 145.1, wind direction: ES
2025-07-10 13:13:16 - ModbusReader - INFO - wind speed: 1.1 m/s, wind level: 1, wind direction angle: 145.1, wind direction: ES
2025-07-10 13:13:46 - ModbusReader - INFO - wind speed: 1.3 m/s, wind level: 1, wind direction angle: 133.5, wind direction: ES
2025-07-10 13:13:47 - ModbusReader - INFO - wind speed: 1.3 m/s, wind level: 1, wind direction angle: 133.5, wind direction: ES
2025-07-10 13:14:17 - ModbusReader - INFO - wind speed: 0.0 m/s, wind level: 0, wind direction angle: 346.3, wind direction: NNW
2025-07-10 13:14:18 - ModbusReader - INFO - wind speed: 0.0 m/s, wind level: 0, wind direction angle: 346.3, wind direction: NNW
2025-07-10 13:14:49 - ModbusReader - INFO - wind speed: 0.0 m/s, wind level: 0, wind direction angle: 321.0, wind direction: WN
2025-07-10 13:14:49 - ModbusReader - INFO - wind speed: 0.0 m/s, wind level: 0, wind direction angle: 321.0, wind direction: WN
2025-07-10 13:15:20 - ModbusReader - INFO - wind speed: 0.0 m/s, wind level: 0, wind direction angle: 106.2, wind direction: ESE
2025-07-10 13:15:20 - ModbusReader - INFO - wind speed: 0.0 m/s, wind level: 0, wind direction angle: 106.2, wind direction: ESE
2025-07-10 13:15:51 - ModbusReader - INFO - wind speed: 0.0 m/s, wind level: 0, wind direction angle: 108.2, wind direction: ESE
2025-07-10 13:15:52 - ModbusReader - INFO - wind speed: 0.0 m/s, wind level: 0, wind direction angle: 108.2, wind direction: ESE
2025-07-10 13:16:22 - ModbusReader - INFO - wind speed: 0.0 m/s, wind level: 0, wind direction angle: 74.0, wind direction: ENE
2025-07-10 13:16:23 - ModbusReader - INFO - wind speed: 0.0 m/s, wind level: 0, wind direction angle: 74.0, wind direction: ENE
2025-07-10 13:16:53 - ModbusReader - INFO - wind speed: 1.2 m/s, wind level: 1, wind direction angle: 184.4, wind direction: S
2025-07-10 13:16:54 - ModbusReader - INFO - wind speed: 1.2 m/s, wind level: 1, wind direction angle: 184.4, wind direction: S
2025-07-10 13:17:25 - ModbusReader - INFO - wind speed: 0.6 m/s, wind level: 1, wind direction angle: 32.7, wind direction: NNE
2025-07-10 13:17:25 - ModbusReader - INFO - wind speed: 0.6 m/s, wind level: 1, wind direction angle: 32.7, wind direction: NNE
2025-07-10 13:17:56 - ModbusReader - INFO - wind speed: 0.5 m/s, wind level: 1, wind direction angle: 22.4, wind direction: NNE
2025-07-10 13:17:56 - ModbusReader - INFO - wind speed: 0.5 m/s, wind level: 1, wind direction angle: 22.4, wind direction: NNE
2025-07-10 13:18:27 - ModbusReader - INFO - wind speed: 0.5 m/s, wind level: 1, wind direction angle: 143.2, wind direction: ES
2025-07-10 13:18:28 - ModbusReader - INFO - wind speed: 0.5 m/s, wind level: 1, wind direction angle: 143.2, wind direction: ES
2025-07-10 13:18:58 - ModbusReader - INFO - wind speed: 1.0 m/s, wind level: 1, wind direction angle: 154.0, wind direction: SSE
2025-07-10 13:18:59 - ModbusReader - INFO - wind speed: 1.0 m/s, wind level: 1, wind direction angle: 154.0, wind direction: SSE
2025-07-10 13:19:29 - ModbusReader - INFO - wind speed: 0.9 m/s, wind level: 1, wind direction angle: 299.8, wind direction: WNW
2025-07-10 13:19:30 - ModbusReader - INFO - wind speed: 0.8 m/s, wind level: 1, wind direction angle: 196.3, wind direction: SSW
2025-07-10 13:20:01 - ModbusReader - INFO - wind speed: 0.6 m/s, wind level: 1, wind direction angle: 162.4, wind direction: SSE
2025-07-10 13:20:01 - ModbusReader - INFO - wind speed: 0.6 m/s, wind level: 1, wind direction angle: 162.4, wind direction: SSE
2025-07-10 13:20:32 - ModbusReader - INFO - wind speed: 1.1 m/s, wind level: 1, wind direction angle: 187.5, wind direction: S
2025-07-10 13:20:32 - ModbusReader - INFO - wind speed: 1.1 m/s, wind level: 1, wind direction angle: 187.5, wind direction: S
2025-07-10 13:21:03 - ModbusReader - INFO - wind speed: 0.7 m/s, wind level: 1, wind direction angle: 256.3, wind direction: WSW
2025-07-10 13:21:04 - ModbusReader - INFO - wind speed: 0.7 m/s, wind level: 1, wind direction angle: 256.3, wind direction: WSW
2025-07-10 13:21:34 - ModbusReader - INFO - wind speed: 0.2 m/s, wind level: 0, wind direction angle: 212.9, wind direction: SSW
2025-07-10 13:21:35 - ModbusReader - INFO - wind speed: 0.2 m/s, wind level: 0, wind direction angle: 212.9, wind direction: SSW
2025-07-10 13:22:05 - ModbusReader - INFO - wind speed: 0.0 m/s, wind level: 0, wind direction angle: 198.1, wind direction: SSW
2025-07-10 13:22:06 - ModbusReader - INFO - wind speed: 0.0 m/s, wind level: 0, wind direction angle: 198.1, wind direction: SSW
2025-07-10 13:22:37 - ModbusReader - INFO - wind speed: 0.0 m/s, wind level: 0, wind direction angle: 40.3, wind direction: EN
2025-07-10 13:22:37 - ModbusReader - INFO - wind speed: 0.0 m/s, wind level: 0, wind direction angle: 40.3, wind direction: EN
2025-07-10 13:23:08 - ModbusReader - INFO - wind speed: 0.0 m/s, wind level: 0, wind direction angle: 106.7, wind direction: ESE
2025-07-10 13:23:08 - ModbusReader - INFO - wind speed: 0.0 m/s, wind level: 0, wind direction angle: 106.7, wind direction: ESE
2025-07-10 13:23:39 - ModbusReader - INFO - wind speed: 0.0 m/s, wind level: 0, wind direction angle: 39.3, wind direction: EN
2025-07-10 13:23:40 - ModbusReader - INFO - wind speed: 0.0 m/s, wind level: 0, wind direction angle: 39.3, wind direction: EN
2025-07-10 13:24:10 - ModbusReader - INFO - wind speed: 0.0 m/s, wind level: 0, wind direction angle: 163.4, wind direction: SSE
2025-07-10 13:24:11 - ModbusReader - INFO - wind speed: 0.0 m/s, wind level: 0, wind direction angle: 163.4, wind direction: SSE
2025-07-10 13:24:41 - ModbusReader - INFO - wind speed: 0.0 m/s, wind level: 0, wind direction angle: 303.8, wind direction: WN
2025-07-10 13:24:42 - ModbusReader - INFO - wind speed: 0.0 m/s, wind level: 0, wind direction angle: 303.8, wind direction: WN
2025-07-10 13:25:13 - ModbusReader - INFO - wind speed: 0.0 m/s, wind level: 0, wind direction angle: 98.1, wind direction: E
2025-07-10 13:25:13 - ModbusReader - INFO - wind speed: 0.0 m/s, wind level: 0, wind direction angle: 98.1, wind direction: E
2025-07-10 13:25:44 - ModbusReader - INFO - wind speed: 1.0 m/s, wind level: 1, wind direction angle: 118.4, wind direction: ESE
2025-07-10 13:25:44 - ModbusReader - INFO - wind speed: 1.0 m/s, wind level: 1, wind direction angle: 118.4, wind direction: ESE
2025-07-10 13:26:15 - ModbusReader - INFO - wind speed: 0.4 m/s, wind level: 1, wind direction angle: 300.9, wind direction: WNW
2025-07-10 13:26:16 - ModbusReader - INFO - wind speed: 0.4 m/s, wind level: 1, wind direction angle: 300.9, wind direction: WNW
2025-07-10 13:26:46 - ModbusReader - INFO - wind speed: 0.4 m/s, wind level: 1, wind direction angle: 175.7, wind direction: S
2025-07-10 13:26:47 - ModbusReader - INFO - wind speed: 0.6 m/s, wind level: 1, wind direction angle: 137.3, wind direction: ES
2025-07-10 13:27:17 - ModbusReader - INFO - wind speed: 0.8 m/s, wind level: 1, wind direction angle: 187.3, wind direction: S
2025-07-10 13:27:18 - ModbusReader - INFO - wind speed: 0.8 m/s, wind level: 1, wind direction angle: 187.3, wind direction: S
2025-07-10 13:27:49 - ModbusReader - INFO - wind speed: 0.6 m/s, wind level: 1, wind direction angle: 39.3, wind direction: EN
2025-07-10 13:27:49 - ModbusReader - INFO - wind speed: 0.6 m/s, wind level: 1, wind direction angle: 39.3, wind direction: EN
2025-07-10 13:28:20 - ModbusReader - INFO - wind speed: 0.0 m/s, wind level: 0, wind direction angle: 341.3, wind direction: NNW
2025-07-10 13:28:20 - ModbusReader - INFO - wind speed: 0.0 m/s, wind level: 0, wind direction angle: 341.3, wind direction: NNW
2025-07-10 13:28:51 - ModbusReader - INFO - wind speed: 0.0 m/s, wind level: 0, wind direction angle: 37.8, wind direction: EN
2025-07-10 13:28:52 - ModbusReader - INFO - wind speed: 0.0 m/s, wind level: 0, wind direction angle: 37.8, wind direction: EN
2025-07-10 13:29:22 - ModbusReader - INFO - wind speed: 0.0 m/s, wind level: 0, wind direction angle: 117.4, wind direction: ESE
2025-07-10 13:29:23 - ModbusReader - INFO - wind speed: 0.0 m/s, wind level: 0, wind direction angle: 117.4, wind direction: ESE
2025-07-10 13:29:53 - ModbusReader - INFO - wind speed: 0.5 m/s, wind level: 1, wind direction angle: 204.0, wind direction: SSW
2025-07-10 13:29:54 - ModbusReader - INFO - wind speed: 0.5 m/s, wind level: 1, wind direction angle: 204.0, wind direction: SSW
2025-07-10 13:30:25 - ModbusReader - INFO - wind speed: 0.0 m/s, wind level: 0, wind direction angle: 172.0, wind direction: S
2025-07-10 13:30:25 - ModbusReader - INFO - wind speed: 0.0 m/s, wind level: 0, wind direction angle: 172.0, wind direction: S
2025-07-10 13:30:56 - ModbusReader - INFO - wind speed: 0.0 m/s, wind level: 0, wind direction angle: 165.0, wind direction: SSE
2025-07-10 13:30:56 - ModbusReader - INFO - wind speed: 0.0 m/s, wind level: 0, wind direction angle: 165.0, wind direction: SSE
2025-07-10 13:31:27 - ModbusReader - INFO - wind speed: 0.0 m/s, wind level: 0, wind direction angle: 248.3, wind direction: WSW
2025-07-10 13:31:28 - ModbusReader - INFO - wind speed: 0.0 m/s, wind level: 0, wind direction angle: 248.3, wind direction: WSW
2025-07-10 13:31:58 - ModbusReader - INFO - wind speed: 0.0 m/s, wind level: 0, wind direction angle: 208.3, wind direction: SSW
2025-07-10 13:31:59 - ModbusReader - INFO - wind speed: 0.0 m/s, wind level: 0, wind direction angle: 208.3, wind direction: SSW
2025-07-10 13:32:29 - ModbusReader - INFO - wind speed: 0.0 m/s, wind level: 0, wind direction angle: 229.5, wind direction: WS
2025-07-10 13:32:30 - ModbusReader - INFO - wind speed: 0.0 m/s, wind level: 0, wind direction angle: 229.5, wind direction: WS
2025-07-10 13:33:01 - ModbusReader - INFO - wind speed: 0.8 m/s, wind level: 1, wind direction angle: 251.0, wind direction: WSW
2025-07-10 13:33:01 - ModbusReader - INFO - wind speed: 0.8 m/s, wind level: 1, wind direction angle: 251.0, wind direction: WSW
2025-07-10 13:33:32 - ModbusReader - INFO - wind speed: 0.0 m/s, wind level: 0, wind direction angle: 159.8, wind direction: SSE
2025-07-10 13:33:32 - ModbusReader - INFO - wind speed: 0.0 m/s, wind level: 0, wind direction angle: 159.8, wind direction: SSE
2025-07-10 13:34:03 - ModbusReader - INFO - wind speed: 0.0 m/s, wind level: 0, wind direction angle: 132.1, wind direction: ES
2025-07-10 13:34:04 - ModbusReader - INFO - wind speed: 0.0 m/s, wind level: 0, wind direction angle: 337.5, wind direction: NNW
2025-07-10 13:34:34 - ModbusReader - INFO - wind speed: 0.0 m/s, wind level: 0, wind direction angle: 53.7, wind direction: EN
2025-07-10 13:34:35 - ModbusReader - INFO - wind speed: 0.0 m/s, wind level: 0, wind direction angle: 53.7, wind direction: EN
2025-07-10 13:35:05 - ModbusReader - INFO - wind speed: 0.0 m/s, wind level: 0, wind direction angle: 123.9, wind direction: ES
2025-07-10 13:35:06 - ModbusReader - INFO - wind speed: 0.0 m/s, wind level: 0, wind direction angle: 123.9, wind direction: ES
2025-07-10 13:35:37 - ModbusReader - INFO - wind speed: 0.9 m/s, wind level: 1, wind direction angle: 159.6, wind direction: SSE
2025-07-10 13:35:37 - ModbusReader - INFO - wind speed: 0.9 m/s, wind level: 1, wind direction angle: 159.6, wind direction: SSE
2025-07-10 13:36:08 - ModbusReader - INFO - wind speed: 0.2 m/s, wind level: 0, wind direction angle: 160.1, wind direction: SSE
2025-07-10 13:36:08 - ModbusReader - INFO - wind speed: 0.2 m/s, wind level: 0, wind direction angle: 160.1, wind direction: SSE
2025-07-10 13:36:39 - ModbusReader - INFO - wind speed: 0.0 m/s, wind level: 0, wind direction angle: 152.4, wind direction: SSE
2025-07-10 13:36:40 - ModbusReader - INFO - wind speed: 0.0 m/s, wind level: 0, wind direction angle: 152.4, wind direction: SSE
2025-07-10 13:37:10 - ModbusReader - INFO - wind speed: 0.0 m/s, wind level: 0, wind direction angle: 230.1, wind direction: WS
2025-07-10 13:37:11 - ModbusReader - INFO - wind speed: 0.0 m/s, wind level: 0, wind direction angle: 230.1, wind direction: WS
2025-07-10 13:37:41 - ModbusReader - INFO - wind speed: 0.0 m/s, wind level: 0, wind direction angle: 336.8, wind direction: NNW
2025-07-10 13:37:42 - ModbusReader - INFO - wind speed: 0.0 m/s, wind level: 0, wind direction angle: 336.8, wind direction: NNW
2025-07-10 13:38:13 - ModbusReader - INFO - wind speed: 0.0 m/s, wind level: 0, wind direction angle: 277.3, wind direction: W
2025-07-10 13:38:13 - ModbusReader - INFO - wind speed: 0.0 m/s, wind level: 0, wind direction angle: 277.3, wind direction: W
2025-07-10 13:38:44 - ModbusReader - INFO - wind speed: 0.0 m/s, wind level: 0, wind direction angle: 247.6, wind direction: WSW
2025-07-10 13:38:44 - ModbusReader - INFO - wind speed: 0.0 m/s, wind level: 0, wind direction angle: 247.6, wind direction: WSW
2025-07-10 13:39:15 - ModbusReader - INFO - wind speed: 0.0 m/s, wind level: 0, wind direction angle: 11.2, wind direction: N
2025-07-10 13:39:16 - ModbusReader - INFO - wind speed: 0.0 m/s, wind level: 0, wind direction angle: 11.2, wind direction: N
2025-07-10 13:39:46 - ModbusReader - INFO - wind speed: 0.0 m/s, wind level: 0, wind direction angle: 119.8, wind direction: ESE
2025-07-10 13:39:47 - ModbusReader - INFO - wind speed: 0.0 m/s, wind level: 0, wind direction angle: 119.8, wind direction: ESE
2025-07-10 13:40:17 - ModbusReader - INFO - wind speed: 0.0 m/s, wind level: 0, wind direction angle: 92.2, wind direction: E
2025-07-10 13:40:18 - ModbusReader - INFO - wind speed: 0.0 m/s, wind level: 0, wind direction angle: 92.2, wind direction: E
2025-07-10 13:40:49 - ModbusReader - INFO - wind speed: 0.0 m/s, wind level: 0, wind direction angle: 210.1, wind direction: SSW
2025-07-10 13:40:49 - ModbusReader - INFO - wind speed: 0.0 m/s, wind level: 0, wind direction angle: 210.1, wind direction: SSW
2025-07-10 13:41:20 - ModbusReader - INFO - wind speed: 0.0 m/s, wind level: 0, wind direction angle: 25.0, wind direction: NNE
2025-07-10 13:41:20 - ModbusReader - INFO - wind speed: 0.0 m/s, wind level: 0, wind direction angle: 16.5, wind direction: NNE
2025-07-10 13:41:51 - ModbusReader - INFO - wind speed: 0.0 m/s, wind level: 0, wind direction angle: 175.4, wind direction: S
2025-07-10 13:41:52 - ModbusReader - INFO - wind speed: 0.0 m/s, wind level: 0, wind direction angle: 175.4, wind direction: S
2025-07-10 13:42:22 - ModbusReader - INFO - wind speed: 0.0 m/s, wind level: 0, wind direction angle: 210.2, wind direction: SSW
2025-07-10 13:42:23 - ModbusReader - INFO - wind speed: 0.0 m/s, wind level: 0, wind direction angle: 210.2, wind direction: SSW
2025-07-10 13:42:53 - ModbusReader - INFO - wind speed: 0.0 m/s, wind level: 0, wind direction angle: 170.9, wind direction: S
2025-07-10 13:42:54 - ModbusReader - INFO - wind speed: 0.0 m/s, wind level: 0, wind direction angle: 170.9, wind direction: S
2025-07-10 13:43:25 - ModbusReader - INFO - wind speed: 0.0 m/s, wind level: 0, wind direction angle: 162.2, wind direction: SSE
2025-07-10 13:43:25 - ModbusReader - INFO - wind speed: 0.0 m/s, wind level: 0, wind direction angle: 162.2, wind direction: SSE
2025-07-10 13:43:56 - ModbusReader - INFO - wind speed: 1.5 m/s, wind level: 1, wind direction angle: 168.4, wind direction: SSE
2025-07-10 13:43:56 - ModbusReader - INFO - wind speed: 1.5 m/s, wind level: 1, wind direction angle: 168.4, wind direction: SSE
2025-07-10 13:44:27 - ModbusReader - INFO - wind speed: 0.7 m/s, wind level: 1, wind direction angle: 9.5, wind direction: N
2025-07-10 13:44:28 - ModbusReader - INFO - wind speed: 0.7 m/s, wind level: 1, wind direction angle: 9.5, wind direction: N
2025-07-10 13:44:58 - ModbusReader - INFO - wind speed: 0.0 m/s, wind level: 0, wind direction angle: 191.1, wind direction: S
2025-07-10 13:44:59 - ModbusReader - INFO - wind speed: 0.0 m/s, wind level: 0, wind direction angle: 191.1, wind direction: S
2025-07-10 13:45:29 - ModbusReader - INFO - wind speed: 0.0 m/s, wind level: 0, wind direction angle: 270.5, wind direction: W
2025-07-10 13:45:30 - ModbusReader - INFO - wind speed: 0.0 m/s, wind level: 0, wind direction angle: 270.5, wind direction: W
2025-07-10 13:46:01 - ModbusReader - INFO - wind speed: 0.0 m/s, wind level: 0, wind direction angle: 160.6, wind direction: SSE
2025-07-10 13:46:01 - ModbusReader - INFO - wind speed: 0.0 m/s, wind level: 0, wind direction angle: 160.6, wind direction: SSE
2025-07-10 13:46:32 - ModbusReader - INFO - wind speed: 0.0 m/s, wind level: 0, wind direction angle: 17.9, wind direction: NNE
2025-07-10 13:46:32 - ModbusReader - INFO - wind speed: 0.0 m/s, wind level: 0, wind direction angle: 17.9, wind direction: NNE
2025-07-10 13:47:03 - ModbusReader - INFO - wind speed: 0.0 m/s, wind level: 0, wind direction angle: 50.2, wind direction: EN
2025-07-10 13:47:04 - ModbusReader - INFO - wind speed: 0.0 m/s, wind level: 0, wind direction angle: 50.2, wind direction: EN
2025-07-10 13:47:34 - ModbusReader - INFO - wind speed: 0.0 m/s, wind level: 0, wind direction angle: 347.4, wind direction: NNW
2025-07-10 13:47:35 - ModbusReader - INFO - wind speed: 0.0 m/s, wind level: 0, wind direction angle: 347.4, wind direction: NNW
2025-07-10 13:48:05 - ModbusReader - INFO - wind speed: 0.0 m/s, wind level: 0, wind direction angle: 65.4, wind direction: ENE
2025-07-10 13:48:06 - ModbusReader - INFO - wind speed: 0.0 m/s, wind level: 0, wind direction angle: 65.4, wind direction: ENE
2025-07-10 13:48:37 - ModbusReader - INFO - wind speed: 0.0 m/s, wind level: 0, wind direction angle: 16.2, wind direction: NNE
2025-07-10 13:48:37 - ModbusReader - INFO - wind speed: 0.0 m/s, wind level: 0, wind direction angle: 114.6, wind direction: ESE
2025-07-10 13:49:08 - ModbusReader - INFO - wind speed: 0.0 m/s, wind level: 0, wind direction angle: 318.8, wind direction: WN
2025-07-10 13:49:08 - ModbusReader - INFO - wind speed: 0.0 m/s, wind level: 0, wind direction angle: 318.8, wind direction: WN
2025-07-10 13:49:39 - ModbusReader - INFO - wind speed: 0.0 m/s, wind level: 0, wind direction angle: 207.1, wind direction: SSW
2025-07-10 13:49:40 - ModbusReader - INFO - wind speed: 0.0 m/s, wind level: 0, wind direction angle: 207.1, wind direction: SSW
2025-07-10 13:50:10 - ModbusReader - INFO - wind speed: 0.0 m/s, wind level: 0, wind direction angle: 326.9, wind direction: NNW
2025-07-10 13:50:11 - ModbusReader - INFO - wind speed: 0.0 m/s, wind level: 0, wind direction angle: 326.9, wind direction: NNW
2025-07-10 13:50:41 - ModbusReader - INFO - wind speed: 0.0 m/s, wind level: 0, wind direction angle: 142.2, wind direction: ES
2025-07-10 13:50:42 - ModbusReader - INFO - wind speed: 0.0 m/s, wind level: 0, wind direction angle: 142.2, wind direction: ES
2025-07-10 13:51:13 - ModbusReader - INFO - wind speed: 0.0 m/s, wind level: 0, wind direction angle: 311.8, wind direction: WN
2025-07-10 13:51:13 - ModbusReader - INFO - wind speed: 0.0 m/s, wind level: 0, wind direction angle: 311.8, wind direction: WN
2025-07-10 13:51:44 - ModbusReader - INFO - wind speed: 0.0 m/s, wind level: 0, wind direction angle: 170.4, wind direction: S
2025-07-10 13:51:44 - ModbusReader - INFO - wind speed: 0.0 m/s, wind level: 0, wind direction angle: 170.4, wind direction: S
2025-07-10 13:52:15 - ModbusReader - INFO - wind speed: 0.0 m/s, wind level: 0, wind direction angle: 226.6, wind direction: WS
2025-07-10 13:52:16 - ModbusReader - INFO - wind speed: 0.0 m/s, wind level: 0, wind direction angle: 226.6, wind direction: WS
2025-07-10 13:52:46 - ModbusReader - INFO - wind speed: 0.0 m/s, wind level: 0, wind direction angle: 108.3, wind direction: ESE
2025-07-10 13:52:47 - ModbusReader - INFO - wind speed: 0.0 m/s, wind level: 0, wind direction angle: 108.3, wind direction: ESE
2025-07-10 13:53:17 - ModbusReader - INFO - wind speed: 0.0 m/s, wind level: 0, wind direction angle: 97.9, wind direction: E
2025-07-10 13:53:18 - ModbusReader - INFO - wind speed: 0.0 m/s, wind level: 0, wind direction angle: 97.9, wind direction: E
2025-07-10 13:53:49 - ModbusReader - INFO - wind speed: 0.0 m/s, wind level: 0, wind direction angle: 170.6, wind direction: S
2025-07-10 13:53:49 - ModbusReader - INFO - wind speed: 0.0 m/s, wind level: 0, wind direction angle: 170.6, wind direction: S
2025-07-10 13:54:20 - ModbusReader - INFO - wind speed: 0.0 m/s, wind level: 0, wind direction angle: 52.8, wind direction: EN
2025-07-10 13:54:20 - ModbusReader - INFO - wind speed: 0.0 m/s, wind level: 0, wind direction angle: 52.8, wind direction: EN
2025-07-10 13:54:51 - ModbusReader - INFO - wind speed: 0.0 m/s, wind level: 0, wind direction angle: 344.9, wind direction: NNW
2025-07-10 13:54:52 - ModbusReader - INFO - wind speed: 0.0 m/s, wind level: 0, wind direction angle: 344.9, wind direction: NNW
2025-07-10 13:55:22 - ModbusReader - INFO - wind speed: 0.0 m/s, wind level: 0, wind direction angle: 129.4, wind direction: ES
2025-07-10 13:55:23 - ModbusReader - INFO - wind speed: 0.0 m/s, wind level: 0, wind direction angle: 129.4, wind direction: ES
2025-07-10 13:55:53 - ModbusReader - INFO - wind speed: 0.0 m/s, wind level: 0, wind direction angle: 284.6, wind direction: WNW
2025-07-10 13:55:54 - ModbusReader - INFO - wind speed: 0.0 m/s, wind level: 0, wind direction angle: 219.6, wind direction: WS
2025-07-10 13:56:25 - ModbusReader - INFO - wind speed: 0.0 m/s, wind level: 0, wind direction angle: 85.6, wind direction: E
2025-07-10 13:56:25 - ModbusReader - INFO - wind speed: 0.0 m/s, wind level: 0, wind direction angle: 85.6, wind direction: E
2025-07-10 13:56:56 - ModbusReader - INFO - wind speed: 0.0 m/s, wind level: 0, wind direction angle: 131.0, wind direction: ES
2025-07-10 13:56:56 - ModbusReader - INFO - wind speed: 0.0 m/s, wind level: 0, wind direction angle: 131.0, wind direction: ES
2025-07-10 13:57:27 - ModbusReader - INFO - wind speed: 0.6 m/s, wind level: 1, wind direction angle: 29.9, wind direction: NNE
2025-07-10 13:57:28 - ModbusReader - INFO - wind speed: 0.6 m/s, wind level: 1, wind direction angle: 29.9, wind direction: NNE
2025-07-10 13:57:58 - ModbusReader - INFO - wind speed: 0.7 m/s, wind level: 1, wind direction angle: 161.3, wind direction: SSE
2025-07-10 13:57:59 - ModbusReader - INFO - wind speed: 0.7 m/s, wind level: 1, wind direction angle: 161.3, wind direction: SSE
2025-07-10 13:58:29 - ModbusReader - INFO - wind speed: 0.8 m/s, wind level: 1, wind direction angle: 125.2, wind direction: ES
2025-07-10 13:58:30 - ModbusReader - INFO - wind speed: 0.8 m/s, wind level: 1, wind direction angle: 125.2, wind direction: ES
2025-07-10 13:59:01 - ModbusReader - INFO - wind speed: 0.0 m/s, wind level: 0, wind direction angle: 176.9, wind direction: S
2025-07-10 13:59:01 - ModbusReader - INFO - wind speed: 0.0 m/s, wind level: 0, wind direction angle: 176.9, wind direction: S
2025-07-10 13:59:32 - ModbusReader - INFO - wind speed: 0.1 m/s, wind level: 0, wind direction angle: 19.3, wind direction: NNE
2025-07-10 13:59:32 - ModbusReader - INFO - wind speed: 0.1 m/s, wind level: 0, wind direction angle: 19.3, wind direction: NNE
2025-07-10 14:00:03 - ModbusReader - INFO - wind speed: 0.5 m/s, wind level: 1, wind direction angle: 343.3, wind direction: NNW
2025-07-10 14:00:04 - ModbusReader - INFO - wind speed: 0.5 m/s, wind level: 1, wind direction angle: 343.3, wind direction: NNW
2025-07-10 14:00:34 - ModbusReader - INFO - wind speed: 0.5 m/s, wind level: 1, wind direction angle: 15.2, wind direction: NNE
2025-07-10 14:00:35 - ModbusReader - INFO - wind speed: 0.5 m/s, wind level: 1, wind direction angle: 15.2, wind direction: NNE
2025-07-10 14:01:05 - ModbusReader - INFO - wind speed: 0.8 m/s, wind level: 1, wind direction angle: 90.2, wind direction: E
2025-07-10 14:01:06 - ModbusReader - INFO - wind speed: 0.8 m/s, wind level: 1, wind direction angle: 90.2, wind direction: E
2025-07-10 14:01:37 - ModbusReader - INFO - wind speed: 0.8 m/s, wind level: 1, wind direction angle: 310.7, wind direction: WN
2025-07-10 14:01:37 - ModbusReader - INFO - wind speed: 0.8 m/s, wind level: 1, wind direction angle: 310.7, wind direction: WN
2025-07-10 14:02:08 - ModbusReader - INFO - wind speed: 0.0 m/s, wind level: 0, wind direction angle: 92.4, wind direction: E
2025-07-10 14:02:08 - ModbusReader - INFO - wind speed: 0.0 m/s, wind level: 0, wind direction angle: 92.4, wind direction: E
2025-07-10 14:02:39 - ModbusReader - INFO - wind speed: 0.5 m/s, wind level: 1, wind direction angle: 66.5, wind direction: ENE
2025-07-10 14:02:40 - ModbusReader - INFO - wind speed: 0.5 m/s, wind level: 1, wind direction angle: 66.5, wind direction: ENE
2025-07-10 14:03:10 - ModbusReader - INFO - wind speed: 0.4 m/s, wind level: 1, wind direction angle: 23.7, wind direction: NNE
2025-07-10 14:03:11 - ModbusReader - INFO - wind speed: 0.6 m/s, wind level: 1, wind direction angle: 131.9, wind direction: ES
2025-07-10 14:03:41 - ModbusReader - INFO - wind speed: 0.7 m/s, wind level: 1, wind direction angle: 84.4, wind direction: E
2025-07-10 14:03:42 - ModbusReader - INFO - wind speed: 0.7 m/s, wind level: 1, wind direction angle: 84.4, wind direction: E
2025-07-10 14:04:13 - ModbusReader - INFO - wind speed: 0.1 m/s, wind level: 0, wind direction angle: 227.0, wind direction: WS
2025-07-10 14:04:13 - ModbusReader - INFO - wind speed: 0.1 m/s, wind level: 0, wind direction angle: 227.0, wind direction: WS
2025-07-10 14:04:44 - ModbusReader - INFO - wind speed: 1.3 m/s, wind level: 1, wind direction angle: 155.2, wind direction: SSE
2025-07-10 14:04:44 - ModbusReader - INFO - wind speed: 1.3 m/s, wind level: 1, wind direction angle: 155.2, wind direction: SSE
2025-07-10 14:05:15 - ModbusReader - INFO - wind speed: 0.7 m/s, wind level: 1, wind direction angle: 117.7, wind direction: ESE
2025-07-10 14:05:16 - ModbusReader - INFO - wind speed: 0.7 m/s, wind level: 1, wind direction angle: 117.7, wind direction: ESE
2025-07-10 14:05:46 - ModbusReader - INFO - wind speed: 0.0 m/s, wind level: 0, wind direction angle: 75.7, wind direction: ENE
2025-07-10 14:05:47 - ModbusReader - INFO - wind speed: 0.0 m/s, wind level: 0, wind direction angle: 75.7, wind direction: ENE
2025-07-10 14:06:17 - ModbusReader - INFO - wind speed: 0.0 m/s, wind level: 0, wind direction angle: 178.0, wind direction: S
2025-07-10 14:06:18 - ModbusReader - INFO - wind speed: 0.0 m/s, wind level: 0, wind direction angle: 178.0, wind direction: S
2025-07-10 14:06:49 - ModbusReader - INFO - wind speed: 0.7 m/s, wind level: 1, wind direction angle: 32.1, wind direction: NNE
2025-07-10 14:06:49 - ModbusReader - INFO - wind speed: 0.7 m/s, wind level: 1, wind direction angle: 32.1, wind direction: NNE
2025-07-10 14:07:20 - ModbusReader - INFO - wind speed: 0.8 m/s, wind level: 1, wind direction angle: 161.6, wind direction: SSE
2025-07-10 14:07:20 - ModbusReader - INFO - wind speed: 0.8 m/s, wind level: 1, wind direction angle: 161.6, wind direction: SSE
2025-07-10 14:07:51 - ModbusReader - INFO - wind speed: 1.2 m/s, wind level: 1, wind direction angle: 35.1, wind direction: EN
2025-07-10 14:07:52 - ModbusReader - INFO - wind speed: 1.2 m/s, wind level: 1, wind direction angle: 35.1, wind direction: EN
2025-07-10 14:08:22 - ModbusReader - INFO - wind speed: 0.5 m/s, wind level: 1, wind direction angle: 154.3, wind direction: SSE
2025-07-10 14:08:23 - ModbusReader - INFO - wind speed: 0.5 m/s, wind level: 1, wind direction angle: 154.3, wind direction: SSE
2025-07-10 14:08:53 - ModbusReader - INFO - wind speed: 1.6 m/s, wind level: 2, wind direction angle: 198.6, wind direction: SSW
2025-07-10 14:08:54 - ModbusReader - INFO - wind speed: 1.6 m/s, wind level: 2, wind direction angle: 198.6, wind direction: SSW
2025-07-10 14:09:25 - ModbusReader - INFO - wind speed: 1.3 m/s, wind level: 1, wind direction angle: 179.0, wind direction: S
2025-07-10 14:09:25 - ModbusReader - INFO - wind speed: 1.3 m/s, wind level: 1, wind direction angle: 179.0, wind direction: S
2025-07-10 14:09:56 - ModbusReader - INFO - wind speed: 0.8 m/s, wind level: 1, wind direction angle: 265.2, wind direction: W
2025-07-10 14:09:56 - ModbusReader - INFO - wind speed: 0.8 m/s, wind level: 1, wind direction angle: 265.2, wind direction: W
2025-07-10 14:10:27 - ModbusReader - INFO - wind speed: 0.5 m/s, wind level: 1, wind direction angle: 279.2, wind direction: W
2025-07-10 14:10:28 - ModbusReader - INFO - wind speed: 0.4 m/s, wind level: 1, wind direction angle: 319.9, wind direction: WN
2025-07-10 14:10:58 - ModbusReader - INFO - wind speed: 0.5 m/s, wind level: 1, wind direction angle: 266.8, wind direction: W
2025-07-10 14:10:59 - ModbusReader - INFO - wind speed: 0.5 m/s, wind level: 1, wind direction angle: 266.8, wind direction: W
2025-07-10 14:11:29 - ModbusReader - INFO - wind speed: 0.8 m/s, wind level: 1, wind direction angle: 145.2, wind direction: ES
2025-07-10 14:11:30 - ModbusReader - INFO - wind speed: 0.8 m/s, wind level: 1, wind direction angle: 145.2, wind direction: ES
2025-07-10 14:12:01 - ModbusReader - INFO - wind speed: 0.8 m/s, wind level: 1, wind direction angle: 180.6, wind direction: S
2025-07-10 14:12:01 - ModbusReader - INFO - wind speed: 0.8 m/s, wind level: 1, wind direction angle: 180.6, wind direction: S
2025-07-10 14:12:32 - ModbusReader - INFO - wind speed: 0.9 m/s, wind level: 1, wind direction angle: 191.6, wind direction: SSW
2025-07-10 14:12:32 - ModbusReader - INFO - wind speed: 0.9 m/s, wind level: 1, wind direction angle: 191.6, wind direction: SSW
2025-07-10 14:13:03 - ModbusReader - INFO - wind speed: 0.1 m/s, wind level: 0, wind direction angle: 208.3, wind direction: SSW
2025-07-10 14:13:04 - ModbusReader - INFO - wind speed: 0.1 m/s, wind level: 0, wind direction angle: 208.3, wind direction: SSW
2025-07-10 14:13:34 - ModbusReader - INFO - wind speed: 0.0 m/s, wind level: 0, wind direction angle: 187.0, wind direction: S
2025-07-10 14:13:35 - ModbusReader - INFO - wind speed: 0.0 m/s, wind level: 0, wind direction angle: 187.0, wind direction: S
2025-07-10 14:14:05 - ModbusReader - INFO - wind speed: 1.0 m/s, wind level: 1, wind direction angle: 143.8, wind direction: ES
2025-07-10 14:14:06 - ModbusReader - INFO - wind speed: 1.0 m/s, wind level: 1, wind direction angle: 143.8, wind direction: ES
2025-07-10 14:14:37 - ModbusReader - INFO - wind speed: 0.5 m/s, wind level: 1, wind direction angle: 117.3, wind direction: ESE
2025-07-10 14:14:37 - ModbusReader - INFO - wind speed: 0.5 m/s, wind level: 1, wind direction angle: 117.3, wind direction: ESE
2025-07-10 14:15:08 - ModbusReader - INFO - wind speed: 0.6 m/s, wind level: 1, wind direction angle: 262.2, wind direction: W
2025-07-10 14:15:08 - ModbusReader - INFO - wind speed: 0.6 m/s, wind level: 1, wind direction angle: 262.2, wind direction: W
2025-07-10 14:15:39 - ModbusReader - INFO - wind speed: 0.0 m/s, wind level: 0, wind direction angle: 265.4, wind direction: W
2025-07-10 14:15:40 - ModbusReader - INFO - wind speed: 0.0 m/s, wind level: 0, wind direction angle: 265.4, wind direction: W
2025-07-10 14:16:10 - ModbusReader - INFO - wind speed: 0.8 m/s, wind level: 1, wind direction angle: 141.2, wind direction: ES
2025-07-10 14:16:11 - ModbusReader - INFO - wind speed: 0.8 m/s, wind level: 1, wind direction angle: 141.2, wind direction: ES
2025-07-10 14:16:41 - ModbusReader - INFO - wind speed: 0.5 m/s, wind level: 1, wind direction angle: 92.3, wind direction: E
2025-07-10 14:16:42 - ModbusReader - INFO - wind speed: 0.5 m/s, wind level: 1, wind direction angle: 92.3, wind direction: E
2025-07-10 14:17:13 - ModbusReader - INFO - wind speed: 0.9 m/s, wind level: 1, wind direction angle: 164.9, wind direction: SSE
2025-07-10 14:17:13 - ModbusReader - INFO - wind speed: 0.9 m/s, wind level: 1, wind direction angle: 164.9, wind direction: SSE
2025-07-10 14:17:44 - ModbusReader - INFO - wind speed: 0.5 m/s, wind level: 1, wind direction angle: 75.5, wind direction: ENE
2025-07-10 14:17:44 - ModbusReader - INFO - wind speed: 0.5 m/s, wind level: 1, wind direction angle: 75.5, wind direction: ENE
2025-07-10 14:18:15 - ModbusReader - INFO - wind speed: 0.9 m/s, wind level: 1, wind direction angle: 57.1, wind direction: ENE
2025-07-10 14:18:16 - ModbusReader - INFO - wind speed: 0.9 m/s, wind level: 1, wind direction angle: 57.1, wind direction: ENE
2025-07-10 14:18:46 - ModbusReader - INFO - wind speed: 0.7 m/s, wind level: 1, wind direction angle: 294.2, wind direction: WNW
2025-07-10 14:18:47 - ModbusReader - INFO - wind speed: 0.7 m/s, wind level: 1, wind direction angle: 294.2, wind direction: WNW
2025-07-10 14:19:17 - ModbusReader - INFO - wind speed: 0.5 m/s, wind level: 1, wind direction angle: 67.5, wind direction: ENE
2025-07-10 14:19:18 - ModbusReader - INFO - wind speed: 0.5 m/s, wind level: 1, wind direction angle: 67.5, wind direction: ENE
2025-07-10 14:19:49 - ModbusReader - INFO - wind speed: 0.9 m/s, wind level: 1, wind direction angle: 358.9, wind direction: N
2025-07-10 14:19:49 - ModbusReader - INFO - wind speed: 0.9 m/s, wind level: 1, wind direction angle: 358.9, wind direction: N
2025-07-10 14:20:20 - ModbusReader - INFO - wind speed: 0.6 m/s, wind level: 1, wind direction angle: 217.3, wind direction: WS
2025-07-10 14:20:20 - ModbusReader - INFO - wind speed: 0.6 m/s, wind level: 1, wind direction angle: 217.3, wind direction: WS
2025-07-10 14:20:51 - ModbusReader - INFO - wind speed: 0.7 m/s, wind level: 1, wind direction angle: 184.5, wind direction: S
2025-07-10 14:20:52 - ModbusReader - INFO - wind speed: 0.7 m/s, wind level: 1, wind direction angle: 184.5, wind direction: S
2025-07-10 14:21:22 - ModbusReader - INFO - wind speed: 0.0 m/s, wind level: 0, wind direction angle: 162.1, wind direction: SSE
2025-07-10 14:21:23 - ModbusReader - INFO - wind speed: 0.0 m/s, wind level: 0, wind direction angle: 162.1, wind direction: SSE
2025-07-10 14:21:53 - ModbusReader - INFO - wind speed: 0.0 m/s, wind level: 0, wind direction angle: 359.3, wind direction: N
2025-07-10 14:21:54 - ModbusReader - INFO - wind speed: 0.0 m/s, wind level: 0, wind direction angle: 359.3, wind direction: N
2025-07-10 14:22:25 - ModbusReader - INFO - wind speed: 0.1 m/s, wind level: 0, wind direction angle: 235.4, wind direction: WS
2025-07-10 14:22:25 - ModbusReader - INFO - wind speed: 0.1 m/s, wind level: 0, wind direction angle: 235.4, wind direction: WS
2025-07-10 14:22:56 - ModbusReader - INFO - wind speed: 0.0 m/s, wind level: 0, wind direction angle: 190.9, wind direction: S
2025-07-10 14:22:56 - ModbusReader - INFO - wind speed: 0.0 m/s, wind level: 0, wind direction angle: 190.9, wind direction: S
2025-07-10 14:23:27 - ModbusReader - INFO - wind speed: 0.4 m/s, wind level: 1, wind direction angle: 126.0, wind direction: ES
2025-07-10 14:23:28 - ModbusReader - INFO - wind speed: 0.4 m/s, wind level: 1, wind direction angle: 126.0, wind direction: ES
2025-07-10 14:23:58 - ModbusReader - INFO - wind speed: 0.8 m/s, wind level: 1, wind direction angle: 106.8, wind direction: ESE
2025-07-10 14:23:59 - ModbusReader - INFO - wind speed: 0.8 m/s, wind level: 1, wind direction angle: 106.8, wind direction: ESE
2025-07-10 14:24:29 - ModbusReader - INFO - wind speed: 0.5 m/s, wind level: 1, wind direction angle: 87.8, wind direction: E
2025-07-10 14:24:30 - ModbusReader - INFO - wind speed: 0.5 m/s, wind level: 1, wind direction angle: 87.8, wind direction: E
2025-07-10 14:25:01 - ModbusReader - INFO - wind speed: 1.1 m/s, wind level: 1, wind direction angle: 136.2, wind direction: ES
2025-07-10 14:25:01 - ModbusReader - INFO - wind speed: 1.1 m/s, wind level: 1, wind direction angle: 136.2, wind direction: ES
2025-07-10 14:25:32 - ModbusReader - INFO - wind speed: 0.8 m/s, wind level: 1, wind direction angle: 94.4, wind direction: E
2025-07-10 14:25:32 - ModbusReader - INFO - wind speed: 0.8 m/s, wind level: 1, wind direction angle: 94.4, wind direction: E
2025-07-10 14:26:03 - ModbusReader - INFO - wind speed: 0.7 m/s, wind level: 1, wind direction angle: 173.2, wind direction: S
2025-07-10 14:26:04 - ModbusReader - INFO - wind speed: 0.7 m/s, wind level: 1, wind direction angle: 173.2, wind direction: S
2025-07-10 14:26:34 - ModbusReader - INFO - wind speed: 1.3 m/s, wind level: 1, wind direction angle: 124.6, wind direction: ES
2025-07-10 14:26:35 - ModbusReader - INFO - wind speed: 1.3 m/s, wind level: 1, wind direction angle: 124.6, wind direction: ES
2025-07-10 14:27:05 - ModbusReader - INFO - wind speed: 0.8 m/s, wind level: 1, wind direction angle: 142.5, wind direction: ES
2025-07-10 14:27:06 - ModbusReader - INFO - wind speed: 0.8 m/s, wind level: 1, wind direction angle: 142.5, wind direction: ES
2025-07-10 14:27:37 - ModbusReader - INFO - wind speed: 1.1 m/s, wind level: 1, wind direction angle: 174.7, wind direction: S
2025-07-10 14:27:37 - ModbusReader - INFO - wind speed: 1.1 m/s, wind level: 1, wind direction angle: 174.7, wind direction: S
2025-07-10 14:28:08 - ModbusReader - INFO - wind speed: 0.8 m/s, wind level: 1, wind direction angle: 48.9, wind direction: EN
2025-07-10 14:28:08 - ModbusReader - INFO - wind speed: 0.8 m/s, wind level: 1, wind direction angle: 48.9, wind direction: EN
2025-07-10 14:28:39 - ModbusReader - INFO - wind speed: 0.8 m/s, wind level: 1, wind direction angle: 91.4, wind direction: E
2025-07-10 14:28:39 - ModbusReader - INFO - wind speed: 0.8 m/s, wind level: 1, wind direction angle: 91.4, wind direction: E
2025-07-10 14:29:10 - ModbusReader - INFO - wind speed: 0.8 m/s, wind level: 1, wind direction angle: 19.9, wind direction: NNE
2025-07-10 14:29:11 - ModbusReader - INFO - wind speed: 0.8 m/s, wind level: 1, wind direction angle: 19.9, wind direction: NNE
2025-07-10 14:29:41 - ModbusReader - INFO - wind speed: 1.0 m/s, wind level: 1, wind direction angle: 150.1, wind direction: SSE
2025-07-10 14:29:42 - ModbusReader - INFO - wind speed: 1.0 m/s, wind level: 1, wind direction angle: 150.1, wind direction: SSE
2025-07-10 14:30:13 - ModbusReader - INFO - wind speed: 0.7 m/s, wind level: 1, wind direction angle: 122.1, wind direction: ESE
2025-07-10 14:30:13 - ModbusReader - INFO - wind speed: 0.7 m/s, wind level: 1, wind direction angle: 122.1, wind direction: ESE
2025-07-10 14:30:44 - ModbusReader - INFO - wind speed: 0.6 m/s, wind level: 1, wind direction angle: 190.0, wind direction: S
2025-07-10 14:30:44 - ModbusReader - INFO - wind speed: 0.6 m/s, wind level: 1, wind direction angle: 190.0, wind direction: S
2025-07-10 14:31:15 - ModbusReader - INFO - wind speed: 1.3 m/s, wind level: 1, wind direction angle: 178.7, wind direction: S
2025-07-10 14:31:15 - ModbusReader - INFO - wind speed: 1.3 m/s, wind level: 1, wind direction angle: 178.7, wind direction: S
2025-07-10 14:31:46 - ModbusReader - INFO - wind speed: 1.3 m/s, wind level: 1, wind direction angle: 73.2, wind direction: ENE
2025-07-10 14:31:47 - ModbusReader - INFO - wind speed: 1.3 m/s, wind level: 1, wind direction angle: 73.2, wind direction: ENE
2025-07-10 14:32:17 - ModbusReader - INFO - wind speed: 1.1 m/s, wind level: 1, wind direction angle: 187.2, wind direction: S
2025-07-10 14:32:18 - ModbusReader - INFO - wind speed: 1.1 m/s, wind level: 1, wind direction angle: 187.2, wind direction: S
2025-07-10 14:32:48 - ModbusReader - INFO - wind speed: 1.2 m/s, wind level: 1, wind direction angle: 159.6, wind direction: SSE
2025-07-10 14:32:49 - ModbusReader - INFO - wind speed: 1.2 m/s, wind level: 1, wind direction angle: 159.6, wind direction: SSE
2025-07-10 14:33:20 - ModbusReader - INFO - wind speed: 1.1 m/s, wind level: 1, wind direction angle: 107.6, wind direction: ESE
2025-07-10 14:33:20 - ModbusReader - INFO - wind speed: 1.1 m/s, wind level: 1, wind direction angle: 107.6, wind direction: ESE
2025-07-10 14:33:51 - ModbusReader - INFO - wind speed: 1.3 m/s, wind level: 1, wind direction angle: 101.4, wind direction: ESE
2025-07-10 14:33:51 - ModbusReader - INFO - wind speed: 1.3 m/s, wind level: 1, wind direction angle: 101.4, wind direction: ESE
2025-07-10 14:34:22 - ModbusReader - INFO - wind speed: 0.5 m/s, wind level: 1, wind direction angle: 160.6, wind direction: SSE
2025-07-10 14:34:23 - ModbusReader - INFO - wind speed: 0.5 m/s, wind level: 1, wind direction angle: 160.6, wind direction: SSE
2025-07-10 14:34:53 - ModbusReader - INFO - wind speed: 0.9 m/s, wind level: 1, wind direction angle: 149.8, wind direction: SSE
2025-07-10 14:34:54 - ModbusReader - INFO - wind speed: 0.9 m/s, wind level: 1, wind direction angle: 149.8, wind direction: SSE
2025-07-10 14:35:24 - ModbusReader - INFO - wind speed: 0.7 m/s, wind level: 1, wind direction angle: 164.7, wind direction: SSE
2025-07-10 14:35:25 - ModbusReader - INFO - wind speed: 0.7 m/s, wind level: 1, wind direction angle: 164.7, wind direction: SSE
2025-07-10 14:35:56 - ModbusReader - INFO - wind speed: 0.7 m/s, wind level: 1, wind direction angle: 128.5, wind direction: ES
2025-07-10 14:35:56 - ModbusReader - INFO - wind speed: 0.7 m/s, wind level: 1, wind direction angle: 128.5, wind direction: ES
2025-07-10 14:36:27 - ModbusReader - INFO - wind speed: 1.1 m/s, wind level: 1, wind direction angle: 188.7, wind direction: S
2025-07-10 14:36:27 - ModbusReader - INFO - wind speed: 1.1 m/s, wind level: 1, wind direction angle: 188.7, wind direction: S
2025-07-10 14:36:58 - ModbusReader - INFO - wind speed: 1.0 m/s, wind level: 1, wind direction angle: 195.1, wind direction: SSW
2025-07-10 14:36:59 - ModbusReader - INFO - wind speed: 1.0 m/s, wind level: 1, wind direction angle: 195.1, wind direction: SSW
2025-07-10 14:37:29 - ModbusReader - INFO - wind speed: 0.5 m/s, wind level: 1, wind direction angle: 92.9, wind direction: E
2025-07-10 14:37:30 - ModbusReader - INFO - wind speed: 0.5 m/s, wind level: 1, wind direction angle: 92.9, wind direction: E
2025-07-10 14:38:00 - ModbusReader - INFO - wind speed: 0.0 m/s, wind level: 0, wind direction angle: 141.6, wind direction: ES
2025-07-10 14:38:01 - ModbusReader - INFO - wind speed: 0.0 m/s, wind level: 0, wind direction angle: 141.6, wind direction: ES
2025-07-10 14:38:32 - ModbusReader - INFO - wind speed: 0.8 m/s, wind level: 1, wind direction angle: 75.4, wind direction: ENE
2025-07-10 14:38:32 - ModbusReader - INFO - wind speed: 0.8 m/s, wind level: 1, wind direction angle: 75.4, wind direction: ENE
2025-07-10 14:39:03 - ModbusReader - INFO - wind speed: 0.8 m/s, wind level: 1, wind direction angle: 178.3, wind direction: S
2025-07-10 14:39:03 - ModbusReader - INFO - wind speed: 0.6 m/s, wind level: 1, wind direction angle: 189.6, wind direction: S
2025-07-10 14:39:34 - ModbusReader - INFO - wind speed: 1.0 m/s, wind level: 1, wind direction angle: 143.8, wind direction: ES
2025-07-10 14:39:35 - ModbusReader - INFO - wind speed: 1.0 m/s, wind level: 1, wind direction angle: 143.8, wind direction: ES
2025-07-10 14:40:05 - ModbusReader - INFO - wind speed: 1.1 m/s, wind level: 1, wind direction angle: 209.3, wind direction: SSW
2025-07-10 14:40:06 - ModbusReader - INFO - wind speed: 1.1 m/s, wind level: 1, wind direction angle: 209.3, wind direction: SSW
2025-07-10 14:40:36 - ModbusReader - INFO - wind speed: 1.2 m/s, wind level: 1, wind direction angle: 173.0, wind direction: S
2025-07-10 14:40:37 - ModbusReader - INFO - wind speed: 1.2 m/s, wind level: 1, wind direction angle: 173.0, wind direction: S
2025-07-10 14:41:08 - ModbusReader - INFO - wind speed: 1.3 m/s, wind level: 1, wind direction angle: 163.8, wind direction: SSE
2025-07-10 14:41:08 - ModbusReader - INFO - wind speed: 1.3 m/s, wind level: 1, wind direction angle: 163.8, wind direction: SSE
2025-07-10 14:41:39 - ModbusReader - INFO - wind speed: 0.8 m/s, wind level: 1, wind direction angle: 118.9, wind direction: ESE
2025-07-10 14:41:39 - ModbusReader - INFO - wind speed: 0.8 m/s, wind level: 1, wind direction angle: 118.9, wind direction: ESE
2025-07-10 14:42:10 - ModbusReader - INFO - wind speed: 0.6 m/s, wind level: 1, wind direction angle: 197.1, wind direction: SSW
2025-07-10 14:42:11 - ModbusReader - INFO - wind speed: 0.6 m/s, wind level: 1, wind direction angle: 197.1, wind direction: SSW
2025-07-10 14:42:41 - ModbusReader - INFO - wind speed: 0.9 m/s, wind level: 1, wind direction angle: 204.7, wind direction: SSW
2025-07-10 14:42:42 - ModbusReader - INFO - wind speed: 0.9 m/s, wind level: 1, wind direction angle: 204.7, wind direction: SSW
2025-07-10 14:43:12 - ModbusReader - INFO - wind speed: 0.8 m/s, wind level: 1, wind direction angle: 141.0, wind direction: ES
2025-07-10 14:43:13 - ModbusReader - INFO - wind speed: 0.8 m/s, wind level: 1, wind direction angle: 141.0, wind direction: ES
2025-07-10 14:43:44 - ModbusReader - INFO - wind speed: 0.5 m/s, wind level: 1, wind direction angle: 73.0, wind direction: ENE
2025-07-10 14:43:44 - ModbusReader - INFO - wind speed: 0.5 m/s, wind level: 1, wind direction angle: 73.0, wind direction: ENE
2025-07-10 14:44:15 - ModbusReader - INFO - wind speed: 0.0 m/s, wind level: 0, wind direction angle: 187.6, wind direction: S
2025-07-10 14:44:15 - ModbusReader - INFO - wind speed: 0.0 m/s, wind level: 0, wind direction angle: 187.6, wind direction: S
2025-07-10 14:44:46 - ModbusReader - INFO - wind speed: 0.3 m/s, wind level: 1, wind direction angle: 15.4, wind direction: NNE
2025-07-10 14:44:47 - ModbusReader - INFO - wind speed: 0.3 m/s, wind level: 1, wind direction angle: 15.4, wind direction: NNE
2025-07-10 14:45:17 - ModbusReader - INFO - wind speed: 0.0 m/s, wind level: 0, wind direction angle: 84.3, wind direction: E
2025-07-10 14:45:18 - ModbusReader - INFO - wind speed: 0.0 m/s, wind level: 0, wind direction angle: 84.3, wind direction: E
2025-07-10 14:45:48 - ModbusReader - INFO - wind speed: 0.0 m/s, wind level: 0, wind direction angle: 271.2, wind direction: W
2025-07-10 14:45:49 - ModbusReader - INFO - wind speed: 0.0 m/s, wind level: 0, wind direction angle: 271.2, wind direction: W
2025-07-10 14:46:20 - ModbusReader - INFO - wind speed: 0.9 m/s, wind level: 1, wind direction angle: 161.1, wind direction: SSE
2025-07-10 14:46:20 - ModbusReader - INFO - wind speed: 0.7 m/s, wind level: 1, wind direction angle: 309.9, wind direction: WN
2025-07-10 14:46:51 - ModbusReader - INFO - wind speed: 0.4 m/s, wind level: 1, wind direction angle: 162.7, wind direction: SSE
2025-07-10 14:46:51 - ModbusReader - INFO - wind speed: 0.4 m/s, wind level: 1, wind direction angle: 162.7, wind direction: SSE
2025-07-10 14:47:22 - ModbusReader - INFO - wind speed: 1.1 m/s, wind level: 1, wind direction angle: 134.5, wind direction: ES
2025-07-10 14:47:23 - ModbusReader - INFO - wind speed: 1.1 m/s, wind level: 1, wind direction angle: 134.5, wind direction: ES
2025-07-10 14:47:53 - ModbusReader - INFO - wind speed: 1.1 m/s, wind level: 1, wind direction angle: 199.6, wind direction: SSW
2025-07-10 14:47:54 - ModbusReader - INFO - wind speed: 1.1 m/s, wind level: 1, wind direction angle: 199.6, wind direction: SSW
2025-07-10 14:48:24 - ModbusReader - INFO - wind speed: 1.0 m/s, wind level: 1, wind direction angle: 80.3, wind direction: E
2025-07-10 14:48:25 - ModbusReader - INFO - wind speed: 1.0 m/s, wind level: 1, wind direction angle: 80.3, wind direction: E
2025-07-10 14:48:56 - ModbusReader - INFO - wind speed: 0.8 m/s, wind level: 1, wind direction angle: 244.5, wind direction: WSW
2025-07-10 14:48:56 - ModbusReader - INFO - wind speed: 0.8 m/s, wind level: 1, wind direction angle: 244.5, wind direction: WSW
2025-07-10 14:49:27 - ModbusReader - INFO - wind speed: 1.0 m/s, wind level: 1, wind direction angle: 177.5, wind direction: S
2025-07-10 14:49:27 - ModbusReader - INFO - wind speed: 1.0 m/s, wind level: 1, wind direction angle: 177.5, wind direction: S
2025-07-10 14:49:58 - ModbusReader - INFO - wind speed: 0.9 m/s, wind level: 1, wind direction angle: 71.8, wind direction: ENE
2025-07-10 14:49:59 - ModbusReader - INFO - wind speed: 0.9 m/s, wind level: 1, wind direction angle: 71.8, wind direction: ENE
2025-07-10 14:50:29 - ModbusReader - INFO - wind speed: 1.4 m/s, wind level: 1, wind direction angle: 97.5, wind direction: E
2025-07-10 14:50:30 - ModbusReader - INFO - wind speed: 1.4 m/s, wind level: 1, wind direction angle: 97.5, wind direction: E
2025-07-10 14:51:00 - ModbusReader - INFO - wind speed: 0.6 m/s, wind level: 1, wind direction angle: 168.6, wind direction: SSE
2025-07-10 14:51:01 - ModbusReader - INFO - wind speed: 0.6 m/s, wind level: 1, wind direction angle: 168.6, wind direction: SSE
2025-07-10 14:51:32 - ModbusReader - INFO - wind speed: 0.5 m/s, wind level: 1, wind direction angle: 71.3, wind direction: ENE
2025-07-10 14:51:32 - ModbusReader - INFO - wind speed: 0.5 m/s, wind level: 1, wind direction angle: 71.3, wind direction: ENE
2025-07-10 14:52:03 - ModbusReader - INFO - wind speed: 1.1 m/s, wind level: 1, wind direction angle: 147.2, wind direction: SSE
2025-07-10 14:52:03 - ModbusReader - INFO - wind speed: 1.1 m/s, wind level: 1, wind direction angle: 147.2, wind direction: SSE
2025-07-10 14:52:34 - ModbusReader - INFO - wind speed: 0.7 m/s, wind level: 1, wind direction angle: 190.2, wind direction: S
2025-07-10 14:52:35 - ModbusReader - INFO - wind speed: 0.7 m/s, wind level: 1, wind direction angle: 190.2, wind direction: S
2025-07-10 14:53:05 - ModbusReader - INFO - wind speed: 1.0 m/s, wind level: 1, wind direction angle: 221.9, wind direction: WS
2025-07-10 14:53:06 - ModbusReader - INFO - wind speed: 1.0 m/s, wind level: 1, wind direction angle: 221.9, wind direction: WS
2025-07-10 14:53:36 - ModbusReader - INFO - wind speed: 0.9 m/s, wind level: 1, wind direction angle: 183.2, wind direction: S
2025-07-10 14:53:37 - ModbusReader - INFO - wind speed: 0.8 m/s, wind level: 1, wind direction angle: 107.5, wind direction: ESE
2025-07-10 14:54:08 - ModbusReader - INFO - wind speed: 1.3 m/s, wind level: 1, wind direction angle: 194.3, wind direction: SSW
2025-07-10 14:54:08 - ModbusReader - INFO - wind speed: 1.3 m/s, wind level: 1, wind direction angle: 194.3, wind direction: SSW
2025-07-10 14:54:39 - ModbusReader - INFO - wind speed: 1.2 m/s, wind level: 1, wind direction angle: 170.0, wind direction: S
2025-07-10 14:54:39 - ModbusReader - INFO - wind speed: 1.2 m/s, wind level: 1, wind direction angle: 170.0, wind direction: S
2025-07-10 14:55:10 - ModbusReader - INFO - wind speed: 1.1 m/s, wind level: 1, wind direction angle: 122.7, wind direction: ESE
2025-07-10 14:55:11 - ModbusReader - INFO - wind speed: 1.1 m/s, wind level: 1, wind direction angle: 122.7, wind direction: ESE
2025-07-10 14:55:41 - ModbusReader - INFO - wind speed: 0.6 m/s, wind level: 1, wind direction angle: 141.5, wind direction: ES
2025-07-10 14:55:42 - ModbusReader - INFO - wind speed: 0.6 m/s, wind level: 1, wind direction angle: 141.5, wind direction: ES
2025-07-10 14:56:12 - ModbusReader - INFO - wind speed: 0.0 m/s, wind level: 0, wind direction angle: 48.1, wind direction: EN
2025-07-10 14:56:13 - ModbusReader - INFO - wind speed: 0.0 m/s, wind level: 0, wind direction angle: 48.1, wind direction: EN
2025-07-10 14:56:44 - ModbusReader - INFO - wind speed: 0.0 m/s, wind level: 0, wind direction angle: 134.8, wind direction: ES
2025-07-10 14:56:44 - ModbusReader - INFO - wind speed: 0.0 m/s, wind level: 0, wind direction angle: 134.8, wind direction: ES
2025-07-10 14:57:15 - ModbusReader - INFO - wind speed: 0.6 m/s, wind level: 1, wind direction angle: 231.1, wind direction: WS
2025-07-10 14:57:15 - ModbusReader - INFO - wind speed: 0.6 m/s, wind level: 1, wind direction angle: 231.1, wind direction: WS
2025-07-10 14:57:46 - ModbusReader - INFO - wind speed: 1.0 m/s, wind level: 1, wind direction angle: 250.4, wind direction: WSW
2025-07-10 14:57:47 - ModbusReader - INFO - wind speed: 1.0 m/s, wind level: 1, wind direction angle: 250.4, wind direction: WSW
2025-07-10 14:58:17 - ModbusReader - INFO - wind speed: 1.0 m/s, wind level: 1, wind direction angle: 150.3, wind direction: SSE
2025-07-10 14:58:18 - ModbusReader - INFO - wind speed: 1.0 m/s, wind level: 1, wind direction angle: 150.3, wind direction: SSE
2025-07-10 14:58:48 - ModbusReader - INFO - wind speed: 0.9 m/s, wind level: 1, wind direction angle: 159.9, wind direction: SSE
2025-07-10 14:58:49 - ModbusReader - INFO - wind speed: 0.9 m/s, wind level: 1, wind direction angle: 159.9, wind direction: SSE
2025-07-10 14:59:20 - ModbusReader - INFO - wind speed: 1.2 m/s, wind level: 1, wind direction angle: 101.2, wind direction: E
2025-07-10 14:59:20 - ModbusReader - INFO - wind speed: 1.2 m/s, wind level: 1, wind direction angle: 101.2, wind direction: E
2025-07-10 14:59:51 - ModbusReader - INFO - wind speed: 0.6 m/s, wind level: 1, wind direction angle: 187.9, wind direction: S
2025-07-10 14:59:51 - ModbusReader - INFO - wind speed: 0.6 m/s, wind level: 1, wind direction angle: 187.9, wind direction: S
2025-07-10 15:00:22 - ModbusReader - INFO - wind speed: 0.4 m/s, wind level: 1, wind direction angle: 353.1, wind direction: N
2025-07-10 15:00:23 - ModbusReader - INFO - wind speed: 0.4 m/s, wind level: 1, wind direction angle: 353.1, wind direction: N
2025-07-10 15:00:53 - ModbusReader - INFO - wind speed: 0.7 m/s, wind level: 1, wind direction angle: 125.3, wind direction: ES
2025-07-10 15:00:54 - ModbusReader - INFO - wind speed: 0.7 m/s, wind level: 1, wind direction angle: 166.5, wind direction: SSE
2025-07-10 15:01:24 - ModbusReader - INFO - wind speed: 0.9 m/s, wind level: 1, wind direction angle: 236.8, wind direction: WSW
2025-07-10 15:01:25 - ModbusReader - INFO - wind speed: 0.9 m/s, wind level: 1, wind direction angle: 236.8, wind direction: WSW
2025-07-10 15:01:56 - ModbusReader - INFO - wind speed: 0.5 m/s, wind level: 1, wind direction angle: 204.5, wind direction: SSW
2025-07-10 15:01:56 - ModbusReader - INFO - wind speed: 0.5 m/s, wind level: 1, wind direction angle: 204.5, wind direction: SSW
2025-07-10 15:02:27 - ModbusReader - INFO - wind speed: 0.7 m/s, wind level: 1, wind direction angle: 33.4, wind direction: NNE
2025-07-10 15:02:27 - ModbusReader - INFO - wind speed: 0.7 m/s, wind level: 1, wind direction angle: 33.4, wind direction: NNE
2025-07-10 15:02:58 - ModbusReader - INFO - wind speed: 0.5 m/s, wind level: 1, wind direction angle: 226.8, wind direction: WS
2025-07-10 15:02:59 - ModbusReader - INFO - wind speed: 0.5 m/s, wind level: 1, wind direction angle: 226.8, wind direction: WS
2025-07-10 15:03:29 - ModbusReader - INFO - wind speed: 0.5 m/s, wind level: 1, wind direction angle: 128.2, wind direction: ES
2025-07-10 15:03:30 - ModbusReader - INFO - wind speed: 0.5 m/s, wind level: 1, wind direction angle: 128.2, wind direction: ES
2025-07-10 15:04:00 - ModbusReader - INFO - wind speed: 0.6 m/s, wind level: 1, wind direction angle: 48.8, wind direction: EN
2025-07-10 15:04:01 - ModbusReader - INFO - wind speed: 0.6 m/s, wind level: 1, wind direction angle: 48.8, wind direction: EN
2025-07-10 15:04:32 - ModbusReader - INFO - wind speed: 0.4 m/s, wind level: 1, wind direction angle: 278.2, wind direction: W
2025-07-10 15:04:32 - ModbusReader - INFO - wind speed: 0.4 m/s, wind level: 1, wind direction angle: 278.2, wind direction: W
2025-07-10 15:05:03 - ModbusReader - INFO - wind speed: 0.1 m/s, wind level: 0, wind direction angle: 290.0, wind direction: WNW
2025-07-10 15:05:03 - ModbusReader - INFO - wind speed: 0.1 m/s, wind level: 0, wind direction angle: 290.0, wind direction: WNW
2025-07-10 15:05:34 - ModbusReader - INFO - wind speed: 0.4 m/s, wind level: 1, wind direction angle: 259.3, wind direction: W
2025-07-10 15:05:35 - ModbusReader - INFO - wind speed: 0.4 m/s, wind level: 1, wind direction angle: 259.3, wind direction: W
2025-07-10 15:06:05 - ModbusReader - INFO - wind speed: 0.4 m/s, wind level: 1, wind direction angle: 105.8, wind direction: ESE
2025-07-10 15:06:06 - ModbusReader - INFO - wind speed: 0.4 m/s, wind level: 1, wind direction angle: 105.8, wind direction: ESE
2025-07-10 15:06:36 - ModbusReader - INFO - wind speed: 0.8 m/s, wind level: 1, wind direction angle: 195.7, wind direction: SSW
2025-07-10 15:06:37 - ModbusReader - INFO - wind speed: 0.8 m/s, wind level: 1, wind direction angle: 195.7, wind direction: SSW
2025-07-10 15:07:08 - ModbusReader - INFO - wind speed: 0.7 m/s, wind level: 1, wind direction angle: 81.3, wind direction: E
2025-07-10 15:07:08 - ModbusReader - INFO - wind speed: 0.7 m/s, wind level: 1, wind direction angle: 81.3, wind direction: E
2025-07-10 15:07:39 - ModbusReader - INFO - wind speed: 1.6 m/s, wind level: 2, wind direction angle: 165.0, wind direction: SSE
2025-07-10 15:07:39 - ModbusReader - INFO - wind speed: 1.6 m/s, wind level: 2, wind direction angle: 165.0, wind direction: SSE
2025-07-10 15:08:10 - ModbusReader - INFO - wind speed: 1.2 m/s, wind level: 1, wind direction angle: 113.9, wind direction: ESE
2025-07-10 15:08:11 - ModbusReader - INFO - wind speed: 0.9 m/s, wind level: 1, wind direction angle: 156.9, wind direction: SSE
2025-07-10 15:08:41 - ModbusReader - INFO - wind speed: 0.4 m/s, wind level: 1, wind direction angle: 99.6, wind direction: E
2025-07-10 15:08:42 - ModbusReader - INFO - wind speed: 0.4 m/s, wind level: 1, wind direction angle: 99.6, wind direction: E
2025-07-10 15:09:12 - ModbusReader - INFO - wind speed: 0.5 m/s, wind level: 1, wind direction angle: 100.9, wind direction: E
2025-07-10 15:09:13 - ModbusReader - INFO - wind speed: 0.5 m/s, wind level: 1, wind direction angle: 100.9, wind direction: E
2025-07-10 15:09:44 - ModbusReader - INFO - wind speed: 0.6 m/s, wind level: 1, wind direction angle: 209.9, wind direction: SSW
2025-07-10 15:09:44 - ModbusReader - INFO - wind speed: 0.6 m/s, wind level: 1, wind direction angle: 209.9, wind direction: SSW
2025-07-10 15:10:15 - ModbusReader - INFO - wind speed: 0.7 m/s, wind level: 1, wind direction angle: 30.4, wind direction: NNE
2025-07-10 15:10:15 - ModbusReader - INFO - wind speed: 0.7 m/s, wind level: 1, wind direction angle: 30.4, wind direction: NNE
2025-07-10 15:10:46 - ModbusReader - INFO - wind speed: 0.6 m/s, wind level: 1, wind direction angle: 356.7, wind direction: N
2025-07-10 15:10:47 - ModbusReader - INFO - wind speed: 0.6 m/s, wind level: 1, wind direction angle: 356.7, wind direction: N
2025-07-10 15:11:17 - ModbusReader - INFO - wind speed: 0.5 m/s, wind level: 1, wind direction angle: 7.3, wind direction: N
2025-07-10 15:11:18 - ModbusReader - INFO - wind speed: 0.5 m/s, wind level: 1, wind direction angle: 7.3, wind direction: N
2025-07-10 15:11:48 - ModbusReader - INFO - wind speed: 0.4 m/s, wind level: 1, wind direction angle: 187.5, wind direction: S
2025-07-10 15:11:49 - ModbusReader - INFO - wind speed: 0.4 m/s, wind level: 1, wind direction angle: 187.5, wind direction: S
2025-07-10 15:12:20 - ModbusReader - INFO - wind speed: 0.4 m/s, wind level: 1, wind direction angle: 20.5, wind direction: NNE
2025-07-10 15:12:20 - ModbusReader - INFO - wind speed: 0.4 m/s, wind level: 1, wind direction angle: 20.5, wind direction: NNE
2025-07-10 15:12:51 - ModbusReader - INFO - wind speed: 0.4 m/s, wind level: 1, wind direction angle: 310.1, wind direction: WN
2025-07-10 15:12:51 - ModbusReader - INFO - wind speed: 0.4 m/s, wind level: 1, wind direction angle: 310.1, wind direction: WN
2025-07-10 15:13:22 - ModbusReader - INFO - wind speed: 0.7 m/s, wind level: 1, wind direction angle: 63.5, wind direction: ENE
2025-07-10 15:13:23 - ModbusReader - INFO - wind speed: 0.7 m/s, wind level: 1, wind direction angle: 63.5, wind direction: ENE
2025-07-10 15:13:53 - ModbusReader - INFO - wind speed: 0.4 m/s, wind level: 1, wind direction angle: 328.8, wind direction: NNW
2025-07-10 15:13:54 - ModbusReader - INFO - wind speed: 0.4 m/s, wind level: 1, wind direction angle: 328.8, wind direction: NNW
2025-07-10 15:14:24 - ModbusReader - INFO - wind speed: 0.0 m/s, wind level: 0, wind direction angle: 109.8, wind direction: ESE
2025-07-10 15:14:25 - ModbusReader - INFO - wind speed: 0.0 m/s, wind level: 0, wind direction angle: 109.8, wind direction: ESE
2025-07-10 15:14:56 - ModbusReader - INFO - wind speed: 0.0 m/s, wind level: 0, wind direction angle: 269.6, wind direction: W
2025-07-10 15:14:56 - ModbusReader - INFO - wind speed: 0.0 m/s, wind level: 0, wind direction angle: 269.6, wind direction: W
2025-07-10 15:15:27 - ModbusReader - INFO - wind speed: 0.7 m/s, wind level: 1, wind direction angle: 189.9, wind direction: S
2025-07-10 15:15:27 - ModbusReader - INFO - wind speed: 0.5 m/s, wind level: 1, wind direction angle: 100.2, wind direction: E
2025-07-10 15:15:58 - ModbusReader - INFO - wind speed: 0.5 m/s, wind level: 1, wind direction angle: 3.2, wind direction: N
2025-07-10 15:15:59 - ModbusReader - INFO - wind speed: 0.5 m/s, wind level: 1, wind direction angle: 3.2, wind direction: N
2025-07-10 15:16:29 - ModbusReader - INFO - wind speed: 0.5 m/s, wind level: 1, wind direction angle: 237.1, wind direction: WSW
2025-07-10 15:16:30 - ModbusReader - INFO - wind speed: 0.5 m/s, wind level: 1, wind direction angle: 237.1, wind direction: WSW
2025-07-10 15:17:00 - ModbusReader - INFO - wind speed: 0.5 m/s, wind level: 1, wind direction angle: 30.4, wind direction: NNE
2025-07-10 15:17:01 - ModbusReader - INFO - wind speed: 0.5 m/s, wind level: 1, wind direction angle: 30.4, wind direction: NNE
2025-07-10 15:17:32 - ModbusReader - INFO - wind speed: 0.6 m/s, wind level: 1, wind direction angle: 285.6, wind direction: WNW
2025-07-10 15:17:32 - ModbusReader - INFO - wind speed: 0.6 m/s, wind level: 1, wind direction angle: 285.6, wind direction: WNW
2025-07-10 15:18:03 - ModbusReader - INFO - wind speed: 0.2 m/s, wind level: 0, wind direction angle: 280.5, wind direction: W
2025-07-10 15:18:03 - ModbusReader - INFO - wind speed: 0.2 m/s, wind level: 0, wind direction angle: 280.5, wind direction: W
2025-07-10 15:18:34 - ModbusReader - INFO - wind speed: 0.5 m/s, wind level: 1, wind direction angle: 29.7, wind direction: NNE
2025-07-10 15:18:35 - ModbusReader - INFO - wind speed: 0.5 m/s, wind level: 1, wind direction angle: 29.7, wind direction: NNE
2025-07-10 15:19:05 - ModbusReader - INFO - wind speed: 0.8 m/s, wind level: 1, wind direction angle: 94.4, wind direction: E
2025-07-10 15:19:06 - ModbusReader - INFO - wind speed: 0.8 m/s, wind level: 1, wind direction angle: 94.4, wind direction: E
2025-07-10 15:19:36 - ModbusReader - INFO - wind speed: 0.9 m/s, wind level: 1, wind direction angle: 131.1, wind direction: ES
2025-07-10 15:19:37 - ModbusReader - INFO - wind speed: 0.9 m/s, wind level: 1, wind direction angle: 131.1, wind direction: ES
2025-07-10 15:20:08 - ModbusReader - INFO - wind speed: 0.7 m/s, wind level: 1, wind direction angle: 151.2, wind direction: SSE
2025-07-10 15:20:08 - ModbusReader - INFO - wind speed: 0.7 m/s, wind level: 1, wind direction angle: 151.2, wind direction: SSE
2025-07-10 15:20:39 - ModbusReader - INFO - wind speed: 0.5 m/s, wind level: 1, wind direction angle: 326.8, wind direction: NNW
2025-07-10 15:20:39 - ModbusReader - INFO - wind speed: 0.5 m/s, wind level: 1, wind direction angle: 326.8, wind direction: NNW
2025-07-10 15:21:10 - ModbusReader - INFO - wind speed: 0.6 m/s, wind level: 1, wind direction angle: 24.0, wind direction: NNE
2025-07-10 15:21:11 - ModbusReader - INFO - wind speed: 0.6 m/s, wind level: 1, wind direction angle: 24.0, wind direction: NNE
2025-07-10 15:21:41 - ModbusReader - INFO - wind speed: 0.9 m/s, wind level: 1, wind direction angle: 104.0, wind direction: ESE
2025-07-10 15:21:42 - ModbusReader - INFO - wind speed: 0.9 m/s, wind level: 1, wind direction angle: 104.0, wind direction: ESE
2025-07-10 15:22:12 - ModbusReader - INFO - wind speed: 0.7 m/s, wind level: 1, wind direction angle: 209.0, wind direction: SSW
2025-07-10 15:22:13 - ModbusReader - INFO - wind speed: 0.7 m/s, wind level: 1, wind direction angle: 209.0, wind direction: SSW
2025-07-10 15:22:44 - ModbusReader - INFO - wind speed: 0.9 m/s, wind level: 1, wind direction angle: 124.2, wind direction: ES
2025-07-10 15:22:44 - ModbusReader - INFO - wind speed: 1.3 m/s, wind level: 1, wind direction angle: 155.0, wind direction: SSE
2025-07-10 15:23:15 - ModbusReader - INFO - wind speed: 0.7 m/s, wind level: 1, wind direction angle: 201.0, wind direction: SSW
2025-07-10 15:23:15 - ModbusReader - INFO - wind speed: 0.7 m/s, wind level: 1, wind direction angle: 201.0, wind direction: SSW
2025-07-10 15:23:46 - ModbusReader - INFO - wind speed: 0.6 m/s, wind level: 1, wind direction angle: 348.4, wind direction: NNW
2025-07-10 15:23:47 - ModbusReader - INFO - wind speed: 0.6 m/s, wind level: 1, wind direction angle: 348.4, wind direction: NNW
2025-07-10 15:24:17 - ModbusReader - INFO - wind speed: 0.4 m/s, wind level: 1, wind direction angle: 175.2, wind direction: S
2025-07-10 15:24:18 - ModbusReader - INFO - wind speed: 0.4 m/s, wind level: 1, wind direction angle: 175.2, wind direction: S
2025-07-10 15:24:48 - ModbusReader - INFO - wind speed: 0.4 m/s, wind level: 1, wind direction angle: 354.6, wind direction: N
2025-07-10 15:24:49 - ModbusReader - INFO - wind speed: 0.4 m/s, wind level: 1, wind direction angle: 354.6, wind direction: N
2025-07-10 15:25:20 - ModbusReader - INFO - wind speed: 0.6 m/s, wind level: 1, wind direction angle: 193.2, wind direction: SSW
2025-07-10 15:25:20 - ModbusReader - INFO - wind speed: 0.6 m/s, wind level: 1, wind direction angle: 193.2, wind direction: SSW
2025-07-10 15:25:51 - ModbusReader - INFO - wind speed: 0.5 m/s, wind level: 1, wind direction angle: 236.5, wind direction: WSW
2025-07-10 15:25:51 - ModbusReader - INFO - wind speed: 0.5 m/s, wind level: 1, wind direction angle: 236.5, wind direction: WSW
2025-07-10 15:26:22 - ModbusReader - INFO - wind speed: 0.6 m/s, wind level: 1, wind direction angle: 325.1, wind direction: WN
2025-07-10 15:26:23 - ModbusReader - INFO - wind speed: 0.6 m/s, wind level: 1, wind direction angle: 325.1, wind direction: WN
2025-07-10 15:26:53 - ModbusReader - INFO - wind speed: 0.5 m/s, wind level: 1, wind direction angle: 107.5, wind direction: ESE
2025-07-10 15:26:54 - ModbusReader - INFO - wind speed: 0.5 m/s, wind level: 1, wind direction angle: 107.5, wind direction: ESE
2025-07-10 15:27:24 - ModbusReader - INFO - wind speed: 0.7 m/s, wind level: 1, wind direction angle: 24.9, wind direction: NNE
2025-07-10 15:27:25 - ModbusReader - INFO - wind speed: 0.7 m/s, wind level: 1, wind direction angle: 24.9, wind direction: NNE
2025-07-10 15:27:56 - ModbusReader - INFO - wind speed: 0.5 m/s, wind level: 1, wind direction angle: 175.0, wind direction: S
2025-07-10 15:27:56 - ModbusReader - INFO - wind speed: 0.5 m/s, wind level: 1, wind direction angle: 175.0, wind direction: S
2025-07-10 15:28:27 - ModbusReader - INFO - wind speed: 0.7 m/s, wind level: 1, wind direction angle: 86.3, wind direction: E
2025-07-10 15:28:27 - ModbusReader - INFO - wind speed: 0.7 m/s, wind level: 1, wind direction angle: 86.3, wind direction: E
2025-07-10 15:28:58 - ModbusReader - INFO - wind speed: 0.4 m/s, wind level: 1, wind direction angle: 306.2, wind direction: WN
2025-07-10 15:28:59 - ModbusReader - INFO - wind speed: 0.4 m/s, wind level: 1, wind direction angle: 306.2, wind direction: WN
2025-07-10 15:29:29 - ModbusReader - INFO - wind speed: 0.3 m/s, wind level: 1, wind direction angle: 180.8, wind direction: S
2025-07-10 15:29:30 - ModbusReader - INFO - wind speed: 0.3 m/s, wind level: 1, wind direction angle: 180.8, wind direction: S
2025-07-10 15:30:00 - ModbusReader - INFO - wind speed: 0.8 m/s, wind level: 1, wind direction angle: 106.6, wind direction: ESE
2025-07-10 15:30:01 - ModbusReader - INFO - wind speed: 0.6 m/s, wind level: 1, wind direction angle: 199.9, wind direction: SSW
2025-07-10 15:30:32 - ModbusReader - INFO - wind speed: 0.6 m/s, wind level: 1, wind direction angle: 271.9, wind direction: W
2025-07-10 15:30:32 - ModbusReader - INFO - wind speed: 0.6 m/s, wind level: 1, wind direction angle: 271.9, wind direction: W
2025-07-10 15:31:03 - ModbusReader - INFO - wind speed: 0.4 m/s, wind level: 1, wind direction angle: 196.6, wind direction: SSW
2025-07-10 15:31:03 - ModbusReader - INFO - wind speed: 0.4 m/s, wind level: 1, wind direction angle: 196.6, wind direction: SSW
2025-07-10 15:31:34 - ModbusReader - INFO - wind speed: 0.7 m/s, wind level: 1, wind direction angle: 152.7, wind direction: SSE
2025-07-10 15:31:35 - ModbusReader - INFO - wind speed: 0.7 m/s, wind level: 1, wind direction angle: 152.7, wind direction: SSE
2025-07-10 15:32:05 - ModbusReader - INFO - wind speed: 0.6 m/s, wind level: 1, wind direction angle: 14.0, wind direction: NNE
2025-07-10 15:32:06 - ModbusReader - INFO - wind speed: 0.6 m/s, wind level: 1, wind direction angle: 14.0, wind direction: NNE
2025-07-10 15:32:36 - ModbusReader - INFO - wind speed: 0.9 m/s, wind level: 1, wind direction angle: 289.3, wind direction: WNW
2025-07-10 15:32:37 - ModbusReader - INFO - wind speed: 0.9 m/s, wind level: 1, wind direction angle: 289.3, wind direction: WNW
2025-07-10 15:33:08 - ModbusReader - INFO - wind speed: 0.6 m/s, wind level: 1, wind direction angle: 32.1, wind direction: NNE
2025-07-10 15:33:08 - ModbusReader - INFO - wind speed: 0.6 m/s, wind level: 1, wind direction angle: 32.1, wind direction: NNE
2025-07-10 15:33:39 - ModbusReader - INFO - wind speed: 0.3 m/s, wind level: 1, wind direction angle: 126.3, wind direction: ES
2025-07-10 15:33:39 - ModbusReader - INFO - wind speed: 0.3 m/s, wind level: 1, wind direction angle: 126.3, wind direction: ES
2025-07-10 15:34:10 - ModbusReader - INFO - wind speed: 0.2 m/s, wind level: 0, wind direction angle: 49.1, wind direction: EN
2025-07-10 15:34:11 - ModbusReader - INFO - wind speed: 0.2 m/s, wind level: 0, wind direction angle: 49.1, wind direction: EN
2025-07-10 15:34:41 - ModbusReader - INFO - wind speed: 0.5 m/s, wind level: 1, wind direction angle: 88.0, wind direction: E
2025-07-10 15:34:42 - ModbusReader - INFO - wind speed: 0.5 m/s, wind level: 1, wind direction angle: 88.0, wind direction: E
2025-07-10 15:35:12 - ModbusReader - INFO - wind speed: 0.5 m/s, wind level: 1, wind direction angle: 9.6, wind direction: N
2025-07-10 15:35:13 - ModbusReader - INFO - wind speed: 0.5 m/s, wind level: 1, wind direction angle: 9.6, wind direction: N
2025-07-10 15:35:44 - ModbusReader - INFO - wind speed: 0.4 m/s, wind level: 1, wind direction angle: 57.8, wind direction: ENE
2025-07-10 15:35:44 - ModbusReader - INFO - wind speed: 0.4 m/s, wind level: 1, wind direction angle: 57.8, wind direction: ENE
2025-07-10 15:36:15 - ModbusReader - INFO - wind speed: 0.4 m/s, wind level: 1, wind direction angle: 133.6, wind direction: ES
2025-07-10 15:36:15 - ModbusReader - INFO - wind speed: 0.4 m/s, wind level: 1, wind direction angle: 133.6, wind direction: ES
2025-07-10 15:36:46 - ModbusReader - INFO - wind speed: 0.4 m/s, wind level: 1, wind direction angle: 65.5, wind direction: ENE
2025-07-10 15:36:47 - ModbusReader - INFO - wind speed: 0.4 m/s, wind level: 1, wind direction angle: 65.5, wind direction: ENE
2025-07-10 15:37:17 - ModbusReader - INFO - wind speed: 0.5 m/s, wind level: 1, wind direction angle: 121.0, wind direction: ESE
2025-07-10 15:37:18 - ModbusReader - INFO - wind speed: 0.7 m/s, wind level: 1, wind direction angle: 333.1, wind direction: NNW
2025-07-10 15:37:48 - ModbusReader - INFO - wind speed: 0.5 m/s, wind level: 1, wind direction angle: 174.2, wind direction: S
2025-07-10 15:37:49 - ModbusReader - INFO - wind speed: 0.5 m/s, wind level: 1, wind direction angle: 174.2, wind direction: S
2025-07-10 15:38:20 - ModbusReader - INFO - wind speed: 0.7 m/s, wind level: 1, wind direction angle: 311.9, wind direction: WN
2025-07-10 15:38:20 - ModbusReader - INFO - wind speed: 0.7 m/s, wind level: 1, wind direction angle: 311.9, wind direction: WN
2025-07-10 15:38:51 - ModbusReader - INFO - wind speed: 0.5 m/s, wind level: 1, wind direction angle: 309.2, wind direction: WN
2025-07-10 15:38:51 - ModbusReader - INFO - wind speed: 0.5 m/s, wind level: 1, wind direction angle: 309.2, wind direction: WN
2025-07-10 15:39:22 - ModbusReader - INFO - wind speed: 0.1 m/s, wind level: 0, wind direction angle: 108.0, wind direction: ESE
2025-07-10 15:39:23 - ModbusReader - INFO - wind speed: 0.1 m/s, wind level: 0, wind direction angle: 108.0, wind direction: ESE
2025-07-10 15:39:53 - ModbusReader - INFO - wind speed: 0.0 m/s, wind level: 0, wind direction angle: 323.2, wind direction: WN
2025-07-10 15:39:54 - ModbusReader - INFO - wind speed: 0.0 m/s, wind level: 0, wind direction angle: 323.2, wind direction: WN
2025-07-10 15:40:24 - ModbusReader - INFO - wind speed: 0.4 m/s, wind level: 1, wind direction angle: 129.4, wind direction: ES
2025-07-10 15:40:25 - ModbusReader - INFO - wind speed: 0.4 m/s, wind level: 1, wind direction angle: 129.4, wind direction: ES
2025-07-10 15:40:56 - ModbusReader - INFO - wind speed: 0.4 m/s, wind level: 1, wind direction angle: 141.6, wind direction: ES
2025-07-10 15:40:56 - ModbusReader - INFO - wind speed: 0.4 m/s, wind level: 1, wind direction angle: 141.6, wind direction: ES
2025-07-10 15:41:27 - ModbusReader - INFO - wind speed: 0.7 m/s, wind level: 1, wind direction angle: 169.8, wind direction: S
2025-07-10 15:41:27 - ModbusReader - INFO - wind speed: 0.7 m/s, wind level: 1, wind direction angle: 169.8, wind direction: S
2025-07-10 15:41:58 - ModbusReader - INFO - wind speed: 0.6 m/s, wind level: 1, wind direction angle: 145.4, wind direction: ES
2025-07-10 15:41:59 - ModbusReader - INFO - wind speed: 0.6 m/s, wind level: 1, wind direction angle: 145.4, wind direction: ES
2025-07-10 15:42:29 - ModbusReader - INFO - wind speed: 0.6 m/s, wind level: 1, wind direction angle: 3.1, wind direction: N
2025-07-10 15:42:30 - ModbusReader - INFO - wind speed: 0.6 m/s, wind level: 1, wind direction angle: 3.1, wind direction: N
2025-07-10 15:43:00 - ModbusReader - INFO - wind speed: 0.5 m/s, wind level: 1, wind direction angle: 52.4, wind direction: EN
2025-07-10 15:43:01 - ModbusReader - INFO - wind speed: 0.5 m/s, wind level: 1, wind direction angle: 52.4, wind direction: EN
2025-07-10 15:43:32 - ModbusReader - INFO - wind speed: 0.5 m/s, wind level: 1, wind direction angle: 117.5, wind direction: ESE
2025-07-10 15:43:32 - ModbusReader - INFO - wind speed: 0.5 m/s, wind level: 1, wind direction angle: 117.5, wind direction: ESE
2025-07-10 15:44:03 - ModbusReader - INFO - wind speed: 0.6 m/s, wind level: 1, wind direction angle: 1.4, wind direction: N
2025-07-10 15:44:03 - ModbusReader - INFO - wind speed: 0.6 m/s, wind level: 1, wind direction angle: 1.4, wind direction: N
2025-07-10 15:44:34 - ModbusReader - INFO - wind speed: 0.7 m/s, wind level: 1, wind direction angle: 118.9, wind direction: ESE
2025-07-10 15:44:35 - ModbusReader - INFO - wind speed: 0.6 m/s, wind level: 1, wind direction angle: 127.4, wind direction: ES
2025-07-10 15:45:05 - ModbusReader - INFO - wind speed: 0.6 m/s, wind level: 1, wind direction angle: 178.9, wind direction: S
2025-07-10 15:45:06 - ModbusReader - INFO - wind speed: 0.6 m/s, wind level: 1, wind direction angle: 178.9, wind direction: S
2025-07-10 15:45:36 - ModbusReader - INFO - wind speed: 0.5 m/s, wind level: 1, wind direction angle: 172.7, wind direction: S
2025-07-10 15:45:37 - ModbusReader - INFO - wind speed: 0.5 m/s, wind level: 1, wind direction angle: 172.7, wind direction: S
2025-07-10 15:46:08 - ModbusReader - INFO - wind speed: 0.3 m/s, wind level: 1, wind direction angle: 129.2, wind direction: ES
2025-07-10 15:46:08 - ModbusReader - INFO - wind speed: 0.3 m/s, wind level: 1, wind direction angle: 129.2, wind direction: ES
2025-07-10 15:46:39 - ModbusReader - INFO - wind speed: 0.2 m/s, wind level: 0, wind direction angle: 21.5, wind direction: NNE
2025-07-10 15:46:39 - ModbusReader - INFO - wind speed: 0.2 m/s, wind level: 0, wind direction angle: 21.5, wind direction: NNE
2025-07-10 15:47:10 - ModbusReader - INFO - wind speed: 0.6 m/s, wind level: 1, wind direction angle: 286.5, wind direction: WNW
2025-07-10 15:47:11 - ModbusReader - INFO - wind speed: 0.6 m/s, wind level: 1, wind direction angle: 286.5, wind direction: WNW
2025-07-10 15:47:41 - ModbusReader - INFO - wind speed: 0.4 m/s, wind level: 1, wind direction angle: 16.6, wind direction: NNE
2025-07-10 15:47:42 - ModbusReader - INFO - wind speed: 0.4 m/s, wind level: 1, wind direction angle: 16.6, wind direction: NNE
2025-07-10 15:48:12 - ModbusReader - INFO - wind speed: 0.0 m/s, wind level: 0, wind direction angle: 136.6, wind direction: ES
2025-07-10 15:48:13 - ModbusReader - INFO - wind speed: 0.0 m/s, wind level: 0, wind direction angle: 136.6, wind direction: ES
2025-07-10 15:48:44 - ModbusReader - INFO - wind speed: 0.4 m/s, wind level: 1, wind direction angle: 120.7, wind direction: ESE
2025-07-10 15:48:44 - ModbusReader - INFO - wind speed: 0.4 m/s, wind level: 1, wind direction angle: 120.7, wind direction: ESE
2025-07-10 15:49:15 - ModbusReader - INFO - wind speed: 0.6 m/s, wind level: 1, wind direction angle: 114.7, wind direction: ESE
2025-07-10 15:49:15 - ModbusReader - INFO - wind speed: 0.6 m/s, wind level: 1, wind direction angle: 114.7, wind direction: ESE
2025-07-10 15:49:46 - ModbusReader - INFO - wind speed: 0.4 m/s, wind level: 1, wind direction angle: 324.2, wind direction: WN
2025-07-10 15:49:47 - ModbusReader - INFO - wind speed: 0.4 m/s, wind level: 1, wind direction angle: 324.2, wind direction: WN
2025-07-10 15:50:17 - ModbusReader - INFO - wind speed: 0.4 m/s, wind level: 1, wind direction angle: 9.9, wind direction: N
2025-07-10 15:50:18 - ModbusReader - INFO - wind speed: 0.4 m/s, wind level: 1, wind direction angle: 9.9, wind direction: N
2025-07-10 15:50:48 - ModbusReader - INFO - wind speed: 0.7 m/s, wind level: 1, wind direction angle: 224.8, wind direction: WS
2025-07-10 15:50:49 - ModbusReader - INFO - wind speed: 0.7 m/s, wind level: 1, wind direction angle: 224.8, wind direction: WS
2025-07-10 15:51:20 - ModbusReader - INFO - wind speed: 0.4 m/s, wind level: 1, wind direction angle: 99.3, wind direction: E
2025-07-10 15:51:20 - ModbusReader - INFO - wind speed: 0.4 m/s, wind level: 1, wind direction angle: 99.3, wind direction: E
2025-07-10 15:51:51 - ModbusReader - INFO - wind speed: 0.6 m/s, wind level: 1, wind direction angle: 236.0, wind direction: WS
2025-07-10 15:51:51 - ModbusReader - INFO - wind speed: 0.6 m/s, wind level: 1, wind direction angle: 91.4, wind direction: E
2025-07-10 15:52:22 - ModbusReader - INFO - wind speed: 0.5 m/s, wind level: 1, wind direction angle: 327.0, wind direction: NNW
2025-07-10 15:52:23 - ModbusReader - INFO - wind speed: 0.5 m/s, wind level: 1, wind direction angle: 327.0, wind direction: NNW
2025-07-10 15:52:53 - ModbusReader - INFO - wind speed: 0.5 m/s, wind level: 1, wind direction angle: 164.8, wind direction: SSE
2025-07-10 15:52:54 - ModbusReader - INFO - wind speed: 0.5 m/s, wind level: 1, wind direction angle: 164.8, wind direction: SSE
2025-07-10 15:53:24 - ModbusReader - INFO - wind speed: 0.6 m/s, wind level: 1, wind direction angle: 23.7, wind direction: NNE
2025-07-10 15:53:25 - ModbusReader - INFO - wind speed: 0.6 m/s, wind level: 1, wind direction angle: 23.7, wind direction: NNE
2025-07-10 15:53:56 - ModbusReader - INFO - wind speed: 0.6 m/s, wind level: 1, wind direction angle: 205.6, wind direction: SSW
2025-07-10 15:53:56 - ModbusReader - INFO - wind speed: 0.6 m/s, wind level: 1, wind direction angle: 205.6, wind direction: SSW
2025-07-10 15:54:27 - ModbusReader - INFO - wind speed: 0.8 m/s, wind level: 1, wind direction angle: 55.5, wind direction: EN
2025-07-10 15:54:27 - ModbusReader - INFO - wind speed: 0.8 m/s, wind level: 1, wind direction angle: 55.5, wind direction: EN
2025-07-10 15:54:58 - ModbusReader - INFO - wind speed: 0.7 m/s, wind level: 1, wind direction angle: 319.3, wind direction: WN
2025-07-10 15:54:59 - ModbusReader - INFO - wind speed: 0.7 m/s, wind level: 1, wind direction angle: 319.3, wind direction: WN
2025-07-10 15:55:29 - ModbusReader - INFO - wind speed: 0.6 m/s, wind level: 1, wind direction angle: 14.5, wind direction: NNE
2025-07-10 15:55:30 - ModbusReader - INFO - wind speed: 0.6 m/s, wind level: 1, wind direction angle: 14.5, wind direction: NNE
2025-07-10 15:56:00 - ModbusReader - INFO - wind speed: 0.0 m/s, wind level: 0, wind direction angle: 299.4, wind direction: WNW
2025-07-10 15:56:01 - ModbusReader - INFO - wind speed: 0.0 m/s, wind level: 0, wind direction angle: 299.4, wind direction: WNW
2025-07-10 15:56:32 - ModbusReader - INFO - wind speed: 0.5 m/s, wind level: 1, wind direction angle: 302.6, wind direction: WNW
2025-07-10 15:56:32 - ModbusReader - INFO - wind speed: 0.5 m/s, wind level: 1, wind direction angle: 302.6, wind direction: WNW
2025-07-10 15:57:03 - ModbusReader - INFO - wind speed: 0.0 m/s, wind level: 0, wind direction angle: 314.0, wind direction: WN
2025-07-10 15:57:03 - ModbusReader - INFO - wind speed: 0.0 m/s, wind level: 0, wind direction angle: 314.0, wind direction: WN
2025-07-10 15:57:34 - ModbusReader - INFO - wind speed: 1.1 m/s, wind level: 1, wind direction angle: 240.3, wind direction: WSW
2025-07-10 15:57:35 - ModbusReader - INFO - wind speed: 1.1 m/s, wind level: 1, wind direction angle: 240.3, wind direction: WSW
2025-07-10 15:58:05 - ModbusReader - INFO - wind speed: 0.5 m/s, wind level: 1, wind direction angle: 90.0, wind direction: E
2025-07-10 15:58:06 - ModbusReader - INFO - wind speed: 0.5 m/s, wind level: 1, wind direction angle: 90.0, wind direction: E
2025-07-10 15:58:36 - ModbusReader - INFO - wind speed: 0.0 m/s, wind level: 0, wind direction angle: 308.1, wind direction: WN
2025-07-10 15:58:37 - ModbusReader - INFO - wind speed: 0.0 m/s, wind level: 0, wind direction angle: 308.1, wind direction: WN
2025-07-10 15:59:08 - ModbusReader - INFO - wind speed: 0.0 m/s, wind level: 0, wind direction angle: 305.0, wind direction: WN
2025-07-10 15:59:08 - ModbusReader - INFO - wind speed: 0.0 m/s, wind level: 0, wind direction angle: 191.9, wind direction: SSW
2025-07-10 15:59:39 - ModbusReader - INFO - wind speed: 0.3 m/s, wind level: 1, wind direction angle: 103.2, wind direction: ESE
2025-07-10 15:59:39 - ModbusReader - INFO - wind speed: 0.3 m/s, wind level: 1, wind direction angle: 103.2, wind direction: ESE
2025-07-10 16:00:10 - ModbusReader - INFO - wind speed: 0.0 m/s, wind level: 0, wind direction angle: 9.5, wind direction: N
2025-07-10 16:00:11 - ModbusReader - INFO - wind speed: 0.0 m/s, wind level: 0, wind direction angle: 9.5, wind direction: N
2025-07-10 16:00:41 - ModbusReader - INFO - wind speed: 0.4 m/s, wind level: 1, wind direction angle: 125.7, wind direction: ES
2025-07-10 16:00:42 - ModbusReader - INFO - wind speed: 0.4 m/s, wind level: 1, wind direction angle: 125.7, wind direction: ES
2025-07-10 16:01:12 - ModbusReader - INFO - wind speed: 0.0 m/s, wind level: 0, wind direction angle: 196.4, wind direction: SSW
2025-07-10 16:01:13 - ModbusReader - INFO - wind speed: 0.0 m/s, wind level: 0, wind direction angle: 196.4, wind direction: SSW
2025-07-10 16:01:44 - ModbusReader - INFO - wind speed: 0.0 m/s, wind level: 0, wind direction angle: 95.8, wind direction: E
2025-07-10 16:01:44 - ModbusReader - INFO - wind speed: 0.0 m/s, wind level: 0, wind direction angle: 95.8, wind direction: E
2025-07-10 16:02:15 - ModbusReader - INFO - wind speed: 0.0 m/s, wind level: 0, wind direction angle: 253.2, wind direction: WSW
2025-07-10 16:02:15 - ModbusReader - INFO - wind speed: 0.0 m/s, wind level: 0, wind direction angle: 253.2, wind direction: WSW
2025-07-10 16:02:46 - ModbusReader - INFO - wind speed: 0.0 m/s, wind level: 0, wind direction angle: 15.9, wind direction: NNE
2025-07-10 16:02:47 - ModbusReader - INFO - wind speed: 0.0 m/s, wind level: 0, wind direction angle: 15.9, wind direction: NNE
2025-07-10 16:03:17 - ModbusReader - INFO - wind speed: 0.0 m/s, wind level: 0, wind direction angle: 194.8, wind direction: SSW
2025-07-10 16:03:18 - ModbusReader - INFO - wind speed: 0.0 m/s, wind level: 0, wind direction angle: 194.8, wind direction: SSW
2025-07-10 16:03:48 - ModbusReader - INFO - wind speed: 0.0 m/s, wind level: 0, wind direction angle: 337.1, wind direction: NNW
2025-07-10 16:03:49 - ModbusReader - INFO - wind speed: 0.0 m/s, wind level: 0, wind direction angle: 337.1, wind direction: NNW
2025-07-10 16:04:20 - ModbusReader - INFO - wind speed: 0.0 m/s, wind level: 0, wind direction angle: 351.7, wind direction: N
2025-07-10 16:04:20 - ModbusReader - INFO - wind speed: 0.0 m/s, wind level: 0, wind direction angle: 351.7, wind direction: N
2025-07-10 16:04:51 - ModbusReader - INFO - wind speed: 0.0 m/s, wind level: 0, wind direction angle: 76.6, wind direction: ENE
2025-07-10 16:04:51 - ModbusReader - INFO - wind speed: 0.0 m/s, wind level: 0, wind direction angle: 76.6, wind direction: ENE
2025-07-10 16:05:22 - ModbusReader - INFO - wind speed: 0.0 m/s, wind level: 0, wind direction angle: 49.1, wind direction: EN
2025-07-10 16:05:23 - ModbusReader - INFO - wind speed: 0.0 m/s, wind level: 0, wind direction angle: 49.1, wind direction: EN
2025-07-10 16:05:53 - ModbusReader - INFO - wind speed: 0.0 m/s, wind level: 0, wind direction angle: 191.3, wind direction: SSW
2025-07-10 16:05:54 - ModbusReader - INFO - wind speed: 0.0 m/s, wind level: 0, wind direction angle: 191.3, wind direction: SSW
2025-07-10 16:06:24 - ModbusReader - INFO - wind speed: 0.0 m/s, wind level: 0, wind direction angle: 181.2, wind direction: S
2025-07-10 16:06:25 - ModbusReader - INFO - wind speed: 0.0 m/s, wind level: 0, wind direction angle: 317.8, wind direction: WN
2025-07-10 16:06:56 - ModbusReader - INFO - wind speed: 0.0 m/s, wind level: 0, wind direction angle: 7.5, wind direction: N
2025-07-10 16:06:56 - ModbusReader - INFO - wind speed: 0.0 m/s, wind level: 0, wind direction angle: 7.5, wind direction: N
2025-07-10 16:07:27 - ModbusReader - INFO - wind speed: 0.0 m/s, wind level: 0, wind direction angle: 190.7, wind direction: S
2025-07-10 16:07:27 - ModbusReader - INFO - wind speed: 0.0 m/s, wind level: 0, wind direction angle: 190.7, wind direction: S
2025-07-10 16:07:58 - ModbusReader - INFO - wind speed: 0.1 m/s, wind level: 0, wind direction angle: 98.5, wind direction: E
2025-07-10 16:07:59 - ModbusReader - INFO - wind speed: 0.1 m/s, wind level: 0, wind direction angle: 98.5, wind direction: E
2025-07-10 16:08:29 - ModbusReader - INFO - wind speed: 0.8 m/s, wind level: 1, wind direction angle: 221.4, wind direction: WS
2025-07-10 16:08:30 - ModbusReader - INFO - wind speed: 0.8 m/s, wind level: 1, wind direction angle: 221.4, wind direction: WS
2025-07-10 16:09:00 - ModbusReader - INFO - wind speed: 0.6 m/s, wind level: 1, wind direction angle: 162.3, wind direction: SSE
2025-07-10 16:09:01 - ModbusReader - INFO - wind speed: 0.6 m/s, wind level: 1, wind direction angle: 162.3, wind direction: SSE
2025-07-10 16:09:32 - ModbusReader - INFO - wind speed: 0.4 m/s, wind level: 1, wind direction angle: 311.2, wind direction: WN
2025-07-10 16:09:32 - ModbusReader - INFO - wind speed: 0.4 m/s, wind level: 1, wind direction angle: 311.2, wind direction: WN
2025-07-10 16:10:03 - ModbusReader - INFO - wind speed: 0.3 m/s, wind level: 1, wind direction angle: 201.5, wind direction: SSW
2025-07-10 16:10:03 - ModbusReader - INFO - wind speed: 0.3 m/s, wind level: 1, wind direction angle: 201.5, wind direction: SSW
2025-07-10 16:10:34 - ModbusReader - INFO - wind speed: 0.7 m/s, wind level: 1, wind direction angle: 319.4, wind direction: WN
2025-07-10 16:10:35 - ModbusReader - INFO - wind speed: 0.7 m/s, wind level: 1, wind direction angle: 319.4, wind direction: WN
2025-07-10 16:11:05 - ModbusReader - INFO - wind speed: 0.5 m/s, wind level: 1, wind direction angle: 113.0, wind direction: ESE
2025-07-10 16:11:06 - ModbusReader - INFO - wind speed: 0.5 m/s, wind level: 1, wind direction angle: 113.0, wind direction: ESE
2025-07-10 16:11:36 - ModbusReader - INFO - wind speed: 0.4 m/s, wind level: 1, wind direction angle: 161.6, wind direction: SSE
2025-07-10 16:11:37 - ModbusReader - INFO - wind speed: 0.4 m/s, wind level: 1, wind direction angle: 161.6, wind direction: SSE
2025-07-10 16:12:08 - ModbusReader - INFO - wind speed: 0.5 m/s, wind level: 1, wind direction angle: 346.0, wind direction: NNW
2025-07-10 16:12:08 - ModbusReader - INFO - wind speed: 0.5 m/s, wind level: 1, wind direction angle: 346.0, wind direction: NNW
2025-07-10 16:12:39 - ModbusReader - INFO - wind speed: 0.6 m/s, wind level: 1, wind direction angle: 158.8, wind direction: SSE
2025-07-10 16:12:39 - ModbusReader - INFO - wind speed: 0.6 m/s, wind level: 1, wind direction angle: 158.8, wind direction: SSE
2025-07-10 16:13:10 - ModbusReader - INFO - wind speed: 0.5 m/s, wind level: 1, wind direction angle: 218.1, wind direction: WS
2025-07-10 16:13:11 - ModbusReader - INFO - wind speed: 0.5 m/s, wind level: 1, wind direction angle: 218.1, wind direction: WS
2025-07-10 16:13:41 - ModbusReader - INFO - wind speed: 0.0 m/s, wind level: 0, wind direction angle: 181.8, wind direction: S
2025-07-10 16:13:42 - ModbusReader - INFO - wind speed: 0.0 m/s, wind level: 0, wind direction angle: 181.8, wind direction: S
2025-07-10 16:14:12 - ModbusReader - INFO - wind speed: 0.0 m/s, wind level: 0, wind direction angle: 95.4, wind direction: E
2025-07-10 16:14:13 - ModbusReader - INFO - wind speed: 0.0 m/s, wind level: 0, wind direction angle: 95.4, wind direction: E
2025-07-10 16:14:44 - ModbusReader - INFO - wind speed: 0.0 m/s, wind level: 0, wind direction angle: 174.4, wind direction: S
2025-07-10 16:14:44 - ModbusReader - INFO - wind speed: 0.0 m/s, wind level: 0, wind direction angle: 174.4, wind direction: S
2025-07-10 16:15:15 - ModbusReader - INFO - wind speed: 0.4 m/s, wind level: 1, wind direction angle: 359.7, wind direction: N
2025-07-10 16:15:15 - ModbusReader - INFO - wind speed: 0.4 m/s, wind level: 1, wind direction angle: 359.7, wind direction: N
2025-07-10 16:15:46 - ModbusReader - INFO - wind speed: 0.0 m/s, wind level: 0, wind direction angle: 336.8, wind direction: NNW
2025-07-10 16:15:47 - ModbusReader - INFO - wind speed: 0.0 m/s, wind level: 0, wind direction angle: 336.8, wind direction: NNW
2025-07-10 16:16:17 - ModbusReader - INFO - wind speed: 0.0 m/s, wind level: 0, wind direction angle: 293.5, wind direction: WNW
2025-07-10 16:16:18 - ModbusReader - INFO - wind speed: 0.0 m/s, wind level: 0, wind direction angle: 293.5, wind direction: WNW
2025-07-10 16:16:48 - ModbusReader - INFO - wind speed: 0.0 m/s, wind level: 0, wind direction angle: 352.8, wind direction: N
2025-07-10 16:16:49 - ModbusReader - INFO - wind speed: 0.0 m/s, wind level: 0, wind direction angle: 352.8, wind direction: N
2025-07-10 16:17:20 - ModbusReader - INFO - wind speed: 0.0 m/s, wind level: 0, wind direction angle: 36.1, wind direction: EN
2025-07-10 16:17:20 - ModbusReader - INFO - wind speed: 0.0 m/s, wind level: 0, wind direction angle: 36.1, wind direction: EN
2025-07-10 16:17:51 - ModbusReader - INFO - wind speed: 0.0 m/s, wind level: 0, wind direction angle: 292.9, wind direction: WNW
2025-07-10 16:17:51 - ModbusReader - INFO - wind speed: 0.0 m/s, wind level: 0, wind direction angle: 292.9, wind direction: WNW
2025-07-10 16:18:22 - ModbusReader - INFO - wind speed: 0.0 m/s, wind level: 0, wind direction angle: 162.6, wind direction: SSE
2025-07-10 16:18:23 - ModbusReader - INFO - wind speed: 0.0 m/s, wind level: 0, wind direction angle: 162.6, wind direction: SSE
2025-07-10 16:18:53 - ModbusReader - INFO - wind speed: 0.0 m/s, wind level: 0, wind direction angle: 109.3, wind direction: ESE
2025-07-10 16:18:54 - ModbusReader - INFO - wind speed: 0.0 m/s, wind level: 0, wind direction angle: 109.3, wind direction: ESE
2025-07-10 16:19:24 - ModbusReader - INFO - wind speed: 0.0 m/s, wind level: 0, wind direction angle: 137.0, wind direction: ES
2025-07-10 16:19:25 - ModbusReader - INFO - wind speed: 0.0 m/s, wind level: 0, wind direction angle: 137.0, wind direction: ES
2025-07-10 16:19:55 - ModbusReader - INFO - wind speed: 0.0 m/s, wind level: 0, wind direction angle: 23.6, wind direction: NNE
2025-07-10 16:19:56 - ModbusReader - INFO - wind speed: 0.0 m/s, wind level: 0, wind direction angle: 23.6, wind direction: NNE
2025-07-10 16:20:27 - ModbusReader - INFO - wind speed: 0.6 m/s, wind level: 1, wind direction angle: 183.7, wind direction: S
2025-07-10 16:20:27 - ModbusReader - INFO - wind speed: 0.6 m/s, wind level: 1, wind direction angle: 183.7, wind direction: S
2025-07-10 16:20:58 - ModbusReader - INFO - wind speed: 0.0 m/s, wind level: 0, wind direction angle: 194.5, wind direction: SSW
2025-07-10 16:20:58 - ModbusReader - INFO - wind speed: 0.0 m/s, wind level: 0, wind direction angle: 194.5, wind direction: SSW
2025-07-10 16:21:29 - ModbusReader - INFO - wind speed: 0.0 m/s, wind level: 0, wind direction angle: 195.3, wind direction: SSW
2025-07-10 16:21:30 - ModbusReader - INFO - wind speed: 0.0 m/s, wind level: 0, wind direction angle: 195.3, wind direction: SSW
2025-07-10 16:22:00 - ModbusReader - INFO - wind speed: 0.4 m/s, wind level: 1, wind direction angle: 327.4, wind direction: NNW
2025-07-10 16:22:01 - ModbusReader - INFO - wind speed: 0.4 m/s, wind level: 1, wind direction angle: 327.4, wind direction: NNW
2025-07-10 16:22:31 - ModbusReader - INFO - wind speed: 0.4 m/s, wind level: 1, wind direction angle: 87.4, wind direction: E
2025-07-10 16:22:32 - ModbusReader - INFO - wind speed: 0.4 m/s, wind level: 1, wind direction angle: 87.4, wind direction: E
2025-07-10 16:23:03 - ModbusReader - INFO - wind speed: 0.5 m/s, wind level: 1, wind direction angle: 140.8, wind direction: ES
2025-07-10 16:23:03 - ModbusReader - INFO - wind speed: 0.5 m/s, wind level: 1, wind direction angle: 140.8, wind direction: ES
2025-07-10 16:23:34 - ModbusReader - INFO - wind speed: 0.6 m/s, wind level: 1, wind direction angle: 271.6, wind direction: W
2025-07-10 16:23:34 - ModbusReader - INFO - wind speed: 0.6 m/s, wind level: 1, wind direction angle: 271.6, wind direction: W
2025-07-10 16:24:05 - ModbusReader - INFO - wind speed: 0.6 m/s, wind level: 1, wind direction angle: 293.7, wind direction: WNW
2025-07-10 16:24:06 - ModbusReader - INFO - wind speed: 0.6 m/s, wind level: 1, wind direction angle: 293.7, wind direction: WNW
2025-07-10 16:24:36 - ModbusReader - INFO - wind speed: 0.7 m/s, wind level: 1, wind direction angle: 309.0, wind direction: WN
2025-07-10 16:24:37 - ModbusReader - INFO - wind speed: 0.7 m/s, wind level: 1, wind direction angle: 309.0, wind direction: WN
2025-07-10 16:25:07 - ModbusReader - INFO - wind speed: 0.3 m/s, wind level: 1, wind direction angle: 57.2, wind direction: ENE
2025-07-10 16:25:08 - ModbusReader - INFO - wind speed: 0.3 m/s, wind level: 1, wind direction angle: 57.2, wind direction: ENE
2025-07-10 16:25:39 - ModbusReader - INFO - wind speed: 0.4 m/s, wind level: 1, wind direction angle: 175.8, wind direction: S
2025-07-10 16:25:39 - ModbusReader - INFO - wind speed: 0.4 m/s, wind level: 1, wind direction angle: 175.8, wind direction: S
2025-07-10 16:26:10 - ModbusReader - INFO - wind speed: 0.4 m/s, wind level: 1, wind direction angle: 289.6, wind direction: WNW
2025-07-10 16:26:10 - ModbusReader - INFO - wind speed: 0.4 m/s, wind level: 1, wind direction angle: 289.6, wind direction: WNW
2025-07-10 16:26:41 - ModbusReader - INFO - wind speed: 0.2 m/s, wind level: 0, wind direction angle: 354.5, wind direction: N
2025-07-10 16:26:42 - ModbusReader - INFO - wind speed: 0.2 m/s, wind level: 0, wind direction angle: 354.5, wind direction: N
2025-07-10 16:27:12 - ModbusReader - INFO - wind speed: 0.0 m/s, wind level: 0, wind direction angle: 207.9, wind direction: SSW
2025-07-10 16:27:13 - ModbusReader - INFO - wind speed: 0.0 m/s, wind level: 0, wind direction angle: 207.9, wind direction: SSW
2025-07-10 16:27:43 - ModbusReader - INFO - wind speed: 1.1 m/s, wind level: 1, wind direction angle: 110.5, wind direction: ESE
2025-07-10 16:27:44 - ModbusReader - INFO - wind speed: 1.2 m/s, wind level: 1, wind direction angle: 199.2, wind direction: SSW
2025-07-10 16:28:15 - ModbusReader - INFO - wind speed: 0.5 m/s, wind level: 1, wind direction angle: 268.2, wind direction: W
2025-07-10 16:28:15 - ModbusReader - INFO - wind speed: 0.5 m/s, wind level: 1, wind direction angle: 268.2, wind direction: W
2025-07-10 16:28:46 - ModbusReader - INFO - wind speed: 0.6 m/s, wind level: 1, wind direction angle: 209.3, wind direction: SSW
2025-07-10 16:28:46 - ModbusReader - INFO - wind speed: 0.6 m/s, wind level: 1, wind direction angle: 209.3, wind direction: SSW
2025-07-10 16:29:17 - ModbusReader - INFO - wind speed: 0.7 m/s, wind level: 1, wind direction angle: 52.0, wind direction: EN
2025-07-10 16:29:18 - ModbusReader - INFO - wind speed: 0.7 m/s, wind level: 1, wind direction angle: 52.0, wind direction: EN
2025-07-10 16:29:48 - ModbusReader - INFO - wind speed: 0.5 m/s, wind level: 1, wind direction angle: 66.8, wind direction: ENE
2025-07-10 16:29:49 - ModbusReader - INFO - wind speed: 0.5 m/s, wind level: 1, wind direction angle: 66.8, wind direction: ENE
2025-07-10 16:30:19 - ModbusReader - INFO - wind speed: 0.4 m/s, wind level: 1, wind direction angle: 181.9, wind direction: S
2025-07-10 16:30:20 - ModbusReader - INFO - wind speed: 0.4 m/s, wind level: 1, wind direction angle: 181.9, wind direction: S
2025-07-10 16:30:51 - ModbusReader - INFO - wind speed: 0.4 m/s, wind level: 1, wind direction angle: 71.9, wind direction: ENE
2025-07-10 16:30:51 - ModbusReader - INFO - wind speed: 0.4 m/s, wind level: 1, wind direction angle: 71.9, wind direction: ENE
2025-07-10 16:31:22 - ModbusReader - INFO - wind speed: 0.5 m/s, wind level: 1, wind direction angle: 36.3, wind direction: EN
2025-07-10 16:31:22 - ModbusReader - INFO - wind speed: 0.5 m/s, wind level: 1, wind direction angle: 36.3, wind direction: EN
2025-07-10 16:31:53 - ModbusReader - INFO - wind speed: 0.4 m/s, wind level: 1, wind direction angle: 62.3, wind direction: ENE
2025-07-10 16:31:54 - ModbusReader - INFO - wind speed: 0.4 m/s, wind level: 1, wind direction angle: 62.3, wind direction: ENE
2025-07-10 16:32:24 - ModbusReader - INFO - wind speed: 0.7 m/s, wind level: 1, wind direction angle: 94.3, wind direction: E
2025-07-10 16:32:25 - ModbusReader - INFO - wind speed: 0.7 m/s, wind level: 1, wind direction angle: 94.3, wind direction: E
2025-07-10 16:32:55 - ModbusReader - INFO - wind speed: 0.7 m/s, wind level: 1, wind direction angle: 47.5, wind direction: EN
2025-07-10 16:32:56 - ModbusReader - INFO - wind speed: 0.7 m/s, wind level: 1, wind direction angle: 47.5, wind direction: EN
2025-07-10 16:33:27 - ModbusReader - INFO - wind speed: 0.7 m/s, wind level: 1, wind direction angle: 167.9, wind direction: SSE
2025-07-10 16:33:27 - ModbusReader - INFO - wind speed: 0.7 m/s, wind level: 1, wind direction angle: 167.9, wind direction: SSE
2025-07-10 16:33:58 - ModbusReader - INFO - wind speed: 0.5 m/s, wind level: 1, wind direction angle: 210.3, wind direction: SSW
2025-07-10 16:33:58 - ModbusReader - INFO - wind speed: 0.5 m/s, wind level: 1, wind direction angle: 210.3, wind direction: SSW
2025-07-10 16:34:29 - ModbusReader - INFO - wind speed: 0.4 m/s, wind level: 1, wind direction angle: 113.5, wind direction: ESE
2025-07-10 16:34:30 - ModbusReader - INFO - wind speed: 0.4 m/s, wind level: 1, wind direction angle: 113.5, wind direction: ESE
2025-07-10 16:35:00 - ModbusReader - INFO - wind speed: 0.0 m/s, wind level: 0, wind direction angle: 67.8, wind direction: ENE
2025-07-10 16:35:01 - ModbusReader - INFO - wind speed: 0.0 m/s, wind level: 0, wind direction angle: 120.4, wind direction: ESE
2025-07-10 16:35:31 - ModbusReader - INFO - wind speed: 0.7 m/s, wind level: 1, wind direction angle: 333.2, wind direction: NNW
2025-07-10 16:35:32 - ModbusReader - INFO - wind speed: 0.7 m/s, wind level: 1, wind direction angle: 333.2, wind direction: NNW
2025-07-10 16:36:03 - ModbusReader - INFO - wind speed: 0.7 m/s, wind level: 1, wind direction angle: 328.7, wind direction: NNW
2025-07-10 16:36:03 - ModbusReader - INFO - wind speed: 0.7 m/s, wind level: 1, wind direction angle: 328.7, wind direction: NNW
2025-07-10 16:36:34 - ModbusReader - INFO - wind speed: 0.8 m/s, wind level: 1, wind direction angle: 60.9, wind direction: ENE
2025-07-10 16:36:34 - ModbusReader - INFO - wind speed: 0.8 m/s, wind level: 1, wind direction angle: 60.9, wind direction: ENE
2025-07-10 16:37:05 - ModbusReader - INFO - wind speed: 0.9 m/s, wind level: 1, wind direction angle: 159.0, wind direction: SSE
2025-07-10 16:37:06 - ModbusReader - INFO - wind speed: 0.9 m/s, wind level: 1, wind direction angle: 159.0, wind direction: SSE
2025-07-10 16:37:36 - ModbusReader - INFO - wind speed: 0.9 m/s, wind level: 1, wind direction angle: 81.3, wind direction: E
2025-07-10 16:37:37 - ModbusReader - INFO - wind speed: 0.9 m/s, wind level: 1, wind direction angle: 81.3, wind direction: E
2025-07-10 16:38:07 - ModbusReader - INFO - wind speed: 0.6 m/s, wind level: 1, wind direction angle: 145.0, wind direction: ES
2025-07-10 16:38:08 - ModbusReader - INFO - wind speed: 0.6 m/s, wind level: 1, wind direction angle: 145.0, wind direction: ES
2025-07-10 16:38:39 - ModbusReader - INFO - wind speed: 0.6 m/s, wind level: 1, wind direction angle: 141.8, wind direction: ES
2025-07-10 16:38:39 - ModbusReader - INFO - wind speed: 0.6 m/s, wind level: 1, wind direction angle: 141.8, wind direction: ES
2025-07-10 16:39:10 - ModbusReader - INFO - wind speed: 0.6 m/s, wind level: 1, wind direction angle: 61.7, wind direction: ENE
2025-07-10 16:39:10 - ModbusReader - INFO - wind speed: 0.6 m/s, wind level: 1, wind direction angle: 61.7, wind direction: ENE
2025-07-10 16:39:41 - ModbusReader - INFO - wind speed: 0.2 m/s, wind level: 0, wind direction angle: 255.3, wind direction: WSW
2025-07-10 16:39:42 - ModbusReader - INFO - wind speed: 0.2 m/s, wind level: 0, wind direction angle: 255.3, wind direction: WSW
2025-07-10 16:40:12 - ModbusReader - INFO - wind speed: 0.5 m/s, wind level: 1, wind direction angle: 295.9, wind direction: WNW
2025-07-10 16:40:13 - ModbusReader - INFO - wind speed: 0.5 m/s, wind level: 1, wind direction angle: 295.9, wind direction: WNW
2025-07-10 16:40:43 - ModbusReader - INFO - wind speed: 0.6 m/s, wind level: 1, wind direction angle: 115.1, wind direction: ESE
2025-07-10 16:40:44 - ModbusReader - INFO - wind speed: 0.6 m/s, wind level: 1, wind direction angle: 115.1, wind direction: ESE
2025-07-10 16:41:15 - ModbusReader - INFO - wind speed: 1.1 m/s, wind level: 1, wind direction angle: 122.5, wind direction: ESE
2025-07-10 16:41:15 - ModbusReader - INFO - wind speed: 1.1 m/s, wind level: 1, wind direction angle: 122.5, wind direction: ESE
2025-07-10 16:41:46 - ModbusReader - INFO - wind speed: 0.7 m/s, wind level: 1, wind direction angle: 164.2, wind direction: SSE
2025-07-10 16:41:46 - ModbusReader - INFO - wind speed: 0.7 m/s, wind level: 1, wind direction angle: 164.2, wind direction: SSE
2025-07-10 16:42:17 - ModbusReader - INFO - wind speed: 0.5 m/s, wind level: 1, wind direction angle: 171.3, wind direction: S
2025-07-10 16:42:18 - ModbusReader - INFO - wind speed: 0.4 m/s, wind level: 1, wind direction angle: 196.3, wind direction: SSW
2025-07-10 16:42:48 - ModbusReader - INFO - wind speed: 0.3 m/s, wind level: 1, wind direction angle: 149.5, wind direction: SSE
2025-07-10 16:42:49 - ModbusReader - INFO - wind speed: 0.3 m/s, wind level: 1, wind direction angle: 149.5, wind direction: SSE
2025-07-10 16:43:19 - ModbusReader - INFO - wind speed: 0.6 m/s, wind level: 1, wind direction angle: 6.1, wind direction: N
2025-07-10 16:43:20 - ModbusReader - INFO - wind speed: 0.6 m/s, wind level: 1, wind direction angle: 6.1, wind direction: N
2025-07-10 16:43:51 - ModbusReader - INFO - wind speed: 0.4 m/s, wind level: 1, wind direction angle: 14.6, wind direction: NNE
2025-07-10 16:43:51 - ModbusReader - INFO - wind speed: 0.4 m/s, wind level: 1, wind direction angle: 14.6, wind direction: NNE
2025-07-10 16:44:22 - ModbusReader - INFO - wind speed: 0.6 m/s, wind level: 1, wind direction angle: 196.0, wind direction: SSW
2025-07-10 16:44:22 - ModbusReader - INFO - wind speed: 0.6 m/s, wind level: 1, wind direction angle: 196.0, wind direction: SSW
2025-07-10 16:44:53 - ModbusReader - INFO - wind speed: 0.8 m/s, wind level: 1, wind direction angle: 241.7, wind direction: WSW
2025-07-10 16:44:54 - ModbusReader - INFO - wind speed: 0.8 m/s, wind level: 1, wind direction angle: 241.7, wind direction: WSW
2025-07-10 16:45:24 - ModbusReader - INFO - wind speed: 0.4 m/s, wind level: 1, wind direction angle: 85.2, wind direction: E
2025-07-10 16:45:25 - ModbusReader - INFO - wind speed: 0.4 m/s, wind level: 1, wind direction angle: 85.2, wind direction: E
2025-07-10 16:45:55 - ModbusReader - INFO - wind speed: 0.0 m/s, wind level: 0, wind direction angle: 41.7, wind direction: EN
2025-07-10 16:45:56 - ModbusReader - INFO - wind speed: 0.0 m/s, wind level: 0, wind direction angle: 41.7, wind direction: EN
2025-07-10 16:46:27 - ModbusReader - INFO - wind speed: 0.7 m/s, wind level: 1, wind direction angle: 16.7, wind direction: NNE
2025-07-10 16:46:27 - ModbusReader - INFO - wind speed: 0.7 m/s, wind level: 1, wind direction angle: 16.7, wind direction: NNE
2025-07-10 16:46:58 - ModbusReader - INFO - wind speed: 0.4 m/s, wind level: 1, wind direction angle: 205.4, wind direction: SSW
2025-07-10 16:46:58 - ModbusReader - INFO - wind speed: 0.4 m/s, wind level: 1, wind direction angle: 205.4, wind direction: SSW
2025-07-10 16:47:29 - ModbusReader - INFO - wind speed: 0.4 m/s, wind level: 1, wind direction angle: 11.0, wind direction: N
2025-07-10 16:47:30 - ModbusReader - INFO - wind speed: 0.4 m/s, wind level: 1, wind direction angle: 11.0, wind direction: N
2025-07-10 16:48:00 - ModbusReader - INFO - wind speed: 0.7 m/s, wind level: 1, wind direction angle: 16.1, wind direction: NNE
2025-07-10 16:48:01 - ModbusReader - INFO - wind speed: 0.7 m/s, wind level: 1, wind direction angle: 16.1, wind direction: NNE
2025-07-10 16:48:31 - ModbusReader - INFO - wind speed: 0.5 m/s, wind level: 1, wind direction angle: 51.0, wind direction: EN
2025-07-10 16:48:32 - ModbusReader - INFO - wind speed: 0.5 m/s, wind level: 1, wind direction angle: 51.0, wind direction: EN
2025-07-10 16:49:03 - ModbusReader - INFO - wind speed: 0.5 m/s, wind level: 1, wind direction angle: 121.6, wind direction: ESE
2025-07-10 16:49:03 - ModbusReader - INFO - wind speed: 0.5 m/s, wind level: 1, wind direction angle: 121.6, wind direction: ESE
2025-07-10 16:49:34 - ModbusReader - INFO - wind speed: 0.0 m/s, wind level: 0, wind direction angle: 156.1, wind direction: SSE
2025-07-10 16:49:34 - ModbusReader - INFO - wind speed: 0.2 m/s, wind level: 0, wind direction angle: 317.6, wind direction: WN
2025-07-10 16:50:05 - ModbusReader - INFO - wind speed: 0.4 m/s, wind level: 1, wind direction angle: 350.1, wind direction: N
2025-07-10 16:50:06 - ModbusReader - INFO - wind speed: 0.4 m/s, wind level: 1, wind direction angle: 350.1, wind direction: N
2025-07-10 16:50:36 - ModbusReader - INFO - wind speed: 0.5 m/s, wind level: 1, wind direction angle: 256.3, wind direction: WSW
2025-07-10 16:50:37 - ModbusReader - INFO - wind speed: 0.5 m/s, wind level: 1, wind direction angle: 256.3, wind direction: WSW
2025-07-10 16:51:07 - ModbusReader - INFO - wind speed: 0.4 m/s, wind level: 1, wind direction angle: 40.7, wind direction: EN
2025-07-10 16:51:08 - ModbusReader - INFO - wind speed: 0.4 m/s, wind level: 1, wind direction angle: 40.7, wind direction: EN
2025-07-10 16:51:39 - ModbusReader - INFO - wind speed: 0.6 m/s, wind level: 1, wind direction angle: 334.1, wind direction: NNW
2025-07-10 16:51:39 - ModbusReader - INFO - wind speed: 0.6 m/s, wind level: 1, wind direction angle: 334.1, wind direction: NNW
2025-07-10 16:52:10 - ModbusReader - INFO - wind speed: 0.5 m/s, wind level: 1, wind direction angle: 343.6, wind direction: NNW
2025-07-10 16:52:10 - ModbusReader - INFO - wind speed: 0.5 m/s, wind level: 1, wind direction angle: 343.6, wind direction: NNW
2025-07-10 16:52:41 - ModbusReader - INFO - wind speed: 0.3 m/s, wind level: 1, wind direction angle: 117.9, wind direction: ESE
2025-07-10 16:52:42 - ModbusReader - INFO - wind speed: 0.3 m/s, wind level: 1, wind direction angle: 117.9, wind direction: ESE
2025-07-10 16:53:12 - ModbusReader - INFO - wind speed: 0.5 m/s, wind level: 1, wind direction angle: 5.8, wind direction: N
2025-07-10 16:53:13 - ModbusReader - INFO - wind speed: 0.5 m/s, wind level: 1, wind direction angle: 5.8, wind direction: N
2025-07-10 16:53:43 - ModbusReader - INFO - wind speed: 0.6 m/s, wind level: 1, wind direction angle: 196.6, wind direction: SSW
2025-07-10 16:53:44 - ModbusReader - INFO - wind speed: 0.6 m/s, wind level: 1, wind direction angle: 196.6, wind direction: SSW
2025-07-10 16:54:15 - ModbusReader - INFO - wind speed: 0.5 m/s, wind level: 1, wind direction angle: 210.4, wind direction: SSW
2025-07-10 16:54:15 - ModbusReader - INFO - wind speed: 0.5 m/s, wind level: 1, wind direction angle: 210.4, wind direction: SSW
2025-07-10 16:54:46 - ModbusReader - INFO - wind speed: 0.4 m/s, wind level: 1, wind direction angle: 104.9, wind direction: ESE
2025-07-10 16:54:46 - ModbusReader - INFO - wind speed: 0.4 m/s, wind level: 1, wind direction angle: 104.9, wind direction: ESE
2025-07-10 16:55:17 - ModbusReader - INFO - wind speed: 0.5 m/s, wind level: 1, wind direction angle: 192.4, wind direction: SSW
2025-07-10 16:55:18 - ModbusReader - INFO - wind speed: 0.5 m/s, wind level: 1, wind direction angle: 192.4, wind direction: SSW
2025-07-10 16:55:48 - ModbusReader - INFO - wind speed: 0.5 m/s, wind level: 1, wind direction angle: 351.3, wind direction: N
2025-07-10 16:55:49 - ModbusReader - INFO - wind speed: 0.5 m/s, wind level: 1, wind direction angle: 351.3, wind direction: N
2025-07-10 16:56:19 - ModbusReader - INFO - wind speed: 0.6 m/s, wind level: 1, wind direction angle: 55.2, wind direction: EN
2025-07-10 16:56:20 - ModbusReader - INFO - wind speed: 0.6 m/s, wind level: 1, wind direction angle: 55.2, wind direction: EN
2025-07-10 16:56:51 - ModbusReader - INFO - wind speed: 0.5 m/s, wind level: 1, wind direction angle: 32.1, wind direction: NNE
2025-07-10 16:56:51 - ModbusReader - INFO - wind speed: 0.4 m/s, wind level: 1, wind direction angle: 355.0, wind direction: N
2025-07-10 16:57:22 - ModbusReader - INFO - wind speed: 0.2 m/s, wind level: 0, wind direction angle: 314.3, wind direction: WN
2025-07-10 16:57:22 - ModbusReader - INFO - wind speed: 0.2 m/s, wind level: 0, wind direction angle: 314.3, wind direction: WN
2025-07-10 16:57:53 - ModbusReader - INFO - wind speed: 0.3 m/s, wind level: 1, wind direction angle: 46.9, wind direction: EN
2025-07-10 16:57:54 - ModbusReader - INFO - wind speed: 0.3 m/s, wind level: 1, wind direction angle: 46.9, wind direction: EN
2025-07-10 16:58:24 - ModbusReader - INFO - wind speed: 0.5 m/s, wind level: 1, wind direction angle: 17.5, wind direction: NNE
2025-07-10 16:58:25 - ModbusReader - INFO - wind speed: 0.5 m/s, wind level: 1, wind direction angle: 17.5, wind direction: NNE
2025-07-10 16:58:55 - ModbusReader - INFO - wind speed: 0.4 m/s, wind level: 1, wind direction angle: 311.3, wind direction: WN
2025-07-10 16:58:56 - ModbusReader - INFO - wind speed: 0.4 m/s, wind level: 1, wind direction angle: 311.3, wind direction: WN
2025-07-10 16:59:27 - ModbusReader - INFO - wind speed: 0.4 m/s, wind level: 1, wind direction angle: 0.1, wind direction: N
2025-07-10 16:59:27 - ModbusReader - INFO - wind speed: 0.4 m/s, wind level: 1, wind direction angle: 0.1, wind direction: N
2025-07-10 16:59:58 - ModbusReader - INFO - wind speed: 0.0 m/s, wind level: 0, wind direction angle: 195.4, wind direction: SSW
2025-07-10 16:59:58 - ModbusReader - INFO - wind speed: 0.0 m/s, wind level: 0, wind direction angle: 195.4, wind direction: SSW
2025-07-10 17:00:29 - ModbusReader - INFO - wind speed: 0.4 m/s, wind level: 1, wind direction angle: 325.2, wind direction: WN
2025-07-10 17:00:30 - ModbusReader - INFO - wind speed: 0.4 m/s, wind level: 1, wind direction angle: 325.2, wind direction: WN
2025-07-10 17:01:00 - ModbusReader - INFO - wind speed: 0.7 m/s, wind level: 1, wind direction angle: 16.5, wind direction: NNE
2025-07-10 17:01:01 - ModbusReader - INFO - wind speed: 0.7 m/s, wind level: 1, wind direction angle: 16.5, wind direction: NNE
2025-07-10 17:01:31 - ModbusReader - INFO - wind speed: 0.5 m/s, wind level: 1, wind direction angle: 303.2, wind direction: WNW
2025-07-10 17:01:32 - ModbusReader - INFO - wind speed: 0.5 m/s, wind level: 1, wind direction angle: 303.2, wind direction: WNW
2025-07-10 17:02:03 - ModbusReader - INFO - wind speed: 0.6 m/s, wind level: 1, wind direction angle: 178.9, wind direction: S
2025-07-10 17:02:03 - ModbusReader - INFO - wind speed: 0.6 m/s, wind level: 1, wind direction angle: 178.9, wind direction: S
2025-07-10 17:02:34 - ModbusReader - INFO - wind speed: 0.4 m/s, wind level: 1, wind direction angle: 156.8, wind direction: SSE
2025-07-10 17:02:34 - ModbusReader - INFO - wind speed: 0.4 m/s, wind level: 1, wind direction angle: 156.8, wind direction: SSE
2025-07-10 17:03:05 - ModbusReader - INFO - wind speed: 0.6 m/s, wind level: 1, wind direction angle: 141.7, wind direction: ES
2025-07-10 17:03:06 - ModbusReader - INFO - wind speed: 0.6 m/s, wind level: 1, wind direction angle: 141.7, wind direction: ES
2025-07-10 17:03:36 - ModbusReader - INFO - wind speed: 0.6 m/s, wind level: 1, wind direction angle: 118.3, wind direction: ESE
2025-07-10 17:03:37 - ModbusReader - INFO - wind speed: 0.6 m/s, wind level: 1, wind direction angle: 118.3, wind direction: ESE
2025-07-10 17:04:07 - ModbusReader - INFO - wind speed: 0.5 m/s, wind level: 1, wind direction angle: 346.2, wind direction: NNW
2025-07-10 17:04:08 - ModbusReader - INFO - wind speed: 0.5 m/s, wind level: 1, wind direction angle: 210.0, wind direction: SSW
2025-07-10 17:04:39 - ModbusReader - INFO - wind speed: 0.7 m/s, wind level: 1, wind direction angle: 26.3, wind direction: NNE
2025-07-10 17:04:39 - ModbusReader - INFO - wind speed: 0.7 m/s, wind level: 1, wind direction angle: 26.3, wind direction: NNE
2025-07-10 17:05:10 - ModbusReader - INFO - wind speed: 1.5 m/s, wind level: 1, wind direction angle: 75.7, wind direction: ENE
2025-07-10 17:05:10 - ModbusReader - INFO - wind speed: 1.5 m/s, wind level: 1, wind direction angle: 75.7, wind direction: ENE
2025-07-10 17:05:41 - ModbusReader - INFO - wind speed: 0.7 m/s, wind level: 1, wind direction angle: 248.5, wind direction: WSW
2025-07-10 17:05:42 - ModbusReader - INFO - wind speed: 0.7 m/s, wind level: 1, wind direction angle: 248.5, wind direction: WSW
2025-07-10 17:06:12 - ModbusReader - INFO - wind speed: 0.4 m/s, wind level: 1, wind direction angle: 1.4, wind direction: N
2025-07-10 17:06:13 - ModbusReader - INFO - wind speed: 0.4 m/s, wind level: 1, wind direction angle: 1.4, wind direction: N
2025-07-10 17:06:43 - ModbusReader - INFO - wind speed: 0.5 m/s, wind level: 1, wind direction angle: 131.6, wind direction: ES
2025-07-10 17:06:44 - ModbusReader - INFO - wind speed: 0.5 m/s, wind level: 1, wind direction angle: 131.6, wind direction: ES
2025-07-10 17:07:15 - ModbusReader - INFO - wind speed: 0.1 m/s, wind level: 0, wind direction angle: 338.0, wind direction: NNW
2025-07-10 17:07:15 - ModbusReader - INFO - wind speed: 0.1 m/s, wind level: 0, wind direction angle: 338.0, wind direction: NNW
2025-07-10 17:07:46 - ModbusReader - INFO - wind speed: 0.4 m/s, wind level: 1, wind direction angle: 14.9, wind direction: NNE
2025-07-10 17:07:46 - ModbusReader - INFO - wind speed: 0.4 m/s, wind level: 1, wind direction angle: 14.9, wind direction: NNE
2025-07-10 17:08:17 - ModbusReader - INFO - wind speed: 0.4 m/s, wind level: 1, wind direction angle: 306.3, wind direction: WN
2025-07-10 17:08:18 - ModbusReader - INFO - wind speed: 0.4 m/s, wind level: 1, wind direction angle: 306.3, wind direction: WN
2025-07-10 17:08:48 - ModbusReader - INFO - wind speed: 0.4 m/s, wind level: 1, wind direction angle: 142.2, wind direction: ES
2025-07-10 17:08:49 - ModbusReader - INFO - wind speed: 0.4 m/s, wind level: 1, wind direction angle: 142.2, wind direction: ES
2025-07-10 17:09:19 - ModbusReader - INFO - wind speed: 0.8 m/s, wind level: 1, wind direction angle: 189.9, wind direction: S
2025-07-10 17:09:20 - ModbusReader - INFO - wind speed: 0.8 m/s, wind level: 1, wind direction angle: 189.9, wind direction: S
2025-07-10 17:09:51 - ModbusReader - INFO - wind speed: 0.6 m/s, wind level: 1, wind direction angle: 350.5, wind direction: N
2025-07-10 17:09:51 - ModbusReader - INFO - wind speed: 0.6 m/s, wind level: 1, wind direction angle: 350.5, wind direction: N
2025-07-10 17:10:22 - ModbusReader - INFO - wind speed: 0.5 m/s, wind level: 1, wind direction angle: 348.2, wind direction: NNW
2025-07-10 17:10:22 - ModbusReader - INFO - wind speed: 0.5 m/s, wind level: 1, wind direction angle: 348.2, wind direction: NNW
2025-07-10 17:10:53 - ModbusReader - INFO - wind speed: 0.4 m/s, wind level: 1, wind direction angle: 304.1, wind direction: WN
2025-07-10 17:10:54 - ModbusReader - INFO - wind speed: 0.4 m/s, wind level: 1, wind direction angle: 304.1, wind direction: WN
2025-07-10 17:11:24 - ModbusReader - INFO - wind speed: 0.3 m/s, wind level: 1, wind direction angle: 143.0, wind direction: ES
2025-07-10 17:11:25 - ModbusReader - INFO - wind speed: 0.4 m/s, wind level: 1, wind direction angle: 335.5, wind direction: NNW
2025-07-10 17:11:55 - ModbusReader - INFO - wind speed: 0.3 m/s, wind level: 1, wind direction angle: 55.0, wind direction: EN
2025-07-10 17:11:56 - ModbusReader - INFO - wind speed: 0.3 m/s, wind level: 1, wind direction angle: 55.0, wind direction: EN
2025-07-10 17:12:27 - ModbusReader - INFO - wind speed: 0.4 m/s, wind level: 1, wind direction angle: 103.1, wind direction: ESE
2025-07-10 17:12:27 - ModbusReader - INFO - wind speed: 0.4 m/s, wind level: 1, wind direction angle: 103.1, wind direction: ESE
2025-07-10 17:12:58 - ModbusReader - INFO - wind speed: 0.4 m/s, wind level: 1, wind direction angle: 135.6, wind direction: ES
2025-07-10 17:12:58 - ModbusReader - INFO - wind speed: 0.4 m/s, wind level: 1, wind direction angle: 135.6, wind direction: ES
2025-07-10 17:13:29 - ModbusReader - INFO - wind speed: 0.5 m/s, wind level: 1, wind direction angle: 184.1, wind direction: S
2025-07-10 17:13:30 - ModbusReader - INFO - wind speed: 0.5 m/s, wind level: 1, wind direction angle: 184.1, wind direction: S
2025-07-10 17:14:00 - ModbusReader - INFO - wind speed: 0.9 m/s, wind level: 1, wind direction angle: 101.7, wind direction: ESE
2025-07-10 17:14:01 - ModbusReader - INFO - wind speed: 0.9 m/s, wind level: 1, wind direction angle: 101.7, wind direction: ESE
2025-07-10 17:14:31 - ModbusReader - INFO - wind speed: 0.7 m/s, wind level: 1, wind direction angle: 91.4, wind direction: E
2025-07-10 17:14:32 - ModbusReader - INFO - wind speed: 0.7 m/s, wind level: 1, wind direction angle: 91.4, wind direction: E
2025-07-10 17:15:03 - ModbusReader - INFO - wind speed: 0.6 m/s, wind level: 1, wind direction angle: 95.8, wind direction: E
2025-07-10 17:15:03 - ModbusReader - INFO - wind speed: 0.6 m/s, wind level: 1, wind direction angle: 95.8, wind direction: E
2025-07-10 17:15:34 - ModbusReader - INFO - wind speed: 0.5 m/s, wind level: 1, wind direction angle: 279.5, wind direction: W
2025-07-10 17:15:34 - ModbusReader - INFO - wind speed: 0.5 m/s, wind level: 1, wind direction angle: 279.5, wind direction: W
2025-07-10 17:16:05 - ModbusReader - INFO - wind speed: 0.4 m/s, wind level: 1, wind direction angle: 78.5, wind direction: ENE
2025-07-10 17:16:06 - ModbusReader - INFO - wind speed: 0.4 m/s, wind level: 1, wind direction angle: 78.5, wind direction: ENE
2025-07-10 17:16:36 - ModbusReader - INFO - wind speed: 0.7 m/s, wind level: 1, wind direction angle: 334.0, wind direction: NNW
2025-07-10 17:16:37 - ModbusReader - INFO - wind speed: 0.7 m/s, wind level: 1, wind direction angle: 334.0, wind direction: NNW
2025-07-10 17:17:07 - ModbusReader - INFO - wind speed: 0.4 m/s, wind level: 1, wind direction angle: 295.7, wind direction: WNW
2025-07-10 17:17:08 - ModbusReader - INFO - wind speed: 0.4 m/s, wind level: 1, wind direction angle: 295.7, wind direction: WNW
2025-07-10 17:17:39 - ModbusReader - INFO - wind speed: 0.4 m/s, wind level: 1, wind direction angle: 304.7, wind direction: WN
2025-07-10 17:17:39 - ModbusReader - INFO - wind speed: 0.4 m/s, wind level: 1, wind direction angle: 304.7, wind direction: WN
2025-07-10 17:18:10 - ModbusReader - INFO - wind speed: 0.4 m/s, wind level: 1, wind direction angle: 286.9, wind direction: WNW
2025-07-10 17:18:10 - ModbusReader - INFO - wind speed: 0.4 m/s, wind level: 1, wind direction angle: 286.9, wind direction: WNW
2025-07-10 17:18:41 - ModbusReader - INFO - wind speed: 0.7 m/s, wind level: 1, wind direction angle: 109.5, wind direction: ESE
2025-07-10 17:18:42 - ModbusReader - INFO - wind speed: 0.6 m/s, wind level: 1, wind direction angle: 302.4, wind direction: WNW
2025-07-10 17:19:12 - ModbusReader - INFO - wind speed: 0.5 m/s, wind level: 1, wind direction angle: 239.1, wind direction: WSW
2025-07-10 17:19:13 - ModbusReader - INFO - wind speed: 0.5 m/s, wind level: 1, wind direction angle: 239.1, wind direction: WSW
2025-07-10 17:19:43 - ModbusReader - INFO - wind speed: 0.2 m/s, wind level: 0, wind direction angle: 252.8, wind direction: WSW
2025-07-10 17:19:44 - ModbusReader - INFO - wind speed: 0.2 m/s, wind level: 0, wind direction angle: 252.8, wind direction: WSW
2025-07-10 17:20:15 - ModbusReader - INFO - wind speed: 0.4 m/s, wind level: 1, wind direction angle: 334.0, wind direction: NNW
2025-07-10 17:20:15 - ModbusReader - INFO - wind speed: 0.4 m/s, wind level: 1, wind direction angle: 334.0, wind direction: NNW
2025-07-10 17:20:46 - ModbusReader - INFO - wind speed: 0.7 m/s, wind level: 1, wind direction angle: 193.3, wind direction: SSW
2025-07-10 17:20:46 - ModbusReader - INFO - wind speed: 0.7 m/s, wind level: 1, wind direction angle: 193.3, wind direction: SSW
2025-07-10 17:21:17 - ModbusReader - INFO - wind speed: 0.5 m/s, wind level: 1, wind direction angle: 308.6, wind direction: WN
2025-07-10 17:21:18 - ModbusReader - INFO - wind speed: 0.5 m/s, wind level: 1, wind direction angle: 308.6, wind direction: WN
2025-07-10 17:21:48 - ModbusReader - INFO - wind speed: 0.5 m/s, wind level: 1, wind direction angle: 353.5, wind direction: N
2025-07-10 17:21:49 - ModbusReader - INFO - wind speed: 0.5 m/s, wind level: 1, wind direction angle: 353.5, wind direction: N
2025-07-10 17:22:19 - ModbusReader - INFO - wind speed: 0.5 m/s, wind level: 1, wind direction angle: 176.8, wind direction: S
2025-07-10 17:22:20 - ModbusReader - INFO - wind speed: 0.5 m/s, wind level: 1, wind direction angle: 176.8, wind direction: S
2025-07-10 17:22:51 - ModbusReader - INFO - wind speed: 0.7 m/s, wind level: 1, wind direction angle: 236.8, wind direction: WSW
2025-07-10 17:22:51 - ModbusReader - INFO - wind speed: 0.7 m/s, wind level: 1, wind direction angle: 236.8, wind direction: WSW
2025-07-10 17:23:22 - ModbusReader - INFO - wind speed: 0.5 m/s, wind level: 1, wind direction angle: 89.7, wind direction: E
2025-07-10 17:23:22 - ModbusReader - INFO - wind speed: 0.5 m/s, wind level: 1, wind direction angle: 89.7, wind direction: E
2025-07-10 17:23:53 - ModbusReader - INFO - wind speed: 0.4 m/s, wind level: 1, wind direction angle: 301.8, wind direction: WNW
2025-07-10 17:23:54 - ModbusReader - INFO - wind speed: 0.4 m/s, wind level: 1, wind direction angle: 301.8, wind direction: WNW
2025-07-10 17:24:24 - ModbusReader - INFO - wind speed: 0.4 m/s, wind level: 1, wind direction angle: 204.5, wind direction: SSW
2025-07-10 17:24:25 - ModbusReader - INFO - wind speed: 0.4 m/s, wind level: 1, wind direction angle: 204.5, wind direction: SSW
2025-07-10 17:24:55 - ModbusReader - INFO - wind speed: 0.5 m/s, wind level: 1, wind direction angle: 195.9, wind direction: SSW
2025-07-10 17:24:56 - ModbusReader - INFO - wind speed: 0.5 m/s, wind level: 1, wind direction angle: 195.9, wind direction: SSW
2025-07-10 17:25:27 - ModbusReader - INFO - wind speed: 0.7 m/s, wind level: 1, wind direction angle: 91.0, wind direction: E
2025-07-10 17:25:27 - ModbusReader - INFO - wind speed: 0.7 m/s, wind level: 1, wind direction angle: 91.0, wind direction: E
2025-07-10 17:25:58 - ModbusReader - INFO - wind speed: 0.5 m/s, wind level: 1, wind direction angle: 121.1, wind direction: ESE
2025-07-10 17:25:58 - ModbusReader - INFO - wind speed: 0.5 m/s, wind level: 1, wind direction angle: 51.6, wind direction: EN
2025-07-10 17:26:29 - ModbusReader - INFO - wind speed: 0.4 m/s, wind level: 1, wind direction angle: 104.8, wind direction: ESE
2025-07-10 17:26:30 - ModbusReader - INFO - wind speed: 0.4 m/s, wind level: 1, wind direction angle: 104.8, wind direction: ESE
2025-07-10 17:27:00 - ModbusReader - INFO - wind speed: 0.5 m/s, wind level: 1, wind direction angle: 210.7, wind direction: SSW
2025-07-10 17:27:01 - ModbusReader - INFO - wind speed: 0.5 m/s, wind level: 1, wind direction angle: 210.7, wind direction: SSW
2025-07-10 17:27:31 - ModbusReader - INFO - wind speed: 0.4 m/s, wind level: 1, wind direction angle: 343.0, wind direction: NNW
2025-07-10 17:27:32 - ModbusReader - INFO - wind speed: 0.4 m/s, wind level: 1, wind direction angle: 343.0, wind direction: NNW
2025-07-10 17:28:03 - ModbusReader - INFO - wind speed: 0.9 m/s, wind level: 1, wind direction angle: 117.8, wind direction: ESE
2025-07-10 17:28:03 - ModbusReader - INFO - wind speed: 0.9 m/s, wind level: 1, wind direction angle: 117.8, wind direction: ESE
2025-07-10 17:28:34 - ModbusReader - INFO - wind speed: 0.5 m/s, wind level: 1, wind direction angle: 24.7, wind direction: NNE
2025-07-10 17:28:34 - ModbusReader - INFO - wind speed: 0.5 m/s, wind level: 1, wind direction angle: 24.7, wind direction: NNE
2025-07-10 17:29:05 - ModbusReader - INFO - wind speed: 0.4 m/s, wind level: 1, wind direction angle: 321.9, wind direction: WN
2025-07-10 17:29:06 - ModbusReader - INFO - wind speed: 0.4 m/s, wind level: 1, wind direction angle: 321.9, wind direction: WN
2025-07-10 17:29:36 - ModbusReader - INFO - wind speed: 0.3 m/s, wind level: 1, wind direction angle: 30.6, wind direction: NNE
2025-07-10 17:29:37 - ModbusReader - INFO - wind speed: 0.3 m/s, wind level: 1, wind direction angle: 30.6, wind direction: NNE
2025-07-10 17:30:07 - ModbusReader - INFO - wind speed: 0.4 m/s, wind level: 1, wind direction angle: 30.5, wind direction: NNE
2025-07-10 17:30:08 - ModbusReader - INFO - wind speed: 0.4 m/s, wind level: 1, wind direction angle: 30.5, wind direction: NNE
2025-07-10 17:30:39 - ModbusReader - INFO - wind speed: 0.7 m/s, wind level: 1, wind direction angle: 281.7, wind direction: WNW
2025-07-10 17:30:39 - ModbusReader - INFO - wind speed: 0.7 m/s, wind level: 1, wind direction angle: 281.7, wind direction: WNW
2025-07-10 17:31:10 - ModbusReader - INFO - wind speed: 0.5 m/s, wind level: 1, wind direction angle: 68.6, wind direction: ENE
2025-07-10 17:31:10 - ModbusReader - INFO - wind speed: 0.5 m/s, wind level: 1, wind direction angle: 68.6, wind direction: ENE
2025-07-10 17:31:41 - ModbusReader - INFO - wind speed: 0.5 m/s, wind level: 1, wind direction angle: 230.1, wind direction: WS
2025-07-10 17:31:42 - ModbusReader - INFO - wind speed: 0.5 m/s, wind level: 1, wind direction angle: 230.1, wind direction: WS
2025-07-10 17:32:12 - ModbusReader - INFO - wind speed: 0.5 m/s, wind level: 1, wind direction angle: 279.1, wind direction: W
2025-07-10 17:32:13 - ModbusReader - INFO - wind speed: 0.5 m/s, wind level: 1, wind direction angle: 279.1, wind direction: W
2025-07-10 17:32:43 - ModbusReader - INFO - wind speed: 0.4 m/s, wind level: 1, wind direction angle: 244.5, wind direction: WSW
2025-07-10 17:32:44 - ModbusReader - INFO - wind speed: 0.4 m/s, wind level: 1, wind direction angle: 244.5, wind direction: WSW
2025-07-10 17:33:15 - ModbusReader - INFO - wind speed: 0.4 m/s, wind level: 1, wind direction angle: 336.2, wind direction: NNW
2025-07-10 17:33:15 - ModbusReader - INFO - wind speed: 0.7 m/s, wind level: 1, wind direction angle: 118.1, wind direction: ESE
2025-07-10 17:33:46 - ModbusReader - INFO - wind speed: 0.4 m/s, wind level: 1, wind direction angle: 35.6, wind direction: EN
2025-07-10 17:33:46 - ModbusReader - INFO - wind speed: 0.4 m/s, wind level: 1, wind direction angle: 35.6, wind direction: EN
2025-07-10 17:34:17 - ModbusReader - INFO - wind speed: 0.4 m/s, wind level: 1, wind direction angle: 346.4, wind direction: NNW
2025-07-10 17:34:18 - ModbusReader - INFO - wind speed: 0.4 m/s, wind level: 1, wind direction angle: 346.4, wind direction: NNW
2025-07-10 17:34:48 - ModbusReader - INFO - wind speed: 0.4 m/s, wind level: 1, wind direction angle: 352.8, wind direction: N
2025-07-10 17:34:49 - ModbusReader - INFO - wind speed: 0.4 m/s, wind level: 1, wind direction angle: 352.8, wind direction: N
2025-07-10 17:35:19 - ModbusReader - INFO - wind speed: 0.7 m/s, wind level: 1, wind direction angle: 297.9, wind direction: WNW
2025-07-10 17:35:20 - ModbusReader - INFO - wind speed: 0.7 m/s, wind level: 1, wind direction angle: 297.9, wind direction: WNW
2025-07-10 17:35:51 - ModbusReader - INFO - wind speed: 0.7 m/s, wind level: 1, wind direction angle: 252.7, wind direction: WSW
2025-07-10 17:35:51 - ModbusReader - INFO - wind speed: 0.7 m/s, wind level: 1, wind direction angle: 252.7, wind direction: WSW
2025-07-10 17:36:22 - ModbusReader - INFO - wind speed: 0.6 m/s, wind level: 1, wind direction angle: 74.0, wind direction: ENE
2025-07-10 17:36:22 - ModbusReader - INFO - wind speed: 0.6 m/s, wind level: 1, wind direction angle: 74.0, wind direction: ENE
2025-07-10 17:36:53 - ModbusReader - INFO - wind speed: 0.5 m/s, wind level: 1, wind direction angle: 208.2, wind direction: SSW
2025-07-10 17:36:54 - ModbusReader - INFO - wind speed: 0.5 m/s, wind level: 1, wind direction angle: 208.2, wind direction: SSW
2025-07-10 17:37:24 - ModbusReader - INFO - wind speed: 0.5 m/s, wind level: 1, wind direction angle: 126.4, wind direction: ES
2025-07-10 17:37:25 - ModbusReader - INFO - wind speed: 0.5 m/s, wind level: 1, wind direction angle: 126.4, wind direction: ES
2025-07-10 17:37:55 - ModbusReader - INFO - wind speed: 0.7 m/s, wind level: 1, wind direction angle: 33.8, wind direction: EN
2025-07-10 17:37:56 - ModbusReader - INFO - wind speed: 0.7 m/s, wind level: 1, wind direction angle: 33.8, wind direction: EN
2025-07-10 17:38:27 - ModbusReader - INFO - wind speed: 0.2 m/s, wind level: 0, wind direction angle: 14.4, wind direction: NNE
2025-07-10 17:38:27 - ModbusReader - INFO - wind speed: 0.2 m/s, wind level: 0, wind direction angle: 14.4, wind direction: NNE
2025-07-10 17:38:58 - ModbusReader - INFO - wind speed: 0.1 m/s, wind level: 0, wind direction angle: 147.1, wind direction: SSE
2025-07-10 17:38:58 - ModbusReader - INFO - wind speed: 0.1 m/s, wind level: 0, wind direction angle: 147.1, wind direction: SSE
2025-07-10 17:39:29 - ModbusReader - INFO - wind speed: 0.2 m/s, wind level: 0, wind direction angle: 262.9, wind direction: W
2025-07-10 17:39:30 - ModbusReader - INFO - wind speed: 0.2 m/s, wind level: 0, wind direction angle: 262.9, wind direction: W
2025-07-10 17:40:00 - ModbusReader - INFO - wind speed: 0.4 m/s, wind level: 1, wind direction angle: 14.6, wind direction: NNE
2025-07-10 17:40:01 - ModbusReader - INFO - wind speed: 0.4 m/s, wind level: 1, wind direction angle: 14.6, wind direction: NNE
2025-07-10 17:40:31 - ModbusReader - INFO - wind speed: 0.0 m/s, wind level: 0, wind direction angle: 211.4, wind direction: SSW
2025-07-10 17:40:32 - ModbusReader - INFO - wind speed: 0.0 m/s, wind level: 0, wind direction angle: 211.4, wind direction: SSW
2025-07-10 17:41:03 - ModbusReader - INFO - wind speed: 0.2 m/s, wind level: 0, wind direction angle: 220.2, wind direction: WS
2025-07-10 17:41:03 - ModbusReader - INFO - wind speed: 0.2 m/s, wind level: 0, wind direction angle: 220.2, wind direction: WS
2025-07-10 17:41:34 - ModbusReader - INFO - wind speed: 0.7 m/s, wind level: 1, wind direction angle: 261.8, wind direction: W
2025-07-10 17:41:34 - ModbusReader - INFO - wind speed: 0.7 m/s, wind level: 1, wind direction angle: 261.8, wind direction: W
2025-07-10 17:42:05 - ModbusReader - INFO - wind speed: 0.5 m/s, wind level: 1, wind direction angle: 135.7, wind direction: ES
2025-07-10 17:42:06 - ModbusReader - INFO - wind speed: 0.5 m/s, wind level: 1, wind direction angle: 135.7, wind direction: ES
2025-07-10 17:42:36 - ModbusReader - INFO - wind speed: 0.6 m/s, wind level: 1, wind direction angle: 314.1, wind direction: WN
2025-07-10 17:42:37 - ModbusReader - INFO - wind speed: 0.6 m/s, wind level: 1, wind direction angle: 314.1, wind direction: WN
2025-07-10 17:43:07 - ModbusReader - INFO - wind speed: 0.4 m/s, wind level: 1, wind direction angle: 346.9, wind direction: NNW
2025-07-10 17:43:08 - ModbusReader - INFO - wind speed: 0.4 m/s, wind level: 1, wind direction angle: 346.9, wind direction: NNW
2025-07-10 17:43:39 - ModbusReader - INFO - wind speed: 0.0 m/s, wind level: 0, wind direction angle: 23.9, wind direction: NNE
2025-07-10 17:43:39 - ModbusReader - INFO - wind speed: 0.0 m/s, wind level: 0, wind direction angle: 23.9, wind direction: NNE
2025-07-10 17:44:10 - ModbusReader - INFO - wind speed: 0.4 m/s, wind level: 1, wind direction angle: 255.2, wind direction: WSW
2025-07-10 17:44:10 - ModbusReader - INFO - wind speed: 0.4 m/s, wind level: 1, wind direction angle: 255.2, wind direction: WSW
2025-07-10 17:44:41 - ModbusReader - INFO - wind speed: 0.8 m/s, wind level: 1, wind direction angle: 302.1, wind direction: WNW
2025-07-10 17:44:42 - ModbusReader - INFO - wind speed: 0.8 m/s, wind level: 1, wind direction angle: 302.1, wind direction: WNW
2025-07-10 17:45:12 - ModbusReader - INFO - wind speed: 0.5 m/s, wind level: 1, wind direction angle: 249.4, wind direction: WSW
2025-07-10 17:45:13 - ModbusReader - INFO - wind speed: 0.5 m/s, wind level: 1, wind direction angle: 249.4, wind direction: WSW
2025-07-10 17:45:43 - ModbusReader - INFO - wind speed: 0.4 m/s, wind level: 1, wind direction angle: 65.8, wind direction: ENE
2025-07-10 17:45:44 - ModbusReader - INFO - wind speed: 0.4 m/s, wind level: 1, wind direction angle: 65.8, wind direction: ENE
2025-07-10 17:46:15 - ModbusReader - INFO - wind speed: 0.4 m/s, wind level: 1, wind direction angle: 286.1, wind direction: WNW
2025-07-10 17:46:15 - ModbusReader - INFO - wind speed: 0.4 m/s, wind level: 1, wind direction angle: 286.1, wind direction: WNW
2025-07-10 17:46:46 - ModbusReader - INFO - wind speed: 0.4 m/s, wind level: 1, wind direction angle: 3.1, wind direction: N
2025-07-10 17:46:46 - ModbusReader - INFO - wind speed: 0.4 m/s, wind level: 1, wind direction angle: 3.1, wind direction: N
2025-07-10 17:47:17 - ModbusReader - INFO - wind speed: 0.5 m/s, wind level: 1, wind direction angle: 8.0, wind direction: N
2025-07-10 17:47:18 - ModbusReader - INFO - wind speed: 0.5 m/s, wind level: 1, wind direction angle: 8.0, wind direction: N
2025-07-10 17:47:48 - ModbusReader - INFO - wind speed: 0.5 m/s, wind level: 1, wind direction angle: 159.2, wind direction: SSE
2025-07-10 17:47:49 - ModbusReader - INFO - wind speed: 0.5 m/s, wind level: 1, wind direction angle: 159.2, wind direction: SSE
2025-07-10 17:48:19 - ModbusReader - INFO - wind speed: 0.1 m/s, wind level: 0, wind direction angle: 165.3, wind direction: SSE
2025-07-10 17:48:20 - ModbusReader - INFO - wind speed: 0.1 m/s, wind level: 0, wind direction angle: 165.3, wind direction: SSE
2025-07-10 17:48:51 - ModbusReader - INFO - wind speed: 0.5 m/s, wind level: 1, wind direction angle: 81.3, wind direction: E
2025-07-10 17:48:51 - ModbusReader - INFO - wind speed: 0.5 m/s, wind level: 1, wind direction angle: 81.3, wind direction: E
2025-07-10 17:49:22 - ModbusReader - INFO - wind speed: 0.4 m/s, wind level: 1, wind direction angle: 209.0, wind direction: SSW
2025-07-10 17:49:22 - ModbusReader - INFO - wind speed: 0.4 m/s, wind level: 1, wind direction angle: 209.0, wind direction: SSW
2025-07-10 17:49:53 - ModbusReader - INFO - wind speed: 0.7 m/s, wind level: 1, wind direction angle: 17.0, wind direction: NNE
2025-07-10 17:49:54 - ModbusReader - INFO - wind speed: 0.7 m/s, wind level: 1, wind direction angle: 17.0, wind direction: NNE
2025-07-10 17:50:24 - ModbusReader - INFO - wind speed: 0.0 m/s, wind level: 0, wind direction angle: 337.9, wind direction: NNW
2025-07-10 17:50:25 - ModbusReader - INFO - wind speed: 0.0 m/s, wind level: 0, wind direction angle: 337.9, wind direction: NNW
2025-07-10 17:50:55 - ModbusReader - INFO - wind speed: 0.4 m/s, wind level: 1, wind direction angle: 214.5, wind direction: WS
2025-07-10 17:50:56 - ModbusReader - INFO - wind speed: 0.4 m/s, wind level: 1, wind direction angle: 214.5, wind direction: WS
2025-07-10 17:51:27 - ModbusReader - INFO - wind speed: 0.4 m/s, wind level: 1, wind direction angle: 52.7, wind direction: EN
2025-07-10 17:51:27 - ModbusReader - INFO - wind speed: 0.4 m/s, wind level: 1, wind direction angle: 52.7, wind direction: EN
2025-07-10 17:51:58 - ModbusReader - INFO - wind speed: 0.2 m/s, wind level: 0, wind direction angle: 343.8, wind direction: NNW
2025-07-10 17:51:58 - ModbusReader - INFO - wind speed: 0.2 m/s, wind level: 0, wind direction angle: 343.8, wind direction: NNW
2025-07-10 17:52:29 - ModbusReader - INFO - wind speed: 0.9 m/s, wind level: 1, wind direction angle: 111.7, wind direction: ESE
2025-07-10 17:52:30 - ModbusReader - INFO - wind speed: 0.9 m/s, wind level: 1, wind direction angle: 111.7, wind direction: ESE
2025-07-10 17:53:00 - ModbusReader - INFO - wind speed: 0.5 m/s, wind level: 1, wind direction angle: 34.1, wind direction: EN
2025-07-10 17:53:01 - ModbusReader - INFO - wind speed: 0.5 m/s, wind level: 1, wind direction angle: 34.1, wind direction: EN
2025-07-10 17:53:31 - ModbusReader - INFO - wind speed: 0.5 m/s, wind level: 1, wind direction angle: 138.1, wind direction: ES
2025-07-10 17:53:32 - ModbusReader - INFO - wind speed: 0.5 m/s, wind level: 1, wind direction angle: 138.1, wind direction: ES
2025-07-10 17:54:03 - ModbusReader - INFO - wind speed: 0.4 m/s, wind level: 1, wind direction angle: 27.8, wind direction: NNE
2025-07-10 17:54:03 - ModbusReader - INFO - wind speed: 0.4 m/s, wind level: 1, wind direction angle: 27.8, wind direction: NNE
2025-07-10 17:54:34 - ModbusReader - INFO - wind speed: 0.5 m/s, wind level: 1, wind direction angle: 169.0, wind direction: S
2025-07-10 17:54:34 - ModbusReader - INFO - wind speed: 0.4 m/s, wind level: 1, wind direction angle: 329.9, wind direction: NNW
2025-07-10 17:55:05 - ModbusReader - INFO - wind speed: 0.0 m/s, wind level: 0, wind direction angle: 133.2, wind direction: ES
2025-07-10 17:55:06 - ModbusReader - INFO - wind speed: 0.0 m/s, wind level: 0, wind direction angle: 133.2, wind direction: ES
2025-07-10 17:55:36 - ModbusReader - INFO - wind speed: 0.0 m/s, wind level: 0, wind direction angle: 26.2, wind direction: NNE
2025-07-10 17:55:37 - ModbusReader - INFO - wind speed: 0.0 m/s, wind level: 0, wind direction angle: 26.2, wind direction: NNE
2025-07-10 17:56:07 - ModbusReader - INFO - wind speed: 0.0 m/s, wind level: 0, wind direction angle: 141.4, wind direction: ES
2025-07-10 17:56:08 - ModbusReader - INFO - wind speed: 0.0 m/s, wind level: 0, wind direction angle: 141.4, wind direction: ES
2025-07-10 17:56:39 - ModbusReader - INFO - wind speed: 0.0 m/s, wind level: 0, wind direction angle: 112.8, wind direction: ESE
2025-07-10 17:56:39 - ModbusReader - INFO - wind speed: 0.0 m/s, wind level: 0, wind direction angle: 112.8, wind direction: ESE
2025-07-10 17:57:10 - ModbusReader - INFO - wind speed: 0.0 m/s, wind level: 0, wind direction angle: 5.1, wind direction: N
2025-07-10 17:57:10 - ModbusReader - INFO - wind speed: 0.0 m/s, wind level: 0, wind direction angle: 5.1, wind direction: N
2025-07-10 17:57:41 - ModbusReader - INFO - wind speed: 0.0 m/s, wind level: 0, wind direction angle: 214.9, wind direction: WS
2025-07-10 17:57:42 - ModbusReader - INFO - wind speed: 0.0 m/s, wind level: 0, wind direction angle: 214.9, wind direction: WS
2025-07-10 17:58:12 - ModbusReader - INFO - wind speed: 0.0 m/s, wind level: 0, wind direction angle: 335.8, wind direction: NNW
2025-07-10 17:58:13 - ModbusReader - INFO - wind speed: 0.0 m/s, wind level: 0, wind direction angle: 335.8, wind direction: NNW
2025-07-10 17:58:43 - ModbusReader - INFO - wind speed: 0.0 m/s, wind level: 0, wind direction angle: 163.5, wind direction: SSE
2025-07-10 17:58:44 - ModbusReader - INFO - wind speed: 0.0 m/s, wind level: 0, wind direction angle: 163.5, wind direction: SSE
2025-07-10 17:59:15 - ModbusReader - INFO - wind speed: 0.1 m/s, wind level: 0, wind direction angle: 156.0, wind direction: SSE
2025-07-10 17:59:15 - ModbusReader - INFO - wind speed: 0.1 m/s, wind level: 0, wind direction angle: 156.0, wind direction: SSE
2025-07-10 17:59:46 - ModbusReader - INFO - wind speed: 0.0 m/s, wind level: 0, wind direction angle: 338.4, wind direction: NNW
2025-07-10 17:59:46 - ModbusReader - INFO - wind speed: 0.0 m/s, wind level: 0, wind direction angle: 338.4, wind direction: NNW
