2025-07-06 15:01:02 - ModbusReader - INFO - 風速: 0.0 m/s, 風級: 0, 風向角度: 126.0, 風向: 東南
2025-07-06 15:01:32 - ModbusReader - INFO - 風速: 0.0 m/s, 風級: 0, 風向角度: 260.2, 風向: 西
2025-07-06 15:01:33 - ModbusReader - INFO - 風速: 0.0 m/s, 風級: 0, 風向角度: 260.2, 風向: 西
2025-07-06 15:02:04 - ModbusReader - INFO - 風速: 0.0 m/s, 風級: 0, 風向角度: 31.0, 風向: 北北東
2025-07-06 15:02:04 - ModbusReader - INFO - 風速: 0.0 m/s, 風級: 0, 風向角度: 31.0, 風向: 北北東
2025-07-06 15:02:35 - ModbusReader - INFO - 風速: 0.0 m/s, 風級: 0, 風向角度: 147.5, 風向: 南南東
2025-07-06 15:02:35 - ModbusReader - INFO - 風速: 0.0 m/s, 風級: 0, 風向角度: 147.5, 風向: 南南東
2025-07-06 15:03:06 - ModbusReader - INFO - 風速: 0.0 m/s, 風級: 0, 風向角度: 137.7, 風向: 東南
2025-07-06 15:03:07 - ModbusReader - INFO - 風速: 0.0 m/s, 風級: 0, 風向角度: 137.7, 風向: 東南
2025-07-06 15:03:37 - ModbusReader - INFO - 風速: 0.0 m/s, 風級: 0, 風向角度: 77.5, 風向: 東北東
2025-07-06 15:03:38 - ModbusReader - INFO - 風速: 0.0 m/s, 風級: 0, 風向角度: 77.5, 風向: 東北東
2025-07-06 15:04:08 - ModbusReader - INFO - 風速: 0.0 m/s, 風級: 0, 風向角度: 13.6, 風向: 北北東
2025-07-06 15:04:09 - ModbusReader - INFO - 風速: 0.0 m/s, 風級: 0, 風向角度: 13.6, 風向: 北北東
2025-07-06 15:04:40 - ModbusReader - INFO - 風速: 0.0 m/s, 風級: 0, 風向角度: 50.1, 風向: 東北
2025-07-06 15:04:40 - ModbusReader - INFO - 風速: 0.0 m/s, 風級: 0, 風向角度: 50.1, 風向: 東北
2025-07-06 15:05:11 - ModbusReader - INFO - 風速: 0.0 m/s, 風級: 0, 風向角度: 197.8, 風向: 南南西
2025-07-06 15:05:11 - ModbusReader - INFO - 風速: 0.0 m/s, 風級: 0, 風向角度: 197.8, 風向: 南南西
2025-07-06 15:05:42 - ModbusReader - INFO - 風速: 0.0 m/s, 風級: 0, 風向角度: 127.4, 風向: 東南
2025-07-06 15:05:43 - ModbusReader - INFO - 風速: 0.0 m/s, 風級: 0, 風向角度: 127.4, 風向: 東南
2025-07-06 15:06:13 - ModbusReader - INFO - 風速: 0.1 m/s, 風級: 0, 風向角度: 359.8, 風向: 北
2025-07-06 15:06:14 - ModbusReader - INFO - 風速: 0.0 m/s, 風級: 0, 風向角度: 50.6, 風向: 東北
2025-07-06 15:06:44 - ModbusReader - INFO - 風速: 0.0 m/s, 風級: 0, 風向角度: 17.0, 風向: 北北東
2025-07-06 15:06:45 - ModbusReader - INFO - 風速: 0.0 m/s, 風級: 0, 風向角度: 17.0, 風向: 北北東
2025-07-06 15:07:16 - ModbusReader - INFO - 風速: 0.0 m/s, 風級: 0, 風向角度: 149.0, 風向: 南南東
2025-07-06 15:07:16 - ModbusReader - INFO - 風速: 0.0 m/s, 風級: 0, 風向角度: 149.0, 風向: 南南東
2025-07-06 15:07:47 - ModbusReader - INFO - 風速: 0.8 m/s, 風級: 1, 風向角度: 162.8, 風向: 南南東
2025-07-06 15:07:47 - ModbusReader - INFO - 風速: 0.8 m/s, 風級: 1, 風向角度: 162.8, 風向: 南南東
2025-07-06 15:08:18 - ModbusReader - INFO - 風速: 0.4 m/s, 風級: 1, 風向角度: 46.9, 風向: 東北
2025-07-06 15:08:19 - ModbusReader - INFO - 風速: 0.4 m/s, 風級: 1, 風向角度: 46.9, 風向: 東北
2025-07-06 15:08:49 - ModbusReader - INFO - 風速: 0.7 m/s, 風級: 1, 風向角度: 107.9, 風向: 東南東
2025-07-06 15:08:50 - ModbusReader - INFO - 風速: 0.7 m/s, 風級: 1, 風向角度: 107.9, 風向: 東南東
2025-07-06 15:09:20 - ModbusReader - INFO - 風速: 0.8 m/s, 風級: 1, 風向角度: 184.0, 風向: 南
2025-07-06 15:09:21 - ModbusReader - INFO - 風速: 0.8 m/s, 風級: 1, 風向角度: 184.0, 風向: 南
2025-07-06 15:09:52 - ModbusReader - INFO - 風速: 0.0 m/s, 風級: 0, 風向角度: 59.7, 風向: 東北東
2025-07-06 15:09:52 - ModbusReader - INFO - 風速: 0.0 m/s, 風級: 0, 風向角度: 59.7, 風向: 東北東
2025-07-06 15:10:23 - ModbusReader - INFO - 風速: 0.0 m/s, 風級: 0, 風向角度: 153.2, 風向: 南南東
2025-07-06 15:10:23 - ModbusReader - INFO - 風速: 0.0 m/s, 風級: 0, 風向角度: 153.2, 風向: 南南東
2025-07-06 15:10:54 - ModbusReader - INFO - 風速: 0.0 m/s, 風級: 0, 風向角度: 105.4, 風向: 東南東
2025-07-06 15:10:55 - ModbusReader - INFO - 風速: 0.0 m/s, 風級: 0, 風向角度: 105.4, 風向: 東南東
2025-07-06 15:11:25 - ModbusReader - INFO - 風速: 0.0 m/s, 風級: 0, 風向角度: 310.7, 風向: 西北
2025-07-06 15:11:26 - ModbusReader - INFO - 風速: 0.0 m/s, 風級: 0, 風向角度: 310.7, 風向: 西北
2025-07-06 15:11:56 - ModbusReader - INFO - 風速: 0.0 m/s, 風級: 0, 風向角度: 31.3, 風向: 北北東
2025-07-06 15:11:57 - ModbusReader - INFO - 風速: 0.0 m/s, 風級: 0, 風向角度: 31.3, 風向: 北北東
2025-07-06 15:12:28 - ModbusReader - INFO - 風速: 0.0 m/s, 風級: 0, 風向角度: 46.5, 風向: 東北
2025-07-06 15:12:28 - ModbusReader - INFO - 風速: 0.0 m/s, 風級: 0, 風向角度: 46.5, 風向: 東北
2025-07-06 15:12:59 - ModbusReader - INFO - 風速: 0.1 m/s, 風級: 0, 風向角度: 132.2, 風向: 東南
2025-07-06 15:12:59 - ModbusReader - INFO - 風速: 0.1 m/s, 風級: 0, 風向角度: 132.2, 風向: 東南
2025-07-06 15:13:30 - ModbusReader - INFO - 風速: 0.0 m/s, 風級: 0, 風向角度: 164.0, 風向: 南南東
2025-07-06 15:13:31 - ModbusReader - INFO - 風速: 0.0 m/s, 風級: 0, 風向角度: 153.9, 風向: 南南東
2025-07-06 15:14:01 - ModbusReader - INFO - 風速: 0.0 m/s, 風級: 0, 風向角度: 144.6, 風向: 東南
2025-07-06 15:14:02 - ModbusReader - INFO - 風速: 0.0 m/s, 風級: 0, 風向角度: 144.6, 風向: 東南
2025-07-06 15:14:32 - ModbusReader - INFO - 風速: 0.0 m/s, 風級: 0, 風向角度: 180.7, 風向: 南
2025-07-06 15:14:33 - ModbusReader - INFO - 風速: 0.0 m/s, 風級: 0, 風向角度: 180.7, 風向: 南
2025-07-06 15:15:04 - ModbusReader - INFO - 風速: 0.0 m/s, 風級: 0, 風向角度: 21.2, 風向: 北北東
2025-07-06 15:15:04 - ModbusReader - INFO - 風速: 0.0 m/s, 風級: 0, 風向角度: 21.2, 風向: 北北東
2025-07-06 15:15:35 - ModbusReader - INFO - 風速: 0.0 m/s, 風級: 0, 風向角度: 317.6, 風向: 西北
2025-07-06 15:15:35 - ModbusReader - INFO - 風速: 0.0 m/s, 風級: 0, 風向角度: 317.6, 風向: 西北
2025-07-06 15:16:06 - ModbusReader - INFO - 風速: 0.0 m/s, 風級: 0, 風向角度: 340.8, 風向: 北北西
2025-07-06 15:16:07 - ModbusReader - INFO - 風速: 0.0 m/s, 風級: 0, 風向角度: 340.8, 風向: 北北西
2025-07-06 15:16:37 - ModbusReader - INFO - 風速: 0.0 m/s, 風級: 0, 風向角度: 194.8, 風向: 南南西
2025-07-06 15:16:38 - ModbusReader - INFO - 風速: 0.0 m/s, 風級: 0, 風向角度: 194.8, 風向: 南南西
2025-07-06 15:17:08 - ModbusReader - INFO - 風速: 0.0 m/s, 風級: 0, 風向角度: 338.3, 風向: 北北西
2025-07-06 15:17:09 - ModbusReader - INFO - 風速: 0.0 m/s, 風級: 0, 風向角度: 338.3, 風向: 北北西
2025-07-06 15:17:40 - ModbusReader - INFO - 風速: 0.0 m/s, 風級: 0, 風向角度: 330.6, 風向: 北北西
2025-07-06 15:17:40 - ModbusReader - INFO - 風速: 0.0 m/s, 風級: 0, 風向角度: 330.6, 風向: 北北西
2025-07-06 15:18:11 - ModbusReader - INFO - 風速: 0.0 m/s, 風級: 0, 風向角度: 91.5, 風向: 東
2025-07-06 15:18:11 - ModbusReader - INFO - 風速: 0.0 m/s, 風級: 0, 風向角度: 91.5, 風向: 東
2025-07-06 15:18:42 - ModbusReader - INFO - 風速: 0.0 m/s, 風級: 0, 風向角度: 165.9, 風向: 南南東
2025-07-06 15:18:43 - ModbusReader - INFO - 風速: 0.0 m/s, 風級: 0, 風向角度: 165.9, 風向: 南南東
2025-07-06 15:19:13 - ModbusReader - INFO - 風速: 0.0 m/s, 風級: 0, 風向角度: 139.6, 風向: 東南
2025-07-06 15:19:14 - ModbusReader - INFO - 風速: 0.0 m/s, 風級: 0, 風向角度: 139.6, 風向: 東南
2025-07-06 15:19:44 - ModbusReader - INFO - 風速: 0.0 m/s, 風級: 0, 風向角度: 244.3, 風向: 西南西
2025-07-06 15:19:45 - ModbusReader - INFO - 風速: 0.0 m/s, 風級: 0, 風向角度: 244.3, 風向: 西南西
2025-07-06 15:20:16 - ModbusReader - INFO - 風速: 0.0 m/s, 風級: 0, 風向角度: 139.5, 風向: 東南
2025-07-06 15:20:16 - ModbusReader - INFO - 風速: 0.0 m/s, 風級: 0, 風向角度: 139.5, 風向: 東南
2025-07-06 15:20:47 - ModbusReader - INFO - 風速: 0.0 m/s, 風級: 0, 風向角度: 158.7, 風向: 南南東
2025-07-06 15:20:47 - ModbusReader - INFO - 風速: 0.0 m/s, 風級: 0, 風向角度: 198.9, 風向: 南南西
2025-07-06 15:21:18 - ModbusReader - INFO - 風速: 0.0 m/s, 風級: 0, 風向角度: 150.3, 風向: 南南東
2025-07-06 15:21:19 - ModbusReader - INFO - 風速: 0.0 m/s, 風級: 0, 風向角度: 150.3, 風向: 南南東
2025-07-06 15:21:49 - ModbusReader - INFO - 風速: 0.0 m/s, 風級: 0, 風向角度: 159.0, 風向: 南南東
2025-07-06 15:21:50 - ModbusReader - INFO - 風速: 0.0 m/s, 風級: 0, 風向角度: 159.0, 風向: 南南東
2025-07-06 15:22:20 - ModbusReader - INFO - 風速: 0.0 m/s, 風級: 0, 風向角度: 158.2, 風向: 南南東
2025-07-06 15:22:21 - ModbusReader - INFO - 風速: 0.0 m/s, 風級: 0, 風向角度: 158.2, 風向: 南南東
2025-07-06 15:22:52 - ModbusReader - INFO - 風速: 0.1 m/s, 風級: 0, 風向角度: 141.3, 風向: 東南
2025-07-06 15:22:52 - ModbusReader - INFO - 風速: 0.1 m/s, 風級: 0, 風向角度: 141.3, 風向: 東南
2025-07-06 15:23:23 - ModbusReader - INFO - 風速: 0.5 m/s, 風級: 1, 風向角度: 296.6, 風向: 西北西
2025-07-06 15:23:23 - ModbusReader - INFO - 風速: 0.5 m/s, 風級: 1, 風向角度: 296.6, 風向: 西北西
2025-07-06 15:23:54 - ModbusReader - INFO - 風速: 0.0 m/s, 風級: 0, 風向角度: 274.0, 風向: 西
2025-07-06 15:23:55 - ModbusReader - INFO - 風速: 0.0 m/s, 風級: 0, 風向角度: 274.0, 風向: 西
2025-07-06 15:24:25 - ModbusReader - INFO - 風速: 0.0 m/s, 風級: 0, 風向角度: 170.4, 風向: 南
2025-07-06 15:24:26 - ModbusReader - INFO - 風速: 0.0 m/s, 風級: 0, 風向角度: 170.4, 風向: 南
2025-07-06 15:24:56 - ModbusReader - INFO - 風速: 0.0 m/s, 風級: 0, 風向角度: 136.2, 風向: 東南
2025-07-06 15:24:57 - ModbusReader - INFO - 風速: 0.0 m/s, 風級: 0, 風向角度: 136.2, 風向: 東南
2025-07-06 15:25:28 - ModbusReader - INFO - 風速: 0.0 m/s, 風級: 0, 風向角度: 94.2, 風向: 東
2025-07-06 15:25:28 - ModbusReader - INFO - 風速: 0.0 m/s, 風級: 0, 風向角度: 94.2, 風向: 東
2025-07-06 15:25:59 - ModbusReader - INFO - 風速: 0.0 m/s, 風級: 0, 風向角度: 133.3, 風向: 東南
2025-07-06 15:25:59 - ModbusReader - INFO - 風速: 0.0 m/s, 風級: 0, 風向角度: 133.3, 風向: 東南
2025-07-06 15:26:30 - ModbusReader - INFO - 風速: 0.5 m/s, 風級: 1, 風向角度: 178.4, 風向: 南
2025-07-06 15:26:31 - ModbusReader - INFO - 風速: 0.5 m/s, 風級: 1, 風向角度: 178.4, 風向: 南
2025-07-06 15:27:01 - ModbusReader - INFO - 風速: 0.0 m/s, 風級: 0, 風向角度: 162.9, 風向: 南南東
2025-07-06 15:27:02 - ModbusReader - INFO - 風速: 0.0 m/s, 風級: 0, 風向角度: 162.9, 風向: 南南東
2025-07-06 15:27:32 - ModbusReader - INFO - 風速: 0.0 m/s, 風級: 0, 風向角度: 17.1, 風向: 北北東
2025-07-06 15:27:33 - ModbusReader - INFO - 風速: 0.0 m/s, 風級: 0, 風向角度: 17.1, 風向: 北北東
2025-07-06 15:28:04 - ModbusReader - INFO - 風速: 0.9 m/s, 風級: 1, 風向角度: 79.8, 風向: 東
2025-07-06 15:28:04 - ModbusReader - INFO - 風速: 0.8 m/s, 風級: 1, 風向角度: 152.8, 風向: 南南東
2025-07-06 15:28:35 - ModbusReader - INFO - 風速: 0.9 m/s, 風級: 1, 風向角度: 117.9, 風向: 東南東
2025-07-06 15:28:35 - ModbusReader - INFO - 風速: 0.9 m/s, 風級: 1, 風向角度: 117.9, 風向: 東南東
2025-07-06 15:29:06 - ModbusReader - INFO - 風速: 1.0 m/s, 風級: 1, 風向角度: 12.4, 風向: 北北東
2025-07-06 15:29:07 - ModbusReader - INFO - 風速: 1.0 m/s, 風級: 1, 風向角度: 12.4, 風向: 北北東
2025-07-06 15:29:37 - ModbusReader - INFO - 風速: 0.6 m/s, 風級: 1, 風向角度: 352.1, 風向: 北
2025-07-06 15:29:38 - ModbusReader - INFO - 風速: 0.6 m/s, 風級: 1, 風向角度: 352.1, 風向: 北
2025-07-06 15:30:08 - ModbusReader - INFO - 風速: 0.6 m/s, 風級: 1, 風向角度: 248.8, 風向: 西南西
2025-07-06 15:30:09 - ModbusReader - INFO - 風速: 0.6 m/s, 風級: 1, 風向角度: 248.8, 風向: 西南西
2025-07-06 15:30:40 - ModbusReader - INFO - 風速: 1.0 m/s, 風級: 1, 風向角度: 192.6, 風向: 南南西
2025-07-06 15:30:40 - ModbusReader - INFO - 風速: 1.0 m/s, 風級: 1, 風向角度: 192.6, 風向: 南南西
2025-07-06 15:31:11 - ModbusReader - INFO - 風速: 0.6 m/s, 風級: 1, 風向角度: 285.2, 風向: 西北西
2025-07-06 15:31:11 - ModbusReader - INFO - 風速: 0.6 m/s, 風級: 1, 風向角度: 285.2, 風向: 西北西
2025-07-06 15:31:42 - ModbusReader - INFO - 風速: 0.4 m/s, 風級: 1, 風向角度: 69.3, 風向: 東北東
2025-07-06 15:31:43 - ModbusReader - INFO - 風速: 0.4 m/s, 風級: 1, 風向角度: 69.3, 風向: 東北東
2025-07-06 15:32:13 - ModbusReader - INFO - 風速: 0.5 m/s, 風級: 1, 風向角度: 112.9, 風向: 東南東
2025-07-06 15:32:14 - ModbusReader - INFO - 風速: 0.5 m/s, 風級: 1, 風向角度: 112.9, 風向: 東南東
2025-07-06 15:32:44 - ModbusReader - INFO - 風速: 0.0 m/s, 風級: 0, 風向角度: 147.1, 風向: 南南東
2025-07-06 15:32:45 - ModbusReader - INFO - 風速: 0.0 m/s, 風級: 0, 風向角度: 147.1, 風向: 南南東
2025-07-06 15:33:16 - ModbusReader - INFO - 風速: 0.7 m/s, 風級: 1, 風向角度: 221.9, 風向: 西南
2025-07-06 15:33:16 - ModbusReader - INFO - 風速: 0.7 m/s, 風級: 1, 風向角度: 221.9, 風向: 西南
2025-07-06 15:33:47 - ModbusReader - INFO - 風速: 0.5 m/s, 風級: 1, 風向角度: 139.3, 風向: 東南
2025-07-06 15:33:47 - ModbusReader - INFO - 風速: 0.5 m/s, 風級: 1, 風向角度: 139.3, 風向: 東南
2025-07-06 15:34:18 - ModbusReader - INFO - 風速: 0.5 m/s, 風級: 1, 風向角度: 167.0, 風向: 南南東
2025-07-06 15:34:19 - ModbusReader - INFO - 風速: 0.5 m/s, 風級: 1, 風向角度: 167.0, 風向: 南南東
2025-07-06 15:34:49 - ModbusReader - INFO - 風速: 1.1 m/s, 風級: 1, 風向角度: 154.5, 風向: 南南東
2025-07-06 15:34:50 - ModbusReader - INFO - 風速: 1.1 m/s, 風級: 1, 風向角度: 154.5, 風向: 南南東
2025-07-06 15:35:20 - ModbusReader - INFO - 風速: 0.7 m/s, 風級: 1, 風向角度: 116.7, 風向: 東南東
2025-07-06 15:35:21 - ModbusReader - INFO - 風速: 0.3 m/s, 風級: 1, 風向角度: 196.3, 風向: 南南西
2025-07-06 15:35:52 - ModbusReader - INFO - 風速: 0.0 m/s, 風級: 0, 風向角度: 139.4, 風向: 東南
2025-07-06 15:35:52 - ModbusReader - INFO - 風速: 0.0 m/s, 風級: 0, 風向角度: 139.4, 風向: 東南
2025-07-06 15:36:23 - ModbusReader - INFO - 風速: 0.0 m/s, 風級: 0, 風向角度: 178.0, 風向: 南
2025-07-06 15:36:23 - ModbusReader - INFO - 風速: 0.0 m/s, 風級: 0, 風向角度: 178.0, 風向: 南
2025-07-06 15:36:54 - ModbusReader - INFO - 風速: 0.0 m/s, 風級: 0, 風向角度: 154.0, 風向: 南南東
2025-07-06 15:36:55 - ModbusReader - INFO - 風速: 0.0 m/s, 風級: 0, 風向角度: 154.0, 風向: 南南東
2025-07-06 15:37:25 - ModbusReader - INFO - 風速: 0.0 m/s, 風級: 0, 風向角度: 169.9, 風向: 南
2025-07-06 15:37:26 - ModbusReader - INFO - 風速: 0.0 m/s, 風級: 0, 風向角度: 169.9, 風向: 南
2025-07-06 15:37:56 - ModbusReader - INFO - 風速: 0.0 m/s, 風級: 0, 風向角度: 175.0, 風向: 南
2025-07-06 15:37:57 - ModbusReader - INFO - 風速: 0.0 m/s, 風級: 0, 風向角度: 175.0, 風向: 南
2025-07-06 15:38:28 - ModbusReader - INFO - 風速: 0.0 m/s, 風級: 0, 風向角度: 124.9, 風向: 東南
2025-07-06 15:38:28 - ModbusReader - INFO - 風速: 0.0 m/s, 風級: 0, 風向角度: 124.9, 風向: 東南
2025-07-06 15:38:59 - ModbusReader - INFO - 風速: 0.0 m/s, 風級: 0, 風向角度: 166.8, 風向: 南南東
2025-07-06 15:38:59 - ModbusReader - INFO - 風速: 0.0 m/s, 風級: 0, 風向角度: 166.8, 風向: 南南東
2025-07-06 15:39:30 - ModbusReader - INFO - 風速: 0.0 m/s, 風級: 0, 風向角度: 105.6, 風向: 東南東
2025-07-06 15:39:31 - ModbusReader - INFO - 風速: 0.0 m/s, 風級: 0, 風向角度: 105.6, 風向: 東南東
2025-07-06 15:40:01 - ModbusReader - INFO - 風速: 0.0 m/s, 風級: 0, 風向角度: 164.8, 風向: 南南東
2025-07-06 15:40:02 - ModbusReader - INFO - 風速: 0.0 m/s, 風級: 0, 風向角度: 164.8, 風向: 南南東
2025-07-06 15:40:32 - ModbusReader - INFO - 風速: 0.0 m/s, 風級: 0, 風向角度: 223.4, 風向: 西南
2025-07-06 15:40:33 - ModbusReader - INFO - 風速: 0.0 m/s, 風級: 0, 風向角度: 223.4, 風向: 西南
2025-07-06 15:41:04 - ModbusReader - INFO - 風速: 0.0 m/s, 風級: 0, 風向角度: 97.9, 風向: 東
2025-07-06 15:41:04 - ModbusReader - INFO - 風速: 0.0 m/s, 風級: 0, 風向角度: 97.9, 風向: 東
2025-07-06 15:41:35 - ModbusReader - INFO - 風速: 0.0 m/s, 風級: 0, 風向角度: 359.1, 風向: 北
2025-07-06 15:41:35 - ModbusReader - INFO - 風速: 0.0 m/s, 風級: 0, 風向角度: 359.1, 風向: 北
2025-07-06 15:42:06 - ModbusReader - INFO - 風速: 0.0 m/s, 風級: 0, 風向角度: 96.4, 風向: 東
2025-07-06 15:42:07 - ModbusReader - INFO - 風速: 0.0 m/s, 風級: 0, 風向角度: 96.4, 風向: 東
2025-07-06 15:42:37 - ModbusReader - INFO - 風速: 0.0 m/s, 風級: 0, 風向角度: 119.0, 風向: 東南東
2025-07-06 15:42:38 - ModbusReader - INFO - 風速: 0.0 m/s, 風級: 0, 風向角度: 160.8, 風向: 南南東
2025-07-06 15:43:08 - ModbusReader - INFO - 風速: 0.0 m/s, 風級: 0, 風向角度: 177.8, 風向: 南
2025-07-06 15:43:09 - ModbusReader - INFO - 風速: 0.0 m/s, 風級: 0, 風向角度: 177.8, 風向: 南
2025-07-06 15:43:40 - ModbusReader - INFO - 風速: 0.0 m/s, 風級: 0, 風向角度: 263.6, 風向: 西
2025-07-06 15:43:40 - ModbusReader - INFO - 風速: 0.0 m/s, 風級: 0, 風向角度: 263.6, 風向: 西
2025-07-06 15:44:11 - ModbusReader - INFO - 風速: 0.0 m/s, 風級: 0, 風向角度: 81.8, 風向: 東
2025-07-06 15:44:11 - ModbusReader - INFO - 風速: 0.0 m/s, 風級: 0, 風向角度: 81.8, 風向: 東
2025-07-06 15:44:42 - ModbusReader - INFO - 風速: 0.0 m/s, 風級: 0, 風向角度: 154.6, 風向: 南南東
2025-07-06 15:44:43 - ModbusReader - INFO - 風速: 0.0 m/s, 風級: 0, 風向角度: 154.6, 風向: 南南東
2025-07-06 15:45:13 - ModbusReader - INFO - 風速: 0.0 m/s, 風級: 0, 風向角度: 39.1, 風向: 東北
2025-07-06 15:45:14 - ModbusReader - INFO - 風速: 0.0 m/s, 風級: 0, 風向角度: 39.1, 風向: 東北
2025-07-06 15:45:44 - ModbusReader - INFO - 風速: 0.0 m/s, 風級: 0, 風向角度: 100.2, 風向: 東
2025-07-06 15:45:45 - ModbusReader - INFO - 風速: 0.0 m/s, 風級: 0, 風向角度: 100.2, 風向: 東
2025-07-06 15:46:16 - ModbusReader - INFO - 風速: 0.0 m/s, 風級: 0, 風向角度: 84.6, 風向: 東
2025-07-06 15:46:16 - ModbusReader - INFO - 風速: 0.0 m/s, 風級: 0, 風向角度: 84.6, 風向: 東
2025-07-06 15:46:47 - ModbusReader - INFO - 風速: 0.0 m/s, 風級: 0, 風向角度: 31.0, 風向: 北北東
2025-07-06 15:46:47 - ModbusReader - INFO - 風速: 0.0 m/s, 風級: 0, 風向角度: 31.0, 風向: 北北東
2025-07-06 15:47:18 - ModbusReader - INFO - 風速: 0.0 m/s, 風級: 0, 風向角度: 247.9, 風向: 西南西
2025-07-06 15:47:19 - ModbusReader - INFO - 風速: 0.0 m/s, 風級: 0, 風向角度: 247.9, 風向: 西南西
2025-07-06 15:47:49 - ModbusReader - INFO - 風速: 0.0 m/s, 風級: 0, 風向角度: 346.3, 風向: 北北西
2025-07-06 15:47:50 - ModbusReader - INFO - 風速: 0.0 m/s, 風級: 0, 風向角度: 346.3, 風向: 北北西
2025-07-06 15:48:20 - ModbusReader - INFO - 風速: 0.0 m/s, 風級: 0, 風向角度: 155.9, 風向: 南南東
2025-07-06 15:48:21 - ModbusReader - INFO - 風速: 0.0 m/s, 風級: 0, 風向角度: 155.9, 風向: 南南東
2025-07-06 15:48:52 - ModbusReader - INFO - 風速: 0.0 m/s, 風級: 0, 風向角度: 163.5, 風向: 南南東
2025-07-06 15:48:52 - ModbusReader - INFO - 風速: 0.0 m/s, 風級: 0, 風向角度: 163.5, 風向: 南南東
2025-07-06 15:49:23 - ModbusReader - INFO - 風速: 0.0 m/s, 風級: 0, 風向角度: 203.9, 風向: 南南西
2025-07-06 15:49:23 - ModbusReader - INFO - 風速: 0.0 m/s, 風級: 0, 風向角度: 203.9, 風向: 南南西
2025-07-06 15:49:54 - ModbusReader - INFO - 風速: 0.0 m/s, 風級: 0, 風向角度: 87.8, 風向: 東
2025-07-06 15:49:55 - ModbusReader - INFO - 風速: 0.0 m/s, 風級: 0, 風向角度: 144.6, 風向: 東南
2025-07-06 15:50:25 - ModbusReader - INFO - 風速: 0.4 m/s, 風級: 1, 風向角度: 118.4, 風向: 東南東
2025-07-06 15:50:26 - ModbusReader - INFO - 風速: 0.4 m/s, 風級: 1, 風向角度: 118.4, 風向: 東南東
2025-07-06 15:50:56 - ModbusReader - INFO - 風速: 0.5 m/s, 風級: 1, 風向角度: 222.0, 風向: 西南
2025-07-06 15:50:57 - ModbusReader - INFO - 風速: 0.5 m/s, 風級: 1, 風向角度: 222.0, 風向: 西南
2025-07-06 15:51:28 - ModbusReader - INFO - 風速: 0.9 m/s, 風級: 1, 風向角度: 111.6, 風向: 東南東
2025-07-06 15:51:28 - ModbusReader - INFO - 風速: 0.9 m/s, 風級: 1, 風向角度: 111.6, 風向: 東南東
2025-07-06 15:51:59 - ModbusReader - INFO - 風速: 0.4 m/s, 風級: 1, 風向角度: 280.6, 風向: 西
2025-07-06 15:51:59 - ModbusReader - INFO - 風速: 0.4 m/s, 風級: 1, 風向角度: 280.6, 風向: 西
2025-07-06 15:52:30 - ModbusReader - INFO - 風速: 0.0 m/s, 風級: 0, 風向角度: 312.7, 風向: 西北
2025-07-06 15:52:31 - ModbusReader - INFO - 風速: 0.0 m/s, 風級: 0, 風向角度: 312.7, 風向: 西北
2025-07-06 15:53:01 - ModbusReader - INFO - 風速: 0.0 m/s, 風級: 0, 風向角度: 181.2, 風向: 南
2025-07-06 15:53:02 - ModbusReader - INFO - 風速: 0.0 m/s, 風級: 0, 風向角度: 181.2, 風向: 南
2025-07-06 15:53:32 - ModbusReader - INFO - 風速: 0.0 m/s, 風級: 0, 風向角度: 204.9, 風向: 南南西
2025-07-06 15:53:33 - ModbusReader - INFO - 風速: 0.0 m/s, 風級: 0, 風向角度: 204.9, 風向: 南南西
2025-07-06 15:54:04 - ModbusReader - INFO - 風速: 0.0 m/s, 風級: 0, 風向角度: 237.4, 風向: 西南西
2025-07-06 15:54:04 - ModbusReader - INFO - 風速: 0.0 m/s, 風級: 0, 風向角度: 237.4, 風向: 西南西
2025-07-06 15:54:35 - ModbusReader - INFO - 風速: 0.1 m/s, 風級: 0, 風向角度: 148.0, 風向: 南南東
2025-07-06 15:54:35 - ModbusReader - INFO - 風速: 0.1 m/s, 風級: 0, 風向角度: 148.0, 風向: 南南東
2025-07-06 15:55:06 - ModbusReader - INFO - 風速: 0.0 m/s, 風級: 0, 風向角度: 75.0, 風向: 東北東
2025-07-06 15:55:07 - ModbusReader - INFO - 風速: 0.0 m/s, 風級: 0, 風向角度: 75.0, 風向: 東北東
2025-07-06 15:55:37 - ModbusReader - INFO - 風速: 0.0 m/s, 風級: 0, 風向角度: 188.0, 風向: 南
2025-07-06 15:55:38 - ModbusReader - INFO - 風速: 0.0 m/s, 風級: 0, 風向角度: 188.0, 風向: 南
2025-07-06 15:56:08 - ModbusReader - INFO - 風速: 0.0 m/s, 風級: 0, 風向角度: 183.0, 風向: 南
2025-07-06 15:56:09 - ModbusReader - INFO - 風速: 0.0 m/s, 風級: 0, 風向角度: 183.0, 風向: 南
2025-07-06 15:56:40 - ModbusReader - INFO - 風速: 0.9 m/s, 風級: 1, 風向角度: 137.4, 風向: 東南
2025-07-06 15:56:40 - ModbusReader - INFO - 風速: 0.9 m/s, 風級: 1, 風向角度: 137.4, 風向: 東南
2025-07-06 15:57:11 - ModbusReader - INFO - 風速: 0.8 m/s, 風級: 1, 風向角度: 161.1, 風向: 南南東
2025-07-06 15:57:11 - ModbusReader - INFO - 風速: 0.4 m/s, 風級: 1, 風向角度: 139.5, 風向: 東南
2025-07-06 15:57:42 - ModbusReader - INFO - 風速: 0.0 m/s, 風級: 0, 風向角度: 223.5, 風向: 西南
2025-07-06 15:57:43 - ModbusReader - INFO - 風速: 0.0 m/s, 風級: 0, 風向角度: 223.5, 風向: 西南
2025-07-06 15:58:13 - ModbusReader - INFO - 風速: 0.0 m/s, 風級: 0, 風向角度: 179.3, 風向: 南
2025-07-06 15:58:14 - ModbusReader - INFO - 風速: 0.0 m/s, 風級: 0, 風向角度: 179.3, 風向: 南
2025-07-06 15:58:44 - ModbusReader - INFO - 風速: 0.0 m/s, 風級: 0, 風向角度: 96.6, 風向: 東
2025-07-06 15:58:45 - ModbusReader - INFO - 風速: 0.0 m/s, 風級: 0, 風向角度: 96.6, 風向: 東
2025-07-06 15:59:16 - ModbusReader - INFO - 風速: 0.7 m/s, 風級: 1, 風向角度: 289.1, 風向: 西北西
2025-07-06 15:59:16 - ModbusReader - INFO - 風速: 0.7 m/s, 風級: 1, 風向角度: 289.1, 風向: 西北西
2025-07-06 15:59:47 - ModbusReader - INFO - 風速: 0.0 m/s, 風級: 0, 風向角度: 246.8, 風向: 西南西
2025-07-06 15:59:47 - ModbusReader - INFO - 風速: 0.0 m/s, 風級: 0, 風向角度: 246.8, 風向: 西南西
2025-07-06 16:00:18 - ModbusReader - INFO - 風速: 0.0 m/s, 風級: 0, 風向角度: 337.5, 風向: 北北西
2025-07-06 16:00:19 - ModbusReader - INFO - 風速: 0.0 m/s, 風級: 0, 風向角度: 337.5, 風向: 北北西
2025-07-06 16:00:49 - ModbusReader - INFO - 風速: 0.0 m/s, 風級: 0, 風向角度: 131.7, 風向: 東南
2025-07-06 16:00:50 - ModbusReader - INFO - 風速: 0.0 m/s, 風級: 0, 風向角度: 131.7, 風向: 東南
2025-07-06 16:01:20 - ModbusReader - INFO - 風速: 0.0 m/s, 風級: 0, 風向角度: 161.7, 風向: 南南東
2025-07-06 16:01:21 - ModbusReader - INFO - 風速: 0.0 m/s, 風級: 0, 風向角度: 161.7, 風向: 南南東
2025-07-06 16:01:52 - ModbusReader - INFO - 風速: 0.0 m/s, 風級: 0, 風向角度: 162.0, 風向: 南南東
2025-07-06 16:01:52 - ModbusReader - INFO - 風速: 0.0 m/s, 風級: 0, 風向角度: 162.0, 風向: 南南東
2025-07-06 16:02:23 - ModbusReader - INFO - 風速: 0.0 m/s, 風級: 0, 風向角度: 138.9, 風向: 東南
2025-07-06 16:02:23 - ModbusReader - INFO - 風速: 0.0 m/s, 風級: 0, 風向角度: 138.9, 風向: 東南
2025-07-06 16:02:54 - ModbusReader - INFO - 風速: 0.0 m/s, 風級: 0, 風向角度: 130.3, 風向: 東南
2025-07-06 16:02:54 - ModbusReader - INFO - 風速: 0.0 m/s, 風級: 0, 風向角度: 130.3, 風向: 東南
2025-07-06 16:03:25 - ModbusReader - INFO - 風速: 0.0 m/s, 風級: 0, 風向角度: 249.3, 風向: 西南西
2025-07-06 16:03:26 - ModbusReader - INFO - 風速: 0.0 m/s, 風級: 0, 風向角度: 249.3, 風向: 西南西
2025-07-06 16:03:56 - ModbusReader - INFO - 風速: 0.0 m/s, 風級: 0, 風向角度: 246.2, 風向: 西南西
2025-07-06 16:03:57 - ModbusReader - INFO - 風速: 0.0 m/s, 風級: 0, 風向角度: 246.2, 風向: 西南西
2025-07-06 16:04:28 - ModbusReader - INFO - 風速: 0.0 m/s, 風級: 0, 風向角度: 110.0, 風向: 東南東
2025-07-06 16:04:28 - ModbusReader - INFO - 風速: 0.0 m/s, 風級: 0, 風向角度: 196.0, 風向: 南南西
2025-07-06 16:04:59 - ModbusReader - INFO - 風速: 0.0 m/s, 風級: 0, 風向角度: 123.5, 風向: 東南東
2025-07-06 16:04:59 - ModbusReader - INFO - 風速: 0.0 m/s, 風級: 0, 風向角度: 123.5, 風向: 東南東
2025-07-06 16:05:30 - ModbusReader - INFO - 風速: 0.0 m/s, 風級: 0, 風向角度: 221.5, 風向: 西南
2025-07-06 16:05:30 - ModbusReader - INFO - 風速: 0.0 m/s, 風級: 0, 風向角度: 221.5, 風向: 西南
2025-07-06 16:06:01 - ModbusReader - INFO - 風速: 0.0 m/s, 風級: 0, 風向角度: 292.3, 風向: 西北西
2025-07-06 16:06:02 - ModbusReader - INFO - 風速: 0.0 m/s, 風級: 0, 風向角度: 292.3, 風向: 西北西
2025-07-06 16:06:32 - ModbusReader - INFO - 風速: 0.0 m/s, 風級: 0, 風向角度: 133.4, 風向: 東南
2025-07-06 16:06:33 - ModbusReader - INFO - 風速: 0.0 m/s, 風級: 0, 風向角度: 133.4, 風向: 東南
2025-07-06 16:07:03 - ModbusReader - INFO - 風速: 0.0 m/s, 風級: 0, 風向角度: 235.1, 風向: 西南
2025-07-06 16:07:04 - ModbusReader - INFO - 風速: 0.0 m/s, 風級: 0, 風向角度: 235.1, 風向: 西南
2025-07-06 16:07:35 - ModbusReader - INFO - 風速: 0.0 m/s, 風級: 0, 風向角度: 352.4, 風向: 北
2025-07-06 16:07:35 - ModbusReader - INFO - 風速: 0.0 m/s, 風級: 0, 風向角度: 352.4, 風向: 北
2025-07-06 16:08:06 - ModbusReader - INFO - 風速: 0.9 m/s, 風級: 1, 風向角度: 111.5, 風向: 東南東
2025-07-06 16:08:06 - ModbusReader - INFO - 風速: 0.9 m/s, 風級: 1, 風向角度: 111.5, 風向: 東南東
2025-07-06 16:08:37 - ModbusReader - INFO - 風速: 0.3 m/s, 風級: 1, 風向角度: 167.2, 風向: 南南東
2025-07-06 16:08:38 - ModbusReader - INFO - 風速: 0.3 m/s, 風級: 1, 風向角度: 167.2, 風向: 南南東
2025-07-06 16:09:08 - ModbusReader - INFO - 風速: 0.0 m/s, 風級: 0, 風向角度: 235.2, 風向: 西南
2025-07-06 16:09:09 - ModbusReader - INFO - 風速: 0.0 m/s, 風級: 0, 風向角度: 235.2, 風向: 西南
2025-07-06 16:09:39 - ModbusReader - INFO - 風速: 0.0 m/s, 風級: 0, 風向角度: 84.9, 風向: 東
2025-07-06 16:09:40 - ModbusReader - INFO - 風速: 0.0 m/s, 風級: 0, 風向角度: 84.9, 風向: 東
2025-07-06 16:10:11 - ModbusReader - INFO - 風速: 0.8 m/s, 風級: 1, 風向角度: 148.5, 風向: 南南東
2025-07-06 16:10:11 - ModbusReader - INFO - 風速: 0.8 m/s, 風級: 1, 風向角度: 148.5, 風向: 南南東
2025-07-06 16:10:42 - ModbusReader - INFO - 風速: 0.3 m/s, 風級: 1, 風向角度: 115.1, 風向: 東南東
2025-07-06 16:10:42 - ModbusReader - INFO - 風速: 0.3 m/s, 風級: 1, 風向角度: 115.1, 風向: 東南東
2025-07-06 16:11:13 - ModbusReader - INFO - 風速: 0.0 m/s, 風級: 0, 風向角度: 161.2, 風向: 南南東
2025-07-06 16:11:14 - ModbusReader - INFO - 風速: 0.0 m/s, 風級: 0, 風向角度: 161.2, 風向: 南南東
2025-07-06 16:11:44 - ModbusReader - INFO - 風速: 0.0 m/s, 風級: 0, 風向角度: 0.8, 風向: 北
2025-07-06 16:11:45 - ModbusReader - INFO - 風速: 0.0 m/s, 風級: 0, 風向角度: 129.5, 風向: 東南
2025-07-06 16:12:15 - ModbusReader - INFO - 風速: 0.0 m/s, 風級: 0, 風向角度: 193.3, 風向: 南南西
2025-07-06 16:12:16 - ModbusReader - INFO - 風速: 0.0 m/s, 風級: 0, 風向角度: 193.3, 風向: 南南西
2025-07-06 16:12:47 - ModbusReader - INFO - 風速: 0.0 m/s, 風級: 0, 風向角度: 132.2, 風向: 東南
2025-07-06 16:12:47 - ModbusReader - INFO - 風速: 0.0 m/s, 風級: 0, 風向角度: 132.2, 風向: 東南
2025-07-06 16:13:18 - ModbusReader - INFO - 風速: 0.0 m/s, 風級: 0, 風向角度: 199.0, 風向: 南南西
2025-07-06 16:13:18 - ModbusReader - INFO - 風速: 0.0 m/s, 風級: 0, 風向角度: 199.0, 風向: 南南西
2025-07-06 16:13:49 - ModbusReader - INFO - 風速: 0.0 m/s, 風級: 0, 風向角度: 175.0, 風向: 南
2025-07-06 16:13:50 - ModbusReader - INFO - 風速: 0.0 m/s, 風級: 0, 風向角度: 175.0, 風向: 南
2025-07-06 16:14:20 - ModbusReader - INFO - 風速: 0.0 m/s, 風級: 0, 風向角度: 175.7, 風向: 南
2025-07-06 16:14:21 - ModbusReader - INFO - 風速: 0.0 m/s, 風級: 0, 風向角度: 175.7, 風向: 南
2025-07-06 16:14:51 - ModbusReader - INFO - 風速: 0.1 m/s, 風級: 0, 風向角度: 186.6, 風向: 南
2025-07-06 16:14:52 - ModbusReader - INFO - 風速: 0.1 m/s, 風級: 0, 風向角度: 186.6, 風向: 南
2025-07-06 16:15:23 - ModbusReader - INFO - 風速: 0.0 m/s, 風級: 0, 風向角度: 143.4, 風向: 東南
2025-07-06 16:15:23 - ModbusReader - INFO - 風速: 0.0 m/s, 風級: 0, 風向角度: 143.4, 風向: 東南
2025-07-06 16:15:54 - ModbusReader - INFO - 風速: 0.0 m/s, 風級: 0, 風向角度: 185.2, 風向: 南
2025-07-06 16:15:54 - ModbusReader - INFO - 風速: 0.0 m/s, 風級: 0, 風向角度: 185.2, 風向: 南
2025-07-06 16:16:25 - ModbusReader - INFO - 風速: 0.0 m/s, 風級: 0, 風向角度: 192.9, 風向: 南南西
2025-07-06 16:16:26 - ModbusReader - INFO - 風速: 0.0 m/s, 風級: 0, 風向角度: 192.9, 風向: 南南西
2025-07-06 16:16:56 - ModbusReader - INFO - 風速: 0.9 m/s, 風級: 1, 風向角度: 55.0, 風向: 東北
2025-07-06 16:16:57 - ModbusReader - INFO - 風速: 0.9 m/s, 風級: 1, 風向角度: 55.0, 風向: 東北
2025-07-06 16:17:27 - ModbusReader - INFO - 風速: 1.0 m/s, 風級: 1, 風向角度: 105.4, 風向: 東南東
2025-07-06 16:17:28 - ModbusReader - INFO - 風速: 1.0 m/s, 風級: 1, 風向角度: 105.4, 風向: 東南東
2025-07-06 16:17:59 - ModbusReader - INFO - 風速: 0.7 m/s, 風級: 1, 風向角度: 293.4, 風向: 西北西
2025-07-06 16:17:59 - ModbusReader - INFO - 風速: 0.7 m/s, 風級: 1, 風向角度: 293.4, 風向: 西北西
2025-07-06 16:18:30 - ModbusReader - INFO - 風速: 0.6 m/s, 風級: 1, 風向角度: 69.5, 風向: 東北東
2025-07-06 16:18:30 - ModbusReader - INFO - 風速: 0.6 m/s, 風級: 1, 風向角度: 69.5, 風向: 東北東
2025-07-06 16:19:01 - ModbusReader - INFO - 風速: 0.7 m/s, 風級: 1, 風向角度: 228.0, 風向: 西南
2025-07-06 16:19:02 - ModbusReader - INFO - 風速: 0.5 m/s, 風級: 1, 風向角度: 75.2, 風向: 東北東
2025-07-06 16:19:32 - ModbusReader - INFO - 風速: 0.0 m/s, 風級: 0, 風向角度: 177.9, 風向: 南
2025-07-06 16:19:33 - ModbusReader - INFO - 風速: 0.0 m/s, 風級: 0, 風向角度: 177.9, 風向: 南
2025-07-06 16:20:03 - ModbusReader - INFO - 風速: 0.4 m/s, 風級: 1, 風向角度: 149.3, 風向: 南南東
2025-07-06 16:20:04 - ModbusReader - INFO - 風速: 0.4 m/s, 風級: 1, 風向角度: 149.3, 風向: 南南東
2025-07-06 16:20:35 - ModbusReader - INFO - 風速: 0.6 m/s, 風級: 1, 風向角度: 149.4, 風向: 南南東
2025-07-06 16:20:35 - ModbusReader - INFO - 風速: 0.6 m/s, 風級: 1, 風向角度: 149.4, 風向: 南南東
2025-07-06 16:21:06 - ModbusReader - INFO - 風速: 0.5 m/s, 風級: 1, 風向角度: 180.4, 風向: 南
2025-07-06 16:21:06 - ModbusReader - INFO - 風速: 0.5 m/s, 風級: 1, 風向角度: 180.4, 風向: 南
2025-07-06 16:21:37 - ModbusReader - INFO - 風速: 0.6 m/s, 風級: 1, 風向角度: 165.5, 風向: 南南東
2025-07-06 16:21:38 - ModbusReader - INFO - 風速: 0.6 m/s, 風級: 1, 風向角度: 165.5, 風向: 南南東
2025-07-06 16:22:08 - ModbusReader - INFO - 風速: 1.7 m/s, 風級: 2, 風向角度: 148.2, 風向: 南南東
2025-07-06 16:22:09 - ModbusReader - INFO - 風速: 1.7 m/s, 風級: 2, 風向角度: 148.2, 風向: 南南東
2025-07-06 16:22:39 - ModbusReader - INFO - 風速: 0.8 m/s, 風級: 1, 風向角度: 40.6, 風向: 東北
2025-07-06 16:22:40 - ModbusReader - INFO - 風速: 0.8 m/s, 風級: 1, 風向角度: 40.6, 風向: 東北
2025-07-06 16:23:11 - ModbusReader - INFO - 風速: 0.0 m/s, 風級: 0, 風向角度: 67.1, 風向: 東北東
2025-07-06 16:23:11 - ModbusReader - INFO - 風速: 0.0 m/s, 風級: 0, 風向角度: 67.1, 風向: 東北東
2025-07-06 16:23:42 - ModbusReader - INFO - 風速: 0.1 m/s, 風級: 0, 風向角度: 29.6, 風向: 北北東
2025-07-06 16:23:42 - ModbusReader - INFO - 風速: 0.1 m/s, 風級: 0, 風向角度: 29.6, 風向: 北北東
2025-07-06 16:24:13 - ModbusReader - INFO - 風速: 0.0 m/s, 風級: 0, 風向角度: 281.9, 風向: 西北西
2025-07-06 16:24:14 - ModbusReader - INFO - 風速: 0.0 m/s, 風級: 0, 風向角度: 281.9, 風向: 西北西
2025-07-06 16:24:44 - ModbusReader - INFO - 風速: 0.0 m/s, 風級: 0, 風向角度: 112.5, 風向: 東南東
2025-07-06 16:24:45 - ModbusReader - INFO - 風速: 0.0 m/s, 風級: 0, 風向角度: 112.5, 風向: 東南東
2025-07-06 16:25:15 - ModbusReader - INFO - 風速: 0.0 m/s, 風級: 0, 風向角度: 124.8, 風向: 東南
2025-07-06 16:25:16 - ModbusReader - INFO - 風速: 0.0 m/s, 風級: 0, 風向角度: 124.8, 風向: 東南
2025-07-06 16:25:47 - ModbusReader - INFO - 風速: 0.0 m/s, 風級: 0, 風向角度: 197.6, 風向: 南南西
2025-07-06 16:25:47 - ModbusReader - INFO - 風速: 0.0 m/s, 風級: 0, 風向角度: 197.6, 風向: 南南西
2025-07-06 16:26:18 - ModbusReader - INFO - 風速: 0.1 m/s, 風級: 0, 風向角度: 164.7, 風向: 南南東
2025-07-06 16:26:18 - ModbusReader - INFO - 風速: 0.0 m/s, 風級: 0, 風向角度: 359.3, 風向: 北
2025-07-06 16:26:49 - ModbusReader - INFO - 風速: 0.0 m/s, 風級: 0, 風向角度: 15.9, 風向: 北北東
2025-07-06 16:26:50 - ModbusReader - INFO - 風速: 0.0 m/s, 風級: 0, 風向角度: 15.9, 風向: 北北東
2025-07-06 16:27:20 - ModbusReader - INFO - 風速: 0.7 m/s, 風級: 1, 風向角度: 189.0, 風向: 南
2025-07-06 16:27:21 - ModbusReader - INFO - 風速: 0.7 m/s, 風級: 1, 風向角度: 189.0, 風向: 南
2025-07-06 16:27:51 - ModbusReader - INFO - 風速: 0.7 m/s, 風級: 1, 風向角度: 151.3, 風向: 南南東
2025-07-06 16:27:52 - ModbusReader - INFO - 風速: 0.7 m/s, 風級: 1, 風向角度: 151.3, 風向: 南南東
2025-07-06 16:28:23 - ModbusReader - INFO - 風速: 0.0 m/s, 風級: 0, 風向角度: 206.7, 風向: 南南西
2025-07-06 16:28:23 - ModbusReader - INFO - 風速: 0.0 m/s, 風級: 0, 風向角度: 206.7, 風向: 南南西
2025-07-06 16:28:54 - ModbusReader - INFO - 風速: 0.0 m/s, 風級: 0, 風向角度: 129.2, 風向: 東南
2025-07-06 16:28:54 - ModbusReader - INFO - 風速: 0.0 m/s, 風級: 0, 風向角度: 129.2, 風向: 東南
2025-07-06 16:29:25 - ModbusReader - INFO - 風速: 0.0 m/s, 風級: 0, 風向角度: 149.2, 風向: 南南東
2025-07-06 16:29:26 - ModbusReader - INFO - 風速: 0.0 m/s, 風級: 0, 風向角度: 149.2, 風向: 南南東
2025-07-06 16:29:56 - ModbusReader - INFO - 風速: 0.0 m/s, 風級: 0, 風向角度: 19.9, 風向: 北北東
2025-07-06 16:29:57 - ModbusReader - INFO - 風速: 0.0 m/s, 風級: 0, 風向角度: 19.9, 風向: 北北東
2025-07-06 16:30:27 - ModbusReader - INFO - 風速: 0.0 m/s, 風級: 0, 風向角度: 148.1, 風向: 南南東
2025-07-06 16:30:28 - ModbusReader - INFO - 風速: 0.0 m/s, 風級: 0, 風向角度: 148.1, 風向: 南南東
2025-07-06 16:30:59 - ModbusReader - INFO - 風速: 0.0 m/s, 風級: 0, 風向角度: 77.4, 風向: 東北東
2025-07-06 16:30:59 - ModbusReader - INFO - 風速: 0.0 m/s, 風級: 0, 風向角度: 77.4, 風向: 東北東
2025-07-06 16:31:30 - ModbusReader - INFO - 風速: 0.0 m/s, 風級: 0, 風向角度: 329.0, 風向: 北北西
2025-07-06 16:31:30 - ModbusReader - INFO - 風速: 0.0 m/s, 風級: 0, 風向角度: 329.0, 風向: 北北西
2025-07-06 16:32:01 - ModbusReader - INFO - 風速: 0.3 m/s, 風級: 1, 風向角度: 226.8, 風向: 西南
2025-07-06 16:32:02 - ModbusReader - INFO - 風速: 0.3 m/s, 風級: 1, 風向角度: 226.8, 風向: 西南
2025-07-06 16:32:32 - ModbusReader - INFO - 風速: 0.0 m/s, 風級: 0, 風向角度: 186.0, 風向: 南
2025-07-06 16:32:33 - ModbusReader - INFO - 風速: 0.0 m/s, 風級: 0, 風向角度: 186.0, 風向: 南
2025-07-06 16:33:03 - ModbusReader - INFO - 風速: 1.0 m/s, 風級: 1, 風向角度: 157.8, 風向: 南南東
2025-07-06 16:33:04 - ModbusReader - INFO - 風速: 1.0 m/s, 風級: 1, 風向角度: 157.8, 風向: 南南東
2025-07-06 16:33:35 - ModbusReader - INFO - 風速: 0.7 m/s, 風級: 1, 風向角度: 98.1, 風向: 東
2025-07-06 16:33:35 - ModbusReader - INFO - 風速: 0.8 m/s, 風級: 1, 風向角度: 144.5, 風向: 東南
2025-07-06 16:34:06 - ModbusReader - INFO - 風速: 0.4 m/s, 風級: 1, 風向角度: 180.0, 風向: 南
2025-07-06 16:34:06 - ModbusReader - INFO - 風速: 0.4 m/s, 風級: 1, 風向角度: 180.0, 風向: 南
2025-07-06 16:34:37 - ModbusReader - INFO - 風速: 0.5 m/s, 風級: 1, 風向角度: 23.4, 風向: 北北東
2025-07-06 16:34:38 - ModbusReader - INFO - 風速: 0.5 m/s, 風級: 1, 風向角度: 23.4, 風向: 北北東
2025-07-06 16:35:08 - ModbusReader - INFO - 風速: 0.6 m/s, 風級: 1, 風向角度: 159.9, 風向: 南南東
2025-07-06 16:35:09 - ModbusReader - INFO - 風速: 0.6 m/s, 風級: 1, 風向角度: 159.9, 風向: 南南東
2025-07-06 16:35:39 - ModbusReader - INFO - 風速: 0.0 m/s, 風級: 0, 風向角度: 159.7, 風向: 南南東
2025-07-06 16:35:40 - ModbusReader - INFO - 風速: 0.0 m/s, 風級: 0, 風向角度: 159.7, 風向: 南南東
2025-07-06 16:36:11 - ModbusReader - INFO - 風速: 0.5 m/s, 風級: 1, 風向角度: 202.7, 風向: 南南西
2025-07-06 16:36:11 - ModbusReader - INFO - 風速: 0.5 m/s, 風級: 1, 風向角度: 202.7, 風向: 南南西
2025-07-06 16:36:42 - ModbusReader - INFO - 風速: 0.6 m/s, 風級: 1, 風向角度: 230.8, 風向: 西南
2025-07-06 16:36:42 - ModbusReader - INFO - 風速: 0.6 m/s, 風級: 1, 風向角度: 230.8, 風向: 西南
2025-07-06 16:37:13 - ModbusReader - INFO - 風速: 0.0 m/s, 風級: 0, 風向角度: 287.5, 風向: 西北西
2025-07-06 16:37:14 - ModbusReader - INFO - 風速: 0.0 m/s, 風級: 0, 風向角度: 287.5, 風向: 西北西
2025-07-06 16:37:44 - ModbusReader - INFO - 風速: 0.0 m/s, 風級: 0, 風向角度: 344.8, 風向: 北北西
2025-07-06 16:37:45 - ModbusReader - INFO - 風速: 0.0 m/s, 風級: 0, 風向角度: 344.8, 風向: 北北西
2025-07-06 16:38:15 - ModbusReader - INFO - 風速: 0.0 m/s, 風級: 0, 風向角度: 108.1, 風向: 東南東
2025-07-06 16:38:16 - ModbusReader - INFO - 風速: 0.0 m/s, 風級: 0, 風向角度: 108.1, 風向: 東南東
2025-07-06 16:38:47 - ModbusReader - INFO - 風速: 0.0 m/s, 風級: 0, 風向角度: 24.5, 風向: 北北東
2025-07-06 16:38:47 - ModbusReader - INFO - 風速: 0.0 m/s, 風級: 0, 風向角度: 24.5, 風向: 北北東
2025-07-06 16:39:18 - ModbusReader - INFO - 風速: 0.8 m/s, 風級: 1, 風向角度: 341.1, 風向: 北北西
2025-07-06 16:39:18 - ModbusReader - INFO - 風速: 0.8 m/s, 風級: 1, 風向角度: 341.1, 風向: 北北西
2025-07-06 16:39:49 - ModbusReader - INFO - 風速: 0.6 m/s, 風級: 1, 風向角度: 92.9, 風向: 東
2025-07-06 16:39:50 - ModbusReader - INFO - 風速: 0.6 m/s, 風級: 1, 風向角度: 92.9, 風向: 東
2025-07-06 16:40:20 - ModbusReader - INFO - 風速: 0.9 m/s, 風級: 1, 風向角度: 50.8, 風向: 東北
2025-07-06 16:40:21 - ModbusReader - INFO - 風速: 0.9 m/s, 風級: 1, 風向角度: 50.8, 風向: 東北
2025-07-06 16:40:51 - ModbusReader - INFO - 風速: 0.6 m/s, 風級: 1, 風向角度: 47.6, 風向: 東北
2025-07-06 16:40:52 - ModbusReader - INFO - 風速: 0.4 m/s, 風級: 1, 風向角度: 99.7, 風向: 東
2025-07-06 16:41:23 - ModbusReader - INFO - 風速: 0.7 m/s, 風級: 1, 風向角度: 110.2, 風向: 東南東
2025-07-06 16:41:23 - ModbusReader - INFO - 風速: 0.7 m/s, 風級: 1, 風向角度: 110.2, 風向: 東南東
2025-07-06 16:41:54 - ModbusReader - INFO - 風速: 1.1 m/s, 風級: 1, 風向角度: 112.2, 風向: 東南東
2025-07-06 16:41:54 - ModbusReader - INFO - 風速: 1.1 m/s, 風級: 1, 風向角度: 112.2, 風向: 東南東
2025-07-06 16:42:25 - ModbusReader - INFO - 風速: 1.6 m/s, 風級: 2, 風向角度: 98.0, 風向: 東
2025-07-06 16:42:26 - ModbusReader - INFO - 風速: 1.6 m/s, 風級: 2, 風向角度: 98.0, 風向: 東
2025-07-06 16:42:56 - ModbusReader - INFO - 風速: 1.3 m/s, 風級: 1, 風向角度: 166.2, 風向: 南南東
2025-07-06 16:42:57 - ModbusReader - INFO - 風速: 1.3 m/s, 風級: 1, 風向角度: 166.2, 風向: 南南東
2025-07-06 16:43:27 - ModbusReader - INFO - 風速: 1.3 m/s, 風級: 1, 風向角度: 261.9, 風向: 西
2025-07-06 16:43:28 - ModbusReader - INFO - 風速: 1.3 m/s, 風級: 1, 風向角度: 261.9, 風向: 西
2025-07-06 16:43:59 - ModbusReader - INFO - 風速: 0.7 m/s, 風級: 1, 風向角度: 146.8, 風向: 南南東
2025-07-06 16:43:59 - ModbusReader - INFO - 風速: 0.7 m/s, 風級: 1, 風向角度: 146.8, 風向: 南南東
2025-07-06 16:44:30 - ModbusReader - INFO - 風速: 0.7 m/s, 風級: 1, 風向角度: 182.2, 風向: 南
2025-07-06 16:44:30 - ModbusReader - INFO - 風速: 0.7 m/s, 風級: 1, 風向角度: 182.2, 風向: 南
2025-07-06 16:45:01 - ModbusReader - INFO - 風速: 1.8 m/s, 風級: 2, 風向角度: 160.7, 風向: 南南東
2025-07-06 16:45:02 - ModbusReader - INFO - 風速: 1.8 m/s, 風級: 2, 風向角度: 160.7, 風向: 南南東
2025-07-06 16:45:32 - ModbusReader - INFO - 風速: 1.4 m/s, 風級: 1, 風向角度: 99.5, 風向: 東
2025-07-06 16:45:33 - ModbusReader - INFO - 風速: 1.4 m/s, 風級: 1, 風向角度: 99.5, 風向: 東
2025-07-06 16:46:03 - ModbusReader - INFO - 風速: 1.0 m/s, 風級: 1, 風向角度: 63.2, 風向: 東北東
2025-07-06 16:46:04 - ModbusReader - INFO - 風速: 1.0 m/s, 風級: 1, 風向角度: 63.2, 風向: 東北東
2025-07-06 16:46:35 - ModbusReader - INFO - 風速: 1.1 m/s, 風級: 1, 風向角度: 295.4, 風向: 西北西
2025-07-06 16:46:35 - ModbusReader - INFO - 風速: 1.1 m/s, 風級: 1, 風向角度: 295.4, 風向: 西北西
2025-07-06 16:47:06 - ModbusReader - INFO - 風速: 0.9 m/s, 風級: 1, 風向角度: 245.9, 風向: 西南西
2025-07-06 16:47:06 - ModbusReader - INFO - 風速: 0.9 m/s, 風級: 1, 風向角度: 245.9, 風向: 西南西
2025-07-06 16:47:37 - ModbusReader - INFO - 風速: 1.5 m/s, 風級: 1, 風向角度: 29.0, 風向: 北北東
2025-07-06 16:47:38 - ModbusReader - INFO - 風速: 1.5 m/s, 風級: 1, 風向角度: 29.0, 風向: 北北東
2025-07-06 16:48:08 - ModbusReader - INFO - 風速: 1.5 m/s, 風級: 1, 風向角度: 150.2, 風向: 南南東
2025-07-06 16:48:09 - ModbusReader - INFO - 風速: 1.4 m/s, 風級: 1, 風向角度: 295.4, 風向: 西北西
2025-07-06 16:48:39 - ModbusReader - INFO - 風速: 1.6 m/s, 風級: 2, 風向角度: 93.7, 風向: 東
2025-07-06 16:48:40 - ModbusReader - INFO - 風速: 1.6 m/s, 風級: 2, 風向角度: 93.7, 風向: 東
2025-07-06 16:49:11 - ModbusReader - INFO - 風速: 0.9 m/s, 風級: 1, 風向角度: 84.8, 風向: 東
2025-07-06 16:49:11 - ModbusReader - INFO - 風速: 0.9 m/s, 風級: 1, 風向角度: 84.8, 風向: 東
2025-07-06 16:49:42 - ModbusReader - INFO - 風速: 0.8 m/s, 風級: 1, 風向角度: 99.2, 風向: 東
2025-07-06 16:49:42 - ModbusReader - INFO - 風速: 0.8 m/s, 風級: 1, 風向角度: 99.2, 風向: 東
2025-07-06 16:50:13 - ModbusReader - INFO - 風速: 1.2 m/s, 風級: 1, 風向角度: 205.2, 風向: 南南西
2025-07-06 16:50:14 - ModbusReader - INFO - 風速: 1.2 m/s, 風級: 1, 風向角度: 205.2, 風向: 南南西
2025-07-06 16:50:44 - ModbusReader - INFO - 風速: 0.8 m/s, 風級: 1, 風向角度: 200.1, 風向: 南南西
2025-07-06 16:50:45 - ModbusReader - INFO - 風速: 0.8 m/s, 風級: 1, 風向角度: 200.1, 風向: 南南西
2025-07-06 16:51:15 - ModbusReader - INFO - 風速: 0.7 m/s, 風級: 1, 風向角度: 65.2, 風向: 東北東
2025-07-06 16:51:16 - ModbusReader - INFO - 風速: 0.7 m/s, 風級: 1, 風向角度: 65.2, 風向: 東北東
2025-07-06 16:51:47 - ModbusReader - INFO - 風速: 0.1 m/s, 風級: 0, 風向角度: 298.5, 風向: 西北西
2025-07-06 16:51:47 - ModbusReader - INFO - 風速: 0.1 m/s, 風級: 0, 風向角度: 298.5, 風向: 西北西
2025-07-06 16:52:18 - ModbusReader - INFO - 風速: 0.1 m/s, 風級: 0, 風向角度: 99.0, 風向: 東
2025-07-06 16:52:18 - ModbusReader - INFO - 風速: 0.1 m/s, 風級: 0, 風向角度: 99.0, 風向: 東
2025-07-06 16:52:49 - ModbusReader - INFO - 風速: 0.0 m/s, 風級: 0, 風向角度: 202.7, 風向: 南南西
2025-07-06 16:52:50 - ModbusReader - INFO - 風速: 0.0 m/s, 風級: 0, 風向角度: 202.7, 風向: 南南西
2025-07-06 16:53:20 - ModbusReader - INFO - 風速: 0.0 m/s, 風級: 0, 風向角度: 328.4, 風向: 北北西
2025-07-06 16:53:21 - ModbusReader - INFO - 風速: 0.0 m/s, 風級: 0, 風向角度: 328.4, 風向: 北北西
2025-07-06 16:53:51 - ModbusReader - INFO - 風速: 0.4 m/s, 風級: 1, 風向角度: 186.8, 風向: 南
2025-07-06 16:53:52 - ModbusReader - INFO - 風速: 0.4 m/s, 風級: 1, 風向角度: 186.8, 風向: 南
2025-07-06 16:54:23 - ModbusReader - INFO - 風速: 1.0 m/s, 風級: 1, 風向角度: 260.1, 風向: 西
2025-07-06 16:54:23 - ModbusReader - INFO - 風速: 1.0 m/s, 風級: 1, 風向角度: 260.1, 風向: 西
2025-07-06 16:54:54 - ModbusReader - INFO - 風速: 0.5 m/s, 風級: 1, 風向角度: 299.8, 風向: 西北西
2025-07-06 16:54:54 - ModbusReader - INFO - 風速: 0.5 m/s, 風級: 1, 風向角度: 138.5, 風向: 東南
2025-07-06 16:55:25 - ModbusReader - INFO - 風速: 0.0 m/s, 風級: 0, 風向角度: 76.0, 風向: 東北東
2025-07-06 16:55:26 - ModbusReader - INFO - 風速: 0.0 m/s, 風級: 0, 風向角度: 76.0, 風向: 東北東
2025-07-06 16:55:56 - ModbusReader - INFO - 風速: 0.0 m/s, 風級: 0, 風向角度: 192.9, 風向: 南南西
2025-07-06 16:55:57 - ModbusReader - INFO - 風速: 0.0 m/s, 風級: 0, 風向角度: 192.9, 風向: 南南西
2025-07-06 16:56:27 - ModbusReader - INFO - 風速: 0.0 m/s, 風級: 0, 風向角度: 343.5, 風向: 北北西
2025-07-06 16:56:28 - ModbusReader - INFO - 風速: 0.0 m/s, 風級: 0, 風向角度: 343.5, 風向: 北北西
2025-07-06 16:56:59 - ModbusReader - INFO - 風速: 0.0 m/s, 風級: 0, 風向角度: 140.1, 風向: 東南
2025-07-06 16:56:59 - ModbusReader - INFO - 風速: 0.0 m/s, 風級: 0, 風向角度: 140.1, 風向: 東南
2025-07-06 16:57:30 - ModbusReader - INFO - 風速: 0.0 m/s, 風級: 0, 風向角度: 178.1, 風向: 南
2025-07-06 16:57:30 - ModbusReader - INFO - 風速: 0.0 m/s, 風級: 0, 風向角度: 178.1, 風向: 南
2025-07-06 16:58:01 - ModbusReader - INFO - 風速: 0.0 m/s, 風級: 0, 風向角度: 156.8, 風向: 南南東
2025-07-06 16:58:02 - ModbusReader - INFO - 風速: 0.0 m/s, 風級: 0, 風向角度: 156.8, 風向: 南南東
2025-07-06 16:58:32 - ModbusReader - INFO - 風速: 0.0 m/s, 風級: 0, 風向角度: 68.1, 風向: 東北東
2025-07-06 16:58:33 - ModbusReader - INFO - 風速: 0.0 m/s, 風級: 0, 風向角度: 68.1, 風向: 東北東
2025-07-06 16:59:03 - ModbusReader - INFO - 風速: 0.0 m/s, 風級: 0, 風向角度: 350.3, 風向: 北
2025-07-06 16:59:04 - ModbusReader - INFO - 風速: 0.0 m/s, 風級: 0, 風向角度: 350.3, 風向: 北
2025-07-06 16:59:35 - ModbusReader - INFO - 風速: 0.0 m/s, 風級: 0, 風向角度: 179.3, 風向: 南
2025-07-06 16:59:35 - ModbusReader - INFO - 風速: 0.0 m/s, 風級: 0, 風向角度: 179.3, 風向: 南
2025-07-06 17:00:06 - ModbusReader - INFO - 風速: 0.0 m/s, 風級: 0, 風向角度: 117.1, 風向: 東南東
2025-07-06 17:00:06 - ModbusReader - INFO - 風速: 0.0 m/s, 風級: 0, 風向角度: 117.1, 風向: 東南東
2025-07-06 17:00:37 - ModbusReader - INFO - 風速: 0.0 m/s, 風級: 0, 風向角度: 141.6, 風向: 東南
2025-07-06 17:00:38 - ModbusReader - INFO - 風速: 0.0 m/s, 風級: 0, 風向角度: 141.6, 風向: 東南
2025-07-06 17:01:08 - ModbusReader - INFO - 風速: 0.3 m/s, 風級: 1, 風向角度: 339.0, 風向: 北北西
2025-07-06 17:01:09 - ModbusReader - INFO - 風速: 0.3 m/s, 風級: 1, 風向角度: 339.0, 風向: 北北西
2025-07-06 17:01:39 - ModbusReader - INFO - 風速: 1.1 m/s, 風級: 1, 風向角度: 175.4, 風向: 南
2025-07-06 17:01:40 - ModbusReader - INFO - 風速: 1.1 m/s, 風級: 1, 風向角度: 175.4, 風向: 南
2025-07-06 17:02:11 - ModbusReader - INFO - 風速: 0.7 m/s, 風級: 1, 風向角度: 146.1, 風向: 東南
2025-07-06 17:02:11 - ModbusReader - INFO - 風速: 0.7 m/s, 風級: 1, 風向角度: 106.5, 風向: 東南東
2025-07-06 17:02:42 - ModbusReader - INFO - 風速: 1.0 m/s, 風級: 1, 風向角度: 110.5, 風向: 東南東
2025-07-06 17:02:42 - ModbusReader - INFO - 風速: 1.0 m/s, 風級: 1, 風向角度: 110.5, 風向: 東南東
2025-07-06 17:03:13 - ModbusReader - INFO - 風速: 1.1 m/s, 風級: 1, 風向角度: 192.8, 風向: 南南西
2025-07-06 17:03:14 - ModbusReader - INFO - 風速: 1.1 m/s, 風級: 1, 風向角度: 192.8, 風向: 南南西
2025-07-06 17:03:44 - ModbusReader - INFO - 風速: 0.7 m/s, 風級: 1, 風向角度: 243.9, 風向: 西南西
2025-07-06 17:03:45 - ModbusReader - INFO - 風速: 0.7 m/s, 風級: 1, 風向角度: 243.9, 風向: 西南西
2025-07-06 17:04:15 - ModbusReader - INFO - 風速: 0.0 m/s, 風級: 0, 風向角度: 55.3, 風向: 東北
2025-07-06 17:04:16 - ModbusReader - INFO - 風速: 0.0 m/s, 風級: 0, 風向角度: 55.3, 風向: 東北
2025-07-06 17:04:47 - ModbusReader - INFO - 風速: 0.0 m/s, 風級: 0, 風向角度: 18.7, 風向: 北北東
2025-07-06 17:04:47 - ModbusReader - INFO - 風速: 0.0 m/s, 風級: 0, 風向角度: 18.7, 風向: 北北東
2025-07-06 17:05:18 - ModbusReader - INFO - 風速: 0.0 m/s, 風級: 0, 風向角度: 344.7, 風向: 北北西
2025-07-06 17:05:18 - ModbusReader - INFO - 風速: 0.0 m/s, 風級: 0, 風向角度: 344.7, 風向: 北北西
2025-07-06 17:05:49 - ModbusReader - INFO - 風速: 0.0 m/s, 風級: 0, 風向角度: 109.0, 風向: 東南東
2025-07-06 17:05:50 - ModbusReader - INFO - 風速: 0.0 m/s, 風級: 0, 風向角度: 109.0, 風向: 東南東
2025-07-06 17:06:20 - ModbusReader - INFO - 風速: 0.0 m/s, 風級: 0, 風向角度: 218.7, 風向: 西南
2025-07-06 17:06:21 - ModbusReader - INFO - 風速: 0.0 m/s, 風級: 0, 風向角度: 218.7, 風向: 西南
2025-07-06 17:06:51 - ModbusReader - INFO - 風速: 0.6 m/s, 風級: 1, 風向角度: 117.3, 風向: 東南東
2025-07-06 17:06:52 - ModbusReader - INFO - 風速: 0.6 m/s, 風級: 1, 風向角度: 117.3, 風向: 東南東
2025-07-06 17:07:23 - ModbusReader - INFO - 風速: 0.8 m/s, 風級: 1, 風向角度: 214.4, 風向: 西南
2025-07-06 17:07:23 - ModbusReader - INFO - 風速: 0.8 m/s, 風級: 1, 風向角度: 214.4, 風向: 西南
2025-07-06 17:07:54 - ModbusReader - INFO - 風速: 0.8 m/s, 風級: 1, 風向角度: 142.0, 風向: 東南
2025-07-06 17:07:54 - ModbusReader - INFO - 風速: 0.8 m/s, 風級: 1, 風向角度: 142.0, 風向: 東南
2025-07-06 17:08:25 - ModbusReader - INFO - 風速: 1.1 m/s, 風級: 1, 風向角度: 140.1, 風向: 東南
2025-07-06 17:08:26 - ModbusReader - INFO - 風速: 1.1 m/s, 風級: 1, 風向角度: 140.1, 風向: 東南
2025-07-06 17:08:56 - ModbusReader - INFO - 風速: 0.7 m/s, 風級: 1, 風向角度: 188.8, 風向: 南
2025-07-06 17:08:57 - ModbusReader - INFO - 風速: 0.7 m/s, 風級: 1, 風向角度: 188.8, 風向: 南
2025-07-06 17:09:27 - ModbusReader - INFO - 風速: 0.3 m/s, 風級: 1, 風向角度: 251.5, 風向: 西南西
2025-07-06 17:09:28 - ModbusReader - INFO - 風速: 0.8 m/s, 風級: 1, 風向角度: 161.1, 風向: 南南東
2025-07-06 17:09:59 - ModbusReader - INFO - 風速: 1.2 m/s, 風級: 1, 風向角度: 140.8, 風向: 東南
2025-07-06 17:09:59 - ModbusReader - INFO - 風速: 1.2 m/s, 風級: 1, 風向角度: 140.8, 風向: 東南
2025-07-06 17:10:30 - ModbusReader - INFO - 風速: 0.7 m/s, 風級: 1, 風向角度: 272.4, 風向: 西
2025-07-06 17:10:30 - ModbusReader - INFO - 風速: 0.7 m/s, 風級: 1, 風向角度: 272.4, 風向: 西
2025-07-06 17:11:01 - ModbusReader - INFO - 風速: 0.6 m/s, 風級: 1, 風向角度: 149.9, 風向: 南南東
2025-07-06 17:11:02 - ModbusReader - INFO - 風速: 0.6 m/s, 風級: 1, 風向角度: 149.9, 風向: 南南東
2025-07-06 17:11:32 - ModbusReader - INFO - 風速: 0.0 m/s, 風級: 0, 風向角度: 136.7, 風向: 東南
2025-07-06 17:11:33 - ModbusReader - INFO - 風速: 0.0 m/s, 風級: 0, 風向角度: 136.7, 風向: 東南
2025-07-06 17:12:03 - ModbusReader - INFO - 風速: 0.0 m/s, 風級: 0, 風向角度: 0.5, 風向: 北
2025-07-06 17:12:04 - ModbusReader - INFO - 風速: 0.0 m/s, 風級: 0, 風向角度: 0.5, 風向: 北
2025-07-06 17:12:35 - ModbusReader - INFO - 風速: 0.0 m/s, 風級: 0, 風向角度: 17.6, 風向: 北北東
2025-07-06 17:12:35 - ModbusReader - INFO - 風速: 0.0 m/s, 風級: 0, 風向角度: 17.6, 風向: 北北東
2025-07-06 17:13:06 - ModbusReader - INFO - 風速: 0.0 m/s, 風級: 0, 風向角度: 197.1, 風向: 南南西
2025-07-06 17:13:06 - ModbusReader - INFO - 風速: 0.0 m/s, 風級: 0, 風向角度: 197.1, 風向: 南南西
2025-07-06 17:13:37 - ModbusReader - INFO - 風速: 0.0 m/s, 風級: 0, 風向角度: 278.6, 風向: 西
2025-07-06 17:13:38 - ModbusReader - INFO - 風速: 0.0 m/s, 風級: 0, 風向角度: 278.6, 風向: 西
2025-07-06 17:14:08 - ModbusReader - INFO - 風速: 0.0 m/s, 風級: 0, 風向角度: 115.9, 風向: 東南東
2025-07-06 17:14:09 - ModbusReader - INFO - 風速: 0.0 m/s, 風級: 0, 風向角度: 115.9, 風向: 東南東
2025-07-06 17:14:39 - ModbusReader - INFO - 風速: 0.0 m/s, 風級: 0, 風向角度: 140.8, 風向: 東南
2025-07-06 17:14:40 - ModbusReader - INFO - 風速: 0.0 m/s, 風級: 0, 風向角度: 140.8, 風向: 東南
2025-07-06 17:15:11 - ModbusReader - INFO - 風速: 0.0 m/s, 風級: 0, 風向角度: 177.5, 風向: 南
2025-07-06 17:15:11 - ModbusReader - INFO - 風速: 0.0 m/s, 風級: 0, 風向角度: 177.5, 風向: 南
2025-07-06 17:15:42 - ModbusReader - INFO - 風速: 0.0 m/s, 風級: 0, 風向角度: 147.9, 風向: 南南東
2025-07-06 17:15:42 - ModbusReader - INFO - 風速: 0.0 m/s, 風級: 0, 風向角度: 147.9, 風向: 南南東
2025-07-06 17:16:13 - ModbusReader - INFO - 風速: 0.9 m/s, 風級: 1, 風向角度: 88.6, 風向: 東
2025-07-06 17:16:14 - ModbusReader - INFO - 風速: 0.9 m/s, 風級: 1, 風向角度: 88.6, 風向: 東
2025-07-06 17:16:44 - ModbusReader - INFO - 風速: 1.2 m/s, 風級: 1, 風向角度: 157.7, 風向: 南南東
2025-07-06 17:16:45 - ModbusReader - INFO - 風速: 0.9 m/s, 風級: 1, 風向角度: 156.7, 風向: 南南東
2025-07-06 17:17:15 - ModbusReader - INFO - 風速: 0.5 m/s, 風級: 1, 風向角度: 341.8, 風向: 北北西
2025-07-06 17:17:16 - ModbusReader - INFO - 風速: 0.5 m/s, 風級: 1, 風向角度: 341.8, 風向: 北北西
2025-07-06 17:17:47 - ModbusReader - INFO - 風速: 0.7 m/s, 風級: 1, 風向角度: 79.4, 風向: 東
2025-07-06 17:17:47 - ModbusReader - INFO - 風速: 0.7 m/s, 風級: 1, 風向角度: 79.4, 風向: 東
2025-07-06 17:18:18 - ModbusReader - INFO - 風速: 0.0 m/s, 風級: 0, 風向角度: 206.9, 風向: 南南西
2025-07-06 17:18:18 - ModbusReader - INFO - 風速: 0.0 m/s, 風級: 0, 風向角度: 206.9, 風向: 南南西
2025-07-06 17:18:49 - ModbusReader - INFO - 風速: 0.0 m/s, 風級: 0, 風向角度: 155.3, 風向: 南南東
2025-07-06 17:18:50 - ModbusReader - INFO - 風速: 0.0 m/s, 風級: 0, 風向角度: 155.3, 風向: 南南東
2025-07-06 17:19:20 - ModbusReader - INFO - 風速: 0.0 m/s, 風級: 0, 風向角度: 95.4, 風向: 東
2025-07-06 17:19:21 - ModbusReader - INFO - 風速: 0.0 m/s, 風級: 0, 風向角度: 95.4, 風向: 東
2025-07-06 17:19:51 - ModbusReader - INFO - 風速: 0.0 m/s, 風級: 0, 風向角度: 178.8, 風向: 南
2025-07-06 17:19:52 - ModbusReader - INFO - 風速: 0.0 m/s, 風級: 0, 風向角度: 178.8, 風向: 南
2025-07-06 17:20:23 - ModbusReader - INFO - 風速: 0.0 m/s, 風級: 0, 風向角度: 353.3, 風向: 北
2025-07-06 17:20:23 - ModbusReader - INFO - 風速: 0.0 m/s, 風級: 0, 風向角度: 353.3, 風向: 北
2025-07-06 17:20:54 - ModbusReader - INFO - 風速: 0.0 m/s, 風級: 0, 風向角度: 205.3, 風向: 南南西
2025-07-06 17:20:54 - ModbusReader - INFO - 風速: 0.0 m/s, 風級: 0, 風向角度: 205.3, 風向: 南南西
2025-07-06 17:21:25 - ModbusReader - INFO - 風速: 0.0 m/s, 風級: 0, 風向角度: 180.1, 風向: 南
2025-07-06 17:21:26 - ModbusReader - INFO - 風速: 0.0 m/s, 風級: 0, 風向角度: 180.1, 風向: 南
2025-07-06 17:21:56 - ModbusReader - INFO - 風速: 0.0 m/s, 風級: 0, 風向角度: 160.4, 風向: 南南東
2025-07-06 17:21:57 - ModbusReader - INFO - 風速: 0.0 m/s, 風級: 0, 風向角度: 160.4, 風向: 南南東
2025-07-06 17:22:27 - ModbusReader - INFO - 風速: 0.2 m/s, 風級: 0, 風向角度: 134.2, 風向: 東南
2025-07-06 17:22:28 - ModbusReader - INFO - 風速: 0.2 m/s, 風級: 0, 風向角度: 134.2, 風向: 東南
2025-07-06 17:22:59 - ModbusReader - INFO - 風速: 0.8 m/s, 風級: 1, 風向角度: 157.6, 風向: 南南東
2025-07-06 17:22:59 - ModbusReader - INFO - 風速: 0.8 m/s, 風級: 1, 風向角度: 157.6, 風向: 南南東
2025-07-06 17:23:30 - ModbusReader - INFO - 風速: 1.0 m/s, 風級: 1, 風向角度: 178.6, 風向: 南
2025-07-06 17:23:30 - ModbusReader - INFO - 風速: 1.0 m/s, 風級: 1, 風向角度: 178.6, 風向: 南
2025-07-06 17:24:01 - ModbusReader - INFO - 風速: 0.7 m/s, 風級: 1, 風向角度: 192.4, 風向: 南南西
2025-07-06 17:24:02 - ModbusReader - INFO - 風速: 0.6 m/s, 風級: 1, 風向角度: 95.1, 風向: 東
2025-07-06 17:24:32 - ModbusReader - INFO - 風速: 0.0 m/s, 風級: 0, 風向角度: 28.4, 風向: 北北東
2025-07-06 17:24:33 - ModbusReader - INFO - 風速: 0.0 m/s, 風級: 0, 風向角度: 28.4, 風向: 北北東
2025-07-06 17:25:03 - ModbusReader - INFO - 風速: 1.3 m/s, 風級: 1, 風向角度: 213.8, 風向: 西南
2025-07-06 17:25:04 - ModbusReader - INFO - 風速: 1.3 m/s, 風級: 1, 風向角度: 213.8, 風向: 西南
2025-07-06 17:25:35 - ModbusReader - INFO - 風速: 0.7 m/s, 風級: 1, 風向角度: 119.4, 風向: 東南東
2025-07-06 17:25:35 - ModbusReader - INFO - 風速: 0.7 m/s, 風級: 1, 風向角度: 119.4, 風向: 東南東
2025-07-06 17:26:06 - ModbusReader - INFO - 風速: 1.1 m/s, 風級: 1, 風向角度: 244.8, 風向: 西南西
2025-07-06 17:26:06 - ModbusReader - INFO - 風速: 1.1 m/s, 風級: 1, 風向角度: 244.8, 風向: 西南西
2025-07-06 17:26:37 - ModbusReader - INFO - 風速: 1.0 m/s, 風級: 1, 風向角度: 179.3, 風向: 南
2025-07-06 17:26:38 - ModbusReader - INFO - 風速: 1.0 m/s, 風級: 1, 風向角度: 179.3, 風向: 南
2025-07-06 17:27:08 - ModbusReader - INFO - 風速: 0.9 m/s, 風級: 1, 風向角度: 157.4, 風向: 南南東
2025-07-06 17:27:09 - ModbusReader - INFO - 風速: 0.9 m/s, 風級: 1, 風向角度: 157.4, 風向: 南南東
2025-07-06 17:27:39 - ModbusReader - INFO - 風速: 1.0 m/s, 風級: 1, 風向角度: 111.3, 風向: 東南東
2025-07-06 17:27:40 - ModbusReader - INFO - 風速: 1.0 m/s, 風級: 1, 風向角度: 111.3, 風向: 東南東
2025-07-06 17:28:11 - ModbusReader - INFO - 風速: 0.9 m/s, 風級: 1, 風向角度: 148.2, 風向: 南南東
2025-07-06 17:28:11 - ModbusReader - INFO - 風速: 0.9 m/s, 風級: 1, 風向角度: 148.2, 風向: 南南東
2025-07-06 17:28:42 - ModbusReader - INFO - 風速: 0.8 m/s, 風級: 1, 風向角度: 357.9, 風向: 北
2025-07-06 17:28:42 - ModbusReader - INFO - 風速: 0.8 m/s, 風級: 1, 風向角度: 357.9, 風向: 北
2025-07-06 17:29:13 - ModbusReader - INFO - 風速: 1.1 m/s, 風級: 1, 風向角度: 321.6, 風向: 西北
2025-07-06 17:29:14 - ModbusReader - INFO - 風速: 1.1 m/s, 風級: 1, 風向角度: 321.6, 風向: 西北
2025-07-06 17:29:44 - ModbusReader - INFO - 風速: 1.2 m/s, 風級: 1, 風向角度: 218.3, 風向: 西南
2025-07-06 17:29:45 - ModbusReader - INFO - 風速: 1.2 m/s, 風級: 1, 風向角度: 218.3, 風向: 西南
2025-07-06 17:30:15 - ModbusReader - INFO - 風速: 2.0 m/s, 風級: 2, 風向角度: 200.6, 風向: 南南西
2025-07-06 17:30:16 - ModbusReader - INFO - 風速: 2.0 m/s, 風級: 2, 風向角度: 200.6, 風向: 南南西
2025-07-06 17:30:47 - ModbusReader - INFO - 風速: 1.5 m/s, 風級: 1, 風向角度: 147.4, 風向: 南南東
2025-07-06 17:30:47 - ModbusReader - INFO - 風速: 1.5 m/s, 風級: 1, 風向角度: 147.4, 風向: 南南東
2025-07-06 17:31:18 - ModbusReader - INFO - 風速: 1.2 m/s, 風級: 1, 風向角度: 252.2, 風向: 西南西
2025-07-06 17:31:18 - ModbusReader - INFO - 風速: 1.1 m/s, 風級: 1, 風向角度: 145.7, 風向: 東南
2025-07-06 17:31:49 - ModbusReader - INFO - 風速: 0.8 m/s, 風級: 1, 風向角度: 242.4, 風向: 西南西
2025-07-06 17:31:50 - ModbusReader - INFO - 風速: 0.8 m/s, 風級: 1, 風向角度: 242.4, 風向: 西南西
2025-07-06 17:32:20 - ModbusReader - INFO - 風速: 1.0 m/s, 風級: 1, 風向角度: 93.0, 風向: 東
2025-07-06 17:32:21 - ModbusReader - INFO - 風速: 1.0 m/s, 風級: 1, 風向角度: 93.0, 風向: 東
2025-07-06 17:32:51 - ModbusReader - INFO - 風速: 1.0 m/s, 風級: 1, 風向角度: 112.8, 風向: 東南東
2025-07-06 17:32:52 - ModbusReader - INFO - 風速: 1.0 m/s, 風級: 1, 風向角度: 112.8, 風向: 東南東
2025-07-06 17:33:23 - ModbusReader - INFO - 風速: 0.9 m/s, 風級: 1, 風向角度: 265.4, 風向: 西
2025-07-06 17:33:23 - ModbusReader - INFO - 風速: 0.9 m/s, 風級: 1, 風向角度: 265.4, 風向: 西
2025-07-06 17:33:54 - ModbusReader - INFO - 風速: 0.5 m/s, 風級: 1, 風向角度: 181.1, 風向: 南
2025-07-06 17:33:54 - ModbusReader - INFO - 風速: 0.5 m/s, 風級: 1, 風向角度: 181.1, 風向: 南
2025-07-06 17:34:25 - ModbusReader - INFO - 風速: 0.7 m/s, 風級: 1, 風向角度: 181.9, 風向: 南
2025-07-06 17:34:26 - ModbusReader - INFO - 風速: 0.7 m/s, 風級: 1, 風向角度: 181.9, 風向: 南
2025-07-06 17:34:56 - ModbusReader - INFO - 風速: 0.8 m/s, 風級: 1, 風向角度: 90.0, 風向: 東
2025-07-06 17:34:57 - ModbusReader - INFO - 風速: 0.8 m/s, 風級: 1, 風向角度: 90.0, 風向: 東
2025-07-06 17:35:27 - ModbusReader - INFO - 風速: 1.3 m/s, 風級: 1, 風向角度: 58.0, 風向: 東北東
2025-07-06 17:35:28 - ModbusReader - INFO - 風速: 1.3 m/s, 風級: 1, 風向角度: 58.0, 風向: 東北東
2025-07-06 17:35:59 - ModbusReader - INFO - 風速: 0.9 m/s, 風級: 1, 風向角度: 140.0, 風向: 東南
2025-07-06 17:35:59 - ModbusReader - INFO - 風速: 0.9 m/s, 風級: 1, 風向角度: 140.0, 風向: 東南
2025-07-06 17:36:30 - ModbusReader - INFO - 風速: 1.3 m/s, 風級: 1, 風向角度: 269.2, 風向: 西
2025-07-06 17:36:30 - ModbusReader - INFO - 風速: 1.3 m/s, 風級: 1, 風向角度: 269.2, 風向: 西
2025-07-06 17:37:01 - ModbusReader - INFO - 風速: 1.0 m/s, 風級: 1, 風向角度: 155.2, 風向: 南南東
2025-07-06 17:37:02 - ModbusReader - INFO - 風速: 1.0 m/s, 風級: 1, 風向角度: 155.2, 風向: 南南東
2025-07-06 17:37:32 - ModbusReader - INFO - 風速: 0.7 m/s, 風級: 1, 風向角度: 157.7, 風向: 南南東
2025-07-06 17:37:33 - ModbusReader - INFO - 風速: 0.7 m/s, 風級: 1, 風向角度: 157.7, 風向: 南南東
2025-07-06 17:38:03 - ModbusReader - INFO - 風速: 0.7 m/s, 風級: 1, 風向角度: 105.7, 風向: 東南東
2025-07-06 17:38:04 - ModbusReader - INFO - 風速: 0.7 m/s, 風級: 1, 風向角度: 105.7, 風向: 東南東
2025-07-06 17:38:35 - ModbusReader - INFO - 風速: 0.0 m/s, 風級: 0, 風向角度: 322.1, 風向: 西北
2025-07-06 17:38:35 - ModbusReader - INFO - 風速: 0.0 m/s, 風級: 0, 風向角度: 127.0, 風向: 東南
2025-07-06 17:39:06 - ModbusReader - INFO - 風速: 0.0 m/s, 風級: 0, 風向角度: 179.3, 風向: 南
2025-07-06 17:39:06 - ModbusReader - INFO - 風速: 0.0 m/s, 風級: 0, 風向角度: 179.3, 風向: 南
2025-07-06 17:39:37 - ModbusReader - INFO - 風速: 0.0 m/s, 風級: 0, 風向角度: 232.6, 風向: 西南
2025-07-06 17:39:38 - ModbusReader - INFO - 風速: 0.0 m/s, 風級: 0, 風向角度: 232.6, 風向: 西南
2025-07-06 17:40:08 - ModbusReader - INFO - 風速: 0.0 m/s, 風級: 0, 風向角度: 204.0, 風向: 南南西
2025-07-06 17:40:09 - ModbusReader - INFO - 風速: 0.0 m/s, 風級: 0, 風向角度: 204.0, 風向: 南南西
2025-07-06 17:40:39 - ModbusReader - INFO - 風速: 0.0 m/s, 風級: 0, 風向角度: 144.9, 風向: 東南
2025-07-06 17:40:40 - ModbusReader - INFO - 風速: 0.0 m/s, 風級: 0, 風向角度: 144.9, 風向: 東南
2025-07-06 17:41:11 - ModbusReader - INFO - 風速: 0.0 m/s, 風級: 0, 風向角度: 183.2, 風向: 南
2025-07-06 17:41:11 - ModbusReader - INFO - 風速: 0.0 m/s, 風級: 0, 風向角度: 183.2, 風向: 南
2025-07-06 17:41:42 - ModbusReader - INFO - 風速: 0.0 m/s, 風級: 0, 風向角度: 161.3, 風向: 南南東
2025-07-06 17:41:42 - ModbusReader - INFO - 風速: 0.0 m/s, 風級: 0, 風向角度: 161.3, 風向: 南南東
2025-07-06 17:42:13 - ModbusReader - INFO - 風速: 0.0 m/s, 風級: 0, 風向角度: 166.6, 風向: 南南東
2025-07-06 17:42:14 - ModbusReader - INFO - 風速: 0.0 m/s, 風級: 0, 風向角度: 166.6, 風向: 南南東
2025-07-06 17:42:44 - ModbusReader - INFO - 風速: 0.0 m/s, 風級: 0, 風向角度: 13.5, 風向: 北北東
2025-07-06 17:42:45 - ModbusReader - INFO - 風速: 0.0 m/s, 風級: 0, 風向角度: 13.5, 風向: 北北東
2025-07-06 17:43:15 - ModbusReader - INFO - 風速: 0.0 m/s, 風級: 0, 風向角度: 148.8, 風向: 南南東
2025-07-06 17:43:16 - ModbusReader - INFO - 風速: 0.0 m/s, 風級: 0, 風向角度: 148.8, 風向: 南南東
2025-07-06 17:43:47 - ModbusReader - INFO - 風速: 0.0 m/s, 風級: 0, 風向角度: 186.2, 風向: 南
2025-07-06 17:43:47 - ModbusReader - INFO - 風速: 0.0 m/s, 風級: 0, 風向角度: 186.2, 風向: 南
2025-07-06 17:44:18 - ModbusReader - INFO - 風速: 0.0 m/s, 風級: 0, 風向角度: 158.0, 風向: 南南東
2025-07-06 17:44:18 - ModbusReader - INFO - 風速: 0.0 m/s, 風級: 0, 風向角度: 158.0, 風向: 南南東
2025-07-06 17:44:49 - ModbusReader - INFO - 風速: 0.9 m/s, 風級: 1, 風向角度: 202.3, 風向: 南南西
2025-07-06 17:44:50 - ModbusReader - INFO - 風速: 0.9 m/s, 風級: 1, 風向角度: 202.3, 風向: 南南西
2025-07-06 17:45:20 - ModbusReader - INFO - 風速: 0.7 m/s, 風級: 1, 風向角度: 0.0, 風向: 北
2025-07-06 17:45:21 - ModbusReader - INFO - 風速: 0.7 m/s, 風級: 1, 風向角度: 0.0, 風向: 北
2025-07-06 17:45:51 - ModbusReader - INFO - 風速: 0.0 m/s, 風級: 0, 風向角度: 58.7, 風向: 東北東
2025-07-06 17:45:52 - ModbusReader - INFO - 風速: 0.0 m/s, 風級: 0, 風向角度: 155.9, 風向: 南南東
2025-07-06 17:46:23 - ModbusReader - INFO - 風速: 1.0 m/s, 風級: 1, 風向角度: 49.5, 風向: 東北
2025-07-06 17:46:23 - ModbusReader - INFO - 風速: 1.0 m/s, 風級: 1, 風向角度: 49.5, 風向: 東北
2025-07-06 17:46:54 - ModbusReader - INFO - 風速: 0.4 m/s, 風級: 1, 風向角度: 158.5, 風向: 南南東
2025-07-06 17:46:54 - ModbusReader - INFO - 風速: 0.4 m/s, 風級: 1, 風向角度: 158.5, 風向: 南南東
2025-07-06 17:47:25 - ModbusReader - INFO - 風速: 0.6 m/s, 風級: 1, 風向角度: 54.1, 風向: 東北
2025-07-06 17:47:26 - ModbusReader - INFO - 風速: 0.6 m/s, 風級: 1, 風向角度: 54.1, 風向: 東北
2025-07-06 17:47:56 - ModbusReader - INFO - 風速: 0.0 m/s, 風級: 0, 風向角度: 190.7, 風向: 南
2025-07-06 17:47:57 - ModbusReader - INFO - 風速: 0.0 m/s, 風級: 0, 風向角度: 190.7, 風向: 南
2025-07-06 17:48:27 - ModbusReader - INFO - 風速: 0.0 m/s, 風級: 0, 風向角度: 327.6, 風向: 北北西
2025-07-06 17:48:28 - ModbusReader - INFO - 風速: 0.0 m/s, 風級: 0, 風向角度: 327.6, 風向: 北北西
2025-07-06 17:48:59 - ModbusReader - INFO - 風速: 0.0 m/s, 風級: 0, 風向角度: 140.2, 風向: 東南
2025-07-06 17:48:59 - ModbusReader - INFO - 風速: 0.0 m/s, 風級: 0, 風向角度: 140.2, 風向: 東南
2025-07-06 17:49:30 - ModbusReader - INFO - 風速: 0.6 m/s, 風級: 1, 風向角度: 164.2, 風向: 南南東
2025-07-06 17:49:30 - ModbusReader - INFO - 風速: 0.6 m/s, 風級: 1, 風向角度: 164.2, 風向: 南南東
2025-07-06 17:50:01 - ModbusReader - INFO - 風速: 0.5 m/s, 風級: 1, 風向角度: 154.2, 風向: 南南東
2025-07-06 17:50:01 - ModbusReader - INFO - 風速: 0.5 m/s, 風級: 1, 風向角度: 154.2, 風向: 南南東
2025-07-06 17:50:32 - ModbusReader - INFO - 風速: 0.5 m/s, 風級: 1, 風向角度: 41.8, 風向: 東北
2025-07-06 17:50:33 - ModbusReader - INFO - 風速: 0.5 m/s, 風級: 1, 風向角度: 41.8, 風向: 東北
2025-07-06 17:51:03 - ModbusReader - INFO - 風速: 0.0 m/s, 風級: 0, 風向角度: 68.2, 風向: 東北東
2025-07-06 17:51:04 - ModbusReader - INFO - 風速: 0.0 m/s, 風級: 0, 風向角度: 68.2, 風向: 東北東
2025-07-06 17:51:34 - ModbusReader - INFO - 風速: 0.8 m/s, 風級: 1, 風向角度: 150.6, 風向: 南南東
2025-07-06 17:51:35 - ModbusReader - INFO - 風速: 0.8 m/s, 風級: 1, 風向角度: 150.6, 風向: 南南東
2025-07-06 17:52:06 - ModbusReader - INFO - 風速: 0.6 m/s, 風級: 1, 風向角度: 200.7, 風向: 南南西
2025-07-06 17:52:06 - ModbusReader - INFO - 風速: 0.6 m/s, 風級: 1, 風向角度: 200.7, 風向: 南南西
2025-07-06 17:52:37 - ModbusReader - INFO - 風速: 1.7 m/s, 風級: 2, 風向角度: 219.2, 風向: 西南
2025-07-06 17:52:38 - ModbusReader - INFO - 風速: 1.7 m/s, 風級: 2, 風向角度: 219.2, 風向: 西南
2025-07-06 17:53:08 - ModbusReader - INFO - 風速: 1.1 m/s, 風級: 1, 風向角度: 105.0, 風向: 東南東
2025-07-06 17:53:09 - ModbusReader - INFO - 風速: 0.9 m/s, 風級: 1, 風向角度: 211.9, 風向: 南南西
2025-07-06 17:53:39 - ModbusReader - INFO - 風速: 0.9 m/s, 風級: 1, 風向角度: 197.6, 風向: 南南西
2025-07-06 17:53:40 - ModbusReader - INFO - 風速: 0.9 m/s, 風級: 1, 風向角度: 197.6, 風向: 南南西
2025-07-06 17:54:10 - ModbusReader - INFO - 風速: 1.3 m/s, 風級: 1, 風向角度: 140.5, 風向: 東南
2025-07-06 17:54:11 - ModbusReader - INFO - 風速: 1.3 m/s, 風級: 1, 風向角度: 140.5, 風向: 東南
2025-07-06 17:54:42 - ModbusReader - INFO - 風速: 0.8 m/s, 風級: 1, 風向角度: 286.2, 風向: 西北西
2025-07-06 17:54:42 - ModbusReader - INFO - 風速: 0.8 m/s, 風級: 1, 風向角度: 286.2, 風向: 西北西
2025-07-06 17:55:13 - ModbusReader - INFO - 風速: 0.4 m/s, 風級: 1, 風向角度: 256.6, 風向: 西南西
2025-07-06 17:55:13 - ModbusReader - INFO - 風速: 0.4 m/s, 風級: 1, 風向角度: 256.6, 風向: 西南西
2025-07-06 17:55:44 - ModbusReader - INFO - 風速: 0.7 m/s, 風級: 1, 風向角度: 351.4, 風向: 北
2025-07-06 17:55:45 - ModbusReader - INFO - 風速: 0.7 m/s, 風級: 1, 風向角度: 351.4, 風向: 北
2025-07-06 17:56:15 - ModbusReader - INFO - 風速: 0.0 m/s, 風級: 0, 風向角度: 165.6, 風向: 南南東
2025-07-06 17:56:16 - ModbusReader - INFO - 風速: 0.0 m/s, 風級: 0, 風向角度: 165.6, 風向: 南南東
2025-07-06 17:56:46 - ModbusReader - INFO - 風速: 0.6 m/s, 風級: 1, 風向角度: 258.2, 風向: 西南西
2025-07-06 17:56:47 - ModbusReader - INFO - 風速: 0.6 m/s, 風級: 1, 風向角度: 258.2, 風向: 西南西
2025-07-06 17:57:18 - ModbusReader - INFO - 風速: 1.4 m/s, 風級: 1, 風向角度: 100.2, 風向: 東
2025-07-06 17:57:18 - ModbusReader - INFO - 風速: 1.4 m/s, 風級: 1, 風向角度: 100.2, 風向: 東
2025-07-06 17:57:49 - ModbusReader - INFO - 風速: 0.9 m/s, 風級: 1, 風向角度: 153.4, 風向: 南南東
2025-07-06 17:57:49 - ModbusReader - INFO - 風速: 0.9 m/s, 風級: 1, 風向角度: 153.4, 風向: 南南東
2025-07-06 17:58:20 - ModbusReader - INFO - 風速: 1.0 m/s, 風級: 1, 風向角度: 202.0, 風向: 南南西
2025-07-06 17:58:21 - ModbusReader - INFO - 風速: 1.0 m/s, 風級: 1, 風向角度: 202.0, 風向: 南南西
2025-07-06 17:58:51 - ModbusReader - INFO - 風速: 1.0 m/s, 風級: 1, 風向角度: 276.7, 風向: 西
2025-07-06 17:58:52 - ModbusReader - INFO - 風速: 1.0 m/s, 風級: 1, 風向角度: 276.7, 風向: 西
2025-07-06 17:59:22 - ModbusReader - INFO - 風速: 1.3 m/s, 風級: 1, 風向角度: 163.0, 風向: 南南東
2025-07-06 17:59:23 - ModbusReader - INFO - 風速: 1.3 m/s, 風級: 1, 風向角度: 163.0, 風向: 南南東
2025-07-06 17:59:54 - ModbusReader - INFO - 風速: 1.0 m/s, 風級: 1, 風向角度: 212.1, 風向: 南南西
2025-07-06 17:59:54 - ModbusReader - INFO - 風速: 1.0 m/s, 風級: 1, 風向角度: 212.1, 風向: 南南西
2025-07-06 18:00:25 - ModbusReader - INFO - 風速: 0.6 m/s, 風級: 1, 風向角度: 198.8, 風向: 南南西
2025-07-06 18:00:25 - ModbusReader - INFO - 風速: 0.9 m/s, 風級: 1, 風向角度: 324.5, 風向: 西北
2025-07-07 09:05:12 - ModbusReader - INFO - 找到 風速計 設備: COM4
2025-07-07 09:05:13 - ModbusReader - INFO - 風速: 0.0 m/s, 風級: 0, 風向角度: 148.8, 風向: 南南東
2025-07-07 09:05:13 - ModbusReader - INFO - 風速: 0.0 m/s, 風級: 0, 風向角度: 148.8, 風向: 南南東
2025-07-07 09:05:14 - ModbusReader - INFO - 風速: 0.0 m/s, 風級: 0, 風向角度: 148.8, 風向: 南南東
2025-07-07 09:05:45 - ModbusReader - INFO - 風速: 0.0 m/s, 風級: 0, 風向角度: 136.7, 風向: 東南
2025-07-07 09:05:45 - ModbusReader - INFO - 風速: 0.0 m/s, 風級: 0, 風向角度: 178.2, 風向: 南
2025-07-07 09:06:16 - ModbusReader - INFO - 風速: 0.0 m/s, 風級: 0, 風向角度: 167.1, 風向: 南南東
2025-07-07 09:06:16 - ModbusReader - INFO - 風速: 0.0 m/s, 風級: 0, 風向角度: 167.1, 風向: 南南東
2025-07-07 09:06:47 - ModbusReader - INFO - 風速: 0.0 m/s, 風級: 0, 風向角度: 147.1, 風向: 南南東
2025-07-07 09:06:48 - ModbusReader - INFO - 風速: 0.0 m/s, 風級: 0, 風向角度: 147.1, 風向: 南南東
2025-07-07 09:07:18 - ModbusReader - INFO - 風速: 0.0 m/s, 風級: 0, 風向角度: 25.7, 風向: 北北東
2025-07-07 09:07:19 - ModbusReader - INFO - 風速: 0.0 m/s, 風級: 0, 風向角度: 25.7, 風向: 北北東
2025-07-07 09:07:49 - ModbusReader - INFO - 風速: 0.0 m/s, 風級: 0, 風向角度: 144.5, 風向: 東南
2025-07-07 09:07:50 - ModbusReader - INFO - 風速: 0.0 m/s, 風級: 0, 風向角度: 144.5, 風向: 東南
2025-07-07 09:08:21 - ModbusReader - INFO - 風速: 0.0 m/s, 風級: 0, 風向角度: 152.6, 風向: 南南東
2025-07-07 09:08:21 - ModbusReader - INFO - 風速: 0.0 m/s, 風級: 0, 風向角度: 152.6, 風向: 南南東
2025-07-07 09:08:52 - ModbusReader - INFO - 風速: 0.0 m/s, 風級: 0, 風向角度: 136.2, 風向: 東南
2025-07-07 09:08:52 - ModbusReader - INFO - 風速: 0.0 m/s, 風級: 0, 風向角度: 136.2, 風向: 東南
2025-07-07 09:09:23 - ModbusReader - INFO - 風速: 0.0 m/s, 風級: 0, 風向角度: 146.0, 風向: 東南
2025-07-07 09:09:24 - ModbusReader - INFO - 風速: 0.0 m/s, 風級: 0, 風向角度: 146.0, 風向: 東南
2025-07-07 09:09:54 - ModbusReader - INFO - 風速: 0.0 m/s, 風級: 0, 風向角度: 174.5, 風向: 南
2025-07-07 09:09:55 - ModbusReader - INFO - 風速: 0.0 m/s, 風級: 0, 風向角度: 174.5, 風向: 南
2025-07-07 09:10:25 - ModbusReader - INFO - 風速: 0.0 m/s, 風級: 0, 風向角度: 128.8, 風向: 東南
2025-07-07 09:10:26 - ModbusReader - INFO - 風速: 0.0 m/s, 風級: 0, 風向角度: 128.8, 風向: 東南
2025-07-07 09:10:57 - ModbusReader - INFO - 風速: 0.0 m/s, 風級: 0, 風向角度: 158.2, 風向: 南南東
2025-07-07 09:10:57 - ModbusReader - INFO - 風速: 0.0 m/s, 風級: 0, 風向角度: 158.2, 風向: 南南東
2025-07-07 09:11:28 - ModbusReader - INFO - 風速: 0.0 m/s, 風級: 0, 風向角度: 156.2, 風向: 南南東
2025-07-07 09:11:28 - ModbusReader - INFO - 風速: 0.0 m/s, 風級: 0, 風向角度: 156.2, 風向: 南南東
2025-07-07 09:11:59 - ModbusReader - INFO - 風速: 0.0 m/s, 風級: 0, 風向角度: 135.2, 風向: 東南
2025-07-07 09:12:00 - ModbusReader - INFO - 風速: 0.0 m/s, 風級: 0, 風向角度: 135.2, 風向: 東南
2025-07-07 09:12:30 - ModbusReader - INFO - 風速: 0.0 m/s, 風級: 0, 風向角度: 141.9, 風向: 東南
2025-07-07 09:12:31 - ModbusReader - INFO - 風速: 0.0 m/s, 風級: 0, 風向角度: 141.9, 風向: 東南
2025-07-07 09:13:01 - ModbusReader - INFO - 風速: 0.0 m/s, 風級: 0, 風向角度: 156.1, 風向: 南南東
2025-07-07 09:13:02 - ModbusReader - INFO - 風速: 0.0 m/s, 風級: 0, 風向角度: 154.2, 風向: 南南東
2025-07-07 09:13:33 - ModbusReader - INFO - 風速: 0.0 m/s, 風級: 0, 風向角度: 157.0, 風向: 南南東
2025-07-07 09:13:33 - ModbusReader - INFO - 風速: 0.0 m/s, 風級: 0, 風向角度: 157.0, 風向: 南南東
2025-07-07 09:14:04 - ModbusReader - INFO - 風速: 0.0 m/s, 風級: 0, 風向角度: 136.9, 風向: 東南
2025-07-07 09:14:04 - ModbusReader - INFO - 風速: 0.0 m/s, 風級: 0, 風向角度: 136.9, 風向: 東南
2025-07-07 09:14:35 - ModbusReader - INFO - 風速: 0.0 m/s, 風級: 0, 風向角度: 159.2, 風向: 南南東
2025-07-07 09:14:36 - ModbusReader - INFO - 風速: 0.0 m/s, 風級: 0, 風向角度: 159.2, 風向: 南南東
2025-07-07 09:15:06 - ModbusReader - INFO - 風速: 0.0 m/s, 風級: 0, 風向角度: 168.7, 風向: 南南東
2025-07-07 09:15:07 - ModbusReader - INFO - 風速: 0.0 m/s, 風級: 0, 風向角度: 168.7, 風向: 南南東
2025-07-07 09:15:36 - ModbusReader - INFO - 風速: 0.0 m/s, 風級: 0, 風向角度: 135.3, 風向: 東南
2025-07-07 09:15:36 - ModbusReader - INFO - 風速: 0.0 m/s, 風級: 0, 風向角度: 135.3, 風向: 東南
2025-07-07 09:16:07 - ModbusReader - INFO - 風速: 0.0 m/s, 風級: 0, 風向角度: 97.3, 風向: 東
2025-07-07 09:16:07 - ModbusReader - INFO - 風速: 0.0 m/s, 風級: 0, 風向角度: 97.3, 風向: 東
2025-07-07 09:16:38 - ModbusReader - INFO - 風速: 0.0 m/s, 風級: 0, 風向角度: 8.8, 風向: 北
2025-07-07 09:16:39 - ModbusReader - INFO - 風速: 0.0 m/s, 風級: 0, 風向角度: 8.8, 風向: 北
2025-07-07 09:17:09 - ModbusReader - INFO - 風速: 0.0 m/s, 風級: 0, 風向角度: 8.8, 風向: 北
2025-07-07 09:17:10 - ModbusReader - INFO - 風速: 0.0 m/s, 風級: 0, 風向角度: 8.8, 風向: 北
2025-07-07 09:17:40 - ModbusReader - INFO - 風速: 0.0 m/s, 風級: 0, 風向角度: 8.8, 風向: 北
2025-07-07 09:17:41 - ModbusReader - INFO - 風速: 0.0 m/s, 風級: 0, 風向角度: 8.8, 風向: 北
2025-07-07 09:18:12 - ModbusReader - INFO - 風速: 0.0 m/s, 風級: 0, 風向角度: 8.8, 風向: 北
2025-07-07 09:18:12 - ModbusReader - INFO - 風速: 0.0 m/s, 風級: 0, 風向角度: 8.8, 風向: 北
2025-07-07 09:18:43 - ModbusReader - INFO - 風速: 0.0 m/s, 風級: 0, 風向角度: 358.7, 風向: 北
2025-07-07 09:18:43 - ModbusReader - INFO - 風速: 0.0 m/s, 風級: 0, 風向角度: 358.7, 風向: 北
2025-07-07 09:19:14 - ModbusReader - INFO - 風速: 0.0 m/s, 風級: 0, 風向角度: 358.8, 風向: 北
2025-07-07 09:19:15 - ModbusReader - INFO - 風速: 0.0 m/s, 風級: 0, 風向角度: 358.8, 風向: 北
2025-07-07 09:19:45 - ModbusReader - INFO - 風速: 0.0 m/s, 風級: 0, 風向角度: 0.1, 風向: 北
2025-07-07 09:19:46 - ModbusReader - INFO - 風速: 0.0 m/s, 風級: 0, 風向角度: 0.1, 風向: 北
2025-07-07 09:20:16 - ModbusReader - INFO - 風速: 0.0 m/s, 風級: 0, 風向角度: 0.5, 風向: 北
2025-07-07 09:20:17 - ModbusReader - INFO - 風速: 0.0 m/s, 風級: 0, 風向角度: 0.5, 風向: 北
2025-07-07 09:20:48 - ModbusReader - INFO - 風速: 0.0 m/s, 風級: 0, 風向角度: 1.0, 風向: 北
2025-07-07 09:20:48 - ModbusReader - INFO - 風速: 0.0 m/s, 風級: 0, 風向角度: 1.0, 風向: 北
2025-07-07 09:21:19 - ModbusReader - INFO - 風速: 0.0 m/s, 風級: 0, 風向角度: 6.5, 風向: 北
2025-07-07 09:21:19 - ModbusReader - INFO - 風速: 0.0 m/s, 風級: 0, 風向角度: 6.5, 風向: 北
2025-07-07 09:21:50 - ModbusReader - INFO - 風速: 0.0 m/s, 風級: 0, 風向角度: 0.7, 風向: 北
2025-07-07 09:21:51 - ModbusReader - INFO - 風速: 0.0 m/s, 風級: 0, 風向角度: 0.7, 風向: 北
2025-07-07 09:22:21 - ModbusReader - INFO - 風速: 0.0 m/s, 風級: 0, 風向角度: 2.5, 風向: 北
2025-07-07 09:22:22 - ModbusReader - INFO - 風速: 0.0 m/s, 風級: 0, 風向角度: 2.5, 風向: 北
2025-07-07 09:22:52 - ModbusReader - INFO - 風速: 0.0 m/s, 風級: 0, 風向角度: 1.6, 風向: 北
2025-07-07 09:22:53 - ModbusReader - INFO - 風速: 0.0 m/s, 風級: 0, 風向角度: 1.6, 風向: 北
2025-07-07 09:23:24 - ModbusReader - INFO - 風速: 0.0 m/s, 風級: 0, 風向角度: 2.1, 風向: 北
2025-07-07 09:23:24 - ModbusReader - INFO - 風速: 0.0 m/s, 風級: 0, 風向角度: 2.1, 風向: 北
2025-07-07 09:23:55 - ModbusReader - INFO - 風速: 0.0 m/s, 風級: 0, 風向角度: 2.1, 風向: 北
2025-07-07 09:23:55 - ModbusReader - INFO - 風速: 0.0 m/s, 風級: 0, 風向角度: 2.1, 風向: 北
2025-07-07 09:24:26 - ModbusReader - INFO - 風速: 0.0 m/s, 風級: 0, 風向角度: 2.1, 風向: 北
2025-07-07 09:24:27 - ModbusReader - INFO - 風速: 0.0 m/s, 風級: 0, 風向角度: 2.1, 風向: 北
2025-07-07 09:24:57 - ModbusReader - INFO - 風速: 0.0 m/s, 風級: 0, 風向角度: 1.6, 風向: 北
2025-07-07 09:24:58 - ModbusReader - INFO - 風速: 0.0 m/s, 風級: 0, 風向角度: 1.6, 風向: 北
2025-07-07 09:25:28 - ModbusReader - INFO - 風速: 0.0 m/s, 風級: 0, 風向角度: 1.4, 風向: 北
2025-07-07 09:25:29 - ModbusReader - INFO - 風速: 0.0 m/s, 風級: 0, 風向角度: 1.4, 風向: 北
2025-07-07 09:26:00 - ModbusReader - INFO - 風速: 0.0 m/s, 風級: 0, 風向角度: 355.9, 風向: 北
2025-07-07 09:26:00 - ModbusReader - INFO - 風速: 0.0 m/s, 風級: 0, 風向角度: 355.9, 風向: 北
2025-07-07 09:26:31 - ModbusReader - INFO - 風速: 0.0 m/s, 風級: 0, 風向角度: 355.9, 風向: 北
2025-07-07 09:26:31 - ModbusReader - INFO - 風速: 0.0 m/s, 風級: 0, 風向角度: 355.9, 風向: 北
2025-07-07 09:27:02 - ModbusReader - INFO - 風速: 0.0 m/s, 風級: 0, 風向角度: 356.2, 風向: 北
2025-07-07 09:27:03 - ModbusReader - INFO - 風速: 0.0 m/s, 風級: 0, 風向角度: 356.2, 風向: 北
2025-07-07 09:27:33 - ModbusReader - INFO - 風速: 0.0 m/s, 風級: 0, 風向角度: 356.2, 風向: 北
2025-07-07 09:27:34 - ModbusReader - INFO - 風速: 0.0 m/s, 風級: 0, 風向角度: 356.1, 風向: 北
2025-07-07 09:28:04 - ModbusReader - INFO - 風速: 0.0 m/s, 風級: 0, 風向角度: 357.0, 風向: 北
2025-07-07 09:28:05 - ModbusReader - INFO - 風速: 0.0 m/s, 風級: 0, 風向角度: 357.0, 風向: 北
2025-07-07 09:28:36 - ModbusReader - INFO - 風速: 0.0 m/s, 風級: 0, 風向角度: 356.5, 風向: 北
2025-07-07 09:28:36 - ModbusReader - INFO - 風速: 0.0 m/s, 風級: 0, 風向角度: 356.5, 風向: 北
2025-07-07 09:29:07 - ModbusReader - INFO - 風速: 0.0 m/s, 風級: 0, 風向角度: 323.0, 風向: 西北
2025-07-07 09:29:07 - ModbusReader - INFO - 風速: 0.0 m/s, 風級: 0, 風向角度: 323.0, 風向: 西北
2025-07-07 09:29:38 - ModbusReader - INFO - 風速: 0.0 m/s, 風級: 0, 風向角度: 323.1, 風向: 西北
2025-07-07 09:29:39 - ModbusReader - INFO - 風速: 0.0 m/s, 風級: 0, 風向角度: 323.1, 風向: 西北
2025-07-07 09:30:09 - ModbusReader - INFO - 風速: 0.0 m/s, 風級: 0, 風向角度: 323.4, 風向: 西北
2025-07-07 09:30:10 - ModbusReader - INFO - 風速: 0.0 m/s, 風級: 0, 風向角度: 323.4, 風向: 西北
2025-07-07 09:30:40 - ModbusReader - INFO - 風速: 0.0 m/s, 風級: 0, 風向角度: 323.2, 風向: 西北
2025-07-07 09:30:41 - ModbusReader - INFO - 風速: 0.0 m/s, 風級: 0, 風向角度: 323.2, 風向: 西北
2025-07-07 09:31:12 - ModbusReader - INFO - 風速: 0.0 m/s, 風級: 0, 風向角度: 323.2, 風向: 西北
2025-07-07 09:31:12 - ModbusReader - INFO - 風速: 0.0 m/s, 風級: 0, 風向角度: 323.2, 風向: 西北
2025-07-07 09:31:43 - ModbusReader - INFO - 風速: 0.0 m/s, 風級: 0, 風向角度: 323.2, 風向: 西北
2025-07-07 09:31:43 - ModbusReader - INFO - 風速: 0.0 m/s, 風級: 0, 風向角度: 323.2, 風向: 西北
2025-07-07 09:32:14 - ModbusReader - INFO - 風速: 0.0 m/s, 風級: 0, 風向角度: 323.2, 風向: 西北
2025-07-07 09:32:15 - ModbusReader - INFO - 風速: 0.0 m/s, 風級: 0, 風向角度: 323.2, 風向: 西北
2025-07-07 09:32:45 - ModbusReader - INFO - 風速: 0.0 m/s, 風級: 0, 風向角度: 323.2, 風向: 西北
2025-07-07 09:32:46 - ModbusReader - INFO - 風速: 0.0 m/s, 風級: 0, 風向角度: 323.2, 風向: 西北
2025-07-07 09:33:16 - ModbusReader - INFO - 風速: 0.0 m/s, 風級: 0, 風向角度: 323.2, 風向: 西北
2025-07-07 09:33:17 - ModbusReader - INFO - 風速: 0.0 m/s, 風級: 0, 風向角度: 323.2, 風向: 西北
2025-07-07 09:33:48 - ModbusReader - INFO - 風速: 0.0 m/s, 風級: 0, 風向角度: 323.2, 風向: 西北
2025-07-07 09:33:48 - ModbusReader - INFO - 風速: 0.0 m/s, 風級: 0, 風向角度: 323.2, 風向: 西北
2025-07-07 09:34:19 - ModbusReader - INFO - 風速: 0.0 m/s, 風級: 0, 風向角度: 323.2, 風向: 西北
2025-07-07 09:34:19 - ModbusReader - INFO - 風速: 0.0 m/s, 風級: 0, 風向角度: 323.2, 風向: 西北
2025-07-07 09:34:50 - ModbusReader - INFO - 風速: 0.0 m/s, 風級: 0, 風向角度: 323.2, 風向: 西北
2025-07-07 09:34:51 - ModbusReader - INFO - 風速: 0.0 m/s, 風級: 0, 風向角度: 323.2, 風向: 西北
2025-07-07 09:35:21 - ModbusReader - INFO - 風速: 0.0 m/s, 風級: 0, 風向角度: 323.2, 風向: 西北
2025-07-07 09:35:22 - ModbusReader - INFO - 風速: 0.0 m/s, 風級: 0, 風向角度: 323.2, 風向: 西北
2025-07-07 09:35:52 - ModbusReader - INFO - 風速: 0.0 m/s, 風級: 0, 風向角度: 323.3, 風向: 西北
2025-07-07 09:35:53 - ModbusReader - INFO - 風速: 0.0 m/s, 風級: 0, 風向角度: 323.3, 風向: 西北
2025-07-07 09:36:24 - ModbusReader - INFO - 風速: 0.0 m/s, 風級: 0, 風向角度: 323.3, 風向: 西北
2025-07-07 09:36:24 - ModbusReader - INFO - 風速: 0.0 m/s, 風級: 0, 風向角度: 323.3, 風向: 西北
2025-07-07 09:36:55 - ModbusReader - INFO - 風速: 0.0 m/s, 風級: 0, 風向角度: 323.3, 風向: 西北
2025-07-07 09:36:55 - ModbusReader - INFO - 風速: 0.0 m/s, 風級: 0, 風向角度: 323.3, 風向: 西北
2025-07-07 09:37:26 - ModbusReader - INFO - 風速: 0.0 m/s, 風級: 0, 風向角度: 323.7, 風向: 西北
2025-07-07 09:37:27 - ModbusReader - INFO - 風速: 0.0 m/s, 風級: 0, 風向角度: 323.7, 風向: 西北
2025-07-07 09:37:57 - ModbusReader - INFO - 風速: 0.0 m/s, 風級: 0, 風向角度: 319.3, 風向: 西北
2025-07-07 09:37:58 - ModbusReader - INFO - 風速: 0.0 m/s, 風級: 0, 風向角度: 319.3, 風向: 西北
2025-07-07 09:38:28 - ModbusReader - INFO - 風速: 0.0 m/s, 風級: 0, 風向角度: 312.3, 風向: 西北
2025-07-07 09:38:29 - ModbusReader - INFO - 風速: 0.0 m/s, 風級: 0, 風向角度: 312.3, 風向: 西北
2025-07-07 09:39:00 - ModbusReader - INFO - 風速: 0.0 m/s, 風級: 0, 風向角度: 310.6, 風向: 西北
2025-07-07 09:39:00 - ModbusReader - INFO - 風速: 0.0 m/s, 風級: 0, 風向角度: 310.6, 風向: 西北
2025-07-07 09:39:31 - ModbusReader - INFO - 風速: 0.0 m/s, 風級: 0, 風向角度: 297.3, 風向: 西北西
2025-07-07 09:39:31 - ModbusReader - INFO - 風速: 0.0 m/s, 風級: 0, 風向角度: 297.3, 風向: 西北西
2025-07-07 09:40:02 - ModbusReader - INFO - 風速: 0.0 m/s, 風級: 0, 風向角度: 297.1, 風向: 西北西
2025-07-07 09:40:03 - ModbusReader - INFO - 風速: 0.0 m/s, 風級: 0, 風向角度: 297.1, 風向: 西北西
2025-07-07 09:40:33 - ModbusReader - INFO - 風速: 0.0 m/s, 風級: 0, 風向角度: 296.1, 風向: 西北西
2025-07-07 09:40:34 - ModbusReader - INFO - 風速: 0.0 m/s, 風級: 0, 風向角度: 296.1, 風向: 西北西
2025-07-07 09:41:04 - ModbusReader - INFO - 風速: 0.0 m/s, 風級: 0, 風向角度: 265.0, 風向: 西
2025-07-07 09:41:05 - ModbusReader - INFO - 風速: 0.0 m/s, 風級: 0, 風向角度: 265.0, 風向: 西
2025-07-07 09:41:36 - ModbusReader - INFO - 風速: 0.0 m/s, 風級: 0, 風向角度: 265.0, 風向: 西
2025-07-07 09:41:36 - ModbusReader - INFO - 風速: 0.0 m/s, 風級: 0, 風向角度: 265.0, 風向: 西
2025-07-07 09:42:07 - ModbusReader - INFO - 風速: 0.0 m/s, 風級: 0, 風向角度: 265.0, 風向: 西
2025-07-07 09:42:07 - ModbusReader - INFO - 風速: 0.0 m/s, 風級: 0, 風向角度: 264.7, 風向: 西
2025-07-07 09:42:38 - ModbusReader - INFO - 風速: 0.0 m/s, 風級: 0, 風向角度: 264.2, 風向: 西
2025-07-07 09:42:39 - ModbusReader - INFO - 風速: 0.0 m/s, 風級: 0, 風向角度: 264.2, 風向: 西
2025-07-07 09:43:09 - ModbusReader - INFO - 風速: 0.0 m/s, 風級: 0, 風向角度: 155.4, 風向: 南南東
2025-07-07 09:43:10 - ModbusReader - INFO - 風速: 0.0 m/s, 風級: 0, 風向角度: 155.4, 風向: 南南東
2025-07-07 09:43:40 - ModbusReader - INFO - 風速: 0.0 m/s, 風級: 0, 風向角度: 142.5, 風向: 東南
2025-07-07 09:43:41 - ModbusReader - INFO - 風速: 0.0 m/s, 風級: 0, 風向角度: 142.5, 風向: 東南
2025-07-07 09:44:12 - ModbusReader - INFO - 風速: 0.0 m/s, 風級: 0, 風向角度: 165.1, 風向: 南南東
2025-07-07 09:44:12 - ModbusReader - INFO - 風速: 0.0 m/s, 風級: 0, 風向角度: 165.1, 風向: 南南東
2025-07-07 09:44:43 - ModbusReader - INFO - 風速: 0.0 m/s, 風級: 0, 風向角度: 79.2, 風向: 東
2025-07-07 09:44:43 - ModbusReader - INFO - 風速: 0.0 m/s, 風級: 0, 風向角度: 79.2, 風向: 東
2025-07-07 09:45:14 - ModbusReader - INFO - 風速: 0.0 m/s, 風級: 0, 風向角度: 45.0, 風向: 東北
2025-07-07 09:45:15 - ModbusReader - INFO - 風速: 0.0 m/s, 風級: 0, 風向角度: 45.0, 風向: 東北
2025-07-07 09:45:45 - ModbusReader - INFO - 風速: 0.0 m/s, 風級: 0, 風向角度: 291.8, 風向: 西北西
2025-07-07 09:45:46 - ModbusReader - INFO - 風速: 0.0 m/s, 風級: 0, 風向角度: 291.8, 風向: 西北西
2025-07-07 09:46:16 - ModbusReader - INFO - 風速: 0.0 m/s, 風級: 0, 風向角度: 263.1, 風向: 西
2025-07-07 09:46:17 - ModbusReader - INFO - 風速: 0.0 m/s, 風級: 0, 風向角度: 263.1, 風向: 西
2025-07-07 09:46:48 - ModbusReader - INFO - 風速: 0.0 m/s, 風級: 0, 風向角度: 278.7, 風向: 西
2025-07-07 09:46:48 - ModbusReader - INFO - 風速: 0.0 m/s, 風級: 0, 風向角度: 278.7, 風向: 西
2025-07-07 09:47:19 - ModbusReader - INFO - 風速: 0.0 m/s, 風級: 0, 風向角度: 142.2, 風向: 東南
2025-07-07 09:47:19 - ModbusReader - INFO - 風速: 0.0 m/s, 風級: 0, 風向角度: 142.2, 風向: 東南
2025-07-07 09:47:50 - ModbusReader - INFO - 風速: 0.0 m/s, 風級: 0, 風向角度: 139.5, 風向: 東南
2025-07-07 09:47:51 - ModbusReader - INFO - 風速: 0.0 m/s, 風級: 0, 風向角度: 139.5, 風向: 東南
2025-07-07 09:48:21 - ModbusReader - INFO - 風速: 0.0 m/s, 風級: 0, 風向角度: 31.8, 風向: 北北東
2025-07-07 09:48:22 - ModbusReader - INFO - 風速: 0.0 m/s, 風級: 0, 風向角度: 31.8, 風向: 北北東
2025-07-07 09:48:52 - ModbusReader - INFO - 風速: 0.0 m/s, 風級: 0, 風向角度: 46.5, 風向: 東北
2025-07-07 09:48:53 - ModbusReader - INFO - 風速: 0.0 m/s, 風級: 0, 風向角度: 46.5, 風向: 東北
2025-07-07 09:49:24 - ModbusReader - INFO - 風速: 0.0 m/s, 風級: 0, 風向角度: 328.4, 風向: 北北西
2025-07-07 09:49:24 - ModbusReader - INFO - 風速: 0.0 m/s, 風級: 0, 風向角度: 325.2, 風向: 西北
2025-07-07 09:49:55 - ModbusReader - INFO - 風速: 0.0 m/s, 風級: 0, 風向角度: 126.7, 風向: 東南
2025-07-07 09:49:55 - ModbusReader - INFO - 風速: 0.0 m/s, 風級: 0, 風向角度: 126.7, 風向: 東南
2025-07-07 09:50:26 - ModbusReader - INFO - 風速: 0.0 m/s, 風級: 0, 風向角度: 170.6, 風向: 南
2025-07-07 09:50:27 - ModbusReader - INFO - 風速: 0.0 m/s, 風級: 0, 風向角度: 170.6, 風向: 南
2025-07-07 09:50:57 - ModbusReader - INFO - 風速: 0.0 m/s, 風級: 0, 風向角度: 324.8, 風向: 西北
2025-07-07 09:50:58 - ModbusReader - INFO - 風速: 0.0 m/s, 風級: 0, 風向角度: 324.8, 風向: 西北
2025-07-07 09:51:28 - ModbusReader - INFO - 風速: 0.0 m/s, 風級: 0, 風向角度: 330.6, 風向: 北北西
2025-07-07 09:51:29 - ModbusReader - INFO - 風速: 0.0 m/s, 風級: 0, 風向角度: 330.6, 風向: 北北西
2025-07-07 09:52:00 - ModbusReader - INFO - 風速: 0.0 m/s, 風級: 0, 風向角度: 289.8, 風向: 西北西
2025-07-07 09:52:00 - ModbusReader - INFO - 風速: 0.0 m/s, 風級: 0, 風向角度: 289.8, 風向: 西北西
2025-07-07 09:52:31 - ModbusReader - INFO - 風速: 0.0 m/s, 風級: 0, 風向角度: 153.3, 風向: 南南東
2025-07-07 09:52:31 - ModbusReader - INFO - 風速: 0.0 m/s, 風級: 0, 風向角度: 153.3, 風向: 南南東
2025-07-07 09:53:02 - ModbusReader - INFO - 風速: 0.0 m/s, 風級: 0, 風向角度: 115.7, 風向: 東南東
2025-07-07 09:53:03 - ModbusReader - INFO - 風速: 0.0 m/s, 風級: 0, 風向角度: 115.7, 風向: 東南東
2025-07-07 09:53:33 - ModbusReader - INFO - 風速: 0.0 m/s, 風級: 0, 風向角度: 321.8, 風向: 西北
2025-07-07 09:53:34 - ModbusReader - INFO - 風速: 0.0 m/s, 風級: 0, 風向角度: 321.8, 風向: 西北
2025-07-07 09:54:04 - ModbusReader - INFO - 風速: 0.0 m/s, 風級: 0, 風向角度: 0.8, 風向: 北
2025-07-07 09:54:05 - ModbusReader - INFO - 風速: 0.0 m/s, 風級: 0, 風向角度: 0.8, 風向: 北
2025-07-07 09:54:36 - ModbusReader - INFO - 風速: 0.0 m/s, 風級: 0, 風向角度: 328.2, 風向: 北北西
2025-07-07 09:54:36 - ModbusReader - INFO - 風速: 0.0 m/s, 風級: 0, 風向角度: 328.2, 風向: 北北西
2025-07-07 09:55:07 - ModbusReader - INFO - 風速: 0.0 m/s, 風級: 0, 風向角度: 18.4, 風向: 北北東
2025-07-07 09:55:07 - ModbusReader - INFO - 風速: 0.0 m/s, 風級: 0, 風向角度: 18.4, 風向: 北北東
2025-07-07 09:55:38 - ModbusReader - INFO - 風速: 0.0 m/s, 風級: 0, 風向角度: 315.5, 風向: 西北
2025-07-07 09:55:39 - ModbusReader - INFO - 風速: 0.0 m/s, 風級: 0, 風向角度: 315.5, 風向: 西北
2025-07-07 09:56:09 - ModbusReader - INFO - 風速: 0.0 m/s, 風級: 0, 風向角度: 74.8, 風向: 東北東
2025-07-07 09:56:10 - ModbusReader - INFO - 風速: 0.0 m/s, 風級: 0, 風向角度: 74.8, 風向: 東北東
2025-07-07 09:56:40 - ModbusReader - INFO - 風速: 0.0 m/s, 風級: 0, 風向角度: 131.4, 風向: 東南
2025-07-07 09:56:41 - ModbusReader - INFO - 風速: 0.0 m/s, 風級: 0, 風向角度: 128.3, 風向: 東南
2025-07-07 09:57:12 - ModbusReader - INFO - 風速: 0.0 m/s, 風級: 0, 風向角度: 112.3, 風向: 東南東
2025-07-07 09:57:12 - ModbusReader - INFO - 風速: 0.0 m/s, 風級: 0, 風向角度: 112.3, 風向: 東南東
2025-07-07 09:57:43 - ModbusReader - INFO - 風速: 0.0 m/s, 風級: 0, 風向角度: 23.0, 風向: 北北東
2025-07-07 09:57:43 - ModbusReader - INFO - 風速: 0.0 m/s, 風級: 0, 風向角度: 23.0, 風向: 北北東
2025-07-07 09:58:14 - ModbusReader - INFO - 風速: 0.0 m/s, 風級: 0, 風向角度: 203.9, 風向: 南南西
2025-07-07 09:58:15 - ModbusReader - INFO - 風速: 0.0 m/s, 風級: 0, 風向角度: 203.9, 風向: 南南西
2025-07-07 09:58:45 - ModbusReader - INFO - 風速: 0.0 m/s, 風級: 0, 風向角度: 0.9, 風向: 北
2025-07-07 09:58:46 - ModbusReader - INFO - 風速: 0.0 m/s, 風級: 0, 風向角度: 0.9, 風向: 北
2025-07-07 09:59:16 - ModbusReader - INFO - 風速: 0.0 m/s, 風級: 0, 風向角度: 87.4, 風向: 東
2025-07-07 09:59:17 - ModbusReader - INFO - 風速: 0.0 m/s, 風級: 0, 風向角度: 87.4, 風向: 東
2025-07-07 09:59:48 - ModbusReader - INFO - 風速: 0.0 m/s, 風級: 0, 風向角度: 155.4, 風向: 南南東
2025-07-07 09:59:48 - ModbusReader - INFO - 風速: 0.0 m/s, 風級: 0, 風向角度: 155.4, 風向: 南南東
2025-07-07 10:00:19 - ModbusReader - INFO - 風速: 0.0 m/s, 風級: 0, 風向角度: 149.6, 風向: 南南東
2025-07-07 10:00:19 - ModbusReader - INFO - 風速: 0.0 m/s, 風級: 0, 風向角度: 149.6, 風向: 南南東
2025-07-07 10:00:50 - ModbusReader - INFO - 風速: 0.0 m/s, 風級: 0, 風向角度: 338.5, 風向: 北北西
2025-07-07 10:00:51 - ModbusReader - INFO - 風速: 0.0 m/s, 風級: 0, 風向角度: 338.5, 風向: 北北西
2025-07-07 10:01:21 - ModbusReader - INFO - 風速: 0.0 m/s, 風級: 0, 風向角度: 284.4, 風向: 西北西
2025-07-07 10:01:22 - ModbusReader - INFO - 風速: 0.0 m/s, 風級: 0, 風向角度: 284.4, 風向: 西北西
2025-07-07 10:01:52 - ModbusReader - INFO - 風速: 0.0 m/s, 風級: 0, 風向角度: 359.1, 風向: 北
2025-07-07 10:01:53 - ModbusReader - INFO - 風速: 0.0 m/s, 風級: 0, 風向角度: 359.1, 風向: 北
2025-07-07 10:02:24 - ModbusReader - INFO - 風速: 0.0 m/s, 風級: 0, 風向角度: 318.2, 風向: 西北
2025-07-07 10:02:24 - ModbusReader - INFO - 風速: 0.0 m/s, 風級: 0, 風向角度: 318.2, 風向: 西北
2025-07-07 10:02:55 - ModbusReader - INFO - 風速: 0.0 m/s, 風級: 0, 風向角度: 350.8, 風向: 北
2025-07-07 10:02:55 - ModbusReader - INFO - 風速: 0.0 m/s, 風級: 0, 風向角度: 350.8, 風向: 北
2025-07-07 10:03:26 - ModbusReader - INFO - 風速: 0.0 m/s, 風級: 0, 風向角度: 186.1, 風向: 南
2025-07-07 10:03:27 - ModbusReader - INFO - 風速: 0.0 m/s, 風級: 0, 風向角度: 186.1, 風向: 南
2025-07-07 10:03:57 - ModbusReader - INFO - 風速: 0.0 m/s, 風級: 0, 風向角度: 0.1, 風向: 北
2025-07-07 10:03:58 - ModbusReader - INFO - 風速: 0.0 m/s, 風級: 0, 風向角度: 0.1, 風向: 北
2025-07-07 10:04:28 - ModbusReader - INFO - 風速: 0.0 m/s, 風級: 0, 風向角度: 316.4, 風向: 西北
2025-07-07 10:04:29 - ModbusReader - INFO - 風速: 0.0 m/s, 風級: 0, 風向角度: 316.4, 風向: 西北
2025-07-07 10:05:00 - ModbusReader - INFO - 風速: 0.0 m/s, 風級: 0, 風向角度: 304.9, 風向: 西北
2025-07-07 10:05:00 - ModbusReader - INFO - 風速: 0.0 m/s, 風級: 0, 風向角度: 304.9, 風向: 西北
2025-07-07 10:05:31 - ModbusReader - INFO - 風速: 0.0 m/s, 風級: 0, 風向角度: 1.0, 風向: 北
2025-07-07 10:05:31 - ModbusReader - INFO - 風速: 0.0 m/s, 風級: 0, 風向角度: 1.0, 風向: 北
2025-07-07 10:06:02 - ModbusReader - INFO - 風速: 0.0 m/s, 風級: 0, 風向角度: 306.3, 風向: 西北
2025-07-07 10:06:03 - ModbusReader - INFO - 風速: 0.0 m/s, 風級: 0, 風向角度: 306.3, 風向: 西北
2025-07-07 10:06:33 - ModbusReader - INFO - 風速: 0.0 m/s, 風級: 0, 風向角度: 54.7, 風向: 東北
2025-07-07 10:06:34 - ModbusReader - INFO - 風速: 0.0 m/s, 風級: 0, 風向角度: 54.7, 風向: 東北
2025-07-07 10:07:04 - ModbusReader - INFO - 風速: 0.0 m/s, 風級: 0, 風向角度: 160.3, 風向: 南南東
2025-07-07 10:07:05 - ModbusReader - INFO - 風速: 0.0 m/s, 風級: 0, 風向角度: 160.3, 風向: 南南東
2025-07-07 10:07:36 - ModbusReader - INFO - 風速: 0.0 m/s, 風級: 0, 風向角度: 164.7, 風向: 南南東
2025-07-07 10:07:36 - ModbusReader - INFO - 風速: 0.0 m/s, 風級: 0, 風向角度: 164.7, 風向: 南南東
2025-07-07 10:08:07 - ModbusReader - INFO - 風速: 0.0 m/s, 風級: 0, 風向角度: 355.6, 風向: 北
2025-07-07 10:08:07 - ModbusReader - INFO - 風速: 0.0 m/s, 風級: 0, 風向角度: 355.6, 風向: 北
2025-07-07 10:08:38 - ModbusReader - INFO - 風速: 0.0 m/s, 風級: 0, 風向角度: 243.4, 風向: 西南西
2025-07-07 10:08:39 - ModbusReader - INFO - 風速: 0.0 m/s, 風級: 0, 風向角度: 243.4, 風向: 西南西
2025-07-07 10:09:09 - ModbusReader - INFO - 風速: 0.0 m/s, 風級: 0, 風向角度: 319.3, 風向: 西北
2025-07-07 10:09:10 - ModbusReader - INFO - 風速: 0.0 m/s, 風級: 0, 風向角度: 319.3, 風向: 西北
2025-07-07 10:09:40 - ModbusReader - INFO - 風速: 0.0 m/s, 風級: 0, 風向角度: 113.9, 風向: 東南東
2025-07-07 10:09:41 - ModbusReader - INFO - 風速: 0.0 m/s, 風級: 0, 風向角度: 113.9, 風向: 東南東
2025-07-07 10:10:12 - ModbusReader - INFO - 風速: 0.0 m/s, 風級: 0, 風向角度: 190.8, 風向: 南
2025-07-07 10:10:12 - ModbusReader - INFO - 風速: 0.0 m/s, 風級: 0, 風向角度: 190.8, 風向: 南
2025-07-07 10:10:43 - ModbusReader - INFO - 風速: 0.0 m/s, 風級: 0, 風向角度: 317.1, 風向: 西北
2025-07-07 10:10:43 - ModbusReader - INFO - 風速: 0.0 m/s, 風級: 0, 風向角度: 317.1, 風向: 西北
2025-07-07 10:11:14 - ModbusReader - INFO - 風速: 0.0 m/s, 風級: 0, 風向角度: 37.4, 風向: 東北
2025-07-07 10:11:15 - ModbusReader - INFO - 風速: 0.0 m/s, 風級: 0, 風向角度: 263.3, 風向: 西
2025-07-07 10:11:45 - ModbusReader - INFO - 風速: 0.0 m/s, 風級: 0, 風向角度: 282.9, 風向: 西北西
2025-07-07 10:11:46 - ModbusReader - INFO - 風速: 0.0 m/s, 風級: 0, 風向角度: 282.9, 風向: 西北西
2025-07-07 10:12:16 - ModbusReader - INFO - 風速: 0.0 m/s, 風級: 0, 風向角度: 97.1, 風向: 東
2025-07-07 10:12:17 - ModbusReader - INFO - 風速: 0.0 m/s, 風級: 0, 風向角度: 97.1, 風向: 東
2025-07-07 10:12:48 - ModbusReader - INFO - 風速: 0.0 m/s, 風級: 0, 風向角度: 128.0, 風向: 東南
2025-07-07 10:12:48 - ModbusReader - INFO - 風速: 0.0 m/s, 風級: 0, 風向角度: 128.0, 風向: 東南
2025-07-07 10:13:19 - ModbusReader - INFO - 風速: 0.0 m/s, 風級: 0, 風向角度: 138.0, 風向: 東南
2025-07-07 10:13:19 - ModbusReader - INFO - 風速: 0.0 m/s, 風級: 0, 風向角度: 138.0, 風向: 東南
2025-07-07 10:13:50 - ModbusReader - INFO - 風速: 0.0 m/s, 風級: 0, 風向角度: 285.9, 風向: 西北西
2025-07-07 10:13:51 - ModbusReader - INFO - 風速: 0.0 m/s, 風級: 0, 風向角度: 285.9, 風向: 西北西
2025-07-07 10:14:21 - ModbusReader - INFO - 風速: 0.0 m/s, 風級: 0, 風向角度: 311.5, 風向: 西北
2025-07-07 10:14:22 - ModbusReader - INFO - 風速: 0.0 m/s, 風級: 0, 風向角度: 311.5, 風向: 西北
2025-07-07 10:14:52 - ModbusReader - INFO - 風速: 0.0 m/s, 風級: 0, 風向角度: 80.1, 風向: 東
2025-07-07 10:14:53 - ModbusReader - INFO - 風速: 0.0 m/s, 風級: 0, 風向角度: 80.1, 風向: 東
2025-07-07 10:15:24 - ModbusReader - INFO - 風速: 0.0 m/s, 風級: 0, 風向角度: 137.9, 風向: 東南
2025-07-07 10:15:24 - ModbusReader - INFO - 風速: 0.0 m/s, 風級: 0, 風向角度: 137.9, 風向: 東南
2025-07-07 10:15:55 - ModbusReader - INFO - 風速: 0.0 m/s, 風級: 0, 風向角度: 154.8, 風向: 南南東
2025-07-07 10:15:55 - ModbusReader - INFO - 風速: 0.0 m/s, 風級: 0, 風向角度: 154.8, 風向: 南南東
2025-07-07 10:16:26 - ModbusReader - INFO - 風速: 0.0 m/s, 風級: 0, 風向角度: 56.6, 風向: 東北東
2025-07-07 10:16:27 - ModbusReader - INFO - 風速: 0.0 m/s, 風級: 0, 風向角度: 56.6, 風向: 東北東
2025-07-07 10:16:57 - ModbusReader - INFO - 風速: 0.0 m/s, 風級: 0, 風向角度: 299.7, 風向: 西北西
2025-07-07 10:16:58 - ModbusReader - INFO - 風速: 0.0 m/s, 風級: 0, 風向角度: 299.7, 風向: 西北西
2025-07-07 10:17:28 - ModbusReader - INFO - 風速: 0.0 m/s, 風級: 0, 風向角度: 135.4, 風向: 東南
2025-07-07 10:17:29 - ModbusReader - INFO - 風速: 0.0 m/s, 風級: 0, 風向角度: 135.4, 風向: 東南
2025-07-07 10:18:00 - ModbusReader - INFO - 風速: 0.0 m/s, 風級: 0, 風向角度: 85.6, 風向: 東
2025-07-07 10:18:00 - ModbusReader - INFO - 風速: 0.0 m/s, 風級: 0, 風向角度: 85.6, 風向: 東
2025-07-07 10:18:31 - ModbusReader - INFO - 風速: 0.0 m/s, 風級: 0, 風向角度: 134.8, 風向: 東南
2025-07-07 10:18:31 - ModbusReader - INFO - 風速: 0.0 m/s, 風級: 0, 風向角度: 134.8, 風向: 東南
2025-07-07 10:19:02 - ModbusReader - INFO - 風速: 0.0 m/s, 風級: 0, 風向角度: 2.1, 風向: 北
2025-07-07 10:19:03 - ModbusReader - INFO - 風速: 0.0 m/s, 風級: 0, 風向角度: 2.1, 風向: 北
2025-07-07 10:19:33 - ModbusReader - INFO - 風速: 0.0 m/s, 風級: 0, 風向角度: 149.5, 風向: 南南東
2025-07-07 10:19:34 - ModbusReader - INFO - 風速: 0.0 m/s, 風級: 0, 風向角度: 149.5, 風向: 南南東
2025-07-07 10:20:04 - ModbusReader - INFO - 風速: 0.0 m/s, 風級: 0, 風向角度: 146.8, 風向: 南南東
2025-07-07 10:20:05 - ModbusReader - INFO - 風速: 0.0 m/s, 風級: 0, 風向角度: 146.8, 風向: 南南東
2025-07-07 10:20:36 - ModbusReader - INFO - 風速: 0.0 m/s, 風級: 0, 風向角度: 135.9, 風向: 東南
2025-07-07 10:20:36 - ModbusReader - INFO - 風速: 0.0 m/s, 風級: 0, 風向角度: 135.9, 風向: 東南
2025-07-07 10:21:07 - ModbusReader - INFO - 風速: 0.0 m/s, 風級: 0, 風向角度: 154.1, 風向: 南南東
2025-07-07 10:21:07 - ModbusReader - INFO - 風速: 0.0 m/s, 風級: 0, 風向角度: 154.1, 風向: 南南東
2025-07-07 10:21:38 - ModbusReader - INFO - 風速: 0.0 m/s, 風級: 0, 風向角度: 107.9, 風向: 東南東
2025-07-07 10:21:39 - ModbusReader - INFO - 風速: 0.0 m/s, 風級: 0, 風向角度: 107.9, 風向: 東南東
2025-07-07 10:22:09 - ModbusReader - INFO - 風速: 0.0 m/s, 風級: 0, 風向角度: 70.6, 風向: 東北東
2025-07-07 10:22:10 - ModbusReader - INFO - 風速: 0.0 m/s, 風級: 0, 風向角度: 70.6, 風向: 東北東
2025-07-07 10:22:40 - ModbusReader - INFO - 風速: 0.0 m/s, 風級: 0, 風向角度: 161.6, 風向: 南南東
2025-07-07 10:22:41 - ModbusReader - INFO - 風速: 0.0 m/s, 風級: 0, 風向角度: 161.6, 風向: 南南東
2025-07-07 10:23:12 - ModbusReader - INFO - 風速: 0.0 m/s, 風級: 0, 風向角度: 193.9, 風向: 南南西
2025-07-07 10:23:12 - ModbusReader - INFO - 風速: 0.0 m/s, 風級: 0, 風向角度: 193.9, 風向: 南南西
2025-07-07 10:23:43 - ModbusReader - INFO - 風速: 0.0 m/s, 風級: 0, 風向角度: 127.1, 風向: 東南
2025-07-07 10:23:43 - ModbusReader - INFO - 風速: 0.0 m/s, 風級: 0, 風向角度: 127.1, 風向: 東南
2025-07-07 10:24:14 - ModbusReader - INFO - 風速: 0.0 m/s, 風級: 0, 風向角度: 119.8, 風向: 東南東
2025-07-07 10:24:15 - ModbusReader - INFO - 風速: 0.0 m/s, 風級: 0, 風向角度: 119.8, 風向: 東南東
2025-07-07 10:24:45 - ModbusReader - INFO - 風速: 0.0 m/s, 風級: 0, 風向角度: 147.6, 風向: 南南東
2025-07-07 10:24:46 - ModbusReader - INFO - 風速: 0.0 m/s, 風級: 0, 風向角度: 147.6, 風向: 南南東
2025-07-07 10:25:16 - ModbusReader - INFO - 風速: 0.0 m/s, 風級: 0, 風向角度: 140.4, 風向: 東南
2025-07-07 10:25:17 - ModbusReader - INFO - 風速: 0.0 m/s, 風級: 0, 風向角度: 140.4, 風向: 東南
2025-07-07 10:25:48 - ModbusReader - INFO - 風速: 0.0 m/s, 風級: 0, 風向角度: 114.1, 風向: 東南東
2025-07-07 10:25:48 - ModbusReader - INFO - 風速: 0.0 m/s, 風級: 0, 風向角度: 161.2, 風向: 南南東
2025-07-07 10:26:19 - ModbusReader - INFO - 風速: 0.0 m/s, 風級: 0, 風向角度: 178.5, 風向: 南
2025-07-07 10:26:19 - ModbusReader - INFO - 風速: 0.0 m/s, 風級: 0, 風向角度: 178.5, 風向: 南
2025-07-07 10:26:50 - ModbusReader - INFO - 風速: 0.0 m/s, 風級: 0, 風向角度: 102.1, 風向: 東南東
2025-07-07 10:26:51 - ModbusReader - INFO - 風速: 0.0 m/s, 風級: 0, 風向角度: 102.1, 風向: 東南東
2025-07-07 10:27:21 - ModbusReader - INFO - 風速: 0.0 m/s, 風級: 0, 風向角度: 251.2, 風向: 西南西
2025-07-07 10:27:22 - ModbusReader - INFO - 風速: 0.0 m/s, 風級: 0, 風向角度: 251.2, 風向: 西南西
2025-07-07 10:27:52 - ModbusReader - INFO - 風速: 0.0 m/s, 風級: 0, 風向角度: 194.3, 風向: 南南西
2025-07-07 10:27:53 - ModbusReader - INFO - 風速: 0.0 m/s, 風級: 0, 風向角度: 194.3, 風向: 南南西
2025-07-07 10:28:24 - ModbusReader - INFO - 風速: 0.0 m/s, 風級: 0, 風向角度: 96.1, 風向: 東
2025-07-07 10:28:24 - ModbusReader - INFO - 風速: 0.0 m/s, 風級: 0, 風向角度: 96.1, 風向: 東
2025-07-07 10:28:55 - ModbusReader - INFO - 風速: 0.0 m/s, 風級: 0, 風向角度: 114.2, 風向: 東南東
2025-07-07 10:28:55 - ModbusReader - INFO - 風速: 0.0 m/s, 風級: 0, 風向角度: 114.2, 風向: 東南東
2025-07-07 10:29:26 - ModbusReader - INFO - 風速: 0.0 m/s, 風級: 0, 風向角度: 204.4, 風向: 南南西
2025-07-07 10:29:27 - ModbusReader - INFO - 風速: 0.0 m/s, 風級: 0, 風向角度: 204.4, 風向: 南南西
2025-07-07 10:29:57 - ModbusReader - INFO - 風速: 0.0 m/s, 風級: 0, 風向角度: 192.1, 風向: 南南西
2025-07-07 10:29:58 - ModbusReader - INFO - 風速: 0.0 m/s, 風級: 0, 風向角度: 192.1, 風向: 南南西
2025-07-07 10:30:28 - ModbusReader - INFO - 風速: 0.0 m/s, 風級: 0, 風向角度: 148.8, 風向: 南南東
2025-07-07 10:30:29 - ModbusReader - INFO - 風速: 0.0 m/s, 風級: 0, 風向角度: 148.8, 風向: 南南東
2025-07-07 10:31:00 - ModbusReader - INFO - 風速: 0.0 m/s, 風級: 0, 風向角度: 154.6, 風向: 南南東
2025-07-07 10:31:00 - ModbusReader - INFO - 風速: 0.0 m/s, 風級: 0, 風向角度: 154.6, 風向: 南南東
2025-07-07 10:31:31 - ModbusReader - INFO - 風速: 0.0 m/s, 風級: 0, 風向角度: 169.3, 風向: 南
2025-07-07 10:31:31 - ModbusReader - INFO - 風速: 0.0 m/s, 風級: 0, 風向角度: 169.3, 風向: 南
2025-07-07 10:32:02 - ModbusReader - INFO - 風速: 0.0 m/s, 風級: 0, 風向角度: 315.8, 風向: 西北
2025-07-07 10:32:03 - ModbusReader - INFO - 風速: 0.0 m/s, 風級: 0, 風向角度: 315.8, 風向: 西北
2025-07-07 10:32:33 - ModbusReader - INFO - 風速: 0.0 m/s, 風級: 0, 風向角度: 177.1, 風向: 南
2025-07-07 10:32:34 - ModbusReader - INFO - 風速: 0.0 m/s, 風級: 0, 風向角度: 177.1, 風向: 南
2025-07-07 10:33:04 - ModbusReader - INFO - 風速: 0.0 m/s, 風級: 0, 風向角度: 131.4, 風向: 東南
2025-07-07 10:33:05 - ModbusReader - INFO - 風速: 0.0 m/s, 風級: 0, 風向角度: 131.4, 風向: 東南
2025-07-07 10:33:36 - ModbusReader - INFO - 風速: 0.0 m/s, 風級: 0, 風向角度: 58.1, 風向: 東北東
2025-07-07 10:33:36 - ModbusReader - INFO - 風速: 0.0 m/s, 風級: 0, 風向角度: 58.1, 風向: 東北東
2025-07-07 10:34:07 - ModbusReader - INFO - 風速: 0.0 m/s, 風級: 0, 風向角度: 199.6, 風向: 南南西
2025-07-07 10:34:07 - ModbusReader - INFO - 風速: 0.0 m/s, 風級: 0, 風向角度: 199.6, 風向: 南南西
2025-07-07 10:34:38 - ModbusReader - INFO - 風速: 0.0 m/s, 風級: 0, 風向角度: 144.0, 風向: 東南
2025-07-07 10:34:39 - ModbusReader - INFO - 風速: 0.0 m/s, 風級: 0, 風向角度: 144.0, 風向: 東南
2025-07-07 10:35:09 - ModbusReader - INFO - 風速: 0.7 m/s, 風級: 1, 風向角度: 144.0, 風向: 東南
2025-07-07 10:35:10 - ModbusReader - INFO - 風速: 0.7 m/s, 風級: 1, 風向角度: 144.0, 風向: 東南
2025-07-07 10:35:40 - ModbusReader - INFO - 風速: 0.8 m/s, 風級: 1, 風向角度: 142.8, 風向: 東南
2025-07-07 10:35:41 - ModbusReader - INFO - 風速: 0.8 m/s, 風級: 1, 風向角度: 142.8, 風向: 東南
2025-07-07 10:36:12 - ModbusReader - INFO - 風速: 0.7 m/s, 風級: 1, 風向角度: 159.9, 風向: 南南東
2025-07-07 10:36:12 - ModbusReader - INFO - 風速: 0.7 m/s, 風級: 1, 風向角度: 159.9, 風向: 南南東
2025-07-07 10:36:43 - ModbusReader - INFO - 風速: 0.6 m/s, 風級: 1, 風向角度: 149.3, 風向: 南南東
2025-07-07 10:36:43 - ModbusReader - INFO - 風速: 0.6 m/s, 風級: 1, 風向角度: 149.3, 風向: 南南東
2025-07-07 10:37:14 - ModbusReader - INFO - 風速: 0.0 m/s, 風級: 0, 風向角度: 132.2, 風向: 東南
2025-07-07 10:37:15 - ModbusReader - INFO - 風速: 0.0 m/s, 風級: 0, 風向角度: 132.2, 風向: 東南
2025-07-07 10:37:45 - ModbusReader - INFO - 風速: 0.0 m/s, 風級: 0, 風向角度: 16.5, 風向: 北北東
2025-07-07 10:37:46 - ModbusReader - INFO - 風速: 0.0 m/s, 風級: 0, 風向角度: 16.5, 風向: 北北東
2025-07-07 10:38:16 - ModbusReader - INFO - 風速: 0.0 m/s, 風級: 0, 風向角度: 122.9, 風向: 東南東
2025-07-07 10:38:17 - ModbusReader - INFO - 風速: 0.0 m/s, 風級: 0, 風向角度: 122.9, 風向: 東南東
2025-07-07 10:38:48 - ModbusReader - INFO - 風速: 0.0 m/s, 風級: 0, 風向角度: 355.0, 風向: 北
2025-07-07 10:38:48 - ModbusReader - INFO - 風速: 0.0 m/s, 風級: 0, 風向角度: 355.0, 風向: 北
2025-07-07 10:39:19 - ModbusReader - INFO - 風速: 0.0 m/s, 風級: 0, 風向角度: 153.1, 風向: 南南東
2025-07-07 10:39:19 - ModbusReader - INFO - 風速: 0.0 m/s, 風級: 0, 風向角度: 153.1, 風向: 南南東
2025-07-07 10:39:50 - ModbusReader - INFO - 風速: 0.0 m/s, 風級: 0, 風向角度: 133.7, 風向: 東南
2025-07-07 10:39:51 - ModbusReader - INFO - 風速: 0.0 m/s, 風級: 0, 風向角度: 133.7, 風向: 東南
2025-07-07 10:40:21 - ModbusReader - INFO - 風速: 0.0 m/s, 風級: 0, 風向角度: 151.8, 風向: 南南東
2025-07-07 10:40:22 - ModbusReader - INFO - 風速: 0.0 m/s, 風級: 0, 風向角度: 159.1, 風向: 南南東
2025-07-07 10:40:52 - ModbusReader - INFO - 風速: 0.0 m/s, 風級: 0, 風向角度: 146.0, 風向: 東南
2025-07-07 10:40:53 - ModbusReader - INFO - 風速: 0.0 m/s, 風級: 0, 風向角度: 146.0, 風向: 東南
2025-07-07 10:41:24 - ModbusReader - INFO - 風速: 0.0 m/s, 風級: 0, 風向角度: 197.2, 風向: 南南西
2025-07-07 10:41:24 - ModbusReader - INFO - 風速: 0.0 m/s, 風級: 0, 風向角度: 197.2, 風向: 南南西
2025-07-07 10:41:55 - ModbusReader - INFO - 風速: 0.0 m/s, 風級: 0, 風向角度: 102.0, 風向: 東南東
2025-07-07 10:41:55 - ModbusReader - INFO - 風速: 0.0 m/s, 風級: 0, 風向角度: 102.0, 風向: 東南東
2025-07-07 10:42:26 - ModbusReader - INFO - 風速: 0.0 m/s, 風級: 0, 風向角度: 111.1, 風向: 東南東
2025-07-07 10:42:27 - ModbusReader - INFO - 風速: 0.0 m/s, 風級: 0, 風向角度: 111.1, 風向: 東南東
2025-07-07 10:42:57 - ModbusReader - INFO - 風速: 0.0 m/s, 風級: 0, 風向角度: 143.2, 風向: 東南
2025-07-07 10:42:58 - ModbusReader - INFO - 風速: 0.0 m/s, 風級: 0, 風向角度: 143.2, 風向: 東南
2025-07-07 10:43:28 - ModbusReader - INFO - 風速: 0.0 m/s, 風級: 0, 風向角度: 99.8, 風向: 東
2025-07-07 10:43:29 - ModbusReader - INFO - 風速: 0.0 m/s, 風級: 0, 風向角度: 99.8, 風向: 東
2025-07-07 10:44:00 - ModbusReader - INFO - 風速: 0.0 m/s, 風級: 0, 風向角度: 245.6, 風向: 西南西
2025-07-07 10:44:00 - ModbusReader - INFO - 風速: 0.0 m/s, 風級: 0, 風向角度: 245.6, 風向: 西南西
2025-07-07 10:44:31 - ModbusReader - INFO - 風速: 0.0 m/s, 風級: 0, 風向角度: 237.4, 風向: 西南西
2025-07-07 10:44:31 - ModbusReader - INFO - 風速: 0.0 m/s, 風級: 0, 風向角度: 237.4, 風向: 西南西
2025-07-07 10:45:02 - ModbusReader - INFO - 風速: 0.0 m/s, 風級: 0, 風向角度: 184.4, 風向: 南
2025-07-07 10:45:03 - ModbusReader - INFO - 風速: 0.0 m/s, 風級: 0, 風向角度: 184.4, 風向: 南
2025-07-07 10:45:33 - ModbusReader - INFO - 風速: 0.0 m/s, 風級: 0, 風向角度: 137.2, 風向: 東南
2025-07-07 10:45:34 - ModbusReader - INFO - 風速: 0.0 m/s, 風級: 0, 風向角度: 137.2, 風向: 東南
2025-07-07 10:46:04 - ModbusReader - INFO - 風速: 0.0 m/s, 風級: 0, 風向角度: 27.3, 風向: 北北東
2025-07-07 10:46:05 - ModbusReader - INFO - 風速: 0.0 m/s, 風級: 0, 風向角度: 27.3, 風向: 北北東
2025-07-07 10:46:36 - ModbusReader - INFO - 風速: 0.0 m/s, 風級: 0, 風向角度: 41.2, 風向: 東北
2025-07-07 10:46:36 - ModbusReader - INFO - 風速: 0.0 m/s, 風級: 0, 風向角度: 41.2, 風向: 東北
2025-07-07 10:47:07 - ModbusReader - INFO - 風速: 0.0 m/s, 風級: 0, 風向角度: 89.0, 風向: 東
2025-07-07 10:47:07 - ModbusReader - INFO - 風速: 0.0 m/s, 風級: 0, 風向角度: 89.0, 風向: 東
2025-07-07 10:47:38 - ModbusReader - INFO - 風速: 0.0 m/s, 風級: 0, 風向角度: 175.5, 風向: 南
2025-07-07 10:47:39 - ModbusReader - INFO - 風速: 0.0 m/s, 風級: 0, 風向角度: 175.5, 風向: 南
2025-07-07 10:48:09 - ModbusReader - INFO - 風速: 0.0 m/s, 風級: 0, 風向角度: 154.6, 風向: 南南東
2025-07-07 10:48:10 - ModbusReader - INFO - 風速: 0.0 m/s, 風級: 0, 風向角度: 154.6, 風向: 南南東
2025-07-07 10:48:40 - ModbusReader - INFO - 風速: 0.0 m/s, 風級: 0, 風向角度: 116.1, 風向: 東南東
2025-07-07 10:48:41 - ModbusReader - INFO - 風速: 0.0 m/s, 風級: 0, 風向角度: 116.1, 風向: 東南東
2025-07-07 10:49:12 - ModbusReader - INFO - 風速: 0.0 m/s, 風級: 0, 風向角度: 145.3, 風向: 東南
2025-07-07 10:49:12 - ModbusReader - INFO - 風速: 0.0 m/s, 風級: 0, 風向角度: 145.3, 風向: 東南
2025-07-07 10:49:43 - ModbusReader - INFO - 風速: 0.0 m/s, 風級: 0, 風向角度: 46.5, 風向: 東北
2025-07-07 10:49:43 - ModbusReader - INFO - 風速: 0.0 m/s, 風級: 0, 風向角度: 46.5, 風向: 東北
2025-07-07 10:50:14 - ModbusReader - INFO - 風速: 0.0 m/s, 風級: 0, 風向角度: 99.0, 風向: 東
2025-07-07 10:50:15 - ModbusReader - INFO - 風速: 0.0 m/s, 風級: 0, 風向角度: 99.0, 風向: 東
2025-07-07 10:50:45 - ModbusReader - INFO - 風速: 0.0 m/s, 風級: 0, 風向角度: 208.6, 風向: 南南西
2025-07-07 10:50:46 - ModbusReader - INFO - 風速: 0.0 m/s, 風級: 0, 風向角度: 208.6, 風向: 南南西
2025-07-07 10:51:16 - ModbusReader - INFO - 風速: 0.0 m/s, 風級: 0, 風向角度: 253.9, 風向: 西南西
2025-07-07 10:51:17 - ModbusReader - INFO - 風速: 0.0 m/s, 風級: 0, 風向角度: 253.9, 風向: 西南西
2025-07-07 10:51:48 - ModbusReader - INFO - 風速: 0.0 m/s, 風級: 0, 風向角度: 121.5, 風向: 東南東
2025-07-07 10:51:48 - ModbusReader - INFO - 風速: 0.0 m/s, 風級: 0, 風向角度: 121.5, 風向: 東南東
2025-07-07 10:52:19 - ModbusReader - INFO - 風速: 0.0 m/s, 風級: 0, 風向角度: 332.6, 風向: 北北西
2025-07-07 10:52:19 - ModbusReader - INFO - 風速: 0.0 m/s, 風級: 0, 風向角度: 332.6, 風向: 北北西
2025-07-07 10:52:50 - ModbusReader - INFO - 風速: 0.0 m/s, 風級: 0, 風向角度: 17.3, 風向: 北北東
2025-07-07 10:52:51 - ModbusReader - INFO - 風速: 0.0 m/s, 風級: 0, 風向角度: 17.3, 風向: 北北東
2025-07-07 10:53:21 - ModbusReader - INFO - 風速: 0.0 m/s, 風級: 0, 風向角度: 219.5, 風向: 西南
2025-07-07 10:53:22 - ModbusReader - INFO - 風速: 0.0 m/s, 風級: 0, 風向角度: 219.5, 風向: 西南
2025-07-07 10:53:52 - ModbusReader - INFO - 風速: 0.0 m/s, 風級: 0, 風向角度: 125.2, 風向: 東南
2025-07-07 10:53:53 - ModbusReader - INFO - 風速: 0.0 m/s, 風級: 0, 風向角度: 125.2, 風向: 東南
2025-07-07 10:54:23 - ModbusReader - INFO - 風速: 0.0 m/s, 風級: 0, 風向角度: 293.1, 風向: 西北西
2025-07-07 10:54:24 - ModbusReader - INFO - 風速: 0.0 m/s, 風級: 0, 風向角度: 331.0, 風向: 北北西
2025-07-07 10:54:55 - ModbusReader - INFO - 風速: 0.0 m/s, 風級: 0, 風向角度: 207.0, 風向: 南南西
2025-07-07 10:54:55 - ModbusReader - INFO - 風速: 0.0 m/s, 風級: 0, 風向角度: 207.0, 風向: 南南西
2025-07-07 10:55:26 - ModbusReader - INFO - 風速: 0.0 m/s, 風級: 0, 風向角度: 272.1, 風向: 西
2025-07-07 10:55:27 - ModbusReader - INFO - 風速: 0.0 m/s, 風級: 0, 風向角度: 272.1, 風向: 西
2025-07-07 10:55:57 - ModbusReader - INFO - 風速: 0.0 m/s, 風級: 0, 風向角度: 41.0, 風向: 東北
2025-07-07 10:55:58 - ModbusReader - INFO - 風速: 0.0 m/s, 風級: 0, 風向角度: 41.0, 風向: 東北
2025-07-07 10:56:28 - ModbusReader - INFO - 風速: 0.0 m/s, 風級: 0, 風向角度: 84.5, 風向: 東
2025-07-07 10:56:29 - ModbusReader - INFO - 風速: 0.0 m/s, 風級: 0, 風向角度: 84.5, 風向: 東
2025-07-07 10:56:59 - ModbusReader - INFO - 風速: 0.0 m/s, 風級: 0, 風向角度: 134.7, 風向: 東南
2025-07-07 10:57:00 - ModbusReader - INFO - 風速: 0.0 m/s, 風級: 0, 風向角度: 134.7, 風向: 東南
2025-07-07 10:57:31 - ModbusReader - INFO - 風速: 0.0 m/s, 風級: 0, 風向角度: 179.4, 風向: 南
2025-07-07 10:57:31 - ModbusReader - INFO - 風速: 0.0 m/s, 風級: 0, 風向角度: 179.4, 風向: 南
2025-07-07 10:58:02 - ModbusReader - INFO - 風速: 0.0 m/s, 風級: 0, 風向角度: 42.7, 風向: 東北
2025-07-07 10:58:02 - ModbusReader - INFO - 風速: 0.0 m/s, 風級: 0, 風向角度: 42.7, 風向: 東北
2025-07-07 10:58:33 - ModbusReader - INFO - 風速: 0.0 m/s, 風級: 0, 風向角度: 108.2, 風向: 東南東
2025-07-07 10:58:34 - ModbusReader - INFO - 風速: 0.0 m/s, 風級: 0, 風向角度: 108.2, 風向: 東南東
2025-07-07 10:59:04 - ModbusReader - INFO - 風速: 0.0 m/s, 風級: 0, 風向角度: 11.7, 風向: 北北東
2025-07-07 10:59:05 - ModbusReader - INFO - 風速: 0.0 m/s, 風級: 0, 風向角度: 11.7, 風向: 北北東
2025-07-07 10:59:35 - ModbusReader - INFO - 風速: 0.0 m/s, 風級: 0, 風向角度: 186.8, 風向: 南
2025-07-07 10:59:36 - ModbusReader - INFO - 風速: 0.0 m/s, 風級: 0, 風向角度: 186.8, 風向: 南
2025-07-07 11:00:07 - ModbusReader - INFO - 風速: 0.0 m/s, 風級: 0, 風向角度: 133.7, 風向: 東南
2025-07-07 11:00:07 - ModbusReader - INFO - 風速: 0.0 m/s, 風級: 0, 風向角度: 133.7, 風向: 東南
2025-07-07 11:00:38 - ModbusReader - INFO - 風速: 0.0 m/s, 風級: 0, 風向角度: 247.6, 風向: 西南西
2025-07-07 11:00:38 - ModbusReader - INFO - 風速: 0.0 m/s, 風級: 0, 風向角度: 247.6, 風向: 西南西
2025-07-07 11:01:09 - ModbusReader - INFO - 風速: 0.0 m/s, 風級: 0, 風向角度: 149.6, 風向: 南南東
2025-07-07 11:01:10 - ModbusReader - INFO - 風速: 0.0 m/s, 風級: 0, 風向角度: 149.6, 風向: 南南東
2025-07-07 11:01:40 - ModbusReader - INFO - 風速: 0.0 m/s, 風級: 0, 風向角度: 291.5, 風向: 西北西
2025-07-07 11:01:41 - ModbusReader - INFO - 風速: 0.0 m/s, 風級: 0, 風向角度: 315.7, 風向: 西北
2025-07-07 11:02:11 - ModbusReader - INFO - 風速: 0.0 m/s, 風級: 0, 風向角度: 80.3, 風向: 東
2025-07-07 11:02:12 - ModbusReader - INFO - 風速: 0.0 m/s, 風級: 0, 風向角度: 80.3, 風向: 東
2025-07-07 11:02:43 - ModbusReader - INFO - 風速: 0.0 m/s, 風級: 0, 風向角度: 148.2, 風向: 南南東
2025-07-07 11:02:43 - ModbusReader - INFO - 風速: 0.0 m/s, 風級: 0, 風向角度: 148.2, 風向: 南南東
2025-07-07 11:03:14 - ModbusReader - INFO - 風速: 0.0 m/s, 風級: 0, 風向角度: 155.8, 風向: 南南東
2025-07-07 11:03:14 - ModbusReader - INFO - 風速: 0.0 m/s, 風級: 0, 風向角度: 155.8, 風向: 南南東
2025-07-07 11:03:45 - ModbusReader - INFO - 風速: 0.0 m/s, 風級: 0, 風向角度: 171.3, 風向: 南
2025-07-07 11:03:46 - ModbusReader - INFO - 風速: 0.0 m/s, 風級: 0, 風向角度: 171.3, 風向: 南
2025-07-07 11:04:16 - ModbusReader - INFO - 風速: 0.0 m/s, 風級: 0, 風向角度: 295.6, 風向: 西北西
2025-07-07 11:04:17 - ModbusReader - INFO - 風速: 0.0 m/s, 風級: 0, 風向角度: 295.6, 風向: 西北西
2025-07-07 11:04:47 - ModbusReader - INFO - 風速: 0.0 m/s, 風級: 0, 風向角度: 150.6, 風向: 南南東
2025-07-07 11:04:48 - ModbusReader - INFO - 風速: 0.0 m/s, 風級: 0, 風向角度: 150.6, 風向: 南南東
2025-07-07 11:05:19 - ModbusReader - INFO - 風速: 0.0 m/s, 風級: 0, 風向角度: 227.2, 風向: 西南
2025-07-07 11:05:19 - ModbusReader - INFO - 風速: 0.0 m/s, 風級: 0, 風向角度: 227.2, 風向: 西南
2025-07-07 11:05:50 - ModbusReader - INFO - 風速: 0.0 m/s, 風級: 0, 風向角度: 226.9, 風向: 西南
2025-07-07 11:05:50 - ModbusReader - INFO - 風速: 0.0 m/s, 風級: 0, 風向角度: 226.9, 風向: 西南
2025-07-07 11:06:21 - ModbusReader - INFO - 風速: 0.0 m/s, 風級: 0, 風向角度: 213.5, 風向: 南南西
2025-07-07 11:06:22 - ModbusReader - INFO - 風速: 0.0 m/s, 風級: 0, 風向角度: 213.5, 風向: 南南西
2025-07-07 11:06:52 - ModbusReader - INFO - 風速: 0.0 m/s, 風級: 0, 風向角度: 106.2, 風向: 東南東
2025-07-07 11:06:53 - ModbusReader - INFO - 風速: 0.0 m/s, 風級: 0, 風向角度: 106.2, 風向: 東南東
2025-07-07 11:07:23 - ModbusReader - INFO - 風速: 0.0 m/s, 風級: 0, 風向角度: 45.0, 風向: 東北
2025-07-07 11:07:24 - ModbusReader - INFO - 風速: 0.0 m/s, 風級: 0, 風向角度: 45.0, 風向: 東北
2025-07-07 11:07:55 - ModbusReader - INFO - 風速: 0.0 m/s, 風級: 0, 風向角度: 131.4, 風向: 東南
2025-07-07 11:07:55 - ModbusReader - INFO - 風速: 0.0 m/s, 風級: 0, 風向角度: 131.4, 風向: 東南
2025-07-07 11:08:26 - ModbusReader - INFO - 風速: 0.0 m/s, 風級: 0, 風向角度: 122.8, 風向: 東南東
2025-07-07 11:08:26 - ModbusReader - INFO - 風速: 0.0 m/s, 風級: 0, 風向角度: 122.8, 風向: 東南東
2025-07-07 11:08:57 - ModbusReader - INFO - 風速: 0.0 m/s, 風級: 0, 風向角度: 172.5, 風向: 南
2025-07-07 11:08:58 - ModbusReader - INFO - 風速: 0.0 m/s, 風級: 0, 風向角度: 28.4, 風向: 北北東
2025-07-07 11:09:28 - ModbusReader - INFO - 風速: 0.0 m/s, 風級: 0, 風向角度: 155.9, 風向: 南南東
2025-07-07 11:09:29 - ModbusReader - INFO - 風速: 0.0 m/s, 風級: 0, 風向角度: 155.9, 風向: 南南東
2025-07-07 11:09:59 - ModbusReader - INFO - 風速: 0.0 m/s, 風級: 0, 風向角度: 154.2, 風向: 南南東
2025-07-07 11:10:00 - ModbusReader - INFO - 風速: 0.0 m/s, 風級: 0, 風向角度: 154.2, 風向: 南南東
2025-07-07 11:10:31 - ModbusReader - INFO - 風速: 0.0 m/s, 風級: 0, 風向角度: 56.2, 風向: 東北
2025-07-07 11:10:31 - ModbusReader - INFO - 風速: 0.0 m/s, 風級: 0, 風向角度: 56.2, 風向: 東北
2025-07-07 11:11:02 - ModbusReader - INFO - 風速: 0.0 m/s, 風級: 0, 風向角度: 153.3, 風向: 南南東
2025-07-07 11:11:02 - ModbusReader - INFO - 風速: 0.0 m/s, 風級: 0, 風向角度: 153.3, 風向: 南南東
2025-07-07 11:11:33 - ModbusReader - INFO - 風速: 0.0 m/s, 風級: 0, 風向角度: 306.8, 風向: 西北
2025-07-07 11:11:34 - ModbusReader - INFO - 風速: 0.0 m/s, 風級: 0, 風向角度: 306.8, 風向: 西北
2025-07-07 11:12:04 - ModbusReader - INFO - 風速: 0.0 m/s, 風級: 0, 風向角度: 6.6, 風向: 北
2025-07-07 11:12:05 - ModbusReader - INFO - 風速: 0.0 m/s, 風級: 0, 風向角度: 6.6, 風向: 北
2025-07-07 11:12:35 - ModbusReader - INFO - 風速: 0.0 m/s, 風級: 0, 風向角度: 176.0, 風向: 南
2025-07-07 11:12:36 - ModbusReader - INFO - 風速: 0.0 m/s, 風級: 0, 風向角度: 176.0, 風向: 南
2025-07-07 11:13:07 - ModbusReader - INFO - 風速: 0.0 m/s, 風級: 0, 風向角度: 332.9, 風向: 北北西
2025-07-07 11:13:07 - ModbusReader - INFO - 風速: 0.0 m/s, 風級: 0, 風向角度: 332.9, 風向: 北北西
2025-07-07 11:13:38 - ModbusReader - INFO - 風速: 0.0 m/s, 風級: 0, 風向角度: 164.0, 風向: 南南東
2025-07-07 11:13:38 - ModbusReader - INFO - 風速: 0.0 m/s, 風級: 0, 風向角度: 164.0, 風向: 南南東
2025-07-07 11:14:09 - ModbusReader - INFO - 風速: 0.0 m/s, 風級: 0, 風向角度: 275.0, 風向: 西
2025-07-07 11:14:10 - ModbusReader - INFO - 風速: 0.0 m/s, 風級: 0, 風向角度: 275.0, 風向: 西
2025-07-07 11:14:40 - ModbusReader - INFO - 風速: 0.0 m/s, 風級: 0, 風向角度: 341.6, 風向: 北北西
2025-07-07 11:14:41 - ModbusReader - INFO - 風速: 0.0 m/s, 風級: 0, 風向角度: 341.6, 風向: 北北西
2025-07-07 11:15:11 - ModbusReader - INFO - 風速: 0.0 m/s, 風級: 0, 風向角度: 288.1, 風向: 西北西
2025-07-07 11:15:12 - ModbusReader - INFO - 風速: 0.0 m/s, 風級: 0, 風向角度: 288.1, 風向: 西北西
2025-07-07 11:15:43 - ModbusReader - INFO - 風速: 0.0 m/s, 風級: 0, 風向角度: 90.9, 風向: 東
2025-07-07 11:15:43 - ModbusReader - INFO - 風速: 0.0 m/s, 風級: 0, 風向角度: 90.9, 風向: 東
2025-07-07 11:16:14 - ModbusReader - INFO - 風速: 0.0 m/s, 風級: 0, 風向角度: 323.8, 風向: 西北
2025-07-07 11:16:14 - ModbusReader - INFO - 風速: 0.0 m/s, 風級: 0, 風向角度: 17.8, 風向: 北北東
2025-07-07 11:16:45 - ModbusReader - INFO - 風速: 0.0 m/s, 風級: 0, 風向角度: 145.7, 風向: 東南
2025-07-07 11:16:46 - ModbusReader - INFO - 風速: 0.0 m/s, 風級: 0, 風向角度: 145.7, 風向: 東南
2025-07-07 11:17:16 - ModbusReader - INFO - 風速: 0.0 m/s, 風級: 0, 風向角度: 147.3, 風向: 南南東
2025-07-07 11:17:17 - ModbusReader - INFO - 風速: 0.0 m/s, 風級: 0, 風向角度: 147.3, 風向: 南南東
2025-07-07 11:17:47 - ModbusReader - INFO - 風速: 0.0 m/s, 風級: 0, 風向角度: 310.0, 風向: 西北
2025-07-07 11:17:48 - ModbusReader - INFO - 風速: 0.0 m/s, 風級: 0, 風向角度: 310.0, 風向: 西北
2025-07-07 11:18:19 - ModbusReader - INFO - 風速: 0.0 m/s, 風級: 0, 風向角度: 353.1, 風向: 北
2025-07-07 11:18:19 - ModbusReader - INFO - 風速: 0.0 m/s, 風級: 0, 風向角度: 353.1, 風向: 北
2025-07-07 11:18:50 - ModbusReader - INFO - 風速: 0.0 m/s, 風級: 0, 風向角度: 274.4, 風向: 西
2025-07-07 11:18:50 - ModbusReader - INFO - 風速: 0.0 m/s, 風級: 0, 風向角度: 274.4, 風向: 西
2025-07-07 11:19:21 - ModbusReader - INFO - 風速: 0.0 m/s, 風級: 0, 風向角度: 3.7, 風向: 北
2025-07-07 11:19:22 - ModbusReader - INFO - 風速: 0.0 m/s, 風級: 0, 風向角度: 3.7, 風向: 北
2025-07-07 11:19:52 - ModbusReader - INFO - 風速: 0.0 m/s, 風級: 0, 風向角度: 267.4, 風向: 西
2025-07-07 11:19:53 - ModbusReader - INFO - 風速: 0.0 m/s, 風級: 0, 風向角度: 267.4, 風向: 西
2025-07-07 11:20:23 - ModbusReader - INFO - 風速: 0.0 m/s, 風級: 0, 風向角度: 29.0, 風向: 北北東
2025-07-07 11:20:24 - ModbusReader - INFO - 風速: 0.0 m/s, 風級: 0, 風向角度: 29.0, 風向: 北北東
2025-07-07 11:20:55 - ModbusReader - INFO - 風速: 0.0 m/s, 風級: 0, 風向角度: 315.7, 風向: 西北
2025-07-07 11:20:55 - ModbusReader - INFO - 風速: 0.0 m/s, 風級: 0, 風向角度: 315.7, 風向: 西北
2025-07-07 11:21:26 - ModbusReader - INFO - 風速: 0.0 m/s, 風級: 0, 風向角度: 305.6, 風向: 西北
2025-07-07 11:21:26 - ModbusReader - INFO - 風速: 0.0 m/s, 風級: 0, 風向角度: 305.6, 風向: 西北
2025-07-07 11:21:57 - ModbusReader - INFO - 風速: 0.0 m/s, 風級: 0, 風向角度: 114.8, 風向: 東南東
2025-07-07 11:21:58 - ModbusReader - INFO - 風速: 0.0 m/s, 風級: 0, 風向角度: 114.8, 風向: 東南東
2025-07-07 11:22:28 - ModbusReader - INFO - 風速: 0.0 m/s, 風級: 0, 風向角度: 240.3, 風向: 西南西
2025-07-07 11:22:29 - ModbusReader - INFO - 風速: 0.0 m/s, 風級: 0, 風向角度: 240.3, 風向: 西南西
2025-07-07 11:22:59 - ModbusReader - INFO - 風速: 0.0 m/s, 風級: 0, 風向角度: 139.2, 風向: 東南
2025-07-07 11:23:00 - ModbusReader - INFO - 風速: 0.0 m/s, 風級: 0, 風向角度: 139.2, 風向: 東南
2025-07-07 11:23:31 - ModbusReader - INFO - 風速: 0.0 m/s, 風級: 0, 風向角度: 335.1, 風向: 北北西
2025-07-07 11:23:31 - ModbusReader - INFO - 風速: 0.0 m/s, 風級: 0, 風向角度: 306.9, 風向: 西北
2025-07-07 11:24:02 - ModbusReader - INFO - 風速: 0.0 m/s, 風級: 0, 風向角度: 316.9, 風向: 西北
2025-07-07 11:24:02 - ModbusReader - INFO - 風速: 0.0 m/s, 風級: 0, 風向角度: 316.9, 風向: 西北
2025-07-07 11:24:33 - ModbusReader - INFO - 風速: 0.0 m/s, 風級: 0, 風向角度: 188.7, 風向: 南
2025-07-07 11:24:34 - ModbusReader - INFO - 風速: 0.0 m/s, 風級: 0, 風向角度: 188.7, 風向: 南
2025-07-07 11:25:04 - ModbusReader - INFO - 風速: 0.0 m/s, 風級: 0, 風向角度: 166.3, 風向: 南南東
2025-07-07 11:25:05 - ModbusReader - INFO - 風速: 0.0 m/s, 風級: 0, 風向角度: 166.3, 風向: 南南東
2025-07-07 11:25:35 - ModbusReader - INFO - 風速: 0.0 m/s, 風級: 0, 風向角度: 143.9, 風向: 東南
2025-07-07 11:25:36 - ModbusReader - INFO - 風速: 0.0 m/s, 風級: 0, 風向角度: 143.9, 風向: 東南
2025-07-07 11:26:07 - ModbusReader - INFO - 風速: 0.0 m/s, 風級: 0, 風向角度: 217.8, 風向: 西南
2025-07-07 11:26:07 - ModbusReader - INFO - 風速: 0.0 m/s, 風級: 0, 風向角度: 217.8, 風向: 西南
2025-07-07 11:26:38 - ModbusReader - INFO - 風速: 0.0 m/s, 風級: 0, 風向角度: 60.3, 風向: 東北東
2025-07-07 11:26:38 - ModbusReader - INFO - 風速: 0.0 m/s, 風級: 0, 風向角度: 60.3, 風向: 東北東
2025-07-07 11:27:09 - ModbusReader - INFO - 風速: 0.0 m/s, 風級: 0, 風向角度: 78.0, 風向: 東北東
2025-07-07 11:27:10 - ModbusReader - INFO - 風速: 0.0 m/s, 風級: 0, 風向角度: 78.0, 風向: 東北東
2025-07-07 11:27:40 - ModbusReader - INFO - 風速: 0.0 m/s, 風級: 0, 風向角度: 283.3, 風向: 西北西
2025-07-07 11:27:41 - ModbusReader - INFO - 風速: 0.0 m/s, 風級: 0, 風向角度: 283.3, 風向: 西北西
2025-07-07 11:28:11 - ModbusReader - INFO - 風速: 0.0 m/s, 風級: 0, 風向角度: 230.8, 風向: 西南
2025-07-07 11:28:12 - ModbusReader - INFO - 風速: 0.0 m/s, 風級: 0, 風向角度: 230.8, 風向: 西南
2025-07-07 11:28:43 - ModbusReader - INFO - 風速: 0.0 m/s, 風級: 0, 風向角度: 224.1, 風向: 西南
2025-07-07 11:28:43 - ModbusReader - INFO - 風速: 0.0 m/s, 風級: 0, 風向角度: 224.1, 風向: 西南
2025-07-07 11:29:14 - ModbusReader - INFO - 風速: 0.0 m/s, 風級: 0, 風向角度: 129.7, 風向: 東南
2025-07-07 11:29:14 - ModbusReader - INFO - 風速: 0.0 m/s, 風級: 0, 風向角度: 129.7, 風向: 東南
2025-07-07 11:29:45 - ModbusReader - INFO - 風速: 0.0 m/s, 風級: 0, 風向角度: 329.0, 風向: 北北西
2025-07-07 11:29:46 - ModbusReader - INFO - 風速: 0.0 m/s, 風級: 0, 風向角度: 329.0, 風向: 北北西
2025-07-07 11:30:16 - ModbusReader - INFO - 風速: 0.0 m/s, 風級: 0, 風向角度: 301.9, 風向: 西北西
2025-07-07 11:30:17 - ModbusReader - INFO - 風速: 0.0 m/s, 風級: 0, 風向角度: 301.9, 風向: 西北西
2025-07-07 11:30:47 - ModbusReader - INFO - 風速: 0.0 m/s, 風級: 0, 風向角度: 218.6, 風向: 西南
2025-07-07 11:30:48 - ModbusReader - INFO - 風速: 0.0 m/s, 風級: 0, 風向角度: 272.5, 風向: 西
2025-07-07 11:31:19 - ModbusReader - INFO - 風速: 0.0 m/s, 風級: 0, 風向角度: 91.9, 風向: 東
2025-07-07 11:31:19 - ModbusReader - INFO - 風速: 0.0 m/s, 風級: 0, 風向角度: 91.9, 風向: 東
2025-07-07 11:31:50 - ModbusReader - INFO - 風速: 0.0 m/s, 風級: 0, 風向角度: 140.0, 風向: 東南
2025-07-07 11:31:50 - ModbusReader - INFO - 風速: 0.0 m/s, 風級: 0, 風向角度: 140.0, 風向: 東南
2025-07-07 11:32:21 - ModbusReader - INFO - 風速: 0.0 m/s, 風級: 0, 風向角度: 126.7, 風向: 東南
2025-07-07 11:32:22 - ModbusReader - INFO - 風速: 0.0 m/s, 風級: 0, 風向角度: 126.7, 風向: 東南
2025-07-07 11:32:52 - ModbusReader - INFO - 風速: 0.0 m/s, 風級: 0, 風向角度: 127.6, 風向: 東南
2025-07-07 11:32:53 - ModbusReader - INFO - 風速: 0.0 m/s, 風級: 0, 風向角度: 127.6, 風向: 東南
2025-07-07 11:33:23 - ModbusReader - INFO - 風速: 0.0 m/s, 風級: 0, 風向角度: 171.5, 風向: 南
2025-07-07 11:33:24 - ModbusReader - INFO - 風速: 0.0 m/s, 風級: 0, 風向角度: 171.5, 風向: 南
2025-07-07 11:33:55 - ModbusReader - INFO - 風速: 0.0 m/s, 風級: 0, 風向角度: 135.9, 風向: 東南
2025-07-07 11:33:55 - ModbusReader - INFO - 風速: 0.0 m/s, 風級: 0, 風向角度: 135.9, 風向: 東南
2025-07-07 11:34:26 - ModbusReader - INFO - 風速: 0.0 m/s, 風級: 0, 風向角度: 178.9, 風向: 南
2025-07-07 11:34:26 - ModbusReader - INFO - 風速: 0.0 m/s, 風級: 0, 風向角度: 178.9, 風向: 南
2025-07-07 11:34:57 - ModbusReader - INFO - 風速: 0.0 m/s, 風級: 0, 風向角度: 285.3, 風向: 西北西
2025-07-07 11:34:58 - ModbusReader - INFO - 風速: 0.0 m/s, 風級: 0, 風向角度: 285.3, 風向: 西北西
2025-07-07 11:35:28 - ModbusReader - INFO - 風速: 0.0 m/s, 風級: 0, 風向角度: 322.7, 風向: 西北
2025-07-07 11:35:29 - ModbusReader - INFO - 風速: 0.0 m/s, 風級: 0, 風向角度: 322.7, 風向: 西北
2025-07-07 11:35:59 - ModbusReader - INFO - 風速: 0.0 m/s, 風級: 0, 風向角度: 139.0, 風向: 東南
2025-07-07 11:36:00 - ModbusReader - INFO - 風速: 0.0 m/s, 風級: 0, 風向角度: 139.0, 風向: 東南
2025-07-07 11:36:31 - ModbusReader - INFO - 風速: 0.0 m/s, 風級: 0, 風向角度: 288.5, 風向: 西北西
2025-07-07 11:36:31 - ModbusReader - INFO - 風速: 0.0 m/s, 風級: 0, 風向角度: 288.5, 風向: 西北西
2025-07-07 11:37:02 - ModbusReader - INFO - 風速: 0.0 m/s, 風級: 0, 風向角度: 151.9, 風向: 南南東
2025-07-07 11:37:02 - ModbusReader - INFO - 風速: 0.0 m/s, 風級: 0, 風向角度: 151.9, 風向: 南南東
2025-07-07 11:37:33 - ModbusReader - INFO - 風速: 0.0 m/s, 風級: 0, 風向角度: 117.6, 風向: 東南東
2025-07-07 11:37:34 - ModbusReader - INFO - 風速: 0.0 m/s, 風級: 0, 風向角度: 117.6, 風向: 東南東
2025-07-07 11:38:04 - ModbusReader - INFO - 風速: 0.0 m/s, 風級: 0, 風向角度: 109.6, 風向: 東南東
2025-07-07 11:38:05 - ModbusReader - INFO - 風速: 0.0 m/s, 風級: 0, 風向角度: 283.8, 風向: 西北西
2025-07-07 11:38:35 - ModbusReader - INFO - 風速: 0.0 m/s, 風級: 0, 風向角度: 2.3, 風向: 北
2025-07-07 11:38:36 - ModbusReader - INFO - 風速: 0.0 m/s, 風級: 0, 風向角度: 2.3, 風向: 北
2025-07-07 11:39:07 - ModbusReader - INFO - 風速: 0.0 m/s, 風級: 0, 風向角度: 157.4, 風向: 南南東
2025-07-07 11:39:07 - ModbusReader - INFO - 風速: 0.0 m/s, 風級: 0, 風向角度: 157.4, 風向: 南南東
2025-07-07 11:39:38 - ModbusReader - INFO - 風速: 0.0 m/s, 風級: 0, 風向角度: 300.2, 風向: 西北西
2025-07-07 11:39:38 - ModbusReader - INFO - 風速: 0.0 m/s, 風級: 0, 風向角度: 300.2, 風向: 西北西
2025-07-07 11:40:09 - ModbusReader - INFO - 風速: 0.0 m/s, 風級: 0, 風向角度: 84.6, 風向: 東
2025-07-07 11:40:10 - ModbusReader - INFO - 風速: 0.0 m/s, 風級: 0, 風向角度: 84.6, 風向: 東
2025-07-07 11:40:40 - ModbusReader - INFO - 風速: 0.0 m/s, 風級: 0, 風向角度: 148.9, 風向: 南南東
2025-07-07 11:40:41 - ModbusReader - INFO - 風速: 0.0 m/s, 風級: 0, 風向角度: 148.9, 風向: 南南東
2025-07-07 11:41:11 - ModbusReader - INFO - 風速: 0.0 m/s, 風級: 0, 風向角度: 132.1, 風向: 東南
2025-07-07 11:41:12 - ModbusReader - INFO - 風速: 0.0 m/s, 風級: 0, 風向角度: 132.1, 風向: 東南
2025-07-07 11:41:43 - ModbusReader - INFO - 風速: 0.0 m/s, 風級: 0, 風向角度: 152.0, 風向: 南南東
2025-07-07 11:41:43 - ModbusReader - INFO - 風速: 0.0 m/s, 風級: 0, 風向角度: 152.0, 風向: 南南東
2025-07-07 11:42:14 - ModbusReader - INFO - 風速: 0.0 m/s, 風級: 0, 風向角度: 47.4, 風向: 東北
2025-07-07 11:42:14 - ModbusReader - INFO - 風速: 0.0 m/s, 風級: 0, 風向角度: 47.4, 風向: 東北
2025-07-07 11:42:45 - ModbusReader - INFO - 風速: 0.0 m/s, 風級: 0, 風向角度: 165.4, 風向: 南南東
2025-07-07 11:42:46 - ModbusReader - INFO - 風速: 0.0 m/s, 風級: 0, 風向角度: 165.4, 風向: 南南東
2025-07-07 11:43:16 - ModbusReader - INFO - 風速: 0.0 m/s, 風級: 0, 風向角度: 121.3, 風向: 東南東
2025-07-07 11:43:17 - ModbusReader - INFO - 風速: 0.0 m/s, 風級: 0, 風向角度: 121.3, 風向: 東南東
2025-07-07 11:43:47 - ModbusReader - INFO - 風速: 0.0 m/s, 風級: 0, 風向角度: 200.0, 風向: 南南西
2025-07-07 11:43:48 - ModbusReader - INFO - 風速: 0.0 m/s, 風級: 0, 風向角度: 200.0, 風向: 南南西
2025-07-07 11:44:19 - ModbusReader - INFO - 風速: 0.0 m/s, 風級: 0, 風向角度: 10.3, 風向: 北
2025-07-07 11:44:19 - ModbusReader - INFO - 風速: 0.0 m/s, 風級: 0, 風向角度: 10.3, 風向: 北
2025-07-07 11:44:50 - ModbusReader - INFO - 風速: 0.0 m/s, 風級: 0, 風向角度: 176.8, 風向: 南
2025-07-07 11:44:50 - ModbusReader - INFO - 風速: 0.0 m/s, 風級: 0, 風向角度: 176.8, 風向: 南
2025-07-07 11:45:21 - ModbusReader - INFO - 風速: 0.0 m/s, 風級: 0, 風向角度: 106.3, 風向: 東南東
2025-07-07 11:45:22 - ModbusReader - INFO - 風速: 0.0 m/s, 風級: 0, 風向角度: 165.3, 風向: 南南東
2025-07-07 11:45:52 - ModbusReader - INFO - 風速: 0.0 m/s, 風級: 0, 風向角度: 138.2, 風向: 東南
2025-07-07 11:45:53 - ModbusReader - INFO - 風速: 0.0 m/s, 風級: 0, 風向角度: 138.2, 風向: 東南
2025-07-07 11:46:23 - ModbusReader - INFO - 風速: 0.0 m/s, 風級: 0, 風向角度: 71.2, 風向: 東北東
2025-07-07 11:46:24 - ModbusReader - INFO - 風速: 0.0 m/s, 風級: 0, 風向角度: 71.2, 風向: 東北東
2025-07-07 11:46:55 - ModbusReader - INFO - 風速: 0.0 m/s, 風級: 0, 風向角度: 126.3, 風向: 東南
2025-07-07 11:46:55 - ModbusReader - INFO - 風速: 0.0 m/s, 風級: 0, 風向角度: 126.3, 風向: 東南
2025-07-07 11:47:26 - ModbusReader - INFO - 風速: 0.0 m/s, 風級: 0, 風向角度: 7.8, 風向: 北
2025-07-07 11:47:26 - ModbusReader - INFO - 風速: 0.0 m/s, 風級: 0, 風向角度: 7.8, 風向: 北
2025-07-07 11:47:57 - ModbusReader - INFO - 風速: 0.0 m/s, 風級: 0, 風向角度: 205.0, 風向: 南南西
2025-07-07 11:47:58 - ModbusReader - INFO - 風速: 0.0 m/s, 風級: 0, 風向角度: 205.0, 風向: 南南西
2025-07-07 11:48:28 - ModbusReader - INFO - 風速: 0.0 m/s, 風級: 0, 風向角度: 66.3, 風向: 東北東
2025-07-07 11:48:29 - ModbusReader - INFO - 風速: 0.0 m/s, 風級: 0, 風向角度: 66.3, 風向: 東北東
2025-07-07 11:48:59 - ModbusReader - INFO - 風速: 0.0 m/s, 風級: 0, 風向角度: 41.2, 風向: 東北
2025-07-07 11:49:00 - ModbusReader - INFO - 風速: 0.0 m/s, 風級: 0, 風向角度: 41.2, 風向: 東北
2025-07-07 11:49:31 - ModbusReader - INFO - 風速: 0.0 m/s, 風級: 0, 風向角度: 61.3, 風向: 東北東
2025-07-07 11:49:31 - ModbusReader - INFO - 風速: 0.0 m/s, 風級: 0, 風向角度: 61.3, 風向: 東北東
2025-07-07 11:50:02 - ModbusReader - INFO - 風速: 0.0 m/s, 風級: 0, 風向角度: 103.3, 風向: 東南東
2025-07-07 11:50:02 - ModbusReader - INFO - 風速: 0.0 m/s, 風級: 0, 風向角度: 103.3, 風向: 東南東
2025-07-07 11:50:33 - ModbusReader - INFO - 風速: 0.0 m/s, 風級: 0, 風向角度: 168.4, 風向: 南南東
2025-07-07 11:50:34 - ModbusReader - INFO - 風速: 0.0 m/s, 風級: 0, 風向角度: 168.4, 風向: 南南東
2025-07-07 11:51:04 - ModbusReader - INFO - 風速: 0.0 m/s, 風級: 0, 風向角度: 255.2, 風向: 西南西
2025-07-07 11:51:05 - ModbusReader - INFO - 風速: 0.0 m/s, 風級: 0, 風向角度: 255.2, 風向: 西南西
2025-07-07 11:51:35 - ModbusReader - INFO - 風速: 0.0 m/s, 風級: 0, 風向角度: 26.2, 風向: 北北東
2025-07-07 11:51:36 - ModbusReader - INFO - 風速: 0.0 m/s, 風級: 0, 風向角度: 26.2, 風向: 北北東
2025-07-07 11:52:07 - ModbusReader - INFO - 風速: 0.0 m/s, 風級: 0, 風向角度: 109.1, 風向: 東南東
2025-07-07 11:52:07 - ModbusReader - INFO - 風速: 0.0 m/s, 風級: 0, 風向角度: 109.1, 風向: 東南東
2025-07-07 11:52:38 - ModbusReader - INFO - 風速: 0.8 m/s, 風級: 1, 風向角度: 111.2, 風向: 東南東
2025-07-07 11:52:38 - ModbusReader - INFO - 風速: 1.3 m/s, 風級: 1, 風向角度: 117.3, 風向: 東南東
2025-07-07 11:53:09 - ModbusReader - INFO - 風速: 0.6 m/s, 風級: 1, 風向角度: 300.7, 風向: 西北西
2025-07-07 11:53:10 - ModbusReader - INFO - 風速: 0.6 m/s, 風級: 1, 風向角度: 300.7, 風向: 西北西
2025-07-07 11:53:40 - ModbusReader - INFO - 風速: 0.0 m/s, 風級: 0, 風向角度: 147.9, 風向: 南南東
2025-07-07 11:53:41 - ModbusReader - INFO - 風速: 0.0 m/s, 風級: 0, 風向角度: 147.9, 風向: 南南東
2025-07-07 11:54:11 - ModbusReader - INFO - 風速: 0.0 m/s, 風級: 0, 風向角度: 121.8, 風向: 東南東
2025-07-07 11:54:12 - ModbusReader - INFO - 風速: 0.0 m/s, 風級: 0, 風向角度: 121.8, 風向: 東南東
2025-07-07 11:54:43 - ModbusReader - INFO - 風速: 0.0 m/s, 風級: 0, 風向角度: 156.3, 風向: 南南東
2025-07-07 11:54:43 - ModbusReader - INFO - 風速: 0.0 m/s, 風級: 0, 風向角度: 156.3, 風向: 南南東
2025-07-07 11:55:14 - ModbusReader - INFO - 風速: 0.4 m/s, 風級: 1, 風向角度: 182.6, 風向: 南
2025-07-07 11:55:14 - ModbusReader - INFO - 風速: 0.4 m/s, 風級: 1, 風向角度: 182.6, 風向: 南
2025-07-07 11:55:45 - ModbusReader - INFO - 風速: 0.0 m/s, 風級: 0, 風向角度: 132.4, 風向: 東南
2025-07-07 11:55:46 - ModbusReader - INFO - 風速: 0.0 m/s, 風級: 0, 風向角度: 132.4, 風向: 東南
2025-07-07 11:56:16 - ModbusReader - INFO - 風速: 0.0 m/s, 風級: 0, 風向角度: 154.5, 風向: 南南東
2025-07-07 11:56:17 - ModbusReader - INFO - 風速: 0.0 m/s, 風級: 0, 風向角度: 154.5, 風向: 南南東
2025-07-07 11:56:47 - ModbusReader - INFO - 風速: 0.0 m/s, 風級: 0, 風向角度: 124.9, 風向: 東南
2025-07-07 11:56:48 - ModbusReader - INFO - 風速: 0.0 m/s, 風級: 0, 風向角度: 124.9, 風向: 東南
2025-07-07 11:57:19 - ModbusReader - INFO - 風速: 0.0 m/s, 風級: 0, 風向角度: 137.6, 風向: 東南
2025-07-07 11:57:19 - ModbusReader - INFO - 風速: 0.0 m/s, 風級: 0, 風向角度: 137.6, 風向: 東南
2025-07-07 11:57:50 - ModbusReader - INFO - 風速: 0.1 m/s, 風級: 0, 風向角度: 145.0, 風向: 東南
2025-07-07 11:57:50 - ModbusReader - INFO - 風速: 0.1 m/s, 風級: 0, 風向角度: 145.0, 風向: 東南
2025-07-07 11:58:21 - ModbusReader - INFO - 風速: 0.0 m/s, 風級: 0, 風向角度: 161.9, 風向: 南南東
2025-07-07 11:58:22 - ModbusReader - INFO - 風速: 0.0 m/s, 風級: 0, 風向角度: 161.9, 風向: 南南東
2025-07-07 11:58:52 - ModbusReader - INFO - 風速: 1.3 m/s, 風級: 1, 風向角度: 162.6, 風向: 南南東
2025-07-07 11:58:53 - ModbusReader - INFO - 風速: 1.3 m/s, 風級: 1, 風向角度: 162.6, 風向: 南南東
2025-07-07 11:59:23 - ModbusReader - INFO - 風速: 0.7 m/s, 風級: 1, 風向角度: 317.8, 風向: 西北
2025-07-07 11:59:24 - ModbusReader - INFO - 風速: 0.7 m/s, 風級: 1, 風向角度: 317.8, 風向: 西北
2025-07-07 11:59:55 - ModbusReader - INFO - 風速: 0.0 m/s, 風級: 0, 風向角度: 251.8, 風向: 西南西
2025-07-07 11:59:55 - ModbusReader - INFO - 風速: 0.0 m/s, 風級: 0, 風向角度: 107.7, 風向: 東南東
2025-07-07 12:00:26 - ModbusReader - INFO - 風速: 0.0 m/s, 風級: 0, 風向角度: 44.7, 風向: 東北
2025-07-07 12:00:26 - ModbusReader - INFO - 風速: 0.0 m/s, 風級: 0, 風向角度: 44.7, 風向: 東北
2025-07-07 12:00:57 - ModbusReader - INFO - 風速: 0.0 m/s, 風級: 0, 風向角度: 187.3, 風向: 南
2025-07-07 12:00:58 - ModbusReader - INFO - 風速: 0.0 m/s, 風級: 0, 風向角度: 187.3, 風向: 南
2025-07-07 12:01:28 - ModbusReader - INFO - 風速: 0.0 m/s, 風級: 0, 風向角度: 171.1, 風向: 南
2025-07-07 12:01:29 - ModbusReader - INFO - 風速: 0.0 m/s, 風級: 0, 風向角度: 171.1, 風向: 南
2025-07-07 12:01:59 - ModbusReader - INFO - 風速: 0.7 m/s, 風級: 1, 風向角度: 154.1, 風向: 南南東
2025-07-07 12:02:00 - ModbusReader - INFO - 風速: 0.7 m/s, 風級: 1, 風向角度: 154.1, 風向: 南南東
2025-07-07 12:02:31 - ModbusReader - INFO - 風速: 0.8 m/s, 風級: 1, 風向角度: 65.9, 風向: 東北東
2025-07-07 12:02:31 - ModbusReader - INFO - 風速: 0.8 m/s, 風級: 1, 風向角度: 65.9, 風向: 東北東
2025-07-07 12:03:02 - ModbusReader - INFO - 風速: 0.7 m/s, 風級: 1, 風向角度: 329.5, 風向: 北北西
2025-07-07 12:03:02 - ModbusReader - INFO - 風速: 0.7 m/s, 風級: 1, 風向角度: 329.5, 風向: 北北西
2025-07-07 12:03:33 - ModbusReader - INFO - 風速: 0.9 m/s, 風級: 1, 風向角度: 124.9, 風向: 東南
2025-07-07 12:03:34 - ModbusReader - INFO - 風速: 0.9 m/s, 風級: 1, 風向角度: 124.9, 風向: 東南
2025-07-07 12:04:04 - ModbusReader - INFO - 風速: 0.9 m/s, 風級: 1, 風向角度: 289.6, 風向: 西北西
2025-07-07 12:04:05 - ModbusReader - INFO - 風速: 0.9 m/s, 風級: 1, 風向角度: 289.6, 風向: 西北西
2025-07-07 12:04:35 - ModbusReader - INFO - 風速: 0.5 m/s, 風級: 1, 風向角度: 164.1, 風向: 南南東
2025-07-07 12:04:36 - ModbusReader - INFO - 風速: 0.5 m/s, 風級: 1, 風向角度: 164.1, 風向: 南南東
2025-07-07 12:05:07 - ModbusReader - INFO - 風速: 0.0 m/s, 風級: 0, 風向角度: 154.6, 風向: 南南東
2025-07-07 12:05:07 - ModbusReader - INFO - 風速: 0.0 m/s, 風級: 0, 風向角度: 154.6, 風向: 南南東
2025-07-07 12:05:38 - ModbusReader - INFO - 風速: 0.0 m/s, 風級: 0, 風向角度: 58.4, 風向: 東北東
2025-07-07 12:05:38 - ModbusReader - INFO - 風速: 0.0 m/s, 風級: 0, 風向角度: 58.4, 風向: 東北東
2025-07-07 12:06:09 - ModbusReader - INFO - 風速: 0.0 m/s, 風級: 0, 風向角度: 85.6, 風向: 東
2025-07-07 12:06:10 - ModbusReader - INFO - 風速: 0.0 m/s, 風級: 0, 風向角度: 85.6, 風向: 東
2025-07-07 12:06:40 - ModbusReader - INFO - 風速: 0.0 m/s, 風級: 0, 風向角度: 316.7, 風向: 西北
2025-07-07 12:06:41 - ModbusReader - INFO - 風速: 0.0 m/s, 風級: 0, 風向角度: 316.7, 風向: 西北
2025-07-07 12:07:11 - ModbusReader - INFO - 風速: 0.0 m/s, 風級: 0, 風向角度: 273.7, 風向: 西
2025-07-07 12:07:12 - ModbusReader - INFO - 風速: 0.0 m/s, 風級: 0, 風向角度: 1.2, 風向: 北
2025-07-07 12:07:43 - ModbusReader - INFO - 風速: 0.0 m/s, 風級: 0, 風向角度: 108.5, 風向: 東南東
2025-07-07 12:07:43 - ModbusReader - INFO - 風速: 0.0 m/s, 風級: 0, 風向角度: 108.5, 風向: 東南東
2025-07-07 12:08:14 - ModbusReader - INFO - 風速: 0.0 m/s, 風級: 0, 風向角度: 131.5, 風向: 東南
2025-07-07 12:08:14 - ModbusReader - INFO - 風速: 0.0 m/s, 風級: 0, 風向角度: 131.5, 風向: 東南
2025-07-07 12:08:45 - ModbusReader - INFO - 風速: 0.0 m/s, 風級: 0, 風向角度: 233.6, 風向: 西南
2025-07-07 12:08:46 - ModbusReader - INFO - 風速: 0.0 m/s, 風級: 0, 風向角度: 233.6, 風向: 西南
2025-07-07 12:09:16 - ModbusReader - INFO - 風速: 0.0 m/s, 風級: 0, 風向角度: 161.2, 風向: 南南東
2025-07-07 12:09:17 - ModbusReader - INFO - 風速: 0.0 m/s, 風級: 0, 風向角度: 161.2, 風向: 南南東
2025-07-07 12:09:47 - ModbusReader - INFO - 風速: 0.0 m/s, 風級: 0, 風向角度: 174.9, 風向: 南
2025-07-07 12:09:48 - ModbusReader - INFO - 風速: 0.0 m/s, 風級: 0, 風向角度: 174.9, 風向: 南
2025-07-07 12:10:19 - ModbusReader - INFO - 風速: 0.0 m/s, 風級: 0, 風向角度: 172.2, 風向: 南
2025-07-07 12:10:19 - ModbusReader - INFO - 風速: 0.0 m/s, 風級: 0, 風向角度: 172.2, 風向: 南
2025-07-07 12:10:50 - ModbusReader - INFO - 風速: 0.0 m/s, 風級: 0, 風向角度: 344.1, 風向: 北北西
2025-07-07 12:10:50 - ModbusReader - INFO - 風速: 0.0 m/s, 風級: 0, 風向角度: 344.1, 風向: 北北西
2025-07-07 12:11:21 - ModbusReader - INFO - 風速: 0.0 m/s, 風級: 0, 風向角度: 348.5, 風向: 北北西
2025-07-07 12:11:22 - ModbusReader - INFO - 風速: 0.0 m/s, 風級: 0, 風向角度: 348.5, 風向: 北北西
2025-07-07 12:11:52 - ModbusReader - INFO - 風速: 0.1 m/s, 風級: 0, 風向角度: 190.5, 風向: 南
2025-07-07 12:11:53 - ModbusReader - INFO - 風速: 0.1 m/s, 風級: 0, 風向角度: 190.5, 風向: 南
2025-07-07 12:12:23 - ModbusReader - INFO - 風速: 0.0 m/s, 風級: 0, 風向角度: 71.8, 風向: 東北東
2025-07-07 12:12:24 - ModbusReader - INFO - 風速: 0.0 m/s, 風級: 0, 風向角度: 71.8, 風向: 東北東
2025-07-07 12:12:55 - ModbusReader - INFO - 風速: 0.0 m/s, 風級: 0, 風向角度: 130.2, 風向: 東南
2025-07-07 12:12:55 - ModbusReader - INFO - 風速: 0.0 m/s, 風級: 0, 風向角度: 130.2, 風向: 東南
2025-07-07 12:13:26 - ModbusReader - INFO - 風速: 0.0 m/s, 風級: 0, 風向角度: 5.8, 風向: 北
2025-07-07 12:13:26 - ModbusReader - INFO - 風速: 0.0 m/s, 風級: 0, 風向角度: 5.8, 風向: 北
2025-07-07 12:13:57 - ModbusReader - INFO - 風速: 0.0 m/s, 風級: 0, 風向角度: 98.8, 風向: 東
2025-07-07 12:13:58 - ModbusReader - INFO - 風速: 0.0 m/s, 風級: 0, 風向角度: 98.8, 風向: 東
2025-07-07 12:14:28 - ModbusReader - INFO - 風速: 0.0 m/s, 風級: 0, 風向角度: 84.5, 風向: 東
2025-07-07 12:14:29 - ModbusReader - INFO - 風速: 0.0 m/s, 風級: 0, 風向角度: 88.7, 風向: 東
2025-07-07 12:14:59 - ModbusReader - INFO - 風速: 0.0 m/s, 風級: 0, 風向角度: 349.9, 風向: 北
2025-07-07 12:15:00 - ModbusReader - INFO - 風速: 0.0 m/s, 風級: 0, 風向角度: 349.9, 風向: 北
2025-07-07 12:15:31 - ModbusReader - INFO - 風速: 0.0 m/s, 風級: 0, 風向角度: 355.0, 風向: 北
2025-07-07 12:15:31 - ModbusReader - INFO - 風速: 0.0 m/s, 風級: 0, 風向角度: 355.0, 風向: 北
2025-07-07 12:16:02 - ModbusReader - INFO - 風速: 0.0 m/s, 風級: 0, 風向角度: 99.2, 風向: 東
2025-07-07 12:16:02 - ModbusReader - INFO - 風速: 0.0 m/s, 風級: 0, 風向角度: 99.2, 風向: 東
2025-07-07 12:16:33 - ModbusReader - INFO - 風速: 0.0 m/s, 風級: 0, 風向角度: 166.0, 風向: 南南東
2025-07-07 12:16:34 - ModbusReader - INFO - 風速: 0.0 m/s, 風級: 0, 風向角度: 166.0, 風向: 南南東
2025-07-07 12:17:04 - ModbusReader - INFO - 風速: 0.0 m/s, 風級: 0, 風向角度: 93.9, 風向: 東
2025-07-07 12:17:05 - ModbusReader - INFO - 風速: 0.0 m/s, 風級: 0, 風向角度: 93.9, 風向: 東
2025-07-07 12:17:35 - ModbusReader - INFO - 風速: 0.0 m/s, 風級: 0, 風向角度: 340.9, 風向: 北北西
2025-07-07 12:17:36 - ModbusReader - INFO - 風速: 0.0 m/s, 風級: 0, 風向角度: 340.9, 風向: 北北西
2025-07-07 12:18:07 - ModbusReader - INFO - 風速: 0.0 m/s, 風級: 0, 風向角度: 99.0, 風向: 東
2025-07-07 12:18:07 - ModbusReader - INFO - 風速: 0.0 m/s, 風級: 0, 風向角度: 99.0, 風向: 東
2025-07-07 12:18:38 - ModbusReader - INFO - 風速: 0.0 m/s, 風級: 0, 風向角度: 180.6, 風向: 南
2025-07-07 12:18:38 - ModbusReader - INFO - 風速: 0.0 m/s, 風級: 0, 風向角度: 180.6, 風向: 南
2025-07-07 12:19:09 - ModbusReader - INFO - 風速: 0.0 m/s, 風級: 0, 風向角度: 316.9, 風向: 西北
2025-07-07 12:19:10 - ModbusReader - INFO - 風速: 0.0 m/s, 風級: 0, 風向角度: 316.9, 風向: 西北
2025-07-07 12:19:40 - ModbusReader - INFO - 風速: 0.0 m/s, 風級: 0, 風向角度: 191.9, 風向: 南南西
2025-07-07 12:19:41 - ModbusReader - INFO - 風速: 0.0 m/s, 風級: 0, 風向角度: 191.9, 風向: 南南西
2025-07-07 12:20:11 - ModbusReader - INFO - 風速: 0.0 m/s, 風級: 0, 風向角度: 145.1, 風向: 東南
2025-07-07 12:20:12 - ModbusReader - INFO - 風速: 0.0 m/s, 風級: 0, 風向角度: 145.1, 風向: 東南
2025-07-07 12:20:43 - ModbusReader - INFO - 風速: 0.0 m/s, 風級: 0, 風向角度: 48.0, 風向: 東北
2025-07-07 12:20:43 - ModbusReader - INFO - 風速: 0.0 m/s, 風級: 0, 風向角度: 48.0, 風向: 東北
2025-07-07 12:21:14 - ModbusReader - INFO - 風速: 0.0 m/s, 風級: 0, 風向角度: 111.2, 風向: 東南東
2025-07-07 12:21:14 - ModbusReader - INFO - 風速: 0.0 m/s, 風級: 0, 風向角度: 111.2, 風向: 東南東
2025-07-07 12:21:45 - ModbusReader - INFO - 風速: 0.0 m/s, 風級: 0, 風向角度: 181.5, 風向: 南
2025-07-07 12:21:46 - ModbusReader - INFO - 風速: 0.0 m/s, 風級: 0, 風向角度: 151.2, 風向: 南南東
2025-07-07 12:22:16 - ModbusReader - INFO - 風速: 0.0 m/s, 風級: 0, 風向角度: 11.9, 風向: 北北東
2025-07-07 12:22:17 - ModbusReader - INFO - 風速: 0.0 m/s, 風級: 0, 風向角度: 11.9, 風向: 北北東
2025-07-07 12:22:47 - ModbusReader - INFO - 風速: 0.0 m/s, 風級: 0, 風向角度: 295.0, 風向: 西北西
2025-07-07 12:22:48 - ModbusReader - INFO - 風速: 0.0 m/s, 風級: 0, 風向角度: 295.0, 風向: 西北西
2025-07-07 12:23:19 - ModbusReader - INFO - 風速: 0.0 m/s, 風級: 0, 風向角度: 55.7, 風向: 東北
2025-07-07 12:23:19 - ModbusReader - INFO - 風速: 0.0 m/s, 風級: 0, 風向角度: 55.7, 風向: 東北
2025-07-07 12:23:50 - ModbusReader - INFO - 風速: 0.0 m/s, 風級: 0, 風向角度: 311.6, 風向: 西北
2025-07-07 12:23:50 - ModbusReader - INFO - 風速: 0.0 m/s, 風級: 0, 風向角度: 311.6, 風向: 西北
2025-07-07 12:24:21 - ModbusReader - INFO - 風速: 0.0 m/s, 風級: 0, 風向角度: 337.5, 風向: 北北西
2025-07-07 12:24:22 - ModbusReader - INFO - 風速: 0.0 m/s, 風級: 0, 風向角度: 337.5, 風向: 北北西
2025-07-07 12:24:52 - ModbusReader - INFO - 風速: 0.0 m/s, 風級: 0, 風向角度: 355.6, 風向: 北
2025-07-07 12:24:53 - ModbusReader - INFO - 風速: 0.0 m/s, 風級: 0, 風向角度: 355.6, 風向: 北
2025-07-07 12:25:23 - ModbusReader - INFO - 風速: 0.0 m/s, 風級: 0, 風向角度: 350.3, 風向: 北
2025-07-07 12:25:24 - ModbusReader - INFO - 風速: 0.0 m/s, 風級: 0, 風向角度: 350.3, 風向: 北
2025-07-07 12:25:55 - ModbusReader - INFO - 風速: 0.1 m/s, 風級: 0, 風向角度: 297.8, 風向: 西北西
2025-07-07 12:25:55 - ModbusReader - INFO - 風速: 0.1 m/s, 風級: 0, 風向角度: 297.8, 風向: 西北西
2025-07-07 12:26:26 - ModbusReader - INFO - 風速: 0.6 m/s, 風級: 1, 風向角度: 68.3, 風向: 東北東
2025-07-07 12:26:26 - ModbusReader - INFO - 風速: 0.6 m/s, 風級: 1, 風向角度: 68.3, 風向: 東北東
2025-07-07 12:26:57 - ModbusReader - INFO - 風速: 0.7 m/s, 風級: 1, 風向角度: 348.3, 風向: 北北西
2025-07-07 12:26:58 - ModbusReader - INFO - 風速: 0.7 m/s, 風級: 1, 風向角度: 348.3, 風向: 北北西
2025-07-07 12:27:28 - ModbusReader - INFO - 風速: 0.7 m/s, 風級: 1, 風向角度: 25.7, 風向: 北北東
2025-07-07 12:27:29 - ModbusReader - INFO - 風速: 0.7 m/s, 風級: 1, 風向角度: 25.7, 風向: 北北東
2025-07-07 12:27:59 - ModbusReader - INFO - 風速: 0.0 m/s, 風級: 0, 風向角度: 79.2, 風向: 東
2025-07-07 12:28:00 - ModbusReader - INFO - 風速: 0.0 m/s, 風級: 0, 風向角度: 79.2, 風向: 東
2025-07-07 12:28:31 - ModbusReader - INFO - 風速: 0.0 m/s, 風級: 0, 風向角度: 315.8, 風向: 西北
2025-07-07 12:28:31 - ModbusReader - INFO - 風速: 0.0 m/s, 風級: 0, 風向角度: 315.8, 風向: 西北
2025-07-07 12:29:02 - ModbusReader - INFO - 風速: 0.0 m/s, 風級: 0, 風向角度: 185.7, 風向: 南
2025-07-07 12:29:02 - ModbusReader - INFO - 風速: 0.0 m/s, 風級: 0, 風向角度: 31.6, 風向: 北北東
2025-07-07 12:29:33 - ModbusReader - INFO - 風速: 0.0 m/s, 風級: 0, 風向角度: 135.0, 風向: 東南
2025-07-07 12:29:34 - ModbusReader - INFO - 風速: 0.0 m/s, 風級: 0, 風向角度: 135.0, 風向: 東南
2025-07-07 12:30:04 - ModbusReader - INFO - 風速: 0.0 m/s, 風級: 0, 風向角度: 346.8, 風向: 北北西
2025-07-07 12:30:05 - ModbusReader - INFO - 風速: 0.0 m/s, 風級: 0, 風向角度: 346.8, 風向: 北北西
2025-07-07 12:30:35 - ModbusReader - INFO - 風速: 0.0 m/s, 風級: 0, 風向角度: 249.8, 風向: 西南西
2025-07-07 12:30:36 - ModbusReader - INFO - 風速: 0.0 m/s, 風級: 0, 風向角度: 249.8, 風向: 西南西
2025-07-07 12:31:07 - ModbusReader - INFO - 風速: 0.1 m/s, 風級: 0, 風向角度: 339.9, 風向: 北北西
2025-07-07 12:31:07 - ModbusReader - INFO - 風速: 0.1 m/s, 風級: 0, 風向角度: 339.9, 風向: 北北西
2025-07-07 12:31:38 - ModbusReader - INFO - 風速: 0.4 m/s, 風級: 1, 風向角度: 329.0, 風向: 北北西
2025-07-07 12:31:38 - ModbusReader - INFO - 風速: 0.4 m/s, 風級: 1, 風向角度: 329.0, 風向: 北北西
2025-07-07 12:32:09 - ModbusReader - INFO - 風速: 0.0 m/s, 風級: 0, 風向角度: 173.8, 風向: 南
2025-07-07 12:32:10 - ModbusReader - INFO - 風速: 0.0 m/s, 風級: 0, 風向角度: 173.8, 風向: 南
2025-07-07 12:32:40 - ModbusReader - INFO - 風速: 0.0 m/s, 風級: 0, 風向角度: 33.1, 風向: 北北東
2025-07-07 12:32:41 - ModbusReader - INFO - 風速: 0.0 m/s, 風級: 0, 風向角度: 33.1, 風向: 北北東
2025-07-07 12:33:11 - ModbusReader - INFO - 風速: 0.0 m/s, 風級: 0, 風向角度: 172.7, 風向: 南
2025-07-07 12:33:12 - ModbusReader - INFO - 風速: 0.0 m/s, 風級: 0, 風向角度: 172.7, 風向: 南
2025-07-07 12:33:43 - ModbusReader - INFO - 風速: 0.0 m/s, 風級: 0, 風向角度: 206.1, 風向: 南南西
2025-07-07 12:33:43 - ModbusReader - INFO - 風速: 0.0 m/s, 風級: 0, 風向角度: 206.1, 風向: 南南西
2025-07-07 12:34:14 - ModbusReader - INFO - 風速: 0.0 m/s, 風級: 0, 風向角度: 290.0, 風向: 西北西
2025-07-07 12:34:14 - ModbusReader - INFO - 風速: 0.0 m/s, 風級: 0, 風向角度: 290.0, 風向: 西北西
2025-07-07 12:34:45 - ModbusReader - INFO - 風速: 0.8 m/s, 風級: 1, 風向角度: 341.8, 風向: 北北西
2025-07-07 12:34:46 - ModbusReader - INFO - 風速: 0.8 m/s, 風級: 1, 風向角度: 341.8, 風向: 北北西
2025-07-07 12:35:16 - ModbusReader - INFO - 風速: 1.0 m/s, 風級: 1, 風向角度: 300.9, 風向: 西北西
2025-07-07 12:35:17 - ModbusReader - INFO - 風速: 1.0 m/s, 風級: 1, 風向角度: 300.9, 風向: 西北西
2025-07-07 12:35:47 - ModbusReader - INFO - 風速: 0.0 m/s, 風級: 0, 風向角度: 287.6, 風向: 西北西
2025-07-07 12:35:48 - ModbusReader - INFO - 風速: 0.0 m/s, 風級: 0, 風向角度: 287.6, 風向: 西北西
2025-07-07 12:36:19 - ModbusReader - INFO - 風速: 0.0 m/s, 風級: 0, 風向角度: 311.0, 風向: 西北
2025-07-07 12:36:19 - ModbusReader - INFO - 風速: 0.0 m/s, 風級: 0, 風向角度: 260.9, 風向: 西
2025-07-07 12:36:50 - ModbusReader - INFO - 風速: 0.6 m/s, 風級: 1, 風向角度: 244.9, 風向: 西南西
2025-07-07 12:36:50 - ModbusReader - INFO - 風速: 0.6 m/s, 風級: 1, 風向角度: 244.9, 風向: 西南西
2025-07-07 12:37:21 - ModbusReader - INFO - 風速: 0.0 m/s, 風級: 0, 風向角度: 345.1, 風向: 北北西
2025-07-07 12:37:22 - ModbusReader - INFO - 風速: 0.0 m/s, 風級: 0, 風向角度: 345.1, 風向: 北北西
2025-07-07 12:37:52 - ModbusReader - INFO - 風速: 0.0 m/s, 風級: 0, 風向角度: 309.4, 風向: 西北
2025-07-07 12:37:53 - ModbusReader - INFO - 風速: 0.0 m/s, 風級: 0, 風向角度: 309.4, 風向: 西北
2025-07-07 12:38:23 - ModbusReader - INFO - 風速: 0.0 m/s, 風級: 0, 風向角度: 85.8, 風向: 東
2025-07-07 12:38:24 - ModbusReader - INFO - 風速: 0.0 m/s, 風級: 0, 風向角度: 85.8, 風向: 東
2025-07-07 12:38:55 - ModbusReader - INFO - 風速: 0.0 m/s, 風級: 0, 風向角度: 10.9, 風向: 北
2025-07-07 12:38:55 - ModbusReader - INFO - 風速: 0.0 m/s, 風級: 0, 風向角度: 10.9, 風向: 北
2025-07-07 12:39:26 - ModbusReader - INFO - 風速: 0.0 m/s, 風級: 0, 風向角度: 349.8, 風向: 北
2025-07-07 12:39:26 - ModbusReader - INFO - 風速: 0.0 m/s, 風級: 0, 風向角度: 349.8, 風向: 北
2025-07-07 12:39:57 - ModbusReader - INFO - 風速: 0.0 m/s, 風級: 0, 風向角度: 97.9, 風向: 東
2025-07-07 12:39:58 - ModbusReader - INFO - 風速: 0.0 m/s, 風級: 0, 風向角度: 97.9, 風向: 東
2025-07-07 12:40:28 - ModbusReader - INFO - 風速: 0.0 m/s, 風級: 0, 風向角度: 146.8, 風向: 南南東
2025-07-07 12:40:29 - ModbusReader - INFO - 風速: 0.0 m/s, 風級: 0, 風向角度: 146.8, 風向: 南南東
2025-07-07 12:40:59 - ModbusReader - INFO - 風速: 0.0 m/s, 風級: 0, 風向角度: 209.4, 風向: 南南西
2025-07-07 12:41:00 - ModbusReader - INFO - 風速: 0.0 m/s, 風級: 0, 風向角度: 209.4, 風向: 南南西
2025-07-07 12:41:31 - ModbusReader - INFO - 風速: 0.0 m/s, 風級: 0, 風向角度: 251.9, 風向: 西南西
2025-07-07 12:41:31 - ModbusReader - INFO - 風速: 0.0 m/s, 風級: 0, 風向角度: 251.9, 風向: 西南西
2025-07-07 12:42:02 - ModbusReader - INFO - 風速: 0.0 m/s, 風級: 0, 風向角度: 196.6, 風向: 南南西
2025-07-07 12:42:02 - ModbusReader - INFO - 風速: 0.0 m/s, 風級: 0, 風向角度: 196.6, 風向: 南南西
2025-07-07 12:42:33 - ModbusReader - INFO - 風速: 0.0 m/s, 風級: 0, 風向角度: 31.7, 風向: 北北東
2025-07-07 12:42:34 - ModbusReader - INFO - 風速: 0.0 m/s, 風級: 0, 風向角度: 31.7, 風向: 北北東
2025-07-07 12:43:04 - ModbusReader - INFO - 風速: 0.4 m/s, 風級: 1, 風向角度: 143.0, 風向: 東南
2025-07-07 12:43:05 - ModbusReader - INFO - 風速: 0.4 m/s, 風級: 1, 風向角度: 143.0, 風向: 東南
2025-07-07 12:43:35 - ModbusReader - INFO - 風速: 0.2 m/s, 風級: 0, 風向角度: 103.6, 風向: 東南東
2025-07-07 12:43:36 - ModbusReader - INFO - 風速: 0.4 m/s, 風級: 1, 風向角度: 190.1, 風向: 南
2025-07-07 12:44:07 - ModbusReader - INFO - 風速: 0.0 m/s, 風級: 0, 風向角度: 239.6, 風向: 西南西
2025-07-07 12:44:07 - ModbusReader - INFO - 風速: 0.0 m/s, 風級: 0, 風向角度: 239.6, 風向: 西南西
2025-07-07 12:44:38 - ModbusReader - INFO - 風速: 0.0 m/s, 風級: 0, 風向角度: 89.1, 風向: 東
2025-07-07 12:44:38 - ModbusReader - INFO - 風速: 0.0 m/s, 風級: 0, 風向角度: 89.1, 風向: 東
2025-07-07 12:45:09 - ModbusReader - INFO - 風速: 0.0 m/s, 風級: 0, 風向角度: 286.0, 風向: 西北西
2025-07-07 12:45:10 - ModbusReader - INFO - 風速: 0.0 m/s, 風級: 0, 風向角度: 286.0, 風向: 西北西
2025-07-07 12:45:40 - ModbusReader - INFO - 風速: 0.0 m/s, 風級: 0, 風向角度: 87.5, 風向: 東
2025-07-07 12:45:41 - ModbusReader - INFO - 風速: 0.0 m/s, 風級: 0, 風向角度: 87.5, 風向: 東
2025-07-07 12:46:11 - ModbusReader - INFO - 風速: 0.0 m/s, 風級: 0, 風向角度: 80.5, 風向: 東
2025-07-07 12:46:12 - ModbusReader - INFO - 風速: 0.0 m/s, 風級: 0, 風向角度: 80.5, 風向: 東
2025-07-07 12:46:43 - ModbusReader - INFO - 風速: 0.0 m/s, 風級: 0, 風向角度: 171.6, 風向: 南
2025-07-07 12:46:43 - ModbusReader - INFO - 風速: 0.0 m/s, 風級: 0, 風向角度: 171.6, 風向: 南
2025-07-07 12:47:14 - ModbusReader - INFO - 風速: 0.0 m/s, 風級: 0, 風向角度: 121.4, 風向: 東南東
2025-07-07 12:47:14 - ModbusReader - INFO - 風速: 0.0 m/s, 風級: 0, 風向角度: 121.4, 風向: 東南東
2025-07-07 12:47:45 - ModbusReader - INFO - 風速: 0.0 m/s, 風級: 0, 風向角度: 323.8, 風向: 西北
2025-07-07 12:47:46 - ModbusReader - INFO - 風速: 0.0 m/s, 風級: 0, 風向角度: 323.8, 風向: 西北
2025-07-07 12:48:16 - ModbusReader - INFO - 風速: 0.0 m/s, 風級: 0, 風向角度: 203.4, 風向: 南南西
2025-07-07 12:48:17 - ModbusReader - INFO - 風速: 0.0 m/s, 風級: 0, 風向角度: 203.4, 風向: 南南西
2025-07-07 12:48:47 - ModbusReader - INFO - 風速: 0.0 m/s, 風級: 0, 風向角度: 144.6, 風向: 東南
2025-07-07 12:48:48 - ModbusReader - INFO - 風速: 0.0 m/s, 風級: 0, 風向角度: 144.6, 風向: 東南
2025-07-07 12:49:18 - ModbusReader - INFO - 風速: 0.0 m/s, 風級: 0, 風向角度: 127.1, 風向: 東南
2025-07-07 12:49:19 - ModbusReader - INFO - 風速: 0.0 m/s, 風級: 0, 風向角度: 127.1, 風向: 東南
2025-07-07 12:49:50 - ModbusReader - INFO - 風速: 0.5 m/s, 風級: 1, 風向角度: 4.2, 風向: 北
2025-07-07 12:49:50 - ModbusReader - INFO - 風速: 0.5 m/s, 風級: 1, 風向角度: 4.2, 風向: 北
2025-07-07 12:50:21 - ModbusReader - INFO - 風速: 0.0 m/s, 風級: 0, 風向角度: 150.3, 風向: 南南東
2025-07-07 12:50:21 - ModbusReader - INFO - 風速: 0.0 m/s, 風級: 0, 風向角度: 150.3, 風向: 南南東
2025-07-07 12:50:52 - ModbusReader - INFO - 風速: 0.0 m/s, 風級: 0, 風向角度: 124.4, 風向: 東南
2025-07-07 12:50:53 - ModbusReader - INFO - 風速: 0.0 m/s, 風級: 0, 風向角度: 124.4, 風向: 東南
2025-07-07 12:51:23 - ModbusReader - INFO - 風速: 0.0 m/s, 風級: 0, 風向角度: 324.1, 風向: 西北
2025-07-07 12:51:24 - ModbusReader - INFO - 風速: 0.0 m/s, 風級: 0, 風向角度: 324.1, 風向: 西北
2025-07-07 12:51:54 - ModbusReader - INFO - 風速: 0.0 m/s, 風級: 0, 風向角度: 284.1, 風向: 西北西
2025-07-07 12:51:55 - ModbusReader - INFO - 風速: 0.0 m/s, 風級: 0, 風向角度: 284.1, 風向: 西北西
2025-07-07 12:52:26 - ModbusReader - INFO - 風速: 0.0 m/s, 風級: 0, 風向角度: 241.7, 風向: 西南西
2025-07-07 12:52:26 - ModbusReader - INFO - 風速: 0.0 m/s, 風級: 0, 風向角度: 241.7, 風向: 西南西
2025-07-07 12:52:57 - ModbusReader - INFO - 風速: 0.0 m/s, 風級: 0, 風向角度: 336.8, 風向: 北北西
2025-07-07 12:52:57 - ModbusReader - INFO - 風速: 0.0 m/s, 風級: 0, 風向角度: 336.8, 風向: 北北西
2025-07-07 12:53:28 - ModbusReader - INFO - 風速: 0.0 m/s, 風級: 0, 風向角度: 49.3, 風向: 東北
2025-07-07 12:53:29 - ModbusReader - INFO - 風速: 0.0 m/s, 風級: 0, 風向角度: 49.3, 風向: 東北
2025-07-07 12:53:59 - ModbusReader - INFO - 風速: 0.0 m/s, 風級: 0, 風向角度: 112.8, 風向: 東南東
2025-07-07 12:54:00 - ModbusReader - INFO - 風速: 0.0 m/s, 風級: 0, 風向角度: 112.8, 風向: 東南東
2025-07-07 12:54:30 - ModbusReader - INFO - 風速: 0.0 m/s, 風級: 0, 風向角度: 190.4, 風向: 南
2025-07-07 12:54:31 - ModbusReader - INFO - 風速: 0.0 m/s, 風級: 0, 風向角度: 190.4, 風向: 南
2025-07-07 12:55:02 - ModbusReader - INFO - 風速: 0.0 m/s, 風級: 0, 風向角度: 325.9, 風向: 西北
2025-07-07 12:55:02 - ModbusReader - INFO - 風速: 0.0 m/s, 風級: 0, 風向角度: 325.9, 風向: 西北
2025-07-07 12:55:33 - ModbusReader - INFO - 風速: 0.0 m/s, 風級: 0, 風向角度: 80.6, 風向: 東
2025-07-07 12:55:33 - ModbusReader - INFO - 風速: 0.0 m/s, 風級: 0, 風向角度: 80.6, 風向: 東
2025-07-07 12:56:04 - ModbusReader - INFO - 風速: 0.0 m/s, 風級: 0, 風向角度: 32.1, 風向: 北北東
2025-07-07 12:56:05 - ModbusReader - INFO - 風速: 0.0 m/s, 風級: 0, 風向角度: 32.1, 風向: 北北東
2025-07-07 12:56:35 - ModbusReader - INFO - 風速: 0.0 m/s, 風級: 0, 風向角度: 200.6, 風向: 南南西
2025-07-07 12:56:36 - ModbusReader - INFO - 風速: 0.0 m/s, 風級: 0, 風向角度: 200.6, 風向: 南南西
2025-07-07 12:57:06 - ModbusReader - INFO - 風速: 0.0 m/s, 風級: 0, 風向角度: 176.3, 風向: 南
2025-07-07 12:57:07 - ModbusReader - INFO - 風速: 0.0 m/s, 風級: 0, 風向角度: 176.3, 風向: 南
2025-07-07 12:57:38 - ModbusReader - INFO - 風速: 0.0 m/s, 風級: 0, 風向角度: 339.8, 風向: 北北西
2025-07-07 12:57:38 - ModbusReader - INFO - 風速: 0.0 m/s, 風級: 0, 風向角度: 339.8, 風向: 北北西
2025-07-07 12:58:09 - ModbusReader - INFO - 風速: 0.0 m/s, 風級: 0, 風向角度: 159.2, 風向: 南南東
2025-07-07 12:58:09 - ModbusReader - INFO - 風速: 0.0 m/s, 風級: 0, 風向角度: 159.2, 風向: 南南東
2025-07-07 12:58:40 - ModbusReader - INFO - 風速: 0.0 m/s, 風級: 0, 風向角度: 104.9, 風向: 東南東
2025-07-07 12:58:41 - ModbusReader - INFO - 風速: 0.0 m/s, 風級: 0, 風向角度: 104.9, 風向: 東南東
2025-07-07 12:59:11 - ModbusReader - INFO - 風速: 0.0 m/s, 風級: 0, 風向角度: 347.1, 風向: 北北西
2025-07-07 12:59:12 - ModbusReader - INFO - 風速: 0.0 m/s, 風級: 0, 風向角度: 347.1, 風向: 北北西
2025-07-07 12:59:42 - ModbusReader - INFO - 風速: 0.0 m/s, 風級: 0, 風向角度: 90.8, 風向: 東
2025-07-07 12:59:43 - ModbusReader - INFO - 風速: 0.0 m/s, 風級: 0, 風向角度: 90.8, 風向: 東
2025-07-07 13:00:14 - ModbusReader - INFO - 風速: 0.0 m/s, 風級: 0, 風向角度: 174.4, 風向: 南
2025-07-07 13:00:14 - ModbusReader - INFO - 風速: 0.0 m/s, 風級: 0, 風向角度: 174.4, 風向: 南
2025-07-07 13:00:45 - ModbusReader - INFO - 風速: 0.0 m/s, 風級: 0, 風向角度: 133.1, 風向: 東南
2025-07-07 13:00:45 - ModbusReader - INFO - 風速: 0.0 m/s, 風級: 0, 風向角度: 133.1, 風向: 東南
2025-07-07 13:01:16 - ModbusReader - INFO - 風速: 0.0 m/s, 風級: 0, 風向角度: 252.2, 風向: 西南西
2025-07-07 13:01:17 - ModbusReader - INFO - 風速: 0.0 m/s, 風級: 0, 風向角度: 252.2, 風向: 西南西
2025-07-07 13:01:47 - ModbusReader - INFO - 風速: 0.0 m/s, 風級: 0, 風向角度: 116.1, 風向: 東南東
2025-07-07 13:01:48 - ModbusReader - INFO - 風速: 0.0 m/s, 風級: 0, 風向角度: 116.1, 風向: 東南東
2025-07-07 13:02:18 - ModbusReader - INFO - 風速: 0.0 m/s, 風級: 0, 風向角度: 341.8, 風向: 北北西
2025-07-07 13:02:19 - ModbusReader - INFO - 風速: 0.0 m/s, 風級: 0, 風向角度: 341.8, 風向: 北北西
2025-07-07 13:02:50 - ModbusReader - INFO - 風速: 0.0 m/s, 風級: 0, 風向角度: 84.3, 風向: 東
2025-07-07 13:02:50 - ModbusReader - INFO - 風速: 0.0 m/s, 風級: 0, 風向角度: 84.3, 風向: 東
2025-07-07 13:03:21 - ModbusReader - INFO - 風速: 0.0 m/s, 風級: 0, 風向角度: 129.2, 風向: 東南
2025-07-07 13:03:21 - ModbusReader - INFO - 風速: 0.0 m/s, 風級: 0, 風向角度: 129.2, 風向: 東南
2025-07-07 13:03:52 - ModbusReader - INFO - 風速: 0.0 m/s, 風級: 0, 風向角度: 2.6, 風向: 北
2025-07-07 13:03:53 - ModbusReader - INFO - 風速: 0.0 m/s, 風級: 0, 風向角度: 2.6, 風向: 北
2025-07-07 13:04:23 - ModbusReader - INFO - 風速: 0.0 m/s, 風級: 0, 風向角度: 205.9, 風向: 南南西
2025-07-07 13:04:24 - ModbusReader - INFO - 風速: 0.0 m/s, 風級: 0, 風向角度: 205.9, 風向: 南南西
2025-07-07 13:04:54 - ModbusReader - INFO - 風速: 0.0 m/s, 風級: 0, 風向角度: 221.7, 風向: 西南
2025-07-07 13:04:55 - ModbusReader - INFO - 風速: 0.0 m/s, 風級: 0, 風向角度: 325.9, 風向: 西北
2025-07-07 13:05:26 - ModbusReader - INFO - 風速: 0.0 m/s, 風級: 0, 風向角度: 152.4, 風向: 南南東
2025-07-07 13:05:26 - ModbusReader - INFO - 風速: 0.0 m/s, 風級: 0, 風向角度: 152.4, 風向: 南南東
2025-07-07 13:05:57 - ModbusReader - INFO - 風速: 0.0 m/s, 風級: 0, 風向角度: 337.3, 風向: 北北西
2025-07-07 13:05:57 - ModbusReader - INFO - 風速: 0.0 m/s, 風級: 0, 風向角度: 337.3, 風向: 北北西
2025-07-07 13:06:28 - ModbusReader - INFO - 風速: 0.0 m/s, 風級: 0, 風向角度: 316.8, 風向: 西北
2025-07-07 13:06:29 - ModbusReader - INFO - 風速: 0.0 m/s, 風級: 0, 風向角度: 316.8, 風向: 西北
2025-07-07 13:06:59 - ModbusReader - INFO - 風速: 0.0 m/s, 風級: 0, 風向角度: 348.9, 風向: 北
2025-07-07 13:07:00 - ModbusReader - INFO - 風速: 0.0 m/s, 風級: 0, 風向角度: 348.9, 風向: 北
2025-07-07 13:07:30 - ModbusReader - INFO - 風速: 0.0 m/s, 風級: 0, 風向角度: 142.2, 風向: 東南
2025-07-07 13:07:31 - ModbusReader - INFO - 風速: 0.0 m/s, 風級: 0, 風向角度: 142.2, 風向: 東南
2025-07-07 13:08:02 - ModbusReader - INFO - 風速: 0.0 m/s, 風級: 0, 風向角度: 131.1, 風向: 東南
2025-07-07 13:08:02 - ModbusReader - INFO - 風速: 0.0 m/s, 風級: 0, 風向角度: 131.1, 風向: 東南
2025-07-07 13:08:33 - ModbusReader - INFO - 風速: 0.1 m/s, 風級: 0, 風向角度: 45.0, 風向: 東北
2025-07-07 13:08:33 - ModbusReader - INFO - 風速: 0.1 m/s, 風級: 0, 風向角度: 45.0, 風向: 東北
2025-07-07 13:09:04 - ModbusReader - INFO - 風速: 0.0 m/s, 風級: 0, 風向角度: 261.7, 風向: 西
2025-07-07 13:09:05 - ModbusReader - INFO - 風速: 0.0 m/s, 風級: 0, 風向角度: 261.7, 風向: 西
2025-07-07 13:09:35 - ModbusReader - INFO - 風速: 0.0 m/s, 風級: 0, 風向角度: 124.7, 風向: 東南
2025-07-07 13:09:36 - ModbusReader - INFO - 風速: 0.0 m/s, 風級: 0, 風向角度: 124.7, 風向: 東南
2025-07-07 13:10:06 - ModbusReader - INFO - 風速: 0.2 m/s, 風級: 0, 風向角度: 190.1, 風向: 南
2025-07-07 13:10:07 - ModbusReader - INFO - 風速: 0.2 m/s, 風級: 0, 風向角度: 190.1, 風向: 南
2025-07-07 13:10:38 - ModbusReader - INFO - 風速: 0.4 m/s, 風級: 1, 風向角度: 185.6, 風向: 南
2025-07-07 13:10:38 - ModbusReader - INFO - 風速: 0.4 m/s, 風級: 1, 風向角度: 185.6, 風向: 南
2025-07-07 13:11:09 - ModbusReader - INFO - 風速: 0.0 m/s, 風級: 0, 風向角度: 163.9, 風向: 南南東
2025-07-07 13:11:09 - ModbusReader - INFO - 風速: 0.0 m/s, 風級: 0, 風向角度: 163.9, 風向: 南南東
2025-07-07 13:11:40 - ModbusReader - INFO - 風速: 0.0 m/s, 風級: 0, 風向角度: 352.6, 風向: 北
2025-07-07 13:11:41 - ModbusReader - INFO - 風速: 0.0 m/s, 風級: 0, 風向角度: 352.6, 風向: 北
2025-07-07 13:12:11 - ModbusReader - INFO - 風速: 0.0 m/s, 風級: 0, 風向角度: 178.3, 風向: 南
2025-07-07 13:12:12 - ModbusReader - INFO - 風速: 0.0 m/s, 風級: 0, 風向角度: 306.9, 風向: 西北
2025-07-07 13:12:42 - ModbusReader - INFO - 風速: 0.0 m/s, 風級: 0, 風向角度: 226.5, 風向: 西南
2025-07-07 13:12:43 - ModbusReader - INFO - 風速: 0.0 m/s, 風級: 0, 風向角度: 226.5, 風向: 西南
2025-07-07 13:13:14 - ModbusReader - INFO - 風速: 0.0 m/s, 風級: 0, 風向角度: 33.2, 風向: 北北東
2025-07-07 13:13:14 - ModbusReader - INFO - 風速: 0.0 m/s, 風級: 0, 風向角度: 33.2, 風向: 北北東
2025-07-07 13:13:45 - ModbusReader - INFO - 風速: 0.0 m/s, 風級: 0, 風向角度: 9.7, 風向: 北
2025-07-07 13:13:45 - ModbusReader - INFO - 風速: 0.0 m/s, 風級: 0, 風向角度: 9.7, 風向: 北
2025-07-07 13:14:16 - ModbusReader - INFO - 風速: 0.4 m/s, 風級: 1, 風向角度: 71.0, 風向: 東北東
2025-07-07 13:14:17 - ModbusReader - INFO - 風速: 0.4 m/s, 風級: 1, 風向角度: 71.0, 風向: 東北東
2025-07-07 13:14:47 - ModbusReader - INFO - 風速: 0.0 m/s, 風級: 0, 風向角度: 246.5, 風向: 西南西
2025-07-07 13:14:48 - ModbusReader - INFO - 風速: 0.0 m/s, 風級: 0, 風向角度: 246.5, 風向: 西南西
2025-07-07 13:15:18 - ModbusReader - INFO - 風速: 0.0 m/s, 風級: 0, 風向角度: 170.5, 風向: 南
2025-07-07 13:15:19 - ModbusReader - INFO - 風速: 0.0 m/s, 風級: 0, 風向角度: 170.5, 風向: 南
2025-07-07 13:15:50 - ModbusReader - INFO - 風速: 0.0 m/s, 風級: 0, 風向角度: 73.3, 風向: 東北東
2025-07-07 13:15:50 - ModbusReader - INFO - 風速: 0.0 m/s, 風級: 0, 風向角度: 73.3, 風向: 東北東
2025-07-07 13:16:21 - ModbusReader - INFO - 風速: 0.0 m/s, 風級: 0, 風向角度: 159.4, 風向: 南南東
2025-07-07 13:16:21 - ModbusReader - INFO - 風速: 0.0 m/s, 風級: 0, 風向角度: 159.4, 風向: 南南東
2025-07-07 13:16:52 - ModbusReader - INFO - 風速: 0.0 m/s, 風級: 0, 風向角度: 178.3, 風向: 南
2025-07-07 13:16:53 - ModbusReader - INFO - 風速: 0.0 m/s, 風級: 0, 風向角度: 178.3, 風向: 南
2025-07-07 13:17:23 - ModbusReader - INFO - 風速: 0.5 m/s, 風級: 1, 風向角度: 63.3, 風向: 東北東
2025-07-07 13:17:24 - ModbusReader - INFO - 風速: 0.5 m/s, 風級: 1, 風向角度: 63.3, 風向: 東北東
2025-07-07 13:17:54 - ModbusReader - INFO - 風速: 0.5 m/s, 風級: 1, 風向角度: 357.5, 風向: 北
2025-07-07 13:17:55 - ModbusReader - INFO - 風速: 0.5 m/s, 風級: 1, 風向角度: 357.5, 風向: 北
2025-07-07 13:18:26 - ModbusReader - INFO - 風速: 0.2 m/s, 風級: 0, 風向角度: 164.0, 風向: 南南東
2025-07-07 13:18:26 - ModbusReader - INFO - 風速: 0.2 m/s, 風級: 0, 風向角度: 164.0, 風向: 南南東
2025-07-07 13:18:57 - ModbusReader - INFO - 風速: 0.0 m/s, 風級: 0, 風向角度: 91.7, 風向: 東
2025-07-07 13:18:57 - ModbusReader - INFO - 風速: 0.0 m/s, 風級: 0, 風向角度: 91.7, 風向: 東
2025-07-07 13:19:28 - ModbusReader - INFO - 風速: 0.0 m/s, 風級: 0, 風向角度: 84.2, 風向: 東
2025-07-07 13:19:29 - ModbusReader - INFO - 風速: 0.0 m/s, 風級: 0, 風向角度: 170.8, 風向: 南
2025-07-07 13:19:59 - ModbusReader - INFO - 風速: 0.0 m/s, 風級: 0, 風向角度: 53.3, 風向: 東北
2025-07-07 13:20:00 - ModbusReader - INFO - 風速: 0.0 m/s, 風級: 0, 風向角度: 53.3, 風向: 東北
2025-07-07 13:20:30 - ModbusReader - INFO - 風速: 0.5 m/s, 風級: 1, 風向角度: 147.7, 風向: 南南東
2025-07-07 13:20:31 - ModbusReader - INFO - 風速: 0.5 m/s, 風級: 1, 風向角度: 147.7, 風向: 南南東
2025-07-07 13:21:02 - ModbusReader - INFO - 風速: 0.4 m/s, 風級: 1, 風向角度: 257.0, 風向: 西南西
2025-07-07 13:21:02 - ModbusReader - INFO - 風速: 0.4 m/s, 風級: 1, 風向角度: 257.0, 風向: 西南西
2025-07-07 13:21:33 - ModbusReader - INFO - 風速: 0.6 m/s, 風級: 1, 風向角度: 106.9, 風向: 東南東
2025-07-07 13:21:33 - ModbusReader - INFO - 風速: 0.6 m/s, 風級: 1, 風向角度: 106.9, 風向: 東南東
2025-07-07 13:22:04 - ModbusReader - INFO - 風速: 0.6 m/s, 風級: 1, 風向角度: 0.1, 風向: 北
2025-07-07 13:22:05 - ModbusReader - INFO - 風速: 0.6 m/s, 風級: 1, 風向角度: 0.1, 風向: 北
2025-07-07 13:22:35 - ModbusReader - INFO - 風速: 1.4 m/s, 風級: 1, 風向角度: 173.6, 風向: 南
2025-07-07 13:22:36 - ModbusReader - INFO - 風速: 1.4 m/s, 風級: 1, 風向角度: 173.6, 風向: 南
2025-07-07 13:23:06 - ModbusReader - INFO - 風速: 0.7 m/s, 風級: 1, 風向角度: 349.0, 風向: 北
2025-07-07 13:23:07 - ModbusReader - INFO - 風速: 0.7 m/s, 風級: 1, 風向角度: 349.0, 風向: 北
2025-07-07 13:23:38 - ModbusReader - INFO - 風速: 1.1 m/s, 風級: 1, 風向角度: 259.2, 風向: 西
2025-07-07 13:23:38 - ModbusReader - INFO - 風速: 1.1 m/s, 風級: 1, 風向角度: 259.2, 風向: 西
2025-07-07 13:24:09 - ModbusReader - INFO - 風速: 0.9 m/s, 風級: 1, 風向角度: 115.2, 風向: 東南東
2025-07-07 13:24:09 - ModbusReader - INFO - 風速: 0.9 m/s, 風級: 1, 風向角度: 115.2, 風向: 東南東
2025-07-07 13:24:40 - ModbusReader - INFO - 風速: 1.6 m/s, 風級: 2, 風向角度: 205.4, 風向: 南南西
2025-07-07 13:24:41 - ModbusReader - INFO - 風速: 1.6 m/s, 風級: 2, 風向角度: 205.4, 風向: 南南西
2025-07-07 13:25:11 - ModbusReader - INFO - 風速: 1.0 m/s, 風級: 1, 風向角度: 141.8, 風向: 東南
2025-07-07 13:25:12 - ModbusReader - INFO - 風速: 1.0 m/s, 風級: 1, 風向角度: 141.8, 風向: 東南
2025-07-07 13:25:42 - ModbusReader - INFO - 風速: 1.2 m/s, 風級: 1, 風向角度: 191.4, 風向: 南南西
2025-07-07 13:25:43 - ModbusReader - INFO - 風速: 1.2 m/s, 風級: 1, 風向角度: 191.4, 風向: 南南西
2025-07-07 13:26:14 - ModbusReader - INFO - 風速: 1.1 m/s, 風級: 1, 風向角度: 108.4, 風向: 東南東
2025-07-07 13:26:14 - ModbusReader - INFO - 風速: 1.1 m/s, 風級: 1, 風向角度: 108.4, 風向: 東南東
2025-07-07 13:26:45 - ModbusReader - INFO - 風速: 0.9 m/s, 風級: 1, 風向角度: 228.7, 風向: 西南
2025-07-07 13:26:45 - ModbusReader - INFO - 風速: 0.8 m/s, 風級: 1, 風向角度: 335.7, 風向: 北北西
2025-07-07 13:27:16 - ModbusReader - INFO - 風速: 1.2 m/s, 風級: 1, 風向角度: 171.5, 風向: 南
2025-07-07 13:27:17 - ModbusReader - INFO - 風速: 1.2 m/s, 風級: 1, 風向角度: 171.5, 風向: 南
2025-07-07 13:27:47 - ModbusReader - INFO - 風速: 1.5 m/s, 風級: 1, 風向角度: 172.9, 風向: 南
2025-07-07 13:27:48 - ModbusReader - INFO - 風速: 1.5 m/s, 風級: 1, 風向角度: 172.9, 風向: 南
2025-07-07 13:28:18 - ModbusReader - INFO - 風速: 0.5 m/s, 風級: 1, 風向角度: 305.6, 風向: 西北
2025-07-07 13:28:19 - ModbusReader - INFO - 風速: 0.5 m/s, 風級: 1, 風向角度: 305.6, 風向: 西北
2025-07-07 13:28:50 - ModbusReader - INFO - 風速: 0.0 m/s, 風級: 0, 風向角度: 167.9, 風向: 南南東
2025-07-07 13:28:50 - ModbusReader - INFO - 風速: 0.0 m/s, 風級: 0, 風向角度: 167.9, 風向: 南南東
2025-07-07 13:29:21 - ModbusReader - INFO - 風速: 1.0 m/s, 風級: 1, 風向角度: 202.3, 風向: 南南西
2025-07-07 13:29:21 - ModbusReader - INFO - 風速: 1.0 m/s, 風級: 1, 風向角度: 202.3, 風向: 南南西
2025-07-07 13:29:52 - ModbusReader - INFO - 風速: 0.4 m/s, 風級: 1, 風向角度: 281.7, 風向: 西北西
2025-07-07 13:29:53 - ModbusReader - INFO - 風速: 0.4 m/s, 風級: 1, 風向角度: 281.7, 風向: 西北西
2025-07-07 13:30:23 - ModbusReader - INFO - 風速: 0.8 m/s, 風級: 1, 風向角度: 59.6, 風向: 東北東
2025-07-07 13:30:24 - ModbusReader - INFO - 風速: 0.8 m/s, 風級: 1, 風向角度: 59.6, 風向: 東北東
2025-07-07 13:30:54 - ModbusReader - INFO - 風速: 0.9 m/s, 風級: 1, 風向角度: 76.8, 風向: 東北東
2025-07-07 13:30:55 - ModbusReader - INFO - 風速: 0.9 m/s, 風級: 1, 風向角度: 76.8, 風向: 東北東
2025-07-07 13:31:26 - ModbusReader - INFO - 風速: 0.6 m/s, 風級: 1, 風向角度: 163.9, 風向: 南南東
2025-07-07 13:31:26 - ModbusReader - INFO - 風速: 0.6 m/s, 風級: 1, 風向角度: 163.9, 風向: 南南東
2025-07-07 13:31:57 - ModbusReader - INFO - 風速: 0.4 m/s, 風級: 1, 風向角度: 33.9, 風向: 東北
2025-07-07 13:31:57 - ModbusReader - INFO - 風速: 0.4 m/s, 風級: 1, 風向角度: 33.9, 風向: 東北
2025-07-07 13:32:28 - ModbusReader - INFO - 風速: 0.0 m/s, 風級: 0, 風向角度: 250.9, 風向: 西南西
2025-07-07 13:32:29 - ModbusReader - INFO - 風速: 0.0 m/s, 風級: 0, 風向角度: 250.9, 風向: 西南西
2025-07-07 13:32:59 - ModbusReader - INFO - 風速: 1.1 m/s, 風級: 1, 風向角度: 239.9, 風向: 西南西
2025-07-07 13:33:00 - ModbusReader - INFO - 風速: 1.1 m/s, 風級: 1, 風向角度: 239.9, 風向: 西南西
2025-07-07 13:33:30 - ModbusReader - INFO - 風速: 0.6 m/s, 風級: 1, 風向角度: 359.1, 風向: 北
2025-07-07 13:33:31 - ModbusReader - INFO - 風速: 0.6 m/s, 風級: 1, 風向角度: 359.1, 風向: 北
2025-07-07 13:34:02 - ModbusReader - INFO - 風速: 0.1 m/s, 風級: 0, 風向角度: 216.7, 風向: 西南
2025-07-07 13:34:02 - ModbusReader - INFO - 風速: 0.0 m/s, 風級: 0, 風向角度: 66.0, 風向: 東北東
2025-07-07 13:34:33 - ModbusReader - INFO - 風速: 1.1 m/s, 風級: 1, 風向角度: 125.3, 風向: 東南
2025-07-07 13:34:33 - ModbusReader - INFO - 風速: 1.1 m/s, 風級: 1, 風向角度: 125.3, 風向: 東南
2025-07-07 13:35:04 - ModbusReader - INFO - 風速: 1.2 m/s, 風級: 1, 風向角度: 67.3, 風向: 東北東
2025-07-07 13:35:05 - ModbusReader - INFO - 風速: 1.2 m/s, 風級: 1, 風向角度: 67.3, 風向: 東北東
2025-07-07 13:35:35 - ModbusReader - INFO - 風速: 1.0 m/s, 風級: 1, 風向角度: 111.3, 風向: 東南東
2025-07-07 13:35:36 - ModbusReader - INFO - 風速: 1.0 m/s, 風級: 1, 風向角度: 111.3, 風向: 東南東
2025-07-07 13:36:06 - ModbusReader - INFO - 風速: 0.6 m/s, 風級: 1, 風向角度: 182.9, 風向: 南
2025-07-07 13:36:07 - ModbusReader - INFO - 風速: 0.6 m/s, 風級: 1, 風向角度: 182.9, 風向: 南
2025-07-07 13:36:38 - ModbusReader - INFO - 風速: 0.8 m/s, 風級: 1, 風向角度: 111.4, 風向: 東南東
2025-07-07 13:36:38 - ModbusReader - INFO - 風速: 0.8 m/s, 風級: 1, 風向角度: 111.4, 風向: 東南東
2025-07-07 13:37:09 - ModbusReader - INFO - 風速: 1.0 m/s, 風級: 1, 風向角度: 161.4, 風向: 南南東
2025-07-07 13:37:09 - ModbusReader - INFO - 風速: 1.0 m/s, 風級: 1, 風向角度: 161.4, 風向: 南南東
2025-07-07 13:37:40 - ModbusReader - INFO - 風速: 0.5 m/s, 風級: 1, 風向角度: 83.8, 風向: 東
2025-07-07 13:37:41 - ModbusReader - INFO - 風速: 0.5 m/s, 風級: 1, 風向角度: 83.8, 風向: 東
2025-07-07 13:38:11 - ModbusReader - INFO - 風速: 0.6 m/s, 風級: 1, 風向角度: 253.9, 風向: 西南西
2025-07-07 13:38:12 - ModbusReader - INFO - 風速: 0.6 m/s, 風級: 1, 風向角度: 253.9, 風向: 西南西
2025-07-07 13:38:42 - ModbusReader - INFO - 風速: 1.1 m/s, 風級: 1, 風向角度: 225.5, 風向: 西南
2025-07-07 13:38:43 - ModbusReader - INFO - 風速: 1.1 m/s, 風級: 1, 風向角度: 225.5, 風向: 西南
2025-07-07 13:39:14 - ModbusReader - INFO - 風速: 1.0 m/s, 風級: 1, 風向角度: 196.5, 風向: 南南西
2025-07-07 13:39:14 - ModbusReader - INFO - 風速: 1.0 m/s, 風級: 1, 風向角度: 196.5, 風向: 南南西
2025-07-07 13:39:45 - ModbusReader - INFO - 風速: 0.4 m/s, 風級: 1, 風向角度: 299.8, 風向: 西北西
2025-07-07 13:39:45 - ModbusReader - INFO - 風速: 0.4 m/s, 風級: 1, 風向角度: 299.8, 風向: 西北西
2025-07-07 13:40:16 - ModbusReader - INFO - 風速: 0.8 m/s, 風級: 1, 風向角度: 200.8, 風向: 南南西
2025-07-07 13:40:17 - ModbusReader - INFO - 風速: 0.8 m/s, 風級: 1, 風向角度: 200.8, 風向: 南南西
2025-07-07 13:40:47 - ModbusReader - INFO - 風速: 1.1 m/s, 風級: 1, 風向角度: 164.7, 風向: 南南東
2025-07-07 13:40:48 - ModbusReader - INFO - 風速: 1.1 m/s, 風級: 1, 風向角度: 164.7, 風向: 南南東
2025-07-07 13:41:18 - ModbusReader - INFO - 風速: 0.9 m/s, 風級: 1, 風向角度: 107.7, 風向: 東南東
2025-07-07 13:41:19 - ModbusReader - INFO - 風速: 0.8 m/s, 風級: 1, 風向角度: 118.4, 風向: 東南東
2025-07-07 13:41:50 - ModbusReader - INFO - 風速: 1.0 m/s, 風級: 1, 風向角度: 223.9, 風向: 西南
2025-07-07 13:41:50 - ModbusReader - INFO - 風速: 1.0 m/s, 風級: 1, 風向角度: 223.9, 風向: 西南
2025-07-07 13:42:21 - ModbusReader - INFO - 風速: 1.2 m/s, 風級: 1, 風向角度: 166.0, 風向: 南南東
2025-07-07 13:42:21 - ModbusReader - INFO - 風速: 1.2 m/s, 風級: 1, 風向角度: 166.0, 風向: 南南東
2025-07-07 13:42:52 - ModbusReader - INFO - 風速: 0.7 m/s, 風級: 1, 風向角度: 98.6, 風向: 東
2025-07-07 13:42:53 - ModbusReader - INFO - 風速: 0.7 m/s, 風級: 1, 風向角度: 98.6, 風向: 東
2025-07-07 13:43:23 - ModbusReader - INFO - 風速: 0.7 m/s, 風級: 1, 風向角度: 220.0, 風向: 西南
2025-07-07 13:43:24 - ModbusReader - INFO - 風速: 0.7 m/s, 風級: 1, 風向角度: 220.0, 風向: 西南
2025-07-07 13:43:54 - ModbusReader - INFO - 風速: 1.3 m/s, 風級: 1, 風向角度: 132.9, 風向: 東南
2025-07-07 13:43:55 - ModbusReader - INFO - 風速: 1.3 m/s, 風級: 1, 風向角度: 132.9, 風向: 東南
2025-07-07 13:44:26 - ModbusReader - INFO - 風速: 0.6 m/s, 風級: 1, 風向角度: 68.8, 風向: 東北東
2025-07-07 13:44:26 - ModbusReader - INFO - 風速: 0.6 m/s, 風級: 1, 風向角度: 68.8, 風向: 東北東
2025-07-07 13:44:57 - ModbusReader - INFO - 風速: 0.8 m/s, 風級: 1, 風向角度: 132.1, 風向: 東南
2025-07-07 13:44:57 - ModbusReader - INFO - 風速: 0.8 m/s, 風級: 1, 風向角度: 132.1, 風向: 東南
2025-07-07 13:45:28 - ModbusReader - INFO - 風速: 1.2 m/s, 風級: 1, 風向角度: 198.3, 風向: 南南西
2025-07-07 13:45:29 - ModbusReader - INFO - 風速: 1.2 m/s, 風級: 1, 風向角度: 198.3, 風向: 南南西
2025-07-07 13:45:59 - ModbusReader - INFO - 風速: 1.1 m/s, 風級: 1, 風向角度: 17.3, 風向: 北北東
2025-07-07 13:46:00 - ModbusReader - INFO - 風速: 1.1 m/s, 風級: 1, 風向角度: 17.3, 風向: 北北東
2025-07-07 13:46:30 - ModbusReader - INFO - 風速: 1.3 m/s, 風級: 1, 風向角度: 187.3, 風向: 南
2025-07-07 13:46:31 - ModbusReader - INFO - 風速: 1.3 m/s, 風級: 1, 風向角度: 187.3, 風向: 南
2025-07-07 13:47:02 - ModbusReader - INFO - 風速: 1.5 m/s, 風級: 1, 風向角度: 171.2, 風向: 南
2025-07-07 13:47:02 - ModbusReader - INFO - 風速: 1.5 m/s, 風級: 1, 風向角度: 171.2, 風向: 南
2025-07-07 13:47:33 - ModbusReader - INFO - 風速: 1.1 m/s, 風級: 1, 風向角度: 171.3, 風向: 南
2025-07-07 13:47:33 - ModbusReader - INFO - 風速: 1.1 m/s, 風級: 1, 風向角度: 171.3, 風向: 南
2025-07-07 13:48:04 - ModbusReader - INFO - 風速: 0.6 m/s, 風級: 1, 風向角度: 222.6, 風向: 西南
2025-07-07 13:48:05 - ModbusReader - INFO - 風速: 0.6 m/s, 風級: 1, 風向角度: 222.6, 風向: 西南
2025-07-07 13:48:35 - ModbusReader - INFO - 風速: 0.4 m/s, 風級: 1, 風向角度: 272.1, 風向: 西
2025-07-07 13:48:36 - ModbusReader - INFO - 風速: 0.4 m/s, 風級: 1, 風向角度: 0.1, 風向: 北
2025-07-07 13:49:06 - ModbusReader - INFO - 風速: 1.1 m/s, 風級: 1, 風向角度: 60.7, 風向: 東北東
2025-07-07 13:49:07 - ModbusReader - INFO - 風速: 1.1 m/s, 風級: 1, 風向角度: 60.7, 風向: 東北東
2025-07-07 13:49:38 - ModbusReader - INFO - 風速: 1.1 m/s, 風級: 1, 風向角度: 104.7, 風向: 東南東
2025-07-07 13:49:38 - ModbusReader - INFO - 風速: 1.1 m/s, 風級: 1, 風向角度: 104.7, 風向: 東南東
2025-07-07 13:50:09 - ModbusReader - INFO - 風速: 0.9 m/s, 風級: 1, 風向角度: 17.3, 風向: 北北東
2025-07-07 13:50:09 - ModbusReader - INFO - 風速: 0.9 m/s, 風級: 1, 風向角度: 17.3, 風向: 北北東
2025-07-07 13:50:40 - ModbusReader - INFO - 風速: 0.7 m/s, 風級: 1, 風向角度: 83.4, 風向: 東
2025-07-07 13:50:41 - ModbusReader - INFO - 風速: 0.7 m/s, 風級: 1, 風向角度: 83.4, 風向: 東
2025-07-07 13:51:11 - ModbusReader - INFO - 風速: 1.0 m/s, 風級: 1, 風向角度: 156.8, 風向: 南南東
2025-07-07 13:51:12 - ModbusReader - INFO - 風速: 1.0 m/s, 風級: 1, 風向角度: 156.8, 風向: 南南東
2025-07-07 13:51:42 - ModbusReader - INFO - 風速: 1.0 m/s, 風級: 1, 風向角度: 170.1, 風向: 南
2025-07-07 13:51:43 - ModbusReader - INFO - 風速: 1.0 m/s, 風級: 1, 風向角度: 170.1, 風向: 南
2025-07-07 13:52:14 - ModbusReader - INFO - 風速: 1.6 m/s, 風級: 2, 風向角度: 147.6, 風向: 南南東
2025-07-07 13:52:14 - ModbusReader - INFO - 風速: 1.6 m/s, 風級: 2, 風向角度: 147.6, 風向: 南南東
2025-07-07 13:52:45 - ModbusReader - INFO - 風速: 0.8 m/s, 風級: 1, 風向角度: 78.9, 風向: 東
2025-07-07 13:52:45 - ModbusReader - INFO - 風速: 0.8 m/s, 風級: 1, 風向角度: 78.9, 風向: 東
2025-07-07 13:53:16 - ModbusReader - INFO - 風速: 1.1 m/s, 風級: 1, 風向角度: 219.4, 風向: 西南
2025-07-07 13:53:17 - ModbusReader - INFO - 風速: 1.1 m/s, 風級: 1, 風向角度: 219.4, 風向: 西南
2025-07-07 13:53:47 - ModbusReader - INFO - 風速: 1.0 m/s, 風級: 1, 風向角度: 97.5, 風向: 東
2025-07-07 13:53:48 - ModbusReader - INFO - 風速: 1.0 m/s, 風級: 1, 風向角度: 97.5, 風向: 東
2025-07-07 13:54:18 - ModbusReader - INFO - 風速: 1.2 m/s, 風級: 1, 風向角度: 97.3, 風向: 東
2025-07-07 13:54:19 - ModbusReader - INFO - 風速: 1.2 m/s, 風級: 1, 風向角度: 97.3, 風向: 東
2025-07-07 13:54:50 - ModbusReader - INFO - 風速: 0.7 m/s, 風級: 1, 風向角度: 238.8, 風向: 西南西
2025-07-07 13:54:50 - ModbusReader - INFO - 風速: 0.7 m/s, 風級: 1, 風向角度: 238.8, 風向: 西南西
2025-07-07 13:55:21 - ModbusReader - INFO - 風速: 0.0 m/s, 風級: 0, 風向角度: 254.2, 風向: 西南西
2025-07-07 13:55:21 - ModbusReader - INFO - 風速: 0.0 m/s, 風級: 0, 風向角度: 254.2, 風向: 西南西
2025-07-07 13:55:52 - ModbusReader - INFO - 風速: 0.0 m/s, 風級: 0, 風向角度: 11.7, 風向: 北北東
2025-07-07 13:55:53 - ModbusReader - INFO - 風速: 0.0 m/s, 風級: 0, 風向角度: 11.7, 風向: 北北東
2025-07-07 13:56:23 - ModbusReader - INFO - 風速: 0.0 m/s, 風級: 0, 風向角度: 5.2, 風向: 北
2025-07-07 13:56:24 - ModbusReader - INFO - 風速: 0.0 m/s, 風級: 0, 風向角度: 5.2, 風向: 北
2025-07-07 13:56:54 - ModbusReader - INFO - 風速: 0.0 m/s, 風級: 0, 風向角度: 317.6, 風向: 西北
2025-07-07 13:56:55 - ModbusReader - INFO - 風速: 0.0 m/s, 風級: 0, 風向角度: 317.6, 風向: 西北
2025-07-07 13:57:26 - ModbusReader - INFO - 風速: 0.0 m/s, 風級: 0, 風向角度: 297.4, 風向: 西北西
2025-07-07 13:57:26 - ModbusReader - INFO - 風速: 0.0 m/s, 風級: 0, 風向角度: 297.4, 風向: 西北西
2025-07-07 13:57:57 - ModbusReader - INFO - 風速: 1.1 m/s, 風級: 1, 風向角度: 140.1, 風向: 東南
2025-07-07 13:57:57 - ModbusReader - INFO - 風速: 1.1 m/s, 風級: 1, 風向角度: 140.1, 風向: 東南
2025-07-07 13:58:28 - ModbusReader - INFO - 風速: 0.8 m/s, 風級: 1, 風向角度: 180.4, 風向: 南
2025-07-07 13:58:29 - ModbusReader - INFO - 風速: 0.8 m/s, 風級: 1, 風向角度: 180.4, 風向: 南
2025-07-07 13:58:59 - ModbusReader - INFO - 風速: 0.7 m/s, 風級: 1, 風向角度: 221.6, 風向: 西南
2025-07-07 13:59:00 - ModbusReader - INFO - 風速: 0.7 m/s, 風級: 1, 風向角度: 221.6, 風向: 西南
2025-07-07 13:59:30 - ModbusReader - INFO - 風速: 0.6 m/s, 風級: 1, 風向角度: 266.9, 風向: 西
2025-07-07 13:59:31 - ModbusReader - INFO - 風速: 0.6 m/s, 風級: 1, 風向角度: 266.9, 風向: 西
2025-07-07 14:00:02 - ModbusReader - INFO - 風速: 1.2 m/s, 風級: 1, 風向角度: 180.4, 風向: 南
2025-07-07 14:00:02 - ModbusReader - INFO - 風速: 1.2 m/s, 風級: 1, 風向角度: 180.4, 風向: 南
2025-07-07 14:00:33 - ModbusReader - INFO - 風速: 0.7 m/s, 風級: 1, 風向角度: 57.1, 風向: 東北東
2025-07-07 14:00:33 - ModbusReader - INFO - 風速: 0.7 m/s, 風級: 1, 風向角度: 57.1, 風向: 東北東
2025-07-07 14:01:04 - ModbusReader - INFO - 風速: 0.5 m/s, 風級: 1, 風向角度: 344.9, 風向: 北北西
2025-07-07 14:01:05 - ModbusReader - INFO - 風速: 0.5 m/s, 風級: 1, 風向角度: 344.9, 風向: 北北西
2025-07-07 14:01:35 - ModbusReader - INFO - 風速: 1.3 m/s, 風級: 1, 風向角度: 198.8, 風向: 南南西
2025-07-07 14:01:36 - ModbusReader - INFO - 風速: 1.3 m/s, 風級: 1, 風向角度: 198.8, 風向: 南南西
2025-07-07 14:02:06 - ModbusReader - INFO - 風速: 1.2 m/s, 風級: 1, 風向角度: 224.4, 風向: 西南
2025-07-07 14:02:07 - ModbusReader - INFO - 風速: 1.2 m/s, 風級: 1, 風向角度: 224.4, 風向: 西南
2025-07-07 14:02:38 - ModbusReader - INFO - 風速: 0.9 m/s, 風級: 1, 風向角度: 114.9, 風向: 東南東
2025-07-07 14:02:38 - ModbusReader - INFO - 風速: 0.9 m/s, 風級: 1, 風向角度: 114.9, 風向: 東南東
2025-07-07 14:03:09 - ModbusReader - INFO - 風速: 0.8 m/s, 風級: 1, 風向角度: 38.7, 風向: 東北
2025-07-07 14:03:09 - ModbusReader - INFO - 風速: 0.8 m/s, 風級: 1, 風向角度: 38.7, 風向: 東北
2025-07-07 14:03:40 - ModbusReader - INFO - 風速: 1.3 m/s, 風級: 1, 風向角度: 169.7, 風向: 南
2025-07-07 14:03:41 - ModbusReader - INFO - 風速: 1.3 m/s, 風級: 1, 風向角度: 169.7, 風向: 南
2025-07-07 14:04:11 - ModbusReader - INFO - 風速: 0.8 m/s, 風級: 1, 風向角度: 249.8, 風向: 西南西
2025-07-07 14:04:12 - ModbusReader - INFO - 風速: 0.8 m/s, 風級: 1, 風向角度: 249.8, 風向: 西南西
2025-07-07 14:04:42 - ModbusReader - INFO - 風速: 0.4 m/s, 風級: 1, 風向角度: 346.3, 風向: 北北西
2025-07-07 14:04:43 - ModbusReader - INFO - 風速: 0.4 m/s, 風級: 1, 風向角度: 346.3, 風向: 北北西
2025-07-07 14:05:14 - ModbusReader - INFO - 風速: 1.1 m/s, 風級: 1, 風向角度: 175.3, 風向: 南
2025-07-07 14:05:14 - ModbusReader - INFO - 風速: 1.1 m/s, 風級: 1, 風向角度: 175.3, 風向: 南
2025-07-07 14:05:45 - ModbusReader - INFO - 風速: 1.1 m/s, 風級: 1, 風向角度: 239.7, 風向: 西南西
2025-07-07 14:05:45 - ModbusReader - INFO - 風速: 1.1 m/s, 風級: 1, 風向角度: 239.7, 風向: 西南西
2025-07-07 14:06:16 - ModbusReader - INFO - 風速: 2.3 m/s, 風級: 2, 風向角度: 140.8, 風向: 東南
2025-07-07 14:06:17 - ModbusReader - INFO - 風速: 2.3 m/s, 風級: 2, 風向角度: 140.8, 風向: 東南
2025-07-07 14:06:47 - ModbusReader - INFO - 風速: 0.8 m/s, 風級: 1, 風向角度: 71.9, 風向: 東北東
2025-07-07 14:06:48 - ModbusReader - INFO - 風速: 0.8 m/s, 風級: 1, 風向角度: 71.9, 風向: 東北東
2025-07-07 14:07:18 - ModbusReader - INFO - 風速: 0.7 m/s, 風級: 1, 風向角度: 163.3, 風向: 南南東
2025-07-07 14:07:19 - ModbusReader - INFO - 風速: 0.7 m/s, 風級: 1, 風向角度: 163.3, 風向: 南南東
2025-07-07 14:07:50 - ModbusReader - INFO - 風速: 1.5 m/s, 風級: 1, 風向角度: 160.1, 風向: 南南東
2025-07-07 14:07:50 - ModbusReader - INFO - 風速: 1.5 m/s, 風級: 1, 風向角度: 160.1, 風向: 南南東
2025-07-07 14:08:21 - ModbusReader - INFO - 風速: 1.2 m/s, 風級: 1, 風向角度: 230.8, 風向: 西南
2025-07-07 14:08:21 - ModbusReader - INFO - 風速: 1.2 m/s, 風級: 1, 風向角度: 230.8, 風向: 西南
2025-07-07 14:08:52 - ModbusReader - INFO - 風速: 1.6 m/s, 風級: 2, 風向角度: 167.2, 風向: 南南東
2025-07-07 14:08:53 - ModbusReader - INFO - 風速: 1.6 m/s, 風級: 2, 風向角度: 167.2, 風向: 南南東
2025-07-07 14:09:23 - ModbusReader - INFO - 風速: 0.7 m/s, 風級: 1, 風向角度: 186.2, 風向: 南
2025-07-07 14:09:24 - ModbusReader - INFO - 風速: 0.7 m/s, 風級: 1, 風向角度: 186.2, 風向: 南
2025-07-07 14:09:54 - ModbusReader - INFO - 風速: 0.4 m/s, 風級: 1, 風向角度: 248.4, 風向: 西南西
2025-07-07 14:09:55 - ModbusReader - INFO - 風速: 0.4 m/s, 風級: 1, 風向角度: 248.4, 風向: 西南西
2025-07-07 14:10:26 - ModbusReader - INFO - 風速: 1.2 m/s, 風級: 1, 風向角度: 239.8, 風向: 西南西
2025-07-07 14:10:26 - ModbusReader - INFO - 風速: 1.2 m/s, 風級: 1, 風向角度: 239.8, 風向: 西南西
2025-07-07 14:10:57 - ModbusReader - INFO - 風速: 1.2 m/s, 風級: 1, 風向角度: 164.7, 風向: 南南東
2025-07-07 14:10:57 - ModbusReader - INFO - 風速: 1.2 m/s, 風級: 1, 風向角度: 164.7, 風向: 南南東
2025-07-07 14:11:28 - ModbusReader - INFO - 風速: 0.6 m/s, 風級: 1, 風向角度: 135.0, 風向: 東南
2025-07-07 14:11:29 - ModbusReader - INFO - 風速: 0.6 m/s, 風級: 1, 風向角度: 135.0, 風向: 東南
2025-07-07 14:11:59 - ModbusReader - INFO - 風速: 1.4 m/s, 風級: 1, 風向角度: 209.7, 風向: 南南西
2025-07-07 14:12:00 - ModbusReader - INFO - 風速: 1.4 m/s, 風級: 1, 風向角度: 209.7, 風向: 南南西
2025-07-07 14:12:30 - ModbusReader - INFO - 風速: 0.6 m/s, 風級: 1, 風向角度: 272.3, 風向: 西
2025-07-07 14:12:31 - ModbusReader - INFO - 風速: 0.6 m/s, 風級: 1, 風向角度: 272.3, 風向: 西
2025-07-07 14:13:02 - ModbusReader - INFO - 風速: 0.8 m/s, 風級: 1, 風向角度: 189.4, 風向: 南
2025-07-07 14:13:02 - ModbusReader - INFO - 風速: 0.8 m/s, 風級: 1, 風向角度: 189.4, 風向: 南
2025-07-07 14:13:33 - ModbusReader - INFO - 風速: 1.2 m/s, 風級: 1, 風向角度: 171.2, 風向: 南
2025-07-07 14:13:33 - ModbusReader - INFO - 風速: 1.2 m/s, 風級: 1, 風向角度: 171.2, 風向: 南
2025-07-07 14:14:04 - ModbusReader - INFO - 風速: 1.4 m/s, 風級: 1, 風向角度: 179.3, 風向: 南
2025-07-07 14:14:05 - ModbusReader - INFO - 風速: 1.4 m/s, 風級: 1, 風向角度: 179.3, 風向: 南
2025-07-07 14:14:35 - ModbusReader - INFO - 風速: 1.2 m/s, 風級: 1, 風向角度: 129.3, 風向: 東南
2025-07-07 14:14:36 - ModbusReader - INFO - 風速: 1.2 m/s, 風級: 1, 風向角度: 129.3, 風向: 東南
2025-07-07 14:15:06 - ModbusReader - INFO - 風速: 0.8 m/s, 風級: 1, 風向角度: 115.7, 風向: 東南東
2025-07-07 14:15:07 - ModbusReader - INFO - 風速: 0.8 m/s, 風級: 1, 風向角度: 115.7, 風向: 東南東
2025-07-07 14:15:38 - ModbusReader - INFO - 風速: 0.4 m/s, 風級: 1, 風向角度: 80.8, 風向: 東
2025-07-07 14:15:38 - ModbusReader - INFO - 風速: 0.4 m/s, 風級: 1, 風向角度: 80.8, 風向: 東
2025-07-07 14:16:09 - ModbusReader - INFO - 風速: 0.5 m/s, 風級: 1, 風向角度: 197.5, 風向: 南南西
2025-07-07 14:16:09 - ModbusReader - INFO - 風速: 0.5 m/s, 風級: 1, 風向角度: 197.5, 風向: 南南西
2025-07-07 14:16:40 - ModbusReader - INFO - 風速: 1.3 m/s, 風級: 1, 風向角度: 169.1, 風向: 南
2025-07-07 14:16:41 - ModbusReader - INFO - 風速: 1.3 m/s, 風級: 1, 風向角度: 169.1, 風向: 南
2025-07-07 14:17:11 - ModbusReader - INFO - 風速: 0.8 m/s, 風級: 1, 風向角度: 245.6, 風向: 西南西
2025-07-07 14:17:12 - ModbusReader - INFO - 風速: 0.8 m/s, 風級: 1, 風向角度: 245.6, 風向: 西南西
2025-07-07 14:17:42 - ModbusReader - INFO - 風速: 0.7 m/s, 風級: 1, 風向角度: 104.3, 風向: 東南東
2025-07-07 14:17:43 - ModbusReader - INFO - 風速: 0.7 m/s, 風級: 1, 風向角度: 104.3, 風向: 東南東
2025-07-07 14:18:14 - ModbusReader - INFO - 風速: 0.5 m/s, 風級: 1, 風向角度: 145.7, 風向: 東南
2025-07-07 14:18:14 - ModbusReader - INFO - 風速: 0.5 m/s, 風級: 1, 風向角度: 145.7, 風向: 東南
2025-07-07 14:18:45 - ModbusReader - INFO - 風速: 0.6 m/s, 風級: 1, 風向角度: 224.3, 風向: 西南
2025-07-07 14:18:45 - ModbusReader - INFO - 風速: 0.6 m/s, 風級: 1, 風向角度: 224.3, 風向: 西南
2025-07-07 14:19:16 - ModbusReader - INFO - 風速: 0.4 m/s, 風級: 1, 風向角度: 206.9, 風向: 南南西
2025-07-07 14:19:17 - ModbusReader - INFO - 風速: 0.4 m/s, 風級: 1, 風向角度: 206.9, 風向: 南南西
2025-07-07 14:19:47 - ModbusReader - INFO - 風速: 1.2 m/s, 風級: 1, 風向角度: 264.5, 風向: 西
2025-07-07 14:19:48 - ModbusReader - INFO - 風速: 1.2 m/s, 風級: 1, 風向角度: 264.5, 風向: 西
2025-07-07 14:20:18 - ModbusReader - INFO - 風速: 0.7 m/s, 風級: 1, 風向角度: 219.0, 風向: 西南
2025-07-07 14:20:19 - ModbusReader - INFO - 風速: 0.7 m/s, 風級: 1, 風向角度: 219.0, 風向: 西南
2025-07-07 14:20:50 - ModbusReader - INFO - 風速: 0.6 m/s, 風級: 1, 風向角度: 321.0, 風向: 西北
2025-07-07 14:20:50 - ModbusReader - INFO - 風速: 0.6 m/s, 風級: 1, 風向角度: 321.0, 風向: 西北
2025-07-07 14:21:21 - ModbusReader - INFO - 風速: 0.0 m/s, 風級: 0, 風向角度: 143.2, 風向: 東南
2025-07-07 14:21:21 - ModbusReader - INFO - 風速: 0.0 m/s, 風級: 0, 風向角度: 143.2, 風向: 東南
2025-07-07 14:21:52 - ModbusReader - INFO - 風速: 1.7 m/s, 風級: 2, 風向角度: 153.2, 風向: 南南東
2025-07-07 14:21:53 - ModbusReader - INFO - 風速: 1.7 m/s, 風級: 2, 風向角度: 153.2, 風向: 南南東
2025-07-07 14:22:23 - ModbusReader - INFO - 風速: 1.5 m/s, 風級: 1, 風向角度: 185.8, 風向: 南
2025-07-07 14:22:24 - ModbusReader - INFO - 風速: 1.5 m/s, 風級: 1, 風向角度: 185.8, 風向: 南
2025-07-07 14:22:54 - ModbusReader - INFO - 風速: 0.6 m/s, 風級: 1, 風向角度: 96.8, 風向: 東
2025-07-07 14:22:55 - ModbusReader - INFO - 風速: 0.6 m/s, 風級: 1, 風向角度: 96.8, 風向: 東
2025-07-07 14:23:26 - ModbusReader - INFO - 風速: 0.7 m/s, 風級: 1, 風向角度: 315.1, 風向: 西北
2025-07-07 14:23:26 - ModbusReader - INFO - 風速: 0.7 m/s, 風級: 1, 風向角度: 315.1, 風向: 西北
2025-07-07 14:23:57 - ModbusReader - INFO - 風速: 0.4 m/s, 風級: 1, 風向角度: 338.1, 風向: 北北西
2025-07-07 14:23:57 - ModbusReader - INFO - 風速: 0.4 m/s, 風級: 1, 風向角度: 338.1, 風向: 北北西
2025-07-07 14:24:28 - ModbusReader - INFO - 風速: 1.1 m/s, 風級: 1, 風向角度: 161.0, 風向: 南南東
2025-07-07 14:24:29 - ModbusReader - INFO - 風速: 1.1 m/s, 風級: 1, 風向角度: 161.0, 風向: 南南東
2025-07-07 14:24:59 - ModbusReader - INFO - 風速: 0.8 m/s, 風級: 1, 風向角度: 107.4, 風向: 東南東
2025-07-07 14:25:00 - ModbusReader - INFO - 風速: 0.8 m/s, 風級: 1, 風向角度: 107.4, 風向: 東南東
2025-07-07 14:25:30 - ModbusReader - INFO - 風速: 1.2 m/s, 風級: 1, 風向角度: 31.2, 風向: 北北東
2025-07-07 14:25:31 - ModbusReader - INFO - 風速: 1.2 m/s, 風級: 1, 風向角度: 31.2, 風向: 北北東
2025-07-07 14:26:02 - ModbusReader - INFO - 風速: 1.0 m/s, 風級: 1, 風向角度: 282.4, 風向: 西北西
2025-07-07 14:26:02 - ModbusReader - INFO - 風速: 1.0 m/s, 風級: 1, 風向角度: 282.4, 風向: 西北西
2025-07-07 14:26:33 - ModbusReader - INFO - 風速: 1.1 m/s, 風級: 1, 風向角度: 187.8, 風向: 南
2025-07-07 14:26:33 - ModbusReader - INFO - 風速: 1.1 m/s, 風級: 1, 風向角度: 187.8, 風向: 南
2025-07-07 14:27:04 - ModbusReader - INFO - 風速: 1.2 m/s, 風級: 1, 風向角度: 106.0, 風向: 東南東
2025-07-07 14:27:05 - ModbusReader - INFO - 風速: 1.2 m/s, 風級: 1, 風向角度: 106.0, 風向: 東南東
2025-07-07 14:27:35 - ModbusReader - INFO - 風速: 0.8 m/s, 風級: 1, 風向角度: 314.3, 風向: 西北
2025-07-07 14:27:36 - ModbusReader - INFO - 風速: 0.8 m/s, 風級: 1, 風向角度: 314.3, 風向: 西北
2025-07-07 14:28:06 - ModbusReader - INFO - 風速: 1.0 m/s, 風級: 1, 風向角度: 113.7, 風向: 東南東
2025-07-07 14:28:07 - ModbusReader - INFO - 風速: 1.0 m/s, 風級: 1, 風向角度: 113.7, 風向: 東南東
2025-07-07 14:28:38 - ModbusReader - INFO - 風速: 0.0 m/s, 風級: 0, 風向角度: 123.4, 風向: 東南東
2025-07-07 14:28:38 - ModbusReader - INFO - 風速: 0.0 m/s, 風級: 0, 風向角度: 123.4, 風向: 東南東
2025-07-07 14:29:09 - ModbusReader - INFO - 風速: 0.5 m/s, 風級: 1, 風向角度: 346.3, 風向: 北北西
2025-07-07 14:29:09 - ModbusReader - INFO - 風速: 0.5 m/s, 風級: 1, 風向角度: 346.3, 風向: 北北西
2025-07-07 14:29:40 - ModbusReader - INFO - 風速: 1.2 m/s, 風級: 1, 風向角度: 148.1, 風向: 南南東
2025-07-07 14:29:41 - ModbusReader - INFO - 風速: 1.2 m/s, 風級: 1, 風向角度: 148.1, 風向: 南南東
2025-07-07 14:30:11 - ModbusReader - INFO - 風速: 1.6 m/s, 風級: 2, 風向角度: 213.6, 風向: 南南西
2025-07-07 14:30:12 - ModbusReader - INFO - 風速: 1.6 m/s, 風級: 2, 風向角度: 213.6, 風向: 南南西
2025-07-07 14:30:42 - ModbusReader - INFO - 風速: 1.6 m/s, 風級: 2, 風向角度: 135.5, 風向: 東南
2025-07-07 14:30:43 - ModbusReader - INFO - 風速: 1.6 m/s, 風級: 2, 風向角度: 135.5, 風向: 東南
2025-07-07 14:31:14 - ModbusReader - INFO - 風速: 0.9 m/s, 風級: 1, 風向角度: 158.0, 風向: 南南東
2025-07-07 14:31:14 - ModbusReader - INFO - 風速: 0.9 m/s, 風級: 1, 風向角度: 158.0, 風向: 南南東
2025-07-07 14:31:45 - ModbusReader - INFO - 風速: 0.5 m/s, 風級: 1, 風向角度: 63.2, 風向: 東北東
2025-07-07 14:31:45 - ModbusReader - INFO - 風速: 0.5 m/s, 風級: 1, 風向角度: 63.2, 風向: 東北東
2025-07-07 14:32:17 - ModbusReader - INFO - 風速: 0.6 m/s, 風級: 1, 風向角度: 139.2, 風向: 東南
2025-07-07 14:32:18 - ModbusReader - INFO - 風速: 0.6 m/s, 風級: 1, 風向角度: 139.2, 風向: 東南
2025-07-07 14:32:48 - ModbusReader - INFO - 風速: 0.7 m/s, 風級: 1, 風向角度: 2.7, 風向: 北
2025-07-07 14:32:49 - ModbusReader - INFO - 風速: 0.7 m/s, 風級: 1, 風向角度: 2.7, 風向: 北
2025-07-07 14:33:19 - ModbusReader - INFO - 風速: 1.4 m/s, 風級: 1, 風向角度: 30.0, 風向: 北北東
2025-07-07 14:33:20 - ModbusReader - INFO - 風速: 1.4 m/s, 風級: 1, 風向角度: 30.0, 風向: 北北東
2025-07-07 14:33:51 - ModbusReader - INFO - 風速: 0.9 m/s, 風級: 1, 風向角度: 72.0, 風向: 東北東
2025-07-07 14:33:51 - ModbusReader - INFO - 風速: 0.9 m/s, 風級: 1, 風向角度: 72.0, 風向: 東北東
2025-07-07 14:34:22 - ModbusReader - INFO - 風速: 0.7 m/s, 風級: 1, 風向角度: 121.3, 風向: 東南東
2025-07-07 14:34:22 - ModbusReader - INFO - 風速: 0.7 m/s, 風級: 1, 風向角度: 121.3, 風向: 東南東
2025-07-07 14:34:53 - ModbusReader - INFO - 風速: 0.4 m/s, 風級: 1, 風向角度: 280.8, 風向: 西
2025-07-07 14:34:54 - ModbusReader - INFO - 風速: 0.4 m/s, 風級: 1, 風向角度: 280.8, 風向: 西
2025-07-07 14:35:24 - ModbusReader - INFO - 風速: 0.0 m/s, 風級: 0, 風向角度: 117.5, 風向: 東南東
2025-07-07 14:35:25 - ModbusReader - INFO - 風速: 0.0 m/s, 風級: 0, 風向角度: 117.5, 風向: 東南東
2025-07-07 14:35:55 - ModbusReader - INFO - 風速: 0.8 m/s, 風級: 1, 風向角度: 140.0, 風向: 東南
2025-07-07 14:35:56 - ModbusReader - INFO - 風速: 0.8 m/s, 風級: 1, 風向角度: 140.0, 風向: 東南
2025-07-07 14:36:27 - ModbusReader - INFO - 風速: 0.7 m/s, 風級: 1, 風向角度: 78.4, 風向: 東北東
2025-07-07 14:36:27 - ModbusReader - INFO - 風速: 0.7 m/s, 風級: 1, 風向角度: 78.4, 風向: 東北東
2025-07-07 14:36:58 - ModbusReader - INFO - 風速: 0.6 m/s, 風級: 1, 風向角度: 344.3, 風向: 北北西
2025-07-07 14:36:58 - ModbusReader - INFO - 風速: 0.6 m/s, 風級: 1, 風向角度: 344.3, 風向: 北北西
2025-07-07 14:37:29 - ModbusReader - INFO - 風速: 1.2 m/s, 風級: 1, 風向角度: 246.0, 風向: 西南西
2025-07-07 14:37:30 - ModbusReader - INFO - 風速: 1.2 m/s, 風級: 1, 風向角度: 246.0, 風向: 西南西
2025-07-07 14:38:00 - ModbusReader - INFO - 風速: 0.5 m/s, 風級: 1, 風向角度: 32.2, 風向: 北北東
2025-07-07 14:38:01 - ModbusReader - INFO - 風速: 0.5 m/s, 風級: 1, 風向角度: 32.2, 風向: 北北東
2025-07-07 14:38:31 - ModbusReader - INFO - 風速: 0.7 m/s, 風級: 1, 風向角度: 66.6, 風向: 東北東
2025-07-07 14:38:32 - ModbusReader - INFO - 風速: 0.9 m/s, 風級: 1, 風向角度: 239.9, 風向: 西南西
2025-07-07 14:39:03 - ModbusReader - INFO - 風速: 0.8 m/s, 風級: 1, 風向角度: 294.1, 風向: 西北西
2025-07-07 14:39:03 - ModbusReader - INFO - 風速: 0.8 m/s, 風級: 1, 風向角度: 294.1, 風向: 西北西
2025-07-07 14:39:34 - ModbusReader - INFO - 風速: 0.4 m/s, 風級: 1, 風向角度: 319.2, 風向: 西北
2025-07-07 14:39:34 - ModbusReader - INFO - 風速: 0.4 m/s, 風級: 1, 風向角度: 319.2, 風向: 西北
2025-07-07 14:40:05 - ModbusReader - INFO - 風速: 1.4 m/s, 風級: 1, 風向角度: 220.1, 風向: 西南
2025-07-07 14:40:06 - ModbusReader - INFO - 風速: 1.4 m/s, 風級: 1, 風向角度: 220.1, 風向: 西南
2025-07-07 14:40:36 - ModbusReader - INFO - 風速: 0.8 m/s, 風級: 1, 風向角度: 34.1, 風向: 東北
2025-07-07 14:40:37 - ModbusReader - INFO - 風速: 0.8 m/s, 風級: 1, 風向角度: 34.1, 風向: 東北
2025-07-07 14:41:07 - ModbusReader - INFO - 風速: 1.3 m/s, 風級: 1, 風向角度: 216.9, 風向: 西南
2025-07-07 14:41:08 - ModbusReader - INFO - 風速: 1.3 m/s, 風級: 1, 風向角度: 216.9, 風向: 西南
2025-07-07 14:41:39 - ModbusReader - INFO - 風速: 1.4 m/s, 風級: 1, 風向角度: 232.1, 風向: 西南
2025-07-07 14:41:39 - ModbusReader - INFO - 風速: 1.4 m/s, 風級: 1, 風向角度: 232.1, 風向: 西南
2025-07-07 14:42:10 - ModbusReader - INFO - 風速: 1.4 m/s, 風級: 1, 風向角度: 68.7, 風向: 東北東
2025-07-07 14:42:10 - ModbusReader - INFO - 風速: 1.4 m/s, 風級: 1, 風向角度: 68.7, 風向: 東北東
2025-07-07 14:42:41 - ModbusReader - INFO - 風速: 0.7 m/s, 風級: 1, 風向角度: 213.4, 風向: 南南西
2025-07-07 14:42:41 - ModbusReader - INFO - 風速: 0.7 m/s, 風級: 1, 風向角度: 213.4, 風向: 南南西
2025-07-07 14:43:12 - ModbusReader - INFO - 風速: 0.4 m/s, 風級: 1, 風向角度: 191.5, 風向: 南南西
2025-07-07 14:43:13 - ModbusReader - INFO - 風速: 0.4 m/s, 風級: 1, 風向角度: 191.5, 風向: 南南西
2025-07-07 14:43:43 - ModbusReader - INFO - 風速: 0.4 m/s, 風級: 1, 風向角度: 191.2, 風向: 南
2025-07-07 14:43:44 - ModbusReader - INFO - 風速: 0.4 m/s, 風級: 1, 風向角度: 191.2, 風向: 南
2025-07-07 14:44:15 - ModbusReader - INFO - 風速: 0.7 m/s, 風級: 1, 風向角度: 164.2, 風向: 南南東
2025-07-07 14:44:15 - ModbusReader - INFO - 風速: 0.7 m/s, 風級: 1, 風向角度: 164.2, 風向: 南南東
2025-07-07 14:44:46 - ModbusReader - INFO - 風速: 1.0 m/s, 風級: 1, 風向角度: 186.0, 風向: 南
2025-07-07 14:44:46 - ModbusReader - INFO - 風速: 1.0 m/s, 風級: 1, 風向角度: 186.0, 風向: 南
2025-07-07 14:45:17 - ModbusReader - INFO - 風速: 0.5 m/s, 風級: 1, 風向角度: 165.8, 風向: 南南東
2025-07-07 14:45:17 - ModbusReader - INFO - 風速: 0.5 m/s, 風級: 1, 風向角度: 165.8, 風向: 南南東
2025-07-07 14:45:48 - ModbusReader - INFO - 風速: 0.7 m/s, 風級: 1, 風向角度: 205.9, 風向: 南南西
2025-07-07 14:45:49 - ModbusReader - INFO - 風速: 0.8 m/s, 風級: 1, 風向角度: 112.8, 風向: 東南東
2025-07-07 14:46:19 - ModbusReader - INFO - 風速: 0.9 m/s, 風級: 1, 風向角度: 210.8, 風向: 南南西
2025-07-07 14:46:20 - ModbusReader - INFO - 風速: 0.9 m/s, 風級: 1, 風向角度: 210.8, 風向: 南南西
2025-07-07 14:46:50 - ModbusReader - INFO - 風速: 0.9 m/s, 風級: 1, 風向角度: 225.7, 風向: 西南
2025-07-07 14:46:51 - ModbusReader - INFO - 風速: 0.9 m/s, 風級: 1, 風向角度: 225.7, 風向: 西南
2025-07-07 14:47:22 - ModbusReader - INFO - 風速: 1.1 m/s, 風級: 1, 風向角度: 223.4, 風向: 西南
2025-07-07 14:47:22 - ModbusReader - INFO - 風速: 1.1 m/s, 風級: 1, 風向角度: 223.4, 風向: 西南
2025-07-07 14:47:53 - ModbusReader - INFO - 風速: 1.2 m/s, 風級: 1, 風向角度: 145.5, 風向: 東南
2025-07-07 14:47:53 - ModbusReader - INFO - 風速: 1.2 m/s, 風級: 1, 風向角度: 145.5, 風向: 東南
2025-07-07 14:48:24 - ModbusReader - INFO - 風速: 2.0 m/s, 風級: 2, 風向角度: 182.9, 風向: 南
2025-07-07 14:48:25 - ModbusReader - INFO - 風速: 2.0 m/s, 風級: 2, 風向角度: 182.9, 風向: 南
2025-07-07 14:48:55 - ModbusReader - INFO - 風速: 1.1 m/s, 風級: 1, 風向角度: 215.0, 風向: 西南
2025-07-07 14:48:56 - ModbusReader - INFO - 風速: 1.1 m/s, 風級: 1, 風向角度: 215.0, 風向: 西南
2025-07-07 14:49:26 - ModbusReader - INFO - 風速: 1.1 m/s, 風級: 1, 風向角度: 225.8, 風向: 西南
2025-07-07 14:49:27 - ModbusReader - INFO - 風速: 1.1 m/s, 風級: 1, 風向角度: 225.8, 風向: 西南
2025-07-07 14:49:58 - ModbusReader - INFO - 風速: 0.7 m/s, 風級: 1, 風向角度: 139.7, 風向: 東南
2025-07-07 14:49:58 - ModbusReader - INFO - 風速: 0.7 m/s, 風級: 1, 風向角度: 139.7, 風向: 東南
2025-07-07 14:50:29 - ModbusReader - INFO - 風速: 0.3 m/s, 風級: 1, 風向角度: 311.4, 風向: 西北
2025-07-07 14:50:29 - ModbusReader - INFO - 風速: 0.3 m/s, 風級: 1, 風向角度: 311.4, 風向: 西北
2025-07-07 14:51:00 - ModbusReader - INFO - 風速: 0.0 m/s, 風級: 0, 風向角度: 291.9, 風向: 西北西
2025-07-07 14:51:01 - ModbusReader - INFO - 風速: 0.0 m/s, 風級: 0, 風向角度: 291.9, 風向: 西北西
2025-07-07 14:51:31 - ModbusReader - INFO - 風速: 0.5 m/s, 風級: 1, 風向角度: 37.8, 風向: 東北
2025-07-07 14:51:32 - ModbusReader - INFO - 風速: 0.5 m/s, 風級: 1, 風向角度: 37.8, 風向: 東北
2025-07-07 14:52:02 - ModbusReader - INFO - 風速: 0.8 m/s, 風級: 1, 風向角度: 143.4, 風向: 東南
2025-07-07 14:52:03 - ModbusReader - INFO - 風速: 0.8 m/s, 風級: 1, 風向角度: 143.4, 風向: 東南
2025-07-07 14:52:34 - ModbusReader - INFO - 風速: 1.0 m/s, 風級: 1, 風向角度: 201.7, 風向: 南南西
2025-07-07 14:52:34 - ModbusReader - INFO - 風速: 1.0 m/s, 風級: 1, 風向角度: 201.7, 風向: 南南西
2025-07-07 14:53:05 - ModbusReader - INFO - 風速: 0.6 m/s, 風級: 1, 風向角度: 219.2, 風向: 西南
2025-07-07 14:53:05 - ModbusReader - INFO - 風速: 0.5 m/s, 風級: 1, 風向角度: 175.1, 風向: 南
2025-07-07 14:53:36 - ModbusReader - INFO - 風速: 0.6 m/s, 風級: 1, 風向角度: 201.4, 風向: 南南西
2025-07-07 14:53:37 - ModbusReader - INFO - 風速: 0.6 m/s, 風級: 1, 風向角度: 201.4, 風向: 南南西
2025-07-07 14:54:07 - ModbusReader - INFO - 風速: 0.3 m/s, 風級: 1, 風向角度: 357.3, 風向: 北
2025-07-07 14:54:08 - ModbusReader - INFO - 風速: 0.3 m/s, 風級: 1, 風向角度: 357.3, 風向: 北
2025-07-07 14:54:38 - ModbusReader - INFO - 風速: 2.0 m/s, 風級: 2, 風向角度: 126.8, 風向: 東南
2025-07-07 14:54:39 - ModbusReader - INFO - 風速: 2.0 m/s, 風級: 2, 風向角度: 126.8, 風向: 東南
2025-07-07 14:55:10 - ModbusReader - INFO - 風速: 1.2 m/s, 風級: 1, 風向角度: 132.6, 風向: 東南
2025-07-07 14:55:10 - ModbusReader - INFO - 風速: 1.2 m/s, 風級: 1, 風向角度: 132.6, 風向: 東南
2025-07-07 14:55:41 - ModbusReader - INFO - 風速: 1.4 m/s, 風級: 1, 風向角度: 190.6, 風向: 南
2025-07-07 14:55:41 - ModbusReader - INFO - 風速: 1.4 m/s, 風級: 1, 風向角度: 190.6, 風向: 南
2025-07-07 14:56:12 - ModbusReader - INFO - 風速: 0.6 m/s, 風級: 1, 風向角度: 307.6, 風向: 西北
2025-07-07 14:56:13 - ModbusReader - INFO - 風速: 0.6 m/s, 風級: 1, 風向角度: 307.6, 風向: 西北
2025-07-07 14:56:43 - ModbusReader - INFO - 風速: 0.9 m/s, 風級: 1, 風向角度: 237.0, 風向: 西南西
2025-07-07 14:56:44 - ModbusReader - INFO - 風速: 0.9 m/s, 風級: 1, 風向角度: 237.0, 風向: 西南西
2025-07-07 14:57:14 - ModbusReader - INFO - 風速: 1.1 m/s, 風級: 1, 風向角度: 176.9, 風向: 南
2025-07-07 14:57:15 - ModbusReader - INFO - 風速: 1.1 m/s, 風級: 1, 風向角度: 176.9, 風向: 南
2025-07-07 14:57:46 - ModbusReader - INFO - 風速: 0.7 m/s, 風級: 1, 風向角度: 137.9, 風向: 東南
2025-07-07 14:57:46 - ModbusReader - INFO - 風速: 0.7 m/s, 風級: 1, 風向角度: 137.9, 風向: 東南
2025-07-07 14:58:17 - ModbusReader - INFO - 風速: 0.1 m/s, 風級: 0, 風向角度: 220.5, 風向: 西南
2025-07-07 14:58:17 - ModbusReader - INFO - 風速: 0.1 m/s, 風級: 0, 風向角度: 220.5, 風向: 西南
2025-07-07 14:58:48 - ModbusReader - INFO - 風速: 0.0 m/s, 風級: 0, 風向角度: 161.7, 風向: 南南東
2025-07-07 14:58:49 - ModbusReader - INFO - 風速: 0.0 m/s, 風級: 0, 風向角度: 161.7, 風向: 南南東
2025-07-07 14:59:19 - ModbusReader - INFO - 風速: 0.5 m/s, 風級: 1, 風向角度: 105.3, 風向: 東南東
2025-07-07 14:59:20 - ModbusReader - INFO - 風速: 0.5 m/s, 風級: 1, 風向角度: 105.3, 風向: 東南東
2025-07-07 14:59:50 - ModbusReader - INFO - 風速: 0.7 m/s, 風級: 1, 風向角度: 197.9, 風向: 南南西
2025-07-07 14:59:51 - ModbusReader - INFO - 風速: 0.7 m/s, 風級: 1, 風向角度: 197.9, 風向: 南南西
2025-07-07 15:00:22 - ModbusReader - INFO - 風速: 0.8 m/s, 風級: 1, 風向角度: 167.9, 風向: 南南東
2025-07-07 15:00:22 - ModbusReader - INFO - 風速: 0.7 m/s, 風級: 1, 風向角度: 89.6, 風向: 東
2025-07-07 15:00:53 - ModbusReader - INFO - 風速: 0.0 m/s, 風級: 0, 風向角度: 129.9, 風向: 東南
2025-07-07 15:00:53 - ModbusReader - INFO - 風速: 0.0 m/s, 風級: 0, 風向角度: 129.9, 風向: 東南
2025-07-07 15:01:24 - ModbusReader - INFO - 風速: 0.7 m/s, 風級: 1, 風向角度: 198.9, 風向: 南南西
2025-07-07 15:01:25 - ModbusReader - INFO - 風速: 0.7 m/s, 風級: 1, 風向角度: 198.9, 風向: 南南西
2025-07-07 15:01:55 - ModbusReader - INFO - 風速: 0.0 m/s, 風級: 0, 風向角度: 44.7, 風向: 東北
2025-07-07 15:01:56 - ModbusReader - INFO - 風速: 0.0 m/s, 風級: 0, 風向角度: 44.7, 風向: 東北
2025-07-07 15:02:26 - ModbusReader - INFO - 風速: 0.2 m/s, 風級: 0, 風向角度: 211.4, 風向: 南南西
2025-07-07 15:02:27 - ModbusReader - INFO - 風速: 0.2 m/s, 風級: 0, 風向角度: 211.4, 風向: 南南西
2025-07-07 15:02:58 - ModbusReader - INFO - 風速: 1.2 m/s, 風級: 1, 風向角度: 139.4, 風向: 東南
2025-07-07 15:02:58 - ModbusReader - INFO - 風速: 1.2 m/s, 風級: 1, 風向角度: 139.4, 風向: 東南
2025-07-07 15:03:29 - ModbusReader - INFO - 風速: 0.8 m/s, 風級: 1, 風向角度: 165.3, 風向: 南南東
2025-07-07 15:03:29 - ModbusReader - INFO - 風速: 0.8 m/s, 風級: 1, 風向角度: 165.3, 風向: 南南東
2025-07-07 15:04:00 - ModbusReader - INFO - 風速: 0.7 m/s, 風級: 1, 風向角度: 158.3, 風向: 南南東
2025-07-07 15:04:01 - ModbusReader - INFO - 風速: 0.7 m/s, 風級: 1, 風向角度: 158.3, 風向: 南南東
2025-07-07 15:04:31 - ModbusReader - INFO - 風速: 0.9 m/s, 風級: 1, 風向角度: 139.3, 風向: 東南
2025-07-07 15:04:32 - ModbusReader - INFO - 風速: 0.9 m/s, 風級: 1, 風向角度: 139.3, 風向: 東南
2025-07-07 15:05:02 - ModbusReader - INFO - 風速: 0.7 m/s, 風級: 1, 風向角度: 186.6, 風向: 南
2025-07-07 15:05:03 - ModbusReader - INFO - 風速: 0.7 m/s, 風級: 1, 風向角度: 186.6, 風向: 南
2025-07-07 15:05:34 - ModbusReader - INFO - 風速: 0.8 m/s, 風級: 1, 風向角度: 206.5, 風向: 南南西
2025-07-07 15:05:34 - ModbusReader - INFO - 風速: 0.8 m/s, 風級: 1, 風向角度: 206.5, 風向: 南南西
2025-07-07 15:06:05 - ModbusReader - INFO - 風速: 0.7 m/s, 風級: 1, 風向角度: 202.3, 風向: 南南西
2025-07-07 15:06:05 - ModbusReader - INFO - 風速: 0.7 m/s, 風級: 1, 風向角度: 202.3, 風向: 南南西
2025-07-07 15:06:36 - ModbusReader - INFO - 風速: 1.1 m/s, 風級: 1, 風向角度: 274.6, 風向: 西
2025-07-07 15:06:37 - ModbusReader - INFO - 風速: 1.1 m/s, 風級: 1, 風向角度: 274.6, 風向: 西
2025-07-07 15:07:07 - ModbusReader - INFO - 風速: 0.5 m/s, 風級: 1, 風向角度: 189.0, 風向: 南
2025-07-07 15:07:08 - ModbusReader - INFO - 風速: 0.5 m/s, 風級: 1, 風向角度: 189.0, 風向: 南
2025-07-07 15:07:38 - ModbusReader - INFO - 風速: 0.9 m/s, 風級: 1, 風向角度: 151.6, 風向: 南南東
2025-07-07 15:07:39 - ModbusReader - INFO - 風速: 1.1 m/s, 風級: 1, 風向角度: 147.0, 風向: 南南東
2025-07-07 15:08:10 - ModbusReader - INFO - 風速: 0.9 m/s, 風級: 1, 風向角度: 268.6, 風向: 西
2025-07-07 15:08:10 - ModbusReader - INFO - 風速: 0.9 m/s, 風級: 1, 風向角度: 268.6, 風向: 西
2025-07-07 15:08:41 - ModbusReader - INFO - 風速: 1.0 m/s, 風級: 1, 風向角度: 146.7, 風向: 南南東
2025-07-07 15:08:41 - ModbusReader - INFO - 風速: 1.0 m/s, 風級: 1, 風向角度: 146.7, 風向: 南南東
2025-07-07 15:09:12 - ModbusReader - INFO - 風速: 1.4 m/s, 風級: 1, 風向角度: 96.9, 風向: 東
2025-07-07 15:09:13 - ModbusReader - INFO - 風速: 1.4 m/s, 風級: 1, 風向角度: 96.9, 風向: 東
2025-07-07 15:09:43 - ModbusReader - INFO - 風速: 1.0 m/s, 風級: 1, 風向角度: 190.5, 風向: 南
2025-07-07 15:09:44 - ModbusReader - INFO - 風速: 1.0 m/s, 風級: 1, 風向角度: 190.5, 風向: 南
2025-07-07 15:10:14 - ModbusReader - INFO - 風速: 1.0 m/s, 風級: 1, 風向角度: 273.1, 風向: 西
2025-07-07 15:10:15 - ModbusReader - INFO - 風速: 1.0 m/s, 風級: 1, 風向角度: 273.1, 風向: 西
2025-07-07 15:10:46 - ModbusReader - INFO - 風速: 0.7 m/s, 風級: 1, 風向角度: 185.1, 風向: 南
2025-07-07 15:10:46 - ModbusReader - INFO - 風速: 0.7 m/s, 風級: 1, 風向角度: 185.1, 風向: 南
2025-07-07 15:11:17 - ModbusReader - INFO - 風速: 0.0 m/s, 風級: 0, 風向角度: 62.3, 風向: 東北東
2025-07-07 15:11:17 - ModbusReader - INFO - 風速: 0.0 m/s, 風級: 0, 風向角度: 62.3, 風向: 東北東
2025-07-07 15:11:48 - ModbusReader - INFO - 風速: 0.0 m/s, 風級: 0, 風向角度: 178.1, 風向: 南
2025-07-07 15:11:49 - ModbusReader - INFO - 風速: 0.0 m/s, 風級: 0, 風向角度: 178.1, 風向: 南
2025-07-07 15:12:19 - ModbusReader - INFO - 風速: 0.6 m/s, 風級: 1, 風向角度: 106.2, 風向: 東南東
2025-07-07 15:12:20 - ModbusReader - INFO - 風速: 0.6 m/s, 風級: 1, 風向角度: 106.2, 風向: 東南東
2025-07-07 15:12:50 - ModbusReader - INFO - 風速: 1.0 m/s, 風級: 1, 風向角度: 224.7, 風向: 西南
2025-07-07 15:12:51 - ModbusReader - INFO - 風速: 1.0 m/s, 風級: 1, 風向角度: 224.7, 風向: 西南
2025-07-07 15:13:22 - ModbusReader - INFO - 風速: 1.1 m/s, 風級: 1, 風向角度: 224.5, 風向: 西南
2025-07-07 15:13:22 - ModbusReader - INFO - 風速: 1.1 m/s, 風級: 1, 風向角度: 224.5, 風向: 西南
2025-07-07 15:13:53 - ModbusReader - INFO - 風速: 0.6 m/s, 風級: 1, 風向角度: 230.8, 風向: 西南
2025-07-07 15:13:53 - ModbusReader - INFO - 風速: 0.6 m/s, 風級: 1, 風向角度: 230.8, 風向: 西南
2025-07-07 15:14:24 - ModbusReader - INFO - 風速: 0.8 m/s, 風級: 1, 風向角度: 218.4, 風向: 西南
2025-07-07 15:14:25 - ModbusReader - INFO - 風速: 0.8 m/s, 風級: 1, 風向角度: 218.4, 風向: 西南
2025-07-07 15:14:55 - ModbusReader - INFO - 風速: 0.8 m/s, 風級: 1, 風向角度: 194.9, 風向: 南南西
2025-07-07 15:14:56 - ModbusReader - INFO - 風速: 1.1 m/s, 風級: 1, 風向角度: 114.0, 風向: 東南東
2025-07-07 15:15:26 - ModbusReader - INFO - 風速: 0.8 m/s, 風級: 1, 風向角度: 264.8, 風向: 西
2025-07-07 15:15:27 - ModbusReader - INFO - 風速: 0.8 m/s, 風級: 1, 風向角度: 264.8, 風向: 西
2025-07-07 15:15:58 - ModbusReader - INFO - 風速: 0.8 m/s, 風級: 1, 風向角度: 129.9, 風向: 東南
2025-07-07 15:15:58 - ModbusReader - INFO - 風速: 0.8 m/s, 風級: 1, 風向角度: 129.9, 風向: 東南
2025-07-07 15:16:29 - ModbusReader - INFO - 風速: 1.2 m/s, 風級: 1, 風向角度: 175.8, 風向: 南
2025-07-07 15:16:29 - ModbusReader - INFO - 風速: 1.2 m/s, 風級: 1, 風向角度: 175.8, 風向: 南
2025-07-07 15:17:00 - ModbusReader - INFO - 風速: 0.6 m/s, 風級: 1, 風向角度: 146.7, 風向: 南南東
2025-07-07 15:17:01 - ModbusReader - INFO - 風速: 0.6 m/s, 風級: 1, 風向角度: 146.7, 風向: 南南東
2025-07-07 15:17:31 - ModbusReader - INFO - 風速: 0.9 m/s, 風級: 1, 風向角度: 169.9, 風向: 南
2025-07-07 15:17:32 - ModbusReader - INFO - 風速: 0.9 m/s, 風級: 1, 風向角度: 169.9, 風向: 南
2025-07-07 15:18:02 - ModbusReader - INFO - 風速: 0.4 m/s, 風級: 1, 風向角度: 72.1, 風向: 東北東
2025-07-07 15:18:03 - ModbusReader - INFO - 風速: 0.4 m/s, 風級: 1, 風向角度: 72.1, 風向: 東北東
2025-07-07 15:18:34 - ModbusReader - INFO - 風速: 0.6 m/s, 風級: 1, 風向角度: 157.1, 風向: 南南東
2025-07-07 15:18:34 - ModbusReader - INFO - 風速: 0.6 m/s, 風級: 1, 風向角度: 157.1, 風向: 南南東
2025-07-07 15:19:05 - ModbusReader - INFO - 風速: 0.0 m/s, 風級: 0, 風向角度: 93.8, 風向: 東
2025-07-07 15:19:05 - ModbusReader - INFO - 風速: 0.0 m/s, 風級: 0, 風向角度: 93.8, 風向: 東
2025-07-07 15:19:36 - ModbusReader - INFO - 風速: 0.0 m/s, 風級: 0, 風向角度: 163.6, 風向: 南南東
2025-07-07 15:19:37 - ModbusReader - INFO - 風速: 0.0 m/s, 風級: 0, 風向角度: 163.6, 風向: 南南東
2025-07-07 15:20:07 - ModbusReader - INFO - 風速: 0.0 m/s, 風級: 0, 風向角度: 352.3, 風向: 北
2025-07-07 15:20:08 - ModbusReader - INFO - 風速: 0.0 m/s, 風級: 0, 風向角度: 352.3, 風向: 北
2025-07-07 15:20:38 - ModbusReader - INFO - 風速: 0.0 m/s, 風級: 0, 風向角度: 165.7, 風向: 南南東
2025-07-07 15:20:39 - ModbusReader - INFO - 風速: 0.0 m/s, 風級: 0, 風向角度: 165.7, 風向: 南南東
2025-07-07 15:21:10 - ModbusReader - INFO - 風速: 0.0 m/s, 風級: 0, 風向角度: 352.7, 風向: 北
2025-07-07 15:21:10 - ModbusReader - INFO - 風速: 0.0 m/s, 風級: 0, 風向角度: 352.7, 風向: 北
2025-07-07 15:21:41 - ModbusReader - INFO - 風速: 0.0 m/s, 風級: 0, 風向角度: 49.7, 風向: 東北
2025-07-07 15:21:41 - ModbusReader - INFO - 風速: 0.0 m/s, 風級: 0, 風向角度: 49.7, 風向: 東北
2025-07-07 15:22:12 - ModbusReader - INFO - 風速: 0.0 m/s, 風級: 0, 風向角度: 207.9, 風向: 南南西
2025-07-07 15:22:13 - ModbusReader - INFO - 風速: 0.8 m/s, 風級: 1, 風向角度: 198.2, 風向: 南南西
2025-07-07 15:22:43 - ModbusReader - INFO - 風速: 1.4 m/s, 風級: 1, 風向角度: 104.6, 風向: 東南東
2025-07-07 15:22:44 - ModbusReader - INFO - 風速: 1.4 m/s, 風級: 1, 風向角度: 104.6, 風向: 東南東
2025-07-07 15:23:14 - ModbusReader - INFO - 風速: 0.9 m/s, 風級: 1, 風向角度: 238.8, 風向: 西南西
2025-07-07 15:23:15 - ModbusReader - INFO - 風速: 0.9 m/s, 風級: 1, 風向角度: 238.8, 風向: 西南西
2025-07-07 15:23:46 - ModbusReader - INFO - 風速: 1.5 m/s, 風級: 1, 風向角度: 123.8, 風向: 東南
2025-07-07 15:23:46 - ModbusReader - INFO - 風速: 1.5 m/s, 風級: 1, 風向角度: 123.8, 風向: 東南
2025-07-07 15:24:17 - ModbusReader - INFO - 風速: 0.9 m/s, 風級: 1, 風向角度: 309.5, 風向: 西北
2025-07-07 15:24:17 - ModbusReader - INFO - 風速: 0.9 m/s, 風級: 1, 風向角度: 309.5, 風向: 西北
2025-07-07 15:24:48 - ModbusReader - INFO - 風速: 1.3 m/s, 風級: 1, 風向角度: 127.4, 風向: 東南
2025-07-07 15:24:49 - ModbusReader - INFO - 風速: 1.3 m/s, 風級: 1, 風向角度: 127.4, 風向: 東南
2025-07-07 15:25:19 - ModbusReader - INFO - 風速: 1.4 m/s, 風級: 1, 風向角度: 354.2, 風向: 北
2025-07-07 15:25:20 - ModbusReader - INFO - 風速: 1.4 m/s, 風級: 1, 風向角度: 354.2, 風向: 北
2025-07-07 15:25:50 - ModbusReader - INFO - 風速: 1.0 m/s, 風級: 1, 風向角度: 156.3, 風向: 南南東
2025-07-07 15:25:51 - ModbusReader - INFO - 風速: 1.0 m/s, 風級: 1, 風向角度: 156.3, 風向: 南南東
2025-07-07 15:26:22 - ModbusReader - INFO - 風速: 1.2 m/s, 風級: 1, 風向角度: 112.3, 風向: 東南東
2025-07-07 15:26:22 - ModbusReader - INFO - 風速: 1.2 m/s, 風級: 1, 風向角度: 112.3, 風向: 東南東
2025-07-07 15:26:53 - ModbusReader - INFO - 風速: 1.5 m/s, 風級: 1, 風向角度: 114.3, 風向: 東南東
2025-07-07 15:26:53 - ModbusReader - INFO - 風速: 1.5 m/s, 風級: 1, 風向角度: 114.3, 風向: 東南東
2025-07-07 15:27:24 - ModbusReader - INFO - 風速: 0.7 m/s, 風級: 1, 風向角度: 172.0, 風向: 南
2025-07-07 15:27:25 - ModbusReader - INFO - 風速: 0.7 m/s, 風級: 1, 風向角度: 172.0, 風向: 南
2025-07-07 15:27:55 - ModbusReader - INFO - 風速: 0.7 m/s, 風級: 1, 風向角度: 137.5, 風向: 東南
2025-07-07 15:27:56 - ModbusReader - INFO - 風速: 0.7 m/s, 風級: 1, 風向角度: 137.5, 風向: 東南
2025-07-07 15:28:26 - ModbusReader - INFO - 風速: 2.1 m/s, 風級: 2, 風向角度: 209.5, 風向: 南南西
2025-07-07 15:28:27 - ModbusReader - INFO - 風速: 2.1 m/s, 風級: 2, 風向角度: 209.5, 風向: 南南西
2025-07-07 15:28:58 - ModbusReader - INFO - 風速: 1.1 m/s, 風級: 1, 風向角度: 185.4, 風向: 南
2025-07-07 15:28:58 - ModbusReader - INFO - 風速: 1.1 m/s, 風級: 1, 風向角度: 185.4, 風向: 南
2025-07-07 15:29:29 - ModbusReader - INFO - 風速: 0.8 m/s, 風級: 1, 風向角度: 219.2, 風向: 西南
2025-07-07 15:29:29 - ModbusReader - INFO - 風速: 0.9 m/s, 風級: 1, 風向角度: 59.8, 風向: 東北東
2025-07-07 15:30:00 - ModbusReader - INFO - 風速: 0.9 m/s, 風級: 1, 風向角度: 151.5, 風向: 南南東
2025-07-07 15:30:01 - ModbusReader - INFO - 風速: 0.9 m/s, 風級: 1, 風向角度: 151.5, 風向: 南南東
2025-07-07 15:30:31 - ModbusReader - INFO - 風速: 0.8 m/s, 風級: 1, 風向角度: 345.1, 風向: 北北西
2025-07-07 15:30:32 - ModbusReader - INFO - 風速: 0.8 m/s, 風級: 1, 風向角度: 345.1, 風向: 北北西
2025-07-07 15:31:02 - ModbusReader - INFO - 風速: 1.1 m/s, 風級: 1, 風向角度: 334.6, 風向: 北北西
2025-07-07 15:31:03 - ModbusReader - INFO - 風速: 1.1 m/s, 風級: 1, 風向角度: 334.6, 風向: 北北西
2025-07-07 15:31:34 - ModbusReader - INFO - 風速: 0.6 m/s, 風級: 1, 風向角度: 162.6, 風向: 南南東
2025-07-07 15:31:34 - ModbusReader - INFO - 風速: 0.6 m/s, 風級: 1, 風向角度: 162.6, 風向: 南南東
2025-07-07 15:32:05 - ModbusReader - INFO - 風速: 0.7 m/s, 風級: 1, 風向角度: 147.4, 風向: 南南東
2025-07-07 15:32:05 - ModbusReader - INFO - 風速: 0.7 m/s, 風級: 1, 風向角度: 147.4, 風向: 南南東
2025-07-07 15:32:36 - ModbusReader - INFO - 風速: 1.4 m/s, 風級: 1, 風向角度: 183.0, 風向: 南
2025-07-07 15:32:37 - ModbusReader - INFO - 風速: 1.4 m/s, 風級: 1, 風向角度: 183.0, 風向: 南
2025-07-07 15:33:07 - ModbusReader - INFO - 風速: 1.0 m/s, 風級: 1, 風向角度: 160.5, 風向: 南南東
2025-07-07 15:33:08 - ModbusReader - INFO - 風速: 1.0 m/s, 風級: 1, 風向角度: 160.5, 風向: 南南東
2025-07-07 15:33:38 - ModbusReader - INFO - 風速: 0.4 m/s, 風級: 1, 風向角度: 256.4, 風向: 西南西
2025-07-07 15:33:39 - ModbusReader - INFO - 風速: 0.4 m/s, 風級: 1, 風向角度: 256.4, 風向: 西南西
2025-07-07 15:34:10 - ModbusReader - INFO - 風速: 0.9 m/s, 風級: 1, 風向角度: 88.6, 風向: 東
2025-07-07 15:34:10 - ModbusReader - INFO - 風速: 0.9 m/s, 風級: 1, 風向角度: 88.6, 風向: 東
2025-07-07 15:34:41 - ModbusReader - INFO - 風速: 1.1 m/s, 風級: 1, 風向角度: 150.1, 風向: 南南東
2025-07-07 15:34:41 - ModbusReader - INFO - 風速: 1.1 m/s, 風級: 1, 風向角度: 150.1, 風向: 南南東
2025-07-07 15:35:12 - ModbusReader - INFO - 風速: 1.0 m/s, 風級: 1, 風向角度: 231.5, 風向: 西南
2025-07-07 15:35:13 - ModbusReader - INFO - 風速: 1.0 m/s, 風級: 1, 風向角度: 231.5, 風向: 西南
2025-07-07 15:35:43 - ModbusReader - INFO - 風速: 0.7 m/s, 風級: 1, 風向角度: 169.7, 風向: 南
2025-07-07 15:35:44 - ModbusReader - INFO - 風速: 0.7 m/s, 風級: 1, 風向角度: 169.7, 風向: 南
2025-07-07 15:36:14 - ModbusReader - INFO - 風速: 1.4 m/s, 風級: 1, 風向角度: 201.8, 風向: 南南西
2025-07-07 15:36:15 - ModbusReader - INFO - 風速: 1.4 m/s, 風級: 1, 風向角度: 201.8, 風向: 南南西
2025-07-07 15:36:46 - ModbusReader - INFO - 風速: 1.0 m/s, 風級: 1, 風向角度: 110.6, 風向: 東南東
2025-07-07 15:36:46 - ModbusReader - INFO - 風速: 0.8 m/s, 風級: 1, 風向角度: 127.9, 風向: 東南
2025-07-07 15:37:17 - ModbusReader - INFO - 風速: 0.6 m/s, 風級: 1, 風向角度: 344.0, 風向: 北北西
2025-07-07 15:37:17 - ModbusReader - INFO - 風速: 0.6 m/s, 風級: 1, 風向角度: 344.0, 風向: 北北西
2025-07-07 15:37:48 - ModbusReader - INFO - 風速: 0.8 m/s, 風級: 1, 風向角度: 167.7, 風向: 南南東
2025-07-07 15:37:49 - ModbusReader - INFO - 風速: 0.8 m/s, 風級: 1, 風向角度: 167.7, 風向: 南南東
2025-07-07 15:38:19 - ModbusReader - INFO - 風速: 1.0 m/s, 風級: 1, 風向角度: 98.1, 風向: 東
2025-07-07 15:38:20 - ModbusReader - INFO - 風速: 1.0 m/s, 風級: 1, 風向角度: 98.1, 風向: 東
2025-07-07 15:38:50 - ModbusReader - INFO - 風速: 1.0 m/s, 風級: 1, 風向角度: 159.4, 風向: 南南東
2025-07-07 15:38:51 - ModbusReader - INFO - 風速: 1.0 m/s, 風級: 1, 風向角度: 159.4, 風向: 南南東
2025-07-07 15:39:22 - ModbusReader - INFO - 風速: 1.3 m/s, 風級: 1, 風向角度: 138.5, 風向: 東南
2025-07-07 15:39:22 - ModbusReader - INFO - 風速: 1.3 m/s, 風級: 1, 風向角度: 138.5, 風向: 東南
2025-07-07 15:39:53 - ModbusReader - INFO - 風速: 1.1 m/s, 風級: 1, 風向角度: 182.6, 風向: 南
2025-07-07 15:39:53 - ModbusReader - INFO - 風速: 1.1 m/s, 風級: 1, 風向角度: 182.6, 風向: 南
2025-07-07 15:40:24 - ModbusReader - INFO - 風速: 0.5 m/s, 風級: 1, 風向角度: 247.6, 風向: 西南西
2025-07-07 15:40:25 - ModbusReader - INFO - 風速: 0.5 m/s, 風級: 1, 風向角度: 247.6, 風向: 西南西
2025-07-07 15:40:55 - ModbusReader - INFO - 風速: 1.0 m/s, 風級: 1, 風向角度: 148.8, 風向: 南南東
2025-07-07 15:40:56 - ModbusReader - INFO - 風速: 1.0 m/s, 風級: 1, 風向角度: 148.8, 風向: 南南東
2025-07-07 15:41:26 - ModbusReader - INFO - 風速: 0.6 m/s, 風級: 1, 風向角度: 250.0, 風向: 西南西
2025-07-07 15:41:27 - ModbusReader - INFO - 風速: 0.6 m/s, 風級: 1, 風向角度: 250.0, 風向: 西南西
2025-07-07 15:41:58 - ModbusReader - INFO - 風速: 1.5 m/s, 風級: 1, 風向角度: 185.2, 風向: 南
2025-07-07 15:41:58 - ModbusReader - INFO - 風速: 1.5 m/s, 風級: 1, 風向角度: 185.2, 風向: 南
2025-07-07 15:42:29 - ModbusReader - INFO - 風速: 1.4 m/s, 風級: 1, 風向角度: 63.8, 風向: 東北東
2025-07-07 15:42:29 - ModbusReader - INFO - 風速: 1.4 m/s, 風級: 1, 風向角度: 63.8, 風向: 東北東
2025-07-07 15:43:00 - ModbusReader - INFO - 風速: 1.4 m/s, 風級: 1, 風向角度: 184.4, 風向: 南
2025-07-07 15:43:01 - ModbusReader - INFO - 風速: 1.4 m/s, 風級: 1, 風向角度: 184.4, 風向: 南
2025-07-07 15:43:31 - ModbusReader - INFO - 風速: 1.2 m/s, 風級: 1, 風向角度: 191.8, 風向: 南南西
2025-07-07 15:43:32 - ModbusReader - INFO - 風速: 1.2 m/s, 風級: 1, 風向角度: 191.8, 風向: 南南西
2025-07-07 15:44:02 - ModbusReader - INFO - 風速: 1.4 m/s, 風級: 1, 風向角度: 201.8, 風向: 南南西
2025-07-07 15:44:03 - ModbusReader - INFO - 風速: 1.3 m/s, 風級: 1, 風向角度: 159.5, 風向: 南南東
2025-07-07 15:44:34 - ModbusReader - INFO - 風速: 0.8 m/s, 風級: 1, 風向角度: 47.2, 風向: 東北
2025-07-07 15:44:34 - ModbusReader - INFO - 風速: 0.8 m/s, 風級: 1, 風向角度: 47.2, 風向: 東北
2025-07-07 15:45:05 - ModbusReader - INFO - 風速: 0.0 m/s, 風級: 0, 風向角度: 142.3, 風向: 東南
2025-07-07 15:45:05 - ModbusReader - INFO - 風速: 0.0 m/s, 風級: 0, 風向角度: 142.3, 風向: 東南
2025-07-07 15:45:36 - ModbusReader - INFO - 風速: 1.3 m/s, 風級: 1, 風向角度: 167.8, 風向: 南南東
2025-07-07 15:45:37 - ModbusReader - INFO - 風速: 1.3 m/s, 風級: 1, 風向角度: 167.8, 風向: 南南東
2025-07-07 15:46:07 - ModbusReader - INFO - 風速: 1.6 m/s, 風級: 2, 風向角度: 195.1, 風向: 南南西
2025-07-07 15:46:08 - ModbusReader - INFO - 風速: 1.6 m/s, 風級: 2, 風向角度: 195.1, 風向: 南南西
2025-07-07 15:46:38 - ModbusReader - INFO - 風速: 0.7 m/s, 風級: 1, 風向角度: 159.2, 風向: 南南東
2025-07-07 15:46:39 - ModbusReader - INFO - 風速: 0.7 m/s, 風級: 1, 風向角度: 159.2, 風向: 南南東
2025-07-07 15:47:10 - ModbusReader - INFO - 風速: 0.6 m/s, 風級: 1, 風向角度: 61.6, 風向: 東北東
2025-07-07 15:47:10 - ModbusReader - INFO - 風速: 0.6 m/s, 風級: 1, 風向角度: 61.6, 風向: 東北東
2025-07-07 15:47:41 - ModbusReader - INFO - 風速: 0.0 m/s, 風級: 0, 風向角度: 223.3, 風向: 西南
2025-07-07 15:47:41 - ModbusReader - INFO - 風速: 0.0 m/s, 風級: 0, 風向角度: 223.3, 風向: 西南
2025-07-07 15:48:12 - ModbusReader - INFO - 風速: 1.2 m/s, 風級: 1, 風向角度: 165.3, 風向: 南南東
2025-07-07 15:48:13 - ModbusReader - INFO - 風速: 1.2 m/s, 風級: 1, 風向角度: 165.3, 風向: 南南東
2025-07-07 15:48:43 - ModbusReader - INFO - 風速: 1.8 m/s, 風級: 2, 風向角度: 101.6, 風向: 東南東
2025-07-07 15:48:44 - ModbusReader - INFO - 風速: 1.8 m/s, 風級: 2, 風向角度: 101.6, 風向: 東南東
2025-07-07 15:49:14 - ModbusReader - INFO - 風速: 1.1 m/s, 風級: 1, 風向角度: 59.4, 風向: 東北東
2025-07-07 15:49:15 - ModbusReader - INFO - 風速: 1.1 m/s, 風級: 1, 風向角度: 59.4, 風向: 東北東
2025-07-07 15:49:46 - ModbusReader - INFO - 風速: 0.5 m/s, 風級: 1, 風向角度: 78.8, 風向: 東
2025-07-07 15:49:46 - ModbusReader - INFO - 風速: 0.5 m/s, 風級: 1, 風向角度: 78.8, 風向: 東
2025-07-07 15:50:17 - ModbusReader - INFO - 風速: 0.7 m/s, 風級: 1, 風向角度: 212.7, 風向: 南南西
2025-07-07 15:50:17 - ModbusReader - INFO - 風速: 0.7 m/s, 風級: 1, 風向角度: 212.7, 風向: 南南西
2025-07-07 15:50:48 - ModbusReader - INFO - 風速: 0.0 m/s, 風級: 0, 風向角度: 103.4, 風向: 東南東
2025-07-07 15:50:49 - ModbusReader - INFO - 風速: 0.0 m/s, 風級: 0, 風向角度: 103.4, 風向: 東南東
2025-07-07 15:51:19 - ModbusReader - INFO - 風速: 0.0 m/s, 風級: 0, 風向角度: 301.4, 風向: 西北西
2025-07-07 15:51:20 - ModbusReader - INFO - 風速: 0.0 m/s, 風級: 0, 風向角度: 158.3, 風向: 南南東
2025-07-07 15:51:50 - ModbusReader - INFO - 風速: 1.3 m/s, 風級: 1, 風向角度: 118.7, 風向: 東南東
2025-07-07 15:51:51 - ModbusReader - INFO - 風速: 1.3 m/s, 風級: 1, 風向角度: 118.7, 風向: 東南東
2025-07-07 15:52:22 - ModbusReader - INFO - 風速: 0.7 m/s, 風級: 1, 風向角度: 168.1, 風向: 南南東
2025-07-07 15:52:22 - ModbusReader - INFO - 風速: 0.7 m/s, 風級: 1, 風向角度: 168.1, 風向: 南南東
2025-07-07 15:52:53 - ModbusReader - INFO - 風速: 0.9 m/s, 風級: 1, 風向角度: 181.5, 風向: 南
2025-07-07 15:52:53 - ModbusReader - INFO - 風速: 0.9 m/s, 風級: 1, 風向角度: 181.5, 風向: 南
2025-07-07 15:53:24 - ModbusReader - INFO - 風速: 0.8 m/s, 風級: 1, 風向角度: 140.5, 風向: 東南
2025-07-07 15:53:25 - ModbusReader - INFO - 風速: 0.8 m/s, 風級: 1, 風向角度: 140.5, 風向: 東南
2025-07-07 15:53:55 - ModbusReader - INFO - 風速: 0.8 m/s, 風級: 1, 風向角度: 194.8, 風向: 南南西
2025-07-07 15:53:56 - ModbusReader - INFO - 風速: 0.8 m/s, 風級: 1, 風向角度: 194.8, 風向: 南南西
2025-07-07 15:54:26 - ModbusReader - INFO - 風速: 0.4 m/s, 風級: 1, 風向角度: 338.0, 風向: 北北西
2025-07-07 15:54:27 - ModbusReader - INFO - 風速: 0.4 m/s, 風級: 1, 風向角度: 338.0, 風向: 北北西
2025-07-07 15:54:58 - ModbusReader - INFO - 風速: 0.8 m/s, 風級: 1, 風向角度: 173.2, 風向: 南
2025-07-07 15:54:58 - ModbusReader - INFO - 風速: 0.8 m/s, 風級: 1, 風向角度: 173.2, 風向: 南
2025-07-07 15:55:29 - ModbusReader - INFO - 風速: 0.6 m/s, 風級: 1, 風向角度: 286.5, 風向: 西北西
2025-07-07 15:55:29 - ModbusReader - INFO - 風速: 0.6 m/s, 風級: 1, 風向角度: 286.5, 風向: 西北西
2025-07-07 15:56:00 - ModbusReader - INFO - 風速: 0.7 m/s, 風級: 1, 風向角度: 290.4, 風向: 西北西
2025-07-07 15:56:01 - ModbusReader - INFO - 風速: 0.7 m/s, 風級: 1, 風向角度: 290.4, 風向: 西北西
2025-07-07 15:56:31 - ModbusReader - INFO - 風速: 0.5 m/s, 風級: 1, 風向角度: 181.3, 風向: 南
2025-07-07 15:56:32 - ModbusReader - INFO - 風速: 0.5 m/s, 風級: 1, 風向角度: 181.3, 風向: 南
2025-07-07 15:57:02 - ModbusReader - INFO - 風速: 0.7 m/s, 風級: 1, 風向角度: 48.8, 風向: 東北
2025-07-07 15:57:03 - ModbusReader - INFO - 風速: 0.7 m/s, 風級: 1, 風向角度: 48.8, 風向: 東北
2025-07-07 15:57:34 - ModbusReader - INFO - 風速: 1.0 m/s, 風級: 1, 風向角度: 184.8, 風向: 南
2025-07-07 15:57:34 - ModbusReader - INFO - 風速: 1.0 m/s, 風級: 1, 風向角度: 184.8, 風向: 南
2025-07-07 15:58:05 - ModbusReader - INFO - 風速: 1.6 m/s, 風級: 2, 風向角度: 152.2, 風向: 南南東
2025-07-07 15:58:05 - ModbusReader - INFO - 風速: 1.6 m/s, 風級: 2, 風向角度: 152.2, 風向: 南南東
2025-07-07 15:58:36 - ModbusReader - INFO - 風速: 1.3 m/s, 風級: 1, 風向角度: 162.2, 風向: 南南東
2025-07-07 15:58:37 - ModbusReader - INFO - 風速: 1.1 m/s, 風級: 1, 風向角度: 180.6, 風向: 南
2025-07-07 15:59:07 - ModbusReader - INFO - 風速: 0.8 m/s, 風級: 1, 風向角度: 25.4, 風向: 北北東
2025-07-07 15:59:08 - ModbusReader - INFO - 風速: 0.8 m/s, 風級: 1, 風向角度: 25.4, 風向: 北北東
2025-07-07 15:59:38 - ModbusReader - INFO - 風速: 0.5 m/s, 風級: 1, 風向角度: 48.9, 風向: 東北
2025-07-07 15:59:39 - ModbusReader - INFO - 風速: 0.5 m/s, 風級: 1, 風向角度: 48.9, 風向: 東北
2025-07-07 16:00:10 - ModbusReader - INFO - 風速: 0.0 m/s, 風級: 0, 風向角度: 216.4, 風向: 西南
2025-07-07 16:00:10 - ModbusReader - INFO - 風速: 0.0 m/s, 風級: 0, 風向角度: 216.4, 風向: 西南
2025-07-07 16:00:41 - ModbusReader - INFO - 風速: 1.2 m/s, 風級: 1, 風向角度: 188.8, 風向: 南
2025-07-07 16:00:41 - ModbusReader - INFO - 風速: 1.2 m/s, 風級: 1, 風向角度: 188.8, 風向: 南
2025-07-07 16:01:12 - ModbusReader - INFO - 風速: 0.9 m/s, 風級: 1, 風向角度: 229.7, 風向: 西南
2025-07-07 16:01:13 - ModbusReader - INFO - 風速: 0.9 m/s, 風級: 1, 風向角度: 229.7, 風向: 西南
2025-07-07 16:01:43 - ModbusReader - INFO - 風速: 1.2 m/s, 風級: 1, 風向角度: 148.7, 風向: 南南東
2025-07-07 16:01:44 - ModbusReader - INFO - 風速: 1.2 m/s, 風級: 1, 風向角度: 148.7, 風向: 南南東
2025-07-07 16:02:14 - ModbusReader - INFO - 風速: 1.2 m/s, 風級: 1, 風向角度: 153.4, 風向: 南南東
2025-07-07 16:02:15 - ModbusReader - INFO - 風速: 1.2 m/s, 風級: 1, 風向角度: 153.4, 風向: 南南東
2025-07-07 16:02:46 - ModbusReader - INFO - 風速: 0.5 m/s, 風級: 1, 風向角度: 192.0, 風向: 南南西
2025-07-07 16:02:46 - ModbusReader - INFO - 風速: 0.5 m/s, 風級: 1, 風向角度: 192.0, 風向: 南南西
2025-07-07 16:03:17 - ModbusReader - INFO - 風速: 1.1 m/s, 風級: 1, 風向角度: 186.3, 風向: 南
2025-07-07 16:03:17 - ModbusReader - INFO - 風速: 1.1 m/s, 風級: 1, 風向角度: 186.3, 風向: 南
2025-07-07 16:03:48 - ModbusReader - INFO - 風速: 1.4 m/s, 風級: 1, 風向角度: 167.2, 風向: 南南東
2025-07-07 16:03:49 - ModbusReader - INFO - 風速: 1.4 m/s, 風級: 1, 風向角度: 167.2, 風向: 南南東
2025-07-07 16:04:19 - ModbusReader - INFO - 風速: 1.1 m/s, 風級: 1, 風向角度: 158.9, 風向: 南南東
2025-07-07 16:04:20 - ModbusReader - INFO - 風速: 1.1 m/s, 風級: 1, 風向角度: 158.9, 風向: 南南東
2025-07-07 16:04:50 - ModbusReader - INFO - 風速: 1.3 m/s, 風級: 1, 風向角度: 172.8, 風向: 南
2025-07-07 16:04:51 - ModbusReader - INFO - 風速: 1.3 m/s, 風級: 1, 風向角度: 172.8, 風向: 南
2025-07-07 16:05:22 - ModbusReader - INFO - 風速: 1.1 m/s, 風級: 1, 風向角度: 163.7, 風向: 南南東
2025-07-07 16:05:22 - ModbusReader - INFO - 風速: 1.1 m/s, 風級: 1, 風向角度: 163.7, 風向: 南南東
2025-07-07 16:05:53 - ModbusReader - INFO - 風速: 0.7 m/s, 風級: 1, 風向角度: 142.7, 風向: 東南
2025-07-07 16:05:53 - ModbusReader - INFO - 風速: 0.7 m/s, 風級: 1, 風向角度: 67.1, 風向: 東北東
2025-07-07 16:06:24 - ModbusReader - INFO - 風速: 1.1 m/s, 風級: 1, 風向角度: 171.6, 風向: 南
2025-07-07 16:06:25 - ModbusReader - INFO - 風速: 1.1 m/s, 風級: 1, 風向角度: 171.6, 風向: 南
2025-07-07 16:06:55 - ModbusReader - INFO - 風速: 0.9 m/s, 風級: 1, 風向角度: 159.8, 風向: 南南東
2025-07-07 16:06:56 - ModbusReader - INFO - 風速: 0.9 m/s, 風級: 1, 風向角度: 159.8, 風向: 南南東
2025-07-07 16:07:26 - ModbusReader - INFO - 風速: 0.7 m/s, 風級: 1, 風向角度: 102.4, 風向: 東南東
2025-07-07 16:07:27 - ModbusReader - INFO - 風速: 0.7 m/s, 風級: 1, 風向角度: 102.4, 風向: 東南東
2025-07-07 16:07:58 - ModbusReader - INFO - 風速: 1.4 m/s, 風級: 1, 風向角度: 72.9, 風向: 東北東
2025-07-07 16:07:58 - ModbusReader - INFO - 風速: 1.4 m/s, 風級: 1, 風向角度: 72.9, 風向: 東北東
2025-07-07 16:08:29 - ModbusReader - INFO - 風速: 1.0 m/s, 風級: 1, 風向角度: 77.5, 風向: 東北東
2025-07-07 16:08:29 - ModbusReader - INFO - 風速: 1.0 m/s, 風級: 1, 風向角度: 77.5, 風向: 東北東
2025-07-07 16:09:00 - ModbusReader - INFO - 風速: 0.7 m/s, 風級: 1, 風向角度: 212.9, 風向: 南南西
2025-07-07 16:09:01 - ModbusReader - INFO - 風速: 0.7 m/s, 風級: 1, 風向角度: 212.9, 風向: 南南西
2025-07-07 16:09:31 - ModbusReader - INFO - 風速: 1.3 m/s, 風級: 1, 風向角度: 175.1, 風向: 南
2025-07-07 16:09:32 - ModbusReader - INFO - 風速: 1.3 m/s, 風級: 1, 風向角度: 175.1, 風向: 南
2025-07-07 16:10:02 - ModbusReader - INFO - 風速: 1.1 m/s, 風級: 1, 風向角度: 104.1, 風向: 東南東
2025-07-07 16:10:03 - ModbusReader - INFO - 風速: 1.1 m/s, 風級: 1, 風向角度: 104.1, 風向: 東南東
2025-07-07 16:10:34 - ModbusReader - INFO - 風速: 1.0 m/s, 風級: 1, 風向角度: 189.5, 風向: 南
2025-07-07 16:10:34 - ModbusReader - INFO - 風速: 1.0 m/s, 風級: 1, 風向角度: 189.5, 風向: 南
2025-07-07 16:11:05 - ModbusReader - INFO - 風速: 0.5 m/s, 風級: 1, 風向角度: 154.3, 風向: 南南東
2025-07-07 16:11:05 - ModbusReader - INFO - 風速: 0.5 m/s, 風級: 1, 風向角度: 154.3, 風向: 南南東
2025-07-07 16:11:36 - ModbusReader - INFO - 風速: 0.7 m/s, 風級: 1, 風向角度: 242.0, 風向: 西南西
2025-07-07 16:11:37 - ModbusReader - INFO - 風速: 0.7 m/s, 風級: 1, 風向角度: 242.0, 風向: 西南西
2025-07-07 16:12:07 - ModbusReader - INFO - 風速: 1.4 m/s, 風級: 1, 風向角度: 155.3, 風向: 南南東
2025-07-07 16:12:08 - ModbusReader - INFO - 風速: 1.4 m/s, 風級: 1, 風向角度: 155.3, 風向: 南南東
2025-07-07 16:12:38 - ModbusReader - INFO - 風速: 1.4 m/s, 風級: 1, 風向角度: 137.1, 風向: 東南
2025-07-07 16:12:39 - ModbusReader - INFO - 風速: 1.4 m/s, 風級: 1, 風向角度: 137.1, 風向: 東南
2025-07-07 16:13:10 - ModbusReader - INFO - 風速: 1.0 m/s, 風級: 1, 風向角度: 203.5, 風向: 南南西
2025-07-07 16:13:10 - ModbusReader - INFO - 風速: 1.0 m/s, 風級: 1, 風向角度: 203.5, 風向: 南南西
2025-07-07 16:13:41 - ModbusReader - INFO - 風速: 1.5 m/s, 風級: 1, 風向角度: 147.2, 風向: 南南東
2025-07-07 16:13:41 - ModbusReader - INFO - 風速: 1.5 m/s, 風級: 1, 風向角度: 147.2, 風向: 南南東
2025-07-07 16:14:12 - ModbusReader - INFO - 風速: 1.1 m/s, 風級: 1, 風向角度: 84.6, 風向: 東
2025-07-07 16:14:13 - ModbusReader - INFO - 風速: 1.1 m/s, 風級: 1, 風向角度: 84.6, 風向: 東
2025-07-07 16:14:43 - ModbusReader - INFO - 風速: 1.0 m/s, 風級: 1, 風向角度: 210.1, 風向: 南南西
2025-07-07 16:14:44 - ModbusReader - INFO - 風速: 1.0 m/s, 風級: 1, 風向角度: 210.1, 風向: 南南西
2025-07-07 16:15:14 - ModbusReader - INFO - 風速: 0.8 m/s, 風級: 1, 風向角度: 186.8, 風向: 南
2025-07-07 16:15:15 - ModbusReader - INFO - 風速: 0.8 m/s, 風級: 1, 風向角度: 186.8, 風向: 南
2025-07-07 16:15:46 - ModbusReader - INFO - 風速: 0.7 m/s, 風級: 1, 風向角度: 81.1, 風向: 東
2025-07-07 16:15:46 - ModbusReader - INFO - 風速: 0.7 m/s, 風級: 1, 風向角度: 81.1, 風向: 東
2025-07-07 16:16:17 - ModbusReader - INFO - 風速: 0.4 m/s, 風級: 1, 風向角度: 196.2, 風向: 南南西
2025-07-07 16:16:17 - ModbusReader - INFO - 風速: 0.4 m/s, 風級: 1, 風向角度: 196.2, 風向: 南南西
2025-07-07 16:16:48 - ModbusReader - INFO - 風速: 0.9 m/s, 風級: 1, 風向角度: 175.1, 風向: 南
2025-07-07 16:16:49 - ModbusReader - INFO - 風速: 0.9 m/s, 風級: 1, 風向角度: 175.1, 風向: 南
2025-07-07 16:17:19 - ModbusReader - INFO - 風速: 2.0 m/s, 風級: 2, 風向角度: 39.3, 風向: 東北
2025-07-07 16:17:20 - ModbusReader - INFO - 風速: 2.0 m/s, 風級: 2, 風向角度: 39.3, 風向: 東北
2025-07-07 16:17:50 - ModbusReader - INFO - 風速: 1.9 m/s, 風級: 2, 風向角度: 169.3, 風向: 南
2025-07-07 16:17:51 - ModbusReader - INFO - 風速: 1.9 m/s, 風級: 2, 風向角度: 169.3, 風向: 南
2025-07-07 16:18:22 - ModbusReader - INFO - 風速: 1.0 m/s, 風級: 1, 風向角度: 149.9, 風向: 南南東
2025-07-07 16:18:22 - ModbusReader - INFO - 風速: 1.0 m/s, 風級: 1, 風向角度: 149.9, 風向: 南南東
2025-07-07 16:18:53 - ModbusReader - INFO - 風速: 1.2 m/s, 風級: 1, 風向角度: 167.7, 風向: 南南東
2025-07-07 16:18:53 - ModbusReader - INFO - 風速: 1.2 m/s, 風級: 1, 風向角度: 167.7, 風向: 南南東
2025-07-07 16:19:24 - ModbusReader - INFO - 風速: 0.4 m/s, 風級: 1, 風向角度: 248.3, 風向: 西南西
2025-07-07 16:19:25 - ModbusReader - INFO - 風速: 0.4 m/s, 風級: 1, 風向角度: 248.3, 風向: 西南西
2025-07-07 16:19:55 - ModbusReader - INFO - 風速: 0.6 m/s, 風級: 1, 風向角度: 108.9, 風向: 東南東
2025-07-07 16:19:56 - ModbusReader - INFO - 風速: 0.6 m/s, 風級: 1, 風向角度: 108.9, 風向: 東南東
2025-07-07 16:20:26 - ModbusReader - INFO - 風速: 0.0 m/s, 風級: 0, 風向角度: 86.6, 風向: 東
2025-07-07 16:20:27 - ModbusReader - INFO - 風速: 0.0 m/s, 風級: 0, 風向角度: 86.6, 風向: 東
2025-07-07 16:20:58 - ModbusReader - INFO - 風速: 0.0 m/s, 風級: 0, 風向角度: 97.2, 風向: 東
2025-07-07 16:20:58 - ModbusReader - INFO - 風速: 0.0 m/s, 風級: 0, 風向角度: 97.2, 風向: 東
2025-07-07 16:21:29 - ModbusReader - INFO - 風速: 0.0 m/s, 風級: 0, 風向角度: 127.4, 風向: 東南
2025-07-07 16:21:29 - ModbusReader - INFO - 風速: 0.0 m/s, 風級: 0, 風向角度: 127.4, 風向: 東南
2025-07-07 16:22:00 - ModbusReader - INFO - 風速: 0.0 m/s, 風級: 0, 風向角度: 200.9, 風向: 南南西
2025-07-07 16:22:01 - ModbusReader - INFO - 風速: 0.0 m/s, 風級: 0, 風向角度: 200.9, 風向: 南南西
2025-07-07 16:22:31 - ModbusReader - INFO - 風速: 1.2 m/s, 風級: 1, 風向角度: 108.9, 風向: 東南東
2025-07-07 16:22:32 - ModbusReader - INFO - 風速: 1.2 m/s, 風級: 1, 風向角度: 108.9, 風向: 東南東
2025-07-07 16:23:02 - ModbusReader - INFO - 風速: 0.9 m/s, 風級: 1, 風向角度: 113.6, 風向: 東南東
2025-07-07 16:23:03 - ModbusReader - INFO - 風速: 0.9 m/s, 風級: 1, 風向角度: 113.6, 風向: 東南東
2025-07-07 16:23:34 - ModbusReader - INFO - 風速: 1.2 m/s, 風級: 1, 風向角度: 230.2, 風向: 西南
2025-07-07 16:23:34 - ModbusReader - INFO - 風速: 1.2 m/s, 風級: 1, 風向角度: 230.2, 風向: 西南
2025-07-07 16:24:05 - ModbusReader - INFO - 風速: 1.9 m/s, 風級: 2, 風向角度: 160.7, 風向: 南南東
2025-07-07 16:24:05 - ModbusReader - INFO - 風速: 1.9 m/s, 風級: 2, 風向角度: 160.7, 風向: 南南東
2025-07-07 16:24:36 - ModbusReader - INFO - 風速: 0.8 m/s, 風級: 1, 風向角度: 297.9, 風向: 西北西
2025-07-07 16:24:37 - ModbusReader - INFO - 風速: 0.8 m/s, 風級: 1, 風向角度: 297.9, 風向: 西北西
2025-07-07 16:25:07 - ModbusReader - INFO - 風速: 0.7 m/s, 風級: 1, 風向角度: 164.7, 風向: 南南東
2025-07-07 16:25:08 - ModbusReader - INFO - 風速: 0.7 m/s, 風級: 1, 風向角度: 164.7, 風向: 南南東
2025-07-07 16:25:38 - ModbusReader - INFO - 風速: 0.9 m/s, 風級: 1, 風向角度: 178.6, 風向: 南
2025-07-07 16:25:39 - ModbusReader - INFO - 風速: 0.9 m/s, 風級: 1, 風向角度: 178.6, 風向: 南
2025-07-07 16:26:10 - ModbusReader - INFO - 風速: 1.1 m/s, 風級: 1, 風向角度: 163.9, 風向: 南南東
2025-07-07 16:26:10 - ModbusReader - INFO - 風速: 1.1 m/s, 風級: 1, 風向角度: 163.9, 風向: 南南東
2025-07-07 16:26:41 - ModbusReader - INFO - 風速: 0.9 m/s, 風級: 1, 風向角度: 216.2, 風向: 西南
2025-07-07 16:26:41 - ModbusReader - INFO - 風速: 0.9 m/s, 風級: 1, 風向角度: 216.2, 風向: 西南
2025-07-07 16:27:12 - ModbusReader - INFO - 風速: 0.6 m/s, 風級: 1, 風向角度: 343.4, 風向: 北北西
2025-07-07 16:27:13 - ModbusReader - INFO - 風速: 0.6 m/s, 風級: 1, 風向角度: 343.4, 風向: 北北西
2025-07-07 16:27:43 - ModbusReader - INFO - 風速: 0.8 m/s, 風級: 1, 風向角度: 146.1, 風向: 東南
2025-07-07 16:27:44 - ModbusReader - INFO - 風速: 0.8 m/s, 風級: 1, 風向角度: 146.1, 風向: 東南
2025-07-07 16:28:14 - ModbusReader - INFO - 風速: 0.9 m/s, 風級: 1, 風向角度: 145.2, 風向: 東南
2025-07-07 16:28:15 - ModbusReader - INFO - 風速: 0.9 m/s, 風級: 1, 風向角度: 145.2, 風向: 東南
2025-07-07 16:28:46 - ModbusReader - INFO - 風速: 0.8 m/s, 風級: 1, 風向角度: 112.7, 風向: 東南東
2025-07-07 16:28:46 - ModbusReader - INFO - 風速: 0.8 m/s, 風級: 1, 風向角度: 112.7, 風向: 東南東
2025-07-07 16:29:17 - ModbusReader - INFO - 風速: 1.7 m/s, 風級: 2, 風向角度: 204.0, 風向: 南南西
2025-07-07 16:29:17 - ModbusReader - INFO - 風速: 1.7 m/s, 風級: 2, 風向角度: 204.0, 風向: 南南西
2025-07-07 16:29:48 - ModbusReader - INFO - 風速: 1.1 m/s, 風級: 1, 風向角度: 213.6, 風向: 南南西
2025-07-07 16:29:49 - ModbusReader - INFO - 風速: 1.1 m/s, 風級: 1, 風向角度: 213.6, 風向: 南南西
2025-07-07 16:30:19 - ModbusReader - INFO - 風速: 1.3 m/s, 風級: 1, 風向角度: 134.7, 風向: 東南
2025-07-07 16:30:20 - ModbusReader - INFO - 風速: 1.3 m/s, 風級: 1, 風向角度: 134.7, 風向: 東南
2025-07-07 16:30:50 - ModbusReader - INFO - 風速: 0.7 m/s, 風級: 1, 風向角度: 281.2, 風向: 西
2025-07-07 16:30:51 - ModbusReader - INFO - 風速: 0.7 m/s, 風級: 1, 風向角度: 281.2, 風向: 西
2025-07-07 16:31:22 - ModbusReader - INFO - 風速: 1.1 m/s, 風級: 1, 風向角度: 184.7, 風向: 南
2025-07-07 16:31:22 - ModbusReader - INFO - 風速: 1.1 m/s, 風級: 1, 風向角度: 184.7, 風向: 南
2025-07-07 16:31:53 - ModbusReader - INFO - 風速: 0.7 m/s, 風級: 1, 風向角度: 88.2, 風向: 東
2025-07-07 16:31:53 - ModbusReader - INFO - 風速: 0.7 m/s, 風級: 1, 風向角度: 88.2, 風向: 東
2025-07-07 16:32:24 - ModbusReader - INFO - 風速: 1.3 m/s, 風級: 1, 風向角度: 210.5, 風向: 南南西
2025-07-07 16:32:25 - ModbusReader - INFO - 風速: 1.3 m/s, 風級: 1, 風向角度: 210.5, 風向: 南南西
2025-07-07 16:32:55 - ModbusReader - INFO - 風速: 0.7 m/s, 風級: 1, 風向角度: 314.5, 風向: 西北
2025-07-07 16:32:56 - ModbusReader - INFO - 風速: 0.7 m/s, 風級: 1, 風向角度: 314.5, 風向: 西北
2025-07-07 16:33:26 - ModbusReader - INFO - 風速: 0.0 m/s, 風級: 0, 風向角度: 339.8, 風向: 北北西
2025-07-07 16:33:27 - ModbusReader - INFO - 風速: 0.0 m/s, 風級: 0, 風向角度: 339.8, 風向: 北北西
2025-07-07 16:33:58 - ModbusReader - INFO - 風速: 0.0 m/s, 風級: 0, 風向角度: 221.1, 風向: 西南
2025-07-07 16:33:58 - ModbusReader - INFO - 風速: 0.0 m/s, 風級: 0, 風向角度: 221.1, 風向: 西南
2025-07-07 16:34:29 - ModbusReader - INFO - 風速: 0.7 m/s, 風級: 1, 風向角度: 179.9, 風向: 南
2025-07-07 16:34:29 - ModbusReader - INFO - 風速: 0.7 m/s, 風級: 1, 風向角度: 179.9, 風向: 南
2025-07-07 16:35:00 - ModbusReader - INFO - 風速: 0.1 m/s, 風級: 0, 風向角度: 208.2, 風向: 南南西
2025-07-07 16:35:01 - ModbusReader - INFO - 風速: 0.1 m/s, 風級: 0, 風向角度: 208.2, 風向: 南南西
2025-07-07 16:35:31 - ModbusReader - INFO - 風速: 0.0 m/s, 風級: 0, 風向角度: 157.5, 風向: 南南東
2025-07-07 16:35:32 - ModbusReader - INFO - 風速: 0.0 m/s, 風級: 0, 風向角度: 157.5, 風向: 南南東
2025-07-07 16:36:02 - ModbusReader - INFO - 風速: 0.0 m/s, 風級: 0, 風向角度: 135.3, 風向: 東南
2025-07-07 16:36:03 - ModbusReader - INFO - 風速: 0.0 m/s, 風級: 0, 風向角度: 135.3, 風向: 東南
2025-07-07 16:36:34 - ModbusReader - INFO - 風速: 1.4 m/s, 風級: 1, 風向角度: 139.4, 風向: 東南
2025-07-07 16:36:34 - ModbusReader - INFO - 風速: 1.4 m/s, 風級: 1, 風向角度: 139.4, 風向: 東南
2025-07-07 16:37:05 - ModbusReader - INFO - 風速: 1.4 m/s, 風級: 1, 風向角度: 136.4, 風向: 東南
2025-07-07 16:37:05 - ModbusReader - INFO - 風速: 1.4 m/s, 風級: 1, 風向角度: 136.4, 風向: 東南
2025-07-07 16:37:36 - ModbusReader - INFO - 風速: 0.6 m/s, 風級: 1, 風向角度: 224.2, 風向: 西南
2025-07-07 16:37:37 - ModbusReader - INFO - 風速: 0.6 m/s, 風級: 1, 風向角度: 224.2, 風向: 西南
2025-07-07 16:38:07 - ModbusReader - INFO - 風速: 1.1 m/s, 風級: 1, 風向角度: 199.2, 風向: 南南西
2025-07-07 16:38:08 - ModbusReader - INFO - 風速: 1.1 m/s, 風級: 1, 風向角度: 199.2, 風向: 南南西
2025-07-07 16:38:38 - ModbusReader - INFO - 風速: 1.0 m/s, 風級: 1, 風向角度: 220.0, 風向: 西南
2025-07-07 16:38:39 - ModbusReader - INFO - 風速: 1.0 m/s, 風級: 1, 風向角度: 220.0, 風向: 西南
2025-07-07 16:39:09 - ModbusReader - INFO - 風速: 0.6 m/s, 風級: 1, 風向角度: 67.3, 風向: 東北東
2025-07-07 16:39:10 - ModbusReader - INFO - 風速: 0.6 m/s, 風級: 1, 風向角度: 67.3, 風向: 東北東
2025-07-07 16:39:41 - ModbusReader - INFO - 風速: 0.5 m/s, 風級: 1, 風向角度: 127.3, 風向: 東南
2025-07-07 16:39:41 - ModbusReader - INFO - 風速: 0.5 m/s, 風級: 1, 風向角度: 127.3, 風向: 東南
2025-07-07 16:40:12 - ModbusReader - INFO - 風速: 0.5 m/s, 風級: 1, 風向角度: 112.4, 風向: 東南東
2025-07-07 16:40:12 - ModbusReader - INFO - 風速: 0.5 m/s, 風級: 1, 風向角度: 112.4, 風向: 東南東
2025-07-07 16:40:43 - ModbusReader - INFO - 風速: 0.8 m/s, 風級: 1, 風向角度: 129.1, 風向: 東南
2025-07-07 16:40:44 - ModbusReader - INFO - 風速: 0.8 m/s, 風級: 1, 風向角度: 129.1, 風向: 東南
2025-07-07 16:41:14 - ModbusReader - INFO - 風速: 0.5 m/s, 風級: 1, 風向角度: 47.5, 風向: 東北
2025-07-07 16:41:15 - ModbusReader - INFO - 風速: 0.5 m/s, 風級: 1, 風向角度: 47.5, 風向: 東北
2025-07-07 16:41:46 - ModbusReader - INFO - 風速: 1.3 m/s, 風級: 1, 風向角度: 185.6, 風向: 南
2025-07-07 16:41:46 - ModbusReader - INFO - 風速: 1.3 m/s, 風級: 1, 風向角度: 185.6, 風向: 南
2025-07-07 16:42:17 - ModbusReader - INFO - 風速: 1.3 m/s, 風級: 1, 風向角度: 174.3, 風向: 南
2025-07-07 16:42:17 - ModbusReader - INFO - 風速: 1.3 m/s, 風級: 1, 風向角度: 174.3, 風向: 南
2025-07-07 16:42:48 - ModbusReader - INFO - 風速: 1.5 m/s, 風級: 1, 風向角度: 199.2, 風向: 南南西
2025-07-07 16:42:49 - ModbusReader - INFO - 風速: 1.5 m/s, 風級: 1, 風向角度: 199.2, 風向: 南南西
2025-07-07 16:43:19 - ModbusReader - INFO - 風速: 0.9 m/s, 風級: 1, 風向角度: 115.4, 風向: 東南東
2025-07-07 16:43:20 - ModbusReader - INFO - 風速: 0.9 m/s, 風級: 1, 風向角度: 115.4, 風向: 東南東
2025-07-07 16:43:50 - ModbusReader - INFO - 風速: 0.0 m/s, 風級: 0, 風向角度: 146.2, 風向: 東南
2025-07-07 16:43:51 - ModbusReader - INFO - 風速: 0.0 m/s, 風級: 0, 風向角度: 146.2, 風向: 東南
2025-07-07 16:44:21 - ModbusReader - INFO - 風速: 0.0 m/s, 風級: 0, 風向角度: 172.3, 風向: 南
2025-07-07 16:44:22 - ModbusReader - INFO - 風速: 0.0 m/s, 風級: 0, 風向角度: 172.3, 風向: 南
2025-07-07 16:44:53 - ModbusReader - INFO - 風速: 0.0 m/s, 風級: 0, 風向角度: 210.6, 風向: 南南西
2025-07-07 16:44:53 - ModbusReader - INFO - 風速: 0.0 m/s, 風級: 0, 風向角度: 210.6, 風向: 南南西
2025-07-07 16:45:24 - ModbusReader - INFO - 風速: 0.0 m/s, 風級: 0, 風向角度: 189.3, 風向: 南
2025-07-07 16:45:24 - ModbusReader - INFO - 風速: 0.0 m/s, 風級: 0, 風向角度: 189.3, 風向: 南
2025-07-07 16:45:55 - ModbusReader - INFO - 風速: 0.0 m/s, 風級: 0, 風向角度: 168.3, 風向: 南南東
2025-07-07 16:45:56 - ModbusReader - INFO - 風速: 0.0 m/s, 風級: 0, 風向角度: 168.3, 風向: 南南東
2025-07-07 16:46:26 - ModbusReader - INFO - 風速: 0.5 m/s, 風級: 1, 風向角度: 44.6, 風向: 東北
2025-07-07 16:46:27 - ModbusReader - INFO - 風速: 0.5 m/s, 風級: 1, 風向角度: 44.6, 風向: 東北
2025-07-07 16:46:57 - ModbusReader - INFO - 風速: 0.5 m/s, 風級: 1, 風向角度: 74.0, 風向: 東北東
2025-07-07 16:46:58 - ModbusReader - INFO - 風速: 0.5 m/s, 風級: 1, 風向角度: 74.0, 風向: 東北東
2025-07-07 16:47:29 - ModbusReader - INFO - 風速: 1.0 m/s, 風級: 1, 風向角度: 229.2, 風向: 西南
2025-07-07 16:47:29 - ModbusReader - INFO - 風速: 1.0 m/s, 風級: 1, 風向角度: 229.2, 風向: 西南
2025-07-07 16:48:00 - ModbusReader - INFO - 風速: 1.1 m/s, 風級: 1, 風向角度: 180.9, 風向: 南
2025-07-07 16:48:00 - ModbusReader - INFO - 風速: 1.1 m/s, 風級: 1, 風向角度: 180.9, 風向: 南
2025-07-07 16:48:31 - ModbusReader - INFO - 風速: 0.9 m/s, 風級: 1, 風向角度: 181.6, 風向: 南
2025-07-07 16:48:32 - ModbusReader - INFO - 風速: 0.9 m/s, 風級: 1, 風向角度: 181.6, 風向: 南
2025-07-07 16:49:02 - ModbusReader - INFO - 風速: 1.4 m/s, 風級: 1, 風向角度: 110.2, 風向: 東南東
2025-07-07 16:49:03 - ModbusReader - INFO - 風速: 1.4 m/s, 風級: 1, 風向角度: 110.2, 風向: 東南東
2025-07-07 16:49:33 - ModbusReader - INFO - 風速: 1.4 m/s, 風級: 1, 風向角度: 115.4, 風向: 東南東
2025-07-07 16:49:34 - ModbusReader - INFO - 風速: 1.4 m/s, 風級: 1, 風向角度: 115.4, 風向: 東南東
2025-07-07 16:50:05 - ModbusReader - INFO - 風速: 0.9 m/s, 風級: 1, 風向角度: 52.6, 風向: 東北
2025-07-07 16:50:05 - ModbusReader - INFO - 風速: 0.9 m/s, 風級: 1, 風向角度: 52.6, 風向: 東北
2025-07-07 16:50:36 - ModbusReader - INFO - 風速: 0.3 m/s, 風級: 1, 風向角度: 119.1, 風向: 東南東
2025-07-07 16:50:36 - ModbusReader - INFO - 風速: 0.3 m/s, 風級: 1, 風向角度: 119.1, 風向: 東南東
2025-07-07 16:51:07 - ModbusReader - INFO - 風速: 0.6 m/s, 風級: 1, 風向角度: 1.0, 風向: 北
2025-07-07 16:51:08 - ModbusReader - INFO - 風速: 0.6 m/s, 風級: 1, 風向角度: 1.0, 風向: 北
2025-07-07 16:51:38 - ModbusReader - INFO - 風速: 1.4 m/s, 風級: 1, 風向角度: 160.7, 風向: 南南東
2025-07-07 16:51:39 - ModbusReader - INFO - 風速: 1.4 m/s, 風級: 1, 風向角度: 160.7, 風向: 南南東
2025-07-07 16:52:09 - ModbusReader - INFO - 風速: 1.4 m/s, 風級: 1, 風向角度: 179.8, 風向: 南
2025-07-07 16:52:10 - ModbusReader - INFO - 風速: 1.4 m/s, 風級: 1, 風向角度: 179.8, 風向: 南
2025-07-07 16:52:41 - ModbusReader - INFO - 風速: 1.1 m/s, 風級: 1, 風向角度: 217.3, 風向: 西南
2025-07-07 16:52:41 - ModbusReader - INFO - 風速: 1.1 m/s, 風級: 1, 風向角度: 217.3, 風向: 西南
2025-07-07 16:53:12 - ModbusReader - INFO - 風速: 0.7 m/s, 風級: 1, 風向角度: 161.0, 風向: 南南東
2025-07-07 16:53:12 - ModbusReader - INFO - 風速: 0.7 m/s, 風級: 1, 風向角度: 161.0, 風向: 南南東
2025-07-07 16:53:43 - ModbusReader - INFO - 風速: 1.1 m/s, 風級: 1, 風向角度: 166.7, 風向: 南南東
2025-07-07 16:53:44 - ModbusReader - INFO - 風速: 1.1 m/s, 風級: 1, 風向角度: 166.7, 風向: 南南東
2025-07-07 16:54:14 - ModbusReader - INFO - 風速: 1.1 m/s, 風級: 1, 風向角度: 157.1, 風向: 南南東
2025-07-07 16:54:15 - ModbusReader - INFO - 風速: 1.1 m/s, 風級: 1, 風向角度: 157.1, 風向: 南南東
2025-07-07 16:54:45 - ModbusReader - INFO - 風速: 1.1 m/s, 風級: 1, 風向角度: 195.6, 風向: 南南西
2025-07-07 16:54:46 - ModbusReader - INFO - 風速: 1.1 m/s, 風級: 1, 風向角度: 195.6, 風向: 南南西
2025-07-07 16:55:17 - ModbusReader - INFO - 風速: 1.6 m/s, 風級: 2, 風向角度: 253.5, 風向: 西南西
2025-07-07 16:55:17 - ModbusReader - INFO - 風速: 1.6 m/s, 風級: 2, 風向角度: 253.5, 風向: 西南西
2025-07-07 16:55:48 - ModbusReader - INFO - 風速: 1.1 m/s, 風級: 1, 風向角度: 200.8, 風向: 南南西
2025-07-07 16:55:48 - ModbusReader - INFO - 風速: 1.1 m/s, 風級: 1, 風向角度: 200.8, 風向: 南南西
2025-07-07 16:56:19 - ModbusReader - INFO - 風速: 1.0 m/s, 風級: 1, 風向角度: 131.4, 風向: 東南
2025-07-07 16:56:20 - ModbusReader - INFO - 風速: 1.0 m/s, 風級: 1, 風向角度: 174.1, 風向: 南
2025-07-07 16:56:50 - ModbusReader - INFO - 風速: 0.7 m/s, 風級: 1, 風向角度: 134.3, 風向: 東南
2025-07-07 16:56:51 - ModbusReader - INFO - 風速: 0.7 m/s, 風級: 1, 風向角度: 134.3, 風向: 東南
2025-07-07 16:57:21 - ModbusReader - INFO - 風速: 0.8 m/s, 風級: 1, 風向角度: 71.9, 風向: 東北東
2025-07-07 16:57:22 - ModbusReader - INFO - 風速: 0.8 m/s, 風級: 1, 風向角度: 71.9, 風向: 東北東
2025-07-07 16:57:53 - ModbusReader - INFO - 風速: 0.9 m/s, 風級: 1, 風向角度: 105.5, 風向: 東南東
2025-07-07 16:57:53 - ModbusReader - INFO - 風速: 0.9 m/s, 風級: 1, 風向角度: 105.5, 風向: 東南東
2025-07-07 16:58:24 - ModbusReader - INFO - 風速: 1.2 m/s, 風級: 1, 風向角度: 138.0, 風向: 東南
2025-07-07 16:58:24 - ModbusReader - INFO - 風速: 1.2 m/s, 風級: 1, 風向角度: 138.0, 風向: 東南
2025-07-07 16:58:55 - ModbusReader - INFO - 風速: 1.4 m/s, 風級: 1, 風向角度: 195.1, 風向: 南南西
2025-07-07 16:58:56 - ModbusReader - INFO - 風速: 1.4 m/s, 風級: 1, 風向角度: 195.1, 風向: 南南西
2025-07-07 16:59:26 - ModbusReader - INFO - 風速: 0.8 m/s, 風級: 1, 風向角度: 175.7, 風向: 南
2025-07-07 16:59:27 - ModbusReader - INFO - 風速: 0.8 m/s, 風級: 1, 風向角度: 175.7, 風向: 南
2025-07-07 16:59:57 - ModbusReader - INFO - 風速: 1.3 m/s, 風級: 1, 風向角度: 174.9, 風向: 南
2025-07-07 16:59:58 - ModbusReader - INFO - 風速: 1.3 m/s, 風級: 1, 風向角度: 174.9, 風向: 南
2025-07-07 17:00:29 - ModbusReader - INFO - 風速: 3.8 m/s, 風級: 3, 風向角度: 176.1, 風向: 南
2025-07-07 17:00:29 - ModbusReader - INFO - 風速: 3.8 m/s, 風級: 3, 風向角度: 176.1, 風向: 南
2025-07-07 17:01:00 - ModbusReader - INFO - 風速: 2.0 m/s, 風級: 2, 風向角度: 191.1, 風向: 南
2025-07-07 17:01:00 - ModbusReader - INFO - 風速: 2.0 m/s, 風級: 2, 風向角度: 191.1, 風向: 南
2025-07-07 17:01:31 - ModbusReader - INFO - 風速: 1.1 m/s, 風級: 1, 風向角度: 128.3, 風向: 東南
2025-07-07 17:01:32 - ModbusReader - INFO - 風速: 1.1 m/s, 風級: 1, 風向角度: 128.3, 風向: 東南
2025-07-07 17:02:02 - ModbusReader - INFO - 風速: 1.0 m/s, 風級: 1, 風向角度: 351.1, 風向: 北
2025-07-07 17:02:03 - ModbusReader - INFO - 風速: 1.0 m/s, 風級: 1, 風向角度: 351.1, 風向: 北
2025-07-07 17:02:33 - ModbusReader - INFO - 風速: 1.5 m/s, 風級: 1, 風向角度: 195.1, 風向: 南南西
2025-07-07 17:02:34 - ModbusReader - INFO - 風速: 1.5 m/s, 風級: 1, 風向角度: 195.1, 風向: 南南西
2025-07-07 17:03:05 - ModbusReader - INFO - 風速: 1.3 m/s, 風級: 1, 風向角度: 217.4, 風向: 西南
2025-07-07 17:03:05 - ModbusReader - INFO - 風速: 1.3 m/s, 風級: 1, 風向角度: 217.4, 風向: 西南
2025-07-07 17:03:36 - ModbusReader - INFO - 風速: 1.6 m/s, 風級: 2, 風向角度: 319.4, 風向: 西北
2025-07-07 17:03:36 - ModbusReader - INFO - 風速: 1.2 m/s, 風級: 1, 風向角度: 194.2, 風向: 南南西
2025-07-07 17:04:07 - ModbusReader - INFO - 風速: 1.2 m/s, 風級: 1, 風向角度: 182.9, 風向: 南
2025-07-07 17:04:08 - ModbusReader - INFO - 風速: 1.2 m/s, 風級: 1, 風向角度: 182.9, 風向: 南
2025-07-07 17:04:38 - ModbusReader - INFO - 風速: 0.8 m/s, 風級: 1, 風向角度: 71.2, 風向: 東北東
2025-07-07 17:04:39 - ModbusReader - INFO - 風速: 0.8 m/s, 風級: 1, 風向角度: 71.2, 風向: 東北東
2025-07-07 17:05:09 - ModbusReader - INFO - 風速: 0.7 m/s, 風級: 1, 風向角度: 267.4, 風向: 西
2025-07-07 17:05:10 - ModbusReader - INFO - 風速: 0.7 m/s, 風級: 1, 風向角度: 267.4, 風向: 西
2025-07-07 17:05:41 - ModbusReader - INFO - 風速: 1.2 m/s, 風級: 1, 風向角度: 175.7, 風向: 南
2025-07-07 17:05:41 - ModbusReader - INFO - 風速: 1.2 m/s, 風級: 1, 風向角度: 175.7, 風向: 南
2025-07-07 17:06:12 - ModbusReader - INFO - 風速: 1.6 m/s, 風級: 2, 風向角度: 219.2, 風向: 西南
2025-07-07 17:06:12 - ModbusReader - INFO - 風速: 1.6 m/s, 風級: 2, 風向角度: 219.2, 風向: 西南
2025-07-07 17:06:43 - ModbusReader - INFO - 風速: 1.0 m/s, 風級: 1, 風向角度: 207.8, 風向: 南南西
2025-07-07 17:06:44 - ModbusReader - INFO - 風速: 1.0 m/s, 風級: 1, 風向角度: 207.8, 風向: 南南西
2025-07-07 17:07:14 - ModbusReader - INFO - 風速: 1.0 m/s, 風級: 1, 風向角度: 179.6, 風向: 南
2025-07-07 17:07:15 - ModbusReader - INFO - 風速: 1.0 m/s, 風級: 1, 風向角度: 179.6, 風向: 南
2025-07-07 17:07:45 - ModbusReader - INFO - 風速: 0.6 m/s, 風級: 1, 風向角度: 123.4, 風向: 東南東
2025-07-07 17:07:46 - ModbusReader - INFO - 風速: 0.6 m/s, 風級: 1, 風向角度: 123.4, 風向: 東南東
2025-07-07 17:08:17 - ModbusReader - INFO - 風速: 0.0 m/s, 風級: 0, 風向角度: 107.0, 風向: 東南東
2025-07-07 17:08:17 - ModbusReader - INFO - 風速: 0.0 m/s, 風級: 0, 風向角度: 107.0, 風向: 東南東
2025-07-07 17:08:48 - ModbusReader - INFO - 風速: 0.8 m/s, 風級: 1, 風向角度: 147.7, 風向: 南南東
2025-07-07 17:08:48 - ModbusReader - INFO - 風速: 0.8 m/s, 風級: 1, 風向角度: 147.7, 風向: 南南東
2025-07-07 17:09:19 - ModbusReader - INFO - 風速: 0.7 m/s, 風級: 1, 風向角度: 1.3, 風向: 北
2025-07-07 17:09:20 - ModbusReader - INFO - 風速: 0.7 m/s, 風級: 1, 風向角度: 1.3, 風向: 北
2025-07-07 17:09:50 - ModbusReader - INFO - 風速: 0.5 m/s, 風級: 1, 風向角度: 157.5, 風向: 南南東
2025-07-07 17:09:51 - ModbusReader - INFO - 風速: 0.5 m/s, 風級: 1, 風向角度: 157.5, 風向: 南南東
2025-07-07 17:10:21 - ModbusReader - INFO - 風速: 0.1 m/s, 風級: 0, 風向角度: 71.8, 風向: 東北東
2025-07-07 17:10:22 - ModbusReader - INFO - 風速: 0.1 m/s, 風級: 0, 風向角度: 71.8, 風向: 東北東
2025-07-07 17:10:53 - ModbusReader - INFO - 風速: 0.7 m/s, 風級: 1, 風向角度: 78.0, 風向: 東北東
2025-07-07 17:10:53 - ModbusReader - INFO - 風速: 0.7 m/s, 風級: 1, 風向角度: 41.6, 風向: 東北
2025-07-07 17:11:24 - ModbusReader - INFO - 風速: 1.1 m/s, 風級: 1, 風向角度: 182.1, 風向: 南
2025-07-07 17:11:24 - ModbusReader - INFO - 風速: 1.1 m/s, 風級: 1, 風向角度: 182.1, 風向: 南
2025-07-07 17:11:55 - ModbusReader - INFO - 風速: 0.6 m/s, 風級: 1, 風向角度: 168.2, 風向: 南南東
2025-07-07 17:11:56 - ModbusReader - INFO - 風速: 0.6 m/s, 風級: 1, 風向角度: 168.2, 風向: 南南東
2025-07-07 17:12:26 - ModbusReader - INFO - 風速: 0.0 m/s, 風級: 0, 風向角度: 181.1, 風向: 南
2025-07-07 17:12:27 - ModbusReader - INFO - 風速: 0.0 m/s, 風級: 0, 風向角度: 181.1, 風向: 南
2025-07-07 17:12:57 - ModbusReader - INFO - 風速: 0.0 m/s, 風級: 0, 風向角度: 19.9, 風向: 北北東
2025-07-07 17:12:58 - ModbusReader - INFO - 風速: 0.0 m/s, 風級: 0, 風向角度: 19.9, 風向: 北北東
2025-07-07 17:13:29 - ModbusReader - INFO - 風速: 0.0 m/s, 風級: 0, 風向角度: 194.8, 風向: 南南西
2025-07-07 17:13:29 - ModbusReader - INFO - 風速: 0.0 m/s, 風級: 0, 風向角度: 194.8, 風向: 南南西
2025-07-07 17:14:00 - ModbusReader - INFO - 風速: 0.4 m/s, 風級: 1, 風向角度: 98.3, 風向: 東
2025-07-07 17:14:00 - ModbusReader - INFO - 風速: 0.4 m/s, 風級: 1, 風向角度: 98.3, 風向: 東
2025-07-07 17:14:31 - ModbusReader - INFO - 風速: 1.2 m/s, 風級: 1, 風向角度: 167.3, 風向: 南南東
2025-07-07 17:14:32 - ModbusReader - INFO - 風速: 1.2 m/s, 風級: 1, 風向角度: 167.3, 風向: 南南東
2025-07-07 17:15:02 - ModbusReader - INFO - 風速: 0.7 m/s, 風級: 1, 風向角度: 330.5, 風向: 北北西
2025-07-07 17:15:03 - ModbusReader - INFO - 風速: 0.7 m/s, 風級: 1, 風向角度: 330.5, 風向: 北北西
2025-07-07 17:15:33 - ModbusReader - INFO - 風速: 0.6 m/s, 風級: 1, 風向角度: 134.4, 風向: 東南
2025-07-07 17:15:34 - ModbusReader - INFO - 風速: 0.6 m/s, 風級: 1, 風向角度: 134.4, 風向: 東南
2025-07-07 17:16:05 - ModbusReader - INFO - 風速: 1.8 m/s, 風級: 2, 風向角度: 98.2, 風向: 東
2025-07-07 17:16:05 - ModbusReader - INFO - 風速: 1.8 m/s, 風級: 2, 風向角度: 98.2, 風向: 東
2025-07-07 17:16:36 - ModbusReader - INFO - 風速: 0.9 m/s, 風級: 1, 風向角度: 353.0, 風向: 北
2025-07-07 17:16:36 - ModbusReader - INFO - 風速: 0.9 m/s, 風級: 1, 風向角度: 353.0, 風向: 北
2025-07-07 17:17:07 - ModbusReader - INFO - 風速: 1.0 m/s, 風級: 1, 風向角度: 131.7, 風向: 東南
2025-07-07 17:17:08 - ModbusReader - INFO - 風速: 1.0 m/s, 風級: 1, 風向角度: 131.7, 風向: 東南
2025-07-07 17:17:38 - ModbusReader - INFO - 風速: 1.1 m/s, 風級: 1, 風向角度: 174.0, 風向: 南
2025-07-07 17:17:39 - ModbusReader - INFO - 風速: 1.1 m/s, 風級: 1, 風向角度: 174.0, 風向: 南
2025-07-07 17:18:09 - ModbusReader - INFO - 風速: 0.8 m/s, 風級: 1, 風向角度: 280.5, 風向: 西
2025-07-07 17:18:10 - ModbusReader - INFO - 風速: 0.6 m/s, 風級: 1, 風向角度: 210.5, 風向: 南南西
2025-07-07 17:18:41 - ModbusReader - INFO - 風速: 0.6 m/s, 風級: 1, 風向角度: 181.9, 風向: 南
2025-07-07 17:18:41 - ModbusReader - INFO - 風速: 0.6 m/s, 風級: 1, 風向角度: 181.9, 風向: 南
2025-07-07 17:19:12 - ModbusReader - INFO - 風速: 1.2 m/s, 風級: 1, 風向角度: 282.0, 風向: 西北西
2025-07-07 17:19:12 - ModbusReader - INFO - 風速: 1.2 m/s, 風級: 1, 風向角度: 282.0, 風向: 西北西
2025-07-07 17:19:43 - ModbusReader - INFO - 風速: 0.9 m/s, 風級: 1, 風向角度: 220.5, 風向: 西南
2025-07-07 17:19:44 - ModbusReader - INFO - 風速: 0.9 m/s, 風級: 1, 風向角度: 220.5, 風向: 西南
2025-07-07 17:20:14 - ModbusReader - INFO - 風速: 1.6 m/s, 風級: 2, 風向角度: 223.4, 風向: 西南
2025-07-07 17:20:15 - ModbusReader - INFO - 風速: 1.6 m/s, 風級: 2, 風向角度: 223.4, 風向: 西南
2025-07-07 17:20:45 - ModbusReader - INFO - 風速: 1.1 m/s, 風級: 1, 風向角度: 115.3, 風向: 東南東
2025-07-07 17:20:46 - ModbusReader - INFO - 風速: 1.1 m/s, 風級: 1, 風向角度: 115.3, 風向: 東南東
2025-07-07 17:21:17 - ModbusReader - INFO - 風速: 1.4 m/s, 風級: 1, 風向角度: 163.3, 風向: 南南東
2025-07-07 17:21:17 - ModbusReader - INFO - 風速: 1.4 m/s, 風級: 1, 風向角度: 163.3, 風向: 南南東
2025-07-07 17:21:48 - ModbusReader - INFO - 風速: 1.4 m/s, 風級: 1, 風向角度: 165.8, 風向: 南南東
2025-07-07 17:21:48 - ModbusReader - INFO - 風速: 1.4 m/s, 風級: 1, 風向角度: 165.8, 風向: 南南東
2025-07-07 17:22:19 - ModbusReader - INFO - 風速: 1.6 m/s, 風級: 2, 風向角度: 125.6, 風向: 東南
2025-07-07 17:22:20 - ModbusReader - INFO - 風速: 1.6 m/s, 風級: 2, 風向角度: 125.6, 風向: 東南
2025-07-07 17:22:50 - ModbusReader - INFO - 風速: 2.5 m/s, 風級: 2, 風向角度: 120.9, 風向: 東南東
2025-07-07 17:22:51 - ModbusReader - INFO - 風速: 2.5 m/s, 風級: 2, 風向角度: 120.9, 風向: 東南東
2025-07-07 17:23:21 - ModbusReader - INFO - 風速: 2.2 m/s, 風級: 2, 風向角度: 178.0, 風向: 南
2025-07-07 17:23:22 - ModbusReader - INFO - 風速: 2.2 m/s, 風級: 2, 風向角度: 178.0, 風向: 南
2025-07-07 17:23:53 - ModbusReader - INFO - 風速: 1.2 m/s, 風級: 1, 風向角度: 150.9, 風向: 南南東
2025-07-07 17:23:53 - ModbusReader - INFO - 風速: 1.2 m/s, 風級: 1, 風向角度: 150.9, 風向: 南南東
2025-07-07 17:24:24 - ModbusReader - INFO - 風速: 1.2 m/s, 風級: 1, 風向角度: 264.0, 風向: 西
2025-07-07 17:24:24 - ModbusReader - INFO - 風速: 1.2 m/s, 風級: 1, 風向角度: 264.0, 風向: 西
2025-07-07 17:24:55 - ModbusReader - INFO - 風速: 1.0 m/s, 風級: 1, 風向角度: 194.3, 風向: 南南西
2025-07-07 17:24:56 - ModbusReader - INFO - 風速: 1.0 m/s, 風級: 1, 風向角度: 194.3, 風向: 南南西
2025-07-07 17:25:26 - ModbusReader - INFO - 風速: 0.9 m/s, 風級: 1, 風向角度: 226.3, 風向: 西南
2025-07-07 17:25:27 - ModbusReader - INFO - 風速: 0.7 m/s, 風級: 1, 風向角度: 206.8, 風向: 南南西
2025-07-07 17:25:57 - ModbusReader - INFO - 風速: 1.2 m/s, 風級: 1, 風向角度: 149.2, 風向: 南南東
2025-07-07 17:25:58 - ModbusReader - INFO - 風速: 1.2 m/s, 風級: 1, 風向角度: 149.2, 風向: 南南東
2025-07-07 17:26:29 - ModbusReader - INFO - 風速: 1.0 m/s, 風級: 1, 風向角度: 257.0, 風向: 西南西
2025-07-07 17:26:29 - ModbusReader - INFO - 風速: 1.0 m/s, 風級: 1, 風向角度: 257.0, 風向: 西南西
2025-07-07 17:27:00 - ModbusReader - INFO - 風速: 0.8 m/s, 風級: 1, 風向角度: 240.0, 風向: 西南西
2025-07-07 17:27:00 - ModbusReader - INFO - 風速: 0.8 m/s, 風級: 1, 風向角度: 240.0, 風向: 西南西
2025-07-07 17:27:31 - ModbusReader - INFO - 風速: 0.7 m/s, 風級: 1, 風向角度: 260.0, 風向: 西
2025-07-07 17:27:32 - ModbusReader - INFO - 風速: 0.7 m/s, 風級: 1, 風向角度: 260.0, 風向: 西
2025-07-07 17:28:02 - ModbusReader - INFO - 風速: 0.6 m/s, 風級: 1, 風向角度: 75.0, 風向: 東北東
2025-07-07 17:28:03 - ModbusReader - INFO - 風速: 0.6 m/s, 風級: 1, 風向角度: 75.0, 風向: 東北東
2025-07-07 17:28:33 - ModbusReader - INFO - 風速: 1.4 m/s, 風級: 1, 風向角度: 145.0, 風向: 東南
2025-07-07 17:28:34 - ModbusReader - INFO - 風速: 1.4 m/s, 風級: 1, 風向角度: 145.0, 風向: 東南
2025-07-07 17:29:05 - ModbusReader - INFO - 風速: 1.4 m/s, 風級: 1, 風向角度: 153.5, 風向: 南南東
2025-07-07 17:29:05 - ModbusReader - INFO - 風速: 1.4 m/s, 風級: 1, 風向角度: 153.5, 風向: 南南東
2025-07-07 17:29:36 - ModbusReader - INFO - 風速: 1.6 m/s, 風級: 2, 風向角度: 108.2, 風向: 東南東
2025-07-07 17:29:36 - ModbusReader - INFO - 風速: 1.6 m/s, 風級: 2, 風向角度: 108.2, 風向: 東南東
2025-07-07 17:30:07 - ModbusReader - INFO - 風速: 1.6 m/s, 風級: 2, 風向角度: 196.0, 風向: 南南西
2025-07-07 17:30:08 - ModbusReader - INFO - 風速: 1.6 m/s, 風級: 2, 風向角度: 196.0, 風向: 南南西
2025-07-07 17:30:38 - ModbusReader - INFO - 風速: 1.1 m/s, 風級: 1, 風向角度: 356.9, 風向: 北
2025-07-07 17:30:39 - ModbusReader - INFO - 風速: 1.1 m/s, 風級: 1, 風向角度: 356.9, 風向: 北
2025-07-07 17:31:09 - ModbusReader - INFO - 風速: 0.8 m/s, 風級: 1, 風向角度: 133.5, 風向: 東南
2025-07-07 17:31:10 - ModbusReader - INFO - 風速: 0.8 m/s, 風級: 1, 風向角度: 133.5, 風向: 東南
2025-07-07 17:31:41 - ModbusReader - INFO - 風速: 0.0 m/s, 風級: 0, 風向角度: 196.6, 風向: 南南西
2025-07-07 17:31:41 - ModbusReader - INFO - 風速: 0.0 m/s, 風級: 0, 風向角度: 196.6, 風向: 南南西
2025-07-07 17:32:12 - ModbusReader - INFO - 風速: 1.1 m/s, 風級: 1, 風向角度: 205.5, 風向: 南南西
2025-07-07 17:32:12 - ModbusReader - INFO - 風速: 1.1 m/s, 風級: 1, 風向角度: 205.5, 風向: 南南西
2025-07-07 17:32:43 - ModbusReader - INFO - 風速: 0.5 m/s, 風級: 1, 風向角度: 338.3, 風向: 北北西
2025-07-07 17:32:44 - ModbusReader - INFO - 風速: 0.4 m/s, 風級: 1, 風向角度: 326.3, 風向: 北北西
2025-07-07 17:33:14 - ModbusReader - INFO - 風速: 0.5 m/s, 風級: 1, 風向角度: 241.5, 風向: 西南西
2025-07-07 17:33:15 - ModbusReader - INFO - 風速: 0.5 m/s, 風級: 1, 風向角度: 241.5, 風向: 西南西
2025-07-07 17:33:45 - ModbusReader - INFO - 風速: 1.5 m/s, 風級: 1, 風向角度: 205.2, 風向: 南南西
2025-07-07 17:33:46 - ModbusReader - INFO - 風速: 1.5 m/s, 風級: 1, 風向角度: 205.2, 風向: 南南西
2025-07-07 17:34:17 - ModbusReader - INFO - 風速: 1.1 m/s, 風級: 1, 風向角度: 186.2, 風向: 南
2025-07-07 17:34:17 - ModbusReader - INFO - 風速: 1.1 m/s, 風級: 1, 風向角度: 186.2, 風向: 南
2025-07-07 17:34:48 - ModbusReader - INFO - 風速: 0.7 m/s, 風級: 1, 風向角度: 187.5, 風向: 南
2025-07-07 17:34:48 - ModbusReader - INFO - 風速: 0.7 m/s, 風級: 1, 風向角度: 187.5, 風向: 南
2025-07-07 17:35:19 - ModbusReader - INFO - 風速: 0.2 m/s, 風級: 0, 風向角度: 124.2, 風向: 東南
2025-07-07 17:35:20 - ModbusReader - INFO - 風速: 0.2 m/s, 風級: 0, 風向角度: 124.2, 風向: 東南
2025-07-07 17:35:50 - ModbusReader - INFO - 風速: 1.2 m/s, 風級: 1, 風向角度: 151.0, 風向: 南南東
2025-07-07 17:35:51 - ModbusReader - INFO - 風速: 1.2 m/s, 風級: 1, 風向角度: 151.0, 風向: 南南東
2025-07-07 17:36:21 - ModbusReader - INFO - 風速: 1.4 m/s, 風級: 1, 風向角度: 205.4, 風向: 南南西
2025-07-07 17:36:22 - ModbusReader - INFO - 風速: 1.4 m/s, 風級: 1, 風向角度: 205.4, 風向: 南南西
2025-07-07 17:36:53 - ModbusReader - INFO - 風速: 1.0 m/s, 風級: 1, 風向角度: 251.7, 風向: 西南西
2025-07-07 17:36:53 - ModbusReader - INFO - 風速: 1.0 m/s, 風級: 1, 風向角度: 251.7, 風向: 西南西
2025-07-07 17:37:24 - ModbusReader - INFO - 風速: 0.6 m/s, 風級: 1, 風向角度: 138.0, 風向: 東南
2025-07-07 17:37:24 - ModbusReader - INFO - 風速: 0.6 m/s, 風級: 1, 風向角度: 138.0, 風向: 東南
2025-07-07 17:37:55 - ModbusReader - INFO - 風速: 0.9 m/s, 風級: 1, 風向角度: 16.1, 風向: 北北東
2025-07-07 17:37:56 - ModbusReader - INFO - 風速: 0.9 m/s, 風級: 1, 風向角度: 16.1, 風向: 北北東
2025-07-07 17:38:26 - ModbusReader - INFO - 風速: 1.6 m/s, 風級: 2, 風向角度: 148.8, 風向: 南南東
2025-07-07 17:38:27 - ModbusReader - INFO - 風速: 1.6 m/s, 風級: 2, 風向角度: 148.8, 風向: 南南東
2025-07-07 17:38:57 - ModbusReader - INFO - 風速: 0.9 m/s, 風級: 1, 風向角度: 81.9, 風向: 東
2025-07-07 17:38:58 - ModbusReader - INFO - 風速: 0.9 m/s, 風級: 1, 風向角度: 81.9, 風向: 東
2025-07-07 17:39:29 - ModbusReader - INFO - 風速: 1.2 m/s, 風級: 1, 風向角度: 154.9, 風向: 南南東
2025-07-07 17:39:29 - ModbusReader - INFO - 風速: 1.2 m/s, 風級: 1, 風向角度: 154.9, 風向: 南南東
2025-07-07 17:40:00 - ModbusReader - INFO - 風速: 1.3 m/s, 風級: 1, 風向角度: 215.6, 風向: 西南
2025-07-07 17:40:00 - ModbusReader - INFO - 風速: 0.9 m/s, 風級: 1, 風向角度: 41.7, 風向: 東北
2025-07-07 17:40:31 - ModbusReader - INFO - 風速: 1.7 m/s, 風級: 2, 風向角度: 139.5, 風向: 東南
2025-07-07 17:40:32 - ModbusReader - INFO - 風速: 1.7 m/s, 風級: 2, 風向角度: 139.5, 風向: 東南
2025-07-07 17:41:02 - ModbusReader - INFO - 風速: 1.5 m/s, 風級: 1, 風向角度: 216.1, 風向: 西南
2025-07-07 17:41:03 - ModbusReader - INFO - 風速: 1.5 m/s, 風級: 1, 風向角度: 216.1, 風向: 西南
2025-07-07 17:41:33 - ModbusReader - INFO - 風速: 1.4 m/s, 風級: 1, 風向角度: 134.1, 風向: 東南
2025-07-07 17:41:34 - ModbusReader - INFO - 風速: 1.4 m/s, 風級: 1, 風向角度: 134.1, 風向: 東南
2025-07-07 17:42:05 - ModbusReader - INFO - 風速: 1.8 m/s, 風級: 2, 風向角度: 165.9, 風向: 南南東
2025-07-07 17:42:05 - ModbusReader - INFO - 風速: 1.8 m/s, 風級: 2, 風向角度: 165.9, 風向: 南南東
2025-07-07 17:42:36 - ModbusReader - INFO - 風速: 0.7 m/s, 風級: 1, 風向角度: 86.9, 風向: 東
2025-07-07 17:42:36 - ModbusReader - INFO - 風速: 0.7 m/s, 風級: 1, 風向角度: 86.9, 風向: 東
2025-07-07 17:43:07 - ModbusReader - INFO - 風速: 1.3 m/s, 風級: 1, 風向角度: 267.9, 風向: 西
2025-07-07 17:43:08 - ModbusReader - INFO - 風速: 1.3 m/s, 風級: 1, 風向角度: 267.9, 風向: 西
2025-07-07 17:43:38 - ModbusReader - INFO - 風速: 0.4 m/s, 風級: 1, 風向角度: 50.8, 風向: 東北
2025-07-07 17:43:39 - ModbusReader - INFO - 風速: 0.4 m/s, 風級: 1, 風向角度: 50.8, 風向: 東北
2025-07-07 17:44:09 - ModbusReader - INFO - 風速: 0.4 m/s, 風級: 1, 風向角度: 293.5, 風向: 西北西
2025-07-07 17:44:10 - ModbusReader - INFO - 風速: 0.4 m/s, 風級: 1, 風向角度: 293.5, 風向: 西北西
2025-07-07 17:44:41 - ModbusReader - INFO - 風速: 0.5 m/s, 風級: 1, 風向角度: 159.9, 風向: 南南東
2025-07-07 17:44:41 - ModbusReader - INFO - 風速: 0.5 m/s, 風級: 1, 風向角度: 159.9, 風向: 南南東
2025-07-07 17:45:12 - ModbusReader - INFO - 風速: 0.7 m/s, 風級: 1, 風向角度: 122.8, 風向: 東南東
2025-07-07 17:45:12 - ModbusReader - INFO - 風速: 0.7 m/s, 風級: 1, 風向角度: 122.8, 風向: 東南東
2025-07-07 17:45:43 - ModbusReader - INFO - 風速: 0.4 m/s, 風級: 1, 風向角度: 149.3, 風向: 南南東
2025-07-07 17:45:44 - ModbusReader - INFO - 風速: 0.4 m/s, 風級: 1, 風向角度: 149.3, 風向: 南南東
2025-07-07 17:46:14 - ModbusReader - INFO - 風速: 0.0 m/s, 風級: 0, 風向角度: 54.9, 風向: 東北
2025-07-07 17:46:15 - ModbusReader - INFO - 風速: 0.0 m/s, 風級: 0, 風向角度: 54.9, 風向: 東北
2025-07-07 17:46:45 - ModbusReader - INFO - 風速: 0.0 m/s, 風級: 0, 風向角度: 71.4, 風向: 東北東
2025-07-07 17:46:46 - ModbusReader - INFO - 風速: 0.0 m/s, 風級: 0, 風向角度: 71.4, 風向: 東北東
2025-07-07 17:47:17 - ModbusReader - INFO - 風速: 0.3 m/s, 風級: 1, 風向角度: 91.0, 風向: 東
2025-07-07 17:47:17 - ModbusReader - INFO - 風速: 0.7 m/s, 風級: 1, 風向角度: 27.1, 風向: 北北東
2025-07-07 17:47:48 - ModbusReader - INFO - 風速: 1.0 m/s, 風級: 1, 風向角度: 33.9, 風向: 東北
2025-07-07 17:47:48 - ModbusReader - INFO - 風速: 1.0 m/s, 風級: 1, 風向角度: 33.9, 風向: 東北
2025-07-07 17:48:19 - ModbusReader - INFO - 風速: 1.6 m/s, 風級: 2, 風向角度: 178.6, 風向: 南
2025-07-07 17:48:20 - ModbusReader - INFO - 風速: 1.6 m/s, 風級: 2, 風向角度: 178.6, 風向: 南
2025-07-07 17:48:50 - ModbusReader - INFO - 風速: 1.3 m/s, 風級: 1, 風向角度: 186.6, 風向: 南
2025-07-07 17:48:51 - ModbusReader - INFO - 風速: 1.3 m/s, 風級: 1, 風向角度: 186.6, 風向: 南
2025-07-07 17:49:21 - ModbusReader - INFO - 風速: 0.7 m/s, 風級: 1, 風向角度: 119.0, 風向: 東南東
2025-07-07 17:49:22 - ModbusReader - INFO - 風速: 0.7 m/s, 風級: 1, 風向角度: 119.0, 風向: 東南東
2025-07-07 17:49:53 - ModbusReader - INFO - 風速: 1.1 m/s, 風級: 1, 風向角度: 129.2, 風向: 東南
2025-07-07 17:49:53 - ModbusReader - INFO - 風速: 1.1 m/s, 風級: 1, 風向角度: 129.2, 風向: 東南
2025-07-07 17:50:24 - ModbusReader - INFO - 風速: 1.0 m/s, 風級: 1, 風向角度: 320.3, 風向: 西北
2025-07-07 17:50:24 - ModbusReader - INFO - 風速: 1.0 m/s, 風級: 1, 風向角度: 320.3, 風向: 西北
2025-07-07 17:50:55 - ModbusReader - INFO - 風速: 0.5 m/s, 風級: 1, 風向角度: 348.6, 風向: 北北西
2025-07-07 17:50:56 - ModbusReader - INFO - 風速: 0.5 m/s, 風級: 1, 風向角度: 348.6, 風向: 北北西
2025-07-07 17:51:26 - ModbusReader - INFO - 風速: 0.0 m/s, 風級: 0, 風向角度: 100.5, 風向: 東
2025-07-07 17:51:27 - ModbusReader - INFO - 風速: 0.0 m/s, 風級: 0, 風向角度: 100.5, 風向: 東
2025-07-07 17:51:57 - ModbusReader - INFO - 風速: 0.0 m/s, 風級: 0, 風向角度: 190.4, 風向: 南
2025-07-07 17:51:58 - ModbusReader - INFO - 風速: 0.0 m/s, 風級: 0, 風向角度: 190.4, 風向: 南
2025-07-07 17:52:29 - ModbusReader - INFO - 風速: 0.0 m/s, 風級: 0, 風向角度: 338.2, 風向: 北北西
2025-07-07 17:52:29 - ModbusReader - INFO - 風速: 0.0 m/s, 風級: 0, 風向角度: 338.2, 風向: 北北西
2025-07-07 17:53:00 - ModbusReader - INFO - 風速: 0.0 m/s, 風級: 0, 風向角度: 101.9, 風向: 東南東
2025-07-07 17:53:00 - ModbusReader - INFO - 風速: 0.0 m/s, 風級: 0, 風向角度: 101.9, 風向: 東南東
2025-07-07 17:53:31 - ModbusReader - INFO - 風速: 0.2 m/s, 風級: 0, 風向角度: 158.5, 風向: 南南東
2025-07-07 17:53:32 - ModbusReader - INFO - 風速: 0.2 m/s, 風級: 0, 風向角度: 158.5, 風向: 南南東
2025-07-07 17:54:02 - ModbusReader - INFO - 風速: 0.0 m/s, 風級: 0, 風向角度: 182.2, 風向: 南
2025-07-07 17:54:03 - ModbusReader - INFO - 風速: 0.0 m/s, 風級: 0, 風向角度: 182.2, 風向: 南
2025-07-07 17:54:33 - ModbusReader - INFO - 風速: 0.6 m/s, 風級: 1, 風向角度: 171.4, 風向: 南
2025-07-07 17:54:34 - ModbusReader - INFO - 風速: 0.6 m/s, 風級: 1, 風向角度: 163.9, 風向: 南南東
2025-07-07 17:55:05 - ModbusReader - INFO - 風速: 0.0 m/s, 風級: 0, 風向角度: 82.8, 風向: 東
2025-07-07 17:55:05 - ModbusReader - INFO - 風速: 0.0 m/s, 風級: 0, 風向角度: 82.8, 風向: 東
2025-07-07 17:55:36 - ModbusReader - INFO - 風速: 1.0 m/s, 風級: 1, 風向角度: 178.2, 風向: 南
2025-07-07 17:55:36 - ModbusReader - INFO - 風速: 1.0 m/s, 風級: 1, 風向角度: 178.2, 風向: 南
2025-07-07 17:56:07 - ModbusReader - INFO - 風速: 0.8 m/s, 風級: 1, 風向角度: 151.1, 風向: 南南東
2025-07-07 17:56:08 - ModbusReader - INFO - 風速: 0.8 m/s, 風級: 1, 風向角度: 151.1, 風向: 南南東
2025-07-07 17:56:38 - ModbusReader - INFO - 風速: 0.6 m/s, 風級: 1, 風向角度: 68.7, 風向: 東北東
2025-07-07 17:56:39 - ModbusReader - INFO - 風速: 0.6 m/s, 風級: 1, 風向角度: 68.7, 風向: 東北東
2025-07-07 17:57:09 - ModbusReader - INFO - 風速: 0.5 m/s, 風級: 1, 風向角度: 137.2, 風向: 東南
2025-07-07 17:57:10 - ModbusReader - INFO - 風速: 0.5 m/s, 風級: 1, 風向角度: 137.2, 風向: 東南
2025-07-07 17:57:41 - ModbusReader - INFO - 風速: 0.0 m/s, 風級: 0, 風向角度: 86.2, 風向: 東
2025-07-07 17:57:41 - ModbusReader - INFO - 風速: 0.0 m/s, 風級: 0, 風向角度: 86.2, 風向: 東
2025-07-07 17:58:12 - ModbusReader - INFO - 風速: 0.4 m/s, 風級: 1, 風向角度: 294.5, 風向: 西北西
2025-07-07 17:58:12 - ModbusReader - INFO - 風速: 0.4 m/s, 風級: 1, 風向角度: 294.5, 風向: 西北西
2025-07-07 17:58:43 - ModbusReader - INFO - 風速: 0.6 m/s, 風級: 1, 風向角度: 146.9, 風向: 南南東
2025-07-07 17:58:44 - ModbusReader - INFO - 風速: 0.6 m/s, 風級: 1, 風向角度: 146.9, 風向: 南南東
2025-07-07 17:59:14 - ModbusReader - INFO - 風速: 0.3 m/s, 風級: 1, 風向角度: 288.2, 風向: 西北西
2025-07-07 17:59:15 - ModbusReader - INFO - 風速: 0.3 m/s, 風級: 1, 風向角度: 288.2, 風向: 西北西
2025-07-07 17:59:45 - ModbusReader - INFO - 風速: 0.8 m/s, 風級: 1, 風向角度: 171.4, 風向: 南
2025-07-07 17:59:46 - ModbusReader - INFO - 風速: 0.8 m/s, 風級: 1, 風向角度: 171.4, 風向: 南
2025-07-07 18:00:17 - ModbusReader - INFO - 風速: 0.7 m/s, 風級: 1, 風向角度: 248.2, 風向: 西南西
2025-07-07 18:00:17 - ModbusReader - INFO - 風速: 0.7 m/s, 風級: 1, 風向角度: 248.2, 風向: 西南西
2025-07-09 09:17:12 - ModbusReader - INFO - 找到 風速計 設備: COM4
2025-07-09 09:17:13 - ModbusReader - INFO - 風速: 0.7 m/s, 風級: 1, 風向角度: 207.9, 風向: 南南西
2025-07-09 09:17:14 - ModbusReader - INFO - 風速: 0.7 m/s, 風級: 1, 風向角度: 207.9, 風向: 南南西
2025-07-09 09:17:14 - ModbusReader - INFO - 風速: 0.7 m/s, 風級: 1, 風向角度: 207.9, 風向: 南南西
2025-07-09 09:17:45 - ModbusReader - INFO - 風速: 0.4 m/s, 風級: 1, 風向角度: 297.3, 風向: 西北西
2025-07-09 09:17:45 - ModbusReader - INFO - 風速: 0.4 m/s, 風級: 1, 風向角度: 297.3, 風向: 西北西
2025-07-09 09:18:16 - ModbusReader - INFO - 風速: 0.4 m/s, 風級: 1, 風向角度: 358.0, 風向: 北
2025-07-09 09:18:17 - ModbusReader - INFO - 風速: 0.5 m/s, 風級: 1, 風向角度: 343.2, 風向: 北北西
2025-07-09 09:18:47 - ModbusReader - INFO - 風速: 1.3 m/s, 風級: 1, 風向角度: 315.0, 風向: 西北
2025-07-09 09:18:48 - ModbusReader - INFO - 風速: 1.3 m/s, 風級: 1, 風向角度: 315.0, 風向: 西北
2025-07-09 09:19:18 - ModbusReader - INFO - 風速: 1.4 m/s, 風級: 1, 風向角度: 296.7, 風向: 西北西
2025-07-09 09:19:19 - ModbusReader - INFO - 風速: 1.4 m/s, 風級: 1, 風向角度: 296.7, 風向: 西北西
2025-07-09 09:19:50 - ModbusReader - INFO - 風速: 0.6 m/s, 風級: 1, 風向角度: 291.4, 風向: 西北西
2025-07-09 09:19:50 - ModbusReader - INFO - 風速: 0.6 m/s, 風級: 1, 風向角度: 291.4, 風向: 西北西
2025-07-09 09:20:21 - ModbusReader - INFO - 風速: 0.4 m/s, 風級: 1, 風向角度: 38.0, 風向: 東北
2025-07-09 09:20:21 - ModbusReader - INFO - 風速: 0.4 m/s, 風級: 1, 風向角度: 38.0, 風向: 東北
2025-07-09 09:20:52 - ModbusReader - INFO - 風速: 1.1 m/s, 風級: 1, 風向角度: 289.5, 風向: 西北西
2025-07-09 09:20:53 - ModbusReader - INFO - 風速: 1.1 m/s, 風級: 1, 風向角度: 289.5, 風向: 西北西
2025-07-09 09:21:23 - ModbusReader - INFO - 風速: 0.7 m/s, 風級: 1, 風向角度: 322.4, 風向: 西北
2025-07-09 09:21:24 - ModbusReader - INFO - 風速: 0.7 m/s, 風級: 1, 風向角度: 322.4, 風向: 西北
2025-07-09 09:21:54 - ModbusReader - INFO - 風速: 1.0 m/s, 風級: 1, 風向角度: 295.3, 風向: 西北西
2025-07-09 09:21:55 - ModbusReader - INFO - 風速: 1.0 m/s, 風級: 1, 風向角度: 295.3, 風向: 西北西
2025-07-09 09:22:26 - ModbusReader - INFO - 風速: 0.9 m/s, 風級: 1, 風向角度: 287.5, 風向: 西北西
2025-07-09 09:22:26 - ModbusReader - INFO - 風速: 0.9 m/s, 風級: 1, 風向角度: 287.5, 風向: 西北西
2025-07-09 09:22:57 - ModbusReader - INFO - 風速: 1.2 m/s, 風級: 1, 風向角度: 18.2, 風向: 北北東
2025-07-09 09:22:57 - ModbusReader - INFO - 風速: 1.2 m/s, 風級: 1, 風向角度: 18.2, 風向: 北北東
2025-07-09 09:23:28 - ModbusReader - INFO - 風速: 1.3 m/s, 風級: 1, 風向角度: 340.2, 風向: 北北西
2025-07-09 09:23:29 - ModbusReader - INFO - 風速: 1.3 m/s, 風級: 1, 風向角度: 340.2, 風向: 北北西
2025-07-09 09:23:59 - ModbusReader - INFO - 風速: 1.1 m/s, 風級: 1, 風向角度: 129.4, 風向: 東南
2025-07-09 09:24:00 - ModbusReader - INFO - 風速: 1.1 m/s, 風級: 1, 風向角度: 129.4, 風向: 東南
2025-07-09 09:24:30 - ModbusReader - INFO - 風速: 1.2 m/s, 風級: 1, 風向角度: 357.1, 風向: 北
2025-07-09 09:24:31 - ModbusReader - INFO - 風速: 1.2 m/s, 風級: 1, 風向角度: 357.1, 風向: 北
2025-07-09 09:25:02 - ModbusReader - INFO - 風速: 1.0 m/s, 風級: 1, 風向角度: 270.3, 風向: 西
2025-07-09 09:25:02 - ModbusReader - INFO - 風速: 1.0 m/s, 風級: 1, 風向角度: 270.3, 風向: 西
2025-07-09 09:25:33 - ModbusReader - INFO - 風速: 1.1 m/s, 風級: 1, 風向角度: 282.3, 風向: 西北西
2025-07-09 09:25:33 - ModbusReader - INFO - 風速: 0.9 m/s, 風級: 1, 風向角度: 283.8, 風向: 西北西
2025-07-09 09:26:04 - ModbusReader - INFO - 風速: 0.7 m/s, 風級: 1, 風向角度: 24.3, 風向: 北北東
2025-07-09 09:26:05 - ModbusReader - INFO - 風速: 0.7 m/s, 風級: 1, 風向角度: 24.3, 風向: 北北東
2025-07-09 09:26:35 - ModbusReader - INFO - 風速: 0.6 m/s, 風級: 1, 風向角度: 311.8, 風向: 西北
2025-07-09 09:26:36 - ModbusReader - INFO - 風速: 0.6 m/s, 風級: 1, 風向角度: 311.8, 風向: 西北
2025-07-09 09:27:06 - ModbusReader - INFO - 風速: 0.7 m/s, 風級: 1, 風向角度: 89.3, 風向: 東
2025-07-09 09:27:07 - ModbusReader - INFO - 風速: 0.7 m/s, 風級: 1, 風向角度: 89.3, 風向: 東
2025-07-09 09:27:35 - ModbusReader - INFO - 風速: 0.8 m/s, 風級: 1, 風向角度: 354.3, 風向: 北
2025-07-09 09:27:35 - ModbusReader - INFO - 風速: 0.8 m/s, 風級: 1, 風向角度: 354.3, 風向: 北
2025-07-09 09:28:06 - ModbusReader - INFO - 風速: 1.4 m/s, 風級: 1, 風向角度: 289.9, 風向: 西北西
2025-07-09 09:28:06 - ModbusReader - INFO - 風速: 1.4 m/s, 風級: 1, 風向角度: 289.9, 風向: 西北西
2025-07-09 09:28:37 - ModbusReader - INFO - 風速: 1.6 m/s, 風級: 2, 風向角度: 8.4, 風向: 北
2025-07-09 09:28:38 - ModbusReader - INFO - 風速: 1.6 m/s, 風級: 2, 風向角度: 8.4, 風向: 北
2025-07-09 09:29:08 - ModbusReader - INFO - 風速: 0.8 m/s, 風級: 1, 風向角度: 266.9, 風向: 西
2025-07-09 09:29:09 - ModbusReader - INFO - 風速: 0.8 m/s, 風級: 1, 風向角度: 266.9, 風向: 西
2025-07-09 09:29:39 - ModbusReader - INFO - 風速: 0.8 m/s, 風級: 1, 風向角度: 69.0, 風向: 東北東
2025-07-09 09:29:40 - ModbusReader - INFO - 風速: 0.8 m/s, 風級: 1, 風向角度: 69.0, 風向: 東北東
2025-07-09 09:30:11 - ModbusReader - INFO - 風速: 0.4 m/s, 風級: 1, 風向角度: 214.2, 風向: 西南
2025-07-09 09:30:11 - ModbusReader - INFO - 風速: 0.4 m/s, 風級: 1, 風向角度: 214.2, 風向: 西南
2025-07-09 09:30:42 - ModbusReader - INFO - 風速: 1.7 m/s, 風級: 2, 風向角度: 47.5, 風向: 東北
2025-07-09 09:30:42 - ModbusReader - INFO - 風速: 1.7 m/s, 風級: 2, 風向角度: 47.5, 風向: 東北
2025-07-09 09:31:13 - ModbusReader - INFO - 風速: 0.8 m/s, 風級: 1, 風向角度: 251.2, 風向: 西南西
2025-07-09 09:31:14 - ModbusReader - INFO - 風速: 0.8 m/s, 風級: 1, 風向角度: 251.2, 風向: 西南西
2025-07-09 09:31:44 - ModbusReader - INFO - 風速: 0.9 m/s, 風級: 1, 風向角度: 258.2, 風向: 西南西
2025-07-09 09:31:45 - ModbusReader - INFO - 風速: 0.9 m/s, 風級: 1, 風向角度: 258.2, 風向: 西南西
2025-07-09 09:32:15 - ModbusReader - INFO - 風速: 0.5 m/s, 風級: 1, 風向角度: 340.2, 風向: 北北西
2025-07-09 09:32:16 - ModbusReader - INFO - 風速: 0.5 m/s, 風級: 1, 風向角度: 340.2, 風向: 北北西
2025-07-09 09:32:47 - ModbusReader - INFO - 風速: 1.0 m/s, 風級: 1, 風向角度: 5.0, 風向: 北
2025-07-09 09:32:47 - ModbusReader - INFO - 風速: 0.9 m/s, 風級: 1, 風向角度: 23.3, 風向: 北北東
2025-07-09 09:33:18 - ModbusReader - INFO - 風速: 0.7 m/s, 風級: 1, 風向角度: 3.2, 風向: 北
2025-07-09 09:33:18 - ModbusReader - INFO - 風速: 0.7 m/s, 風級: 1, 風向角度: 3.2, 風向: 北
2025-07-09 09:33:49 - ModbusReader - INFO - 風速: 1.5 m/s, 風級: 1, 風向角度: 282.5, 風向: 西北西
2025-07-09 09:33:50 - ModbusReader - INFO - 風速: 1.5 m/s, 風級: 1, 風向角度: 282.5, 風向: 西北西
2025-07-09 09:34:20 - ModbusReader - INFO - 風速: 0.7 m/s, 風級: 1, 風向角度: 326.6, 風向: 北北西
2025-07-09 09:34:21 - ModbusReader - INFO - 風速: 0.7 m/s, 風級: 1, 風向角度: 326.6, 風向: 北北西
2025-07-09 09:34:51 - ModbusReader - INFO - 風速: 0.9 m/s, 風級: 1, 風向角度: 343.0, 風向: 北北西
2025-07-09 09:34:52 - ModbusReader - INFO - 風速: 0.9 m/s, 風級: 1, 風向角度: 343.0, 風向: 北北西
2025-07-09 09:35:23 - ModbusReader - INFO - 風速: 1.3 m/s, 風級: 1, 風向角度: 258.4, 風向: 西南西
2025-07-09 09:35:23 - ModbusReader - INFO - 風速: 1.3 m/s, 風級: 1, 風向角度: 258.4, 風向: 西南西
2025-07-09 09:35:54 - ModbusReader - INFO - 風速: 1.2 m/s, 風級: 1, 風向角度: 313.6, 風向: 西北
2025-07-09 09:35:54 - ModbusReader - INFO - 風速: 1.2 m/s, 風級: 1, 風向角度: 313.6, 風向: 西北
2025-07-09 09:36:25 - ModbusReader - INFO - 風速: 1.0 m/s, 風級: 1, 風向角度: 352.4, 風向: 北
2025-07-09 09:36:26 - ModbusReader - INFO - 風速: 1.0 m/s, 風級: 1, 風向角度: 352.4, 風向: 北
2025-07-09 09:36:56 - ModbusReader - INFO - 風速: 1.2 m/s, 風級: 1, 風向角度: 265.7, 風向: 西
2025-07-09 09:36:57 - ModbusReader - INFO - 風速: 1.2 m/s, 風級: 1, 風向角度: 265.7, 風向: 西
2025-07-09 09:37:27 - ModbusReader - INFO - 風速: 2.3 m/s, 風級: 2, 風向角度: 230.4, 風向: 西南
2025-07-09 09:37:28 - ModbusReader - INFO - 風速: 2.3 m/s, 風級: 2, 風向角度: 230.4, 風向: 西南
2025-07-09 09:37:59 - ModbusReader - INFO - 風速: 1.6 m/s, 風級: 2, 風向角度: 253.8, 風向: 西南西
2025-07-09 09:37:59 - ModbusReader - INFO - 風速: 1.6 m/s, 風級: 2, 風向角度: 253.8, 風向: 西南西
2025-07-09 09:38:30 - ModbusReader - INFO - 風速: 1.3 m/s, 風級: 1, 風向角度: 28.5, 風向: 北北東
2025-07-09 09:38:30 - ModbusReader - INFO - 風速: 1.3 m/s, 風級: 1, 風向角度: 28.5, 風向: 北北東
2025-07-09 09:39:01 - ModbusReader - INFO - 風速: 1.9 m/s, 風級: 2, 風向角度: 159.8, 風向: 南南東
2025-07-09 09:39:02 - ModbusReader - INFO - 風速: 1.9 m/s, 風級: 2, 風向角度: 159.8, 風向: 南南東
2025-07-09 09:39:32 - ModbusReader - INFO - 風速: 1.8 m/s, 風級: 2, 風向角度: 327.4, 風向: 北北西
2025-07-09 09:39:33 - ModbusReader - INFO - 風速: 1.8 m/s, 風級: 2, 風向角度: 327.4, 風向: 北北西
2025-07-09 09:40:03 - ModbusReader - INFO - 風速: 1.1 m/s, 風級: 1, 風向角度: 10.1, 風向: 北
2025-07-09 09:40:04 - ModbusReader - INFO - 風速: 1.1 m/s, 風級: 1, 風向角度: 238.6, 風向: 西南西
2025-07-09 09:40:35 - ModbusReader - INFO - 風速: 0.8 m/s, 風級: 1, 風向角度: 349.2, 風向: 北
2025-07-09 09:40:35 - ModbusReader - INFO - 風速: 0.8 m/s, 風級: 1, 風向角度: 349.2, 風向: 北
2025-07-09 09:41:06 - ModbusReader - INFO - 風速: 1.1 m/s, 風級: 1, 風向角度: 300.9, 風向: 西北西
2025-07-09 09:41:06 - ModbusReader - INFO - 風速: 1.1 m/s, 風級: 1, 風向角度: 300.9, 風向: 西北西
2025-07-09 09:41:37 - ModbusReader - INFO - 風速: 0.7 m/s, 風級: 1, 風向角度: 257.8, 風向: 西南西
2025-07-09 09:41:38 - ModbusReader - INFO - 風速: 0.7 m/s, 風級: 1, 風向角度: 257.8, 風向: 西南西
2025-07-09 09:42:08 - ModbusReader - INFO - 風速: 1.1 m/s, 風級: 1, 風向角度: 254.8, 風向: 西南西
2025-07-09 09:42:09 - ModbusReader - INFO - 風速: 1.1 m/s, 風級: 1, 風向角度: 254.8, 風向: 西南西
2025-07-09 09:42:39 - ModbusReader - INFO - 風速: 1.8 m/s, 風級: 2, 風向角度: 287.6, 風向: 西北西
2025-07-09 09:42:40 - ModbusReader - INFO - 風速: 1.8 m/s, 風級: 2, 風向角度: 287.6, 風向: 西北西
2025-07-09 09:43:11 - ModbusReader - INFO - 風速: 1.2 m/s, 風級: 1, 風向角度: 342.9, 風向: 北北西
2025-07-09 09:43:11 - ModbusReader - INFO - 風速: 1.2 m/s, 風級: 1, 風向角度: 342.9, 風向: 北北西
2025-07-09 09:43:42 - ModbusReader - INFO - 風速: 1.3 m/s, 風級: 1, 風向角度: 325.6, 風向: 西北
2025-07-09 09:43:42 - ModbusReader - INFO - 風速: 1.3 m/s, 風級: 1, 風向角度: 325.6, 風向: 西北
2025-07-09 09:44:13 - ModbusReader - INFO - 風速: 1.2 m/s, 風級: 1, 風向角度: 320.3, 風向: 西北
2025-07-09 09:44:14 - ModbusReader - INFO - 風速: 1.2 m/s, 風級: 1, 風向角度: 320.3, 風向: 西北
2025-07-09 09:44:44 - ModbusReader - INFO - 風速: 1.0 m/s, 風級: 1, 風向角度: 289.2, 風向: 西北西
2025-07-09 09:44:45 - ModbusReader - INFO - 風速: 1.0 m/s, 風級: 1, 風向角度: 289.2, 風向: 西北西
2025-07-09 09:45:15 - ModbusReader - INFO - 風速: 2.2 m/s, 風級: 2, 風向角度: 287.8, 風向: 西北西
2025-07-09 09:45:16 - ModbusReader - INFO - 風速: 2.2 m/s, 風級: 2, 風向角度: 287.8, 風向: 西北西
2025-07-09 09:45:47 - ModbusReader - INFO - 風速: 1.4 m/s, 風級: 1, 風向角度: 17.1, 風向: 北北東
2025-07-09 09:45:47 - ModbusReader - INFO - 風速: 1.4 m/s, 風級: 1, 風向角度: 17.1, 風向: 北北東
2025-07-09 09:46:18 - ModbusReader - INFO - 風速: 1.7 m/s, 風級: 2, 風向角度: 307.8, 風向: 西北
2025-07-09 09:46:18 - ModbusReader - INFO - 風速: 1.7 m/s, 風級: 2, 風向角度: 307.8, 風向: 西北
2025-07-09 09:46:49 - ModbusReader - INFO - 風速: 1.9 m/s, 風級: 2, 風向角度: 263.8, 風向: 西
2025-07-09 09:46:50 - ModbusReader - INFO - 風速: 1.9 m/s, 風級: 2, 風向角度: 263.8, 風向: 西
2025-07-09 09:47:20 - ModbusReader - INFO - 風速: 0.9 m/s, 風級: 1, 風向角度: 331.4, 風向: 北北西
2025-07-09 09:47:21 - ModbusReader - INFO - 風速: 0.8 m/s, 風級: 1, 風向角度: 257.7, 風向: 西南西
2025-07-09 09:47:51 - ModbusReader - INFO - 風速: 0.8 m/s, 風級: 1, 風向角度: 346.6, 風向: 北北西
2025-07-09 09:47:52 - ModbusReader - INFO - 風速: 0.8 m/s, 風級: 1, 風向角度: 346.6, 風向: 北北西
2025-07-09 09:48:23 - ModbusReader - INFO - 風速: 1.0 m/s, 風級: 1, 風向角度: 316.8, 風向: 西北
2025-07-09 09:48:23 - ModbusReader - INFO - 風速: 1.0 m/s, 風級: 1, 風向角度: 316.8, 風向: 西北
2025-07-09 09:48:54 - ModbusReader - INFO - 風速: 1.1 m/s, 風級: 1, 風向角度: 284.6, 風向: 西北西
2025-07-09 09:48:54 - ModbusReader - INFO - 風速: 1.1 m/s, 風級: 1, 風向角度: 284.6, 風向: 西北西
2025-07-09 09:49:25 - ModbusReader - INFO - 風速: 1.4 m/s, 風級: 1, 風向角度: 170.1, 風向: 南
2025-07-09 09:49:26 - ModbusReader - INFO - 風速: 1.4 m/s, 風級: 1, 風向角度: 170.1, 風向: 南
2025-07-09 09:49:56 - ModbusReader - INFO - 風速: 3.4 m/s, 風級: 3, 風向角度: 263.2, 風向: 西
2025-07-09 09:49:57 - ModbusReader - INFO - 風速: 3.4 m/s, 風級: 3, 風向角度: 263.2, 風向: 西
2025-07-09 09:50:27 - ModbusReader - INFO - 風速: 1.1 m/s, 風級: 1, 風向角度: 280.0, 風向: 西
2025-07-09 09:50:28 - ModbusReader - INFO - 風速: 1.1 m/s, 風級: 1, 風向角度: 280.0, 風向: 西
2025-07-09 09:50:59 - ModbusReader - INFO - 風速: 0.7 m/s, 風級: 1, 風向角度: 237.6, 風向: 西南西
2025-07-09 09:50:59 - ModbusReader - INFO - 風速: 0.7 m/s, 風級: 1, 風向角度: 237.6, 風向: 西南西
2025-07-09 09:51:30 - ModbusReader - INFO - 風速: 0.7 m/s, 風級: 1, 風向角度: 271.3, 風向: 西
2025-07-09 09:51:30 - ModbusReader - INFO - 風速: 0.7 m/s, 風級: 1, 風向角度: 271.3, 風向: 西
2025-07-09 09:52:01 - ModbusReader - INFO - 風速: 0.6 m/s, 風級: 1, 風向角度: 207.6, 風向: 南南西
2025-07-09 09:52:02 - ModbusReader - INFO - 風速: 0.6 m/s, 風級: 1, 風向角度: 207.6, 風向: 南南西
2025-07-09 09:52:32 - ModbusReader - INFO - 風速: 0.5 m/s, 風級: 1, 風向角度: 344.8, 風向: 北北西
2025-07-09 09:52:33 - ModbusReader - INFO - 風速: 0.5 m/s, 風級: 1, 風向角度: 344.8, 風向: 北北西
2025-07-09 09:53:03 - ModbusReader - INFO - 風速: 1.4 m/s, 風級: 1, 風向角度: 77.3, 風向: 東北東
2025-07-09 09:53:04 - ModbusReader - INFO - 風速: 1.4 m/s, 風級: 1, 風向角度: 77.3, 風向: 東北東
2025-07-09 09:53:35 - ModbusReader - INFO - 風速: 0.7 m/s, 風級: 1, 風向角度: 22.6, 風向: 北北東
2025-07-09 09:53:35 - ModbusReader - INFO - 風速: 0.7 m/s, 風級: 1, 風向角度: 22.6, 風向: 北北東
2025-07-09 09:54:06 - ModbusReader - INFO - 風速: 1.4 m/s, 風級: 1, 風向角度: 279.6, 風向: 西
2025-07-09 09:54:06 - ModbusReader - INFO - 風速: 1.4 m/s, 風級: 1, 風向角度: 279.6, 風向: 西
2025-07-09 09:54:37 - ModbusReader - INFO - 風速: 1.2 m/s, 風級: 1, 風向角度: 128.1, 風向: 東南
2025-07-09 09:54:38 - ModbusReader - INFO - 風速: 0.9 m/s, 風級: 1, 風向角度: 318.6, 風向: 西北
2025-07-09 09:55:08 - ModbusReader - INFO - 風速: 0.6 m/s, 風級: 1, 風向角度: 25.7, 風向: 北北東
2025-07-09 09:55:09 - ModbusReader - INFO - 風速: 0.6 m/s, 風級: 1, 風向角度: 25.7, 風向: 北北東
2025-07-09 09:55:39 - ModbusReader - INFO - 風速: 0.9 m/s, 風級: 1, 風向角度: 280.9, 風向: 西
2025-07-09 09:55:40 - ModbusReader - INFO - 風速: 0.9 m/s, 風級: 1, 風向角度: 280.9, 風向: 西
2025-07-09 09:56:11 - ModbusReader - INFO - 風速: 0.8 m/s, 風級: 1, 風向角度: 247.2, 風向: 西南西
2025-07-09 09:56:11 - ModbusReader - INFO - 風速: 0.8 m/s, 風級: 1, 風向角度: 247.2, 風向: 西南西
2025-07-09 09:56:42 - ModbusReader - INFO - 風速: 1.3 m/s, 風級: 1, 風向角度: 321.7, 風向: 西北
2025-07-09 09:56:42 - ModbusReader - INFO - 風速: 1.3 m/s, 風級: 1, 風向角度: 321.7, 風向: 西北
2025-07-09 09:57:13 - ModbusReader - INFO - 風速: 2.0 m/s, 風級: 2, 風向角度: 295.9, 風向: 西北西
2025-07-09 09:57:14 - ModbusReader - INFO - 風速: 2.0 m/s, 風級: 2, 風向角度: 295.9, 風向: 西北西
2025-07-09 09:57:44 - ModbusReader - INFO - 風速: 2.3 m/s, 風級: 2, 風向角度: 269.3, 風向: 西
2025-07-09 09:57:45 - ModbusReader - INFO - 風速: 2.3 m/s, 風級: 2, 風向角度: 269.3, 風向: 西
2025-07-09 09:58:15 - ModbusReader - INFO - 風速: 2.3 m/s, 風級: 2, 風向角度: 290.7, 風向: 西北西
2025-07-09 09:58:16 - ModbusReader - INFO - 風速: 2.3 m/s, 風級: 2, 風向角度: 290.7, 風向: 西北西
2025-07-09 09:58:47 - ModbusReader - INFO - 風速: 1.0 m/s, 風級: 1, 風向角度: 333.2, 風向: 北北西
2025-07-09 09:58:47 - ModbusReader - INFO - 風速: 1.0 m/s, 風級: 1, 風向角度: 333.2, 風向: 北北西
2025-07-09 09:59:18 - ModbusReader - INFO - 風速: 1.6 m/s, 風級: 2, 風向角度: 319.9, 風向: 西北
2025-07-09 09:59:18 - ModbusReader - INFO - 風速: 1.6 m/s, 風級: 2, 風向角度: 319.9, 風向: 西北
2025-07-09 09:59:49 - ModbusReader - INFO - 風速: 1.1 m/s, 風級: 1, 風向角度: 289.4, 風向: 西北西
2025-07-09 09:59:50 - ModbusReader - INFO - 風速: 1.1 m/s, 風級: 1, 風向角度: 289.4, 風向: 西北西
2025-07-09 10:00:20 - ModbusReader - INFO - 風速: 1.5 m/s, 風級: 1, 風向角度: 275.4, 風向: 西
2025-07-09 10:00:21 - ModbusReader - INFO - 風速: 1.5 m/s, 風級: 1, 風向角度: 275.4, 風向: 西
2025-07-09 10:00:51 - ModbusReader - INFO - 風速: 2.3 m/s, 風級: 2, 風向角度: 269.3, 風向: 西
2025-07-09 10:00:52 - ModbusReader - INFO - 風速: 2.3 m/s, 風級: 2, 風向角度: 269.3, 風向: 西
2025-07-09 10:01:23 - ModbusReader - INFO - 風速: 2.2 m/s, 風級: 2, 風向角度: 295.6, 風向: 西北西
2025-07-09 10:01:23 - ModbusReader - INFO - 風速: 2.2 m/s, 風級: 2, 風向角度: 295.6, 風向: 西北西
2025-07-09 10:01:54 - ModbusReader - INFO - 風速: 1.3 m/s, 風級: 1, 風向角度: 335.5, 風向: 北北西
2025-07-09 10:01:54 - ModbusReader - INFO - 風速: 1.1 m/s, 風級: 1, 風向角度: 290.9, 風向: 西北西
2025-07-09 10:02:25 - ModbusReader - INFO - 風速: 1.6 m/s, 風級: 2, 風向角度: 125.8, 風向: 東南
2025-07-09 10:02:26 - ModbusReader - INFO - 風速: 1.6 m/s, 風級: 2, 風向角度: 125.8, 風向: 東南
2025-07-09 10:02:56 - ModbusReader - INFO - 風速: 1.6 m/s, 風級: 2, 風向角度: 333.6, 風向: 北北西
2025-07-09 10:02:57 - ModbusReader - INFO - 風速: 1.6 m/s, 風級: 2, 風向角度: 333.6, 風向: 北北西
2025-07-09 10:03:27 - ModbusReader - INFO - 風速: 1.3 m/s, 風級: 1, 風向角度: 305.8, 風向: 西北
2025-07-09 10:03:28 - ModbusReader - INFO - 風速: 1.3 m/s, 風級: 1, 風向角度: 305.8, 風向: 西北
2025-07-09 10:03:59 - ModbusReader - INFO - 風速: 1.1 m/s, 風級: 1, 風向角度: 318.3, 風向: 西北
2025-07-09 10:03:59 - ModbusReader - INFO - 風速: 1.1 m/s, 風級: 1, 風向角度: 318.3, 風向: 西北
2025-07-09 10:04:30 - ModbusReader - INFO - 風速: 2.2 m/s, 風級: 2, 風向角度: 301.7, 風向: 西北西
2025-07-09 10:04:30 - ModbusReader - INFO - 風速: 2.2 m/s, 風級: 2, 風向角度: 301.7, 風向: 西北西
2025-07-09 10:05:01 - ModbusReader - INFO - 風速: 2.1 m/s, 風級: 2, 風向角度: 333.3, 風向: 北北西
2025-07-09 10:05:02 - ModbusReader - INFO - 風速: 2.1 m/s, 風級: 2, 風向角度: 333.3, 風向: 北北西
2025-07-09 10:05:32 - ModbusReader - INFO - 風速: 2.2 m/s, 風級: 2, 風向角度: 304.7, 風向: 西北
2025-07-09 10:05:33 - ModbusReader - INFO - 風速: 2.2 m/s, 風級: 2, 風向角度: 304.7, 風向: 西北
2025-07-09 10:06:03 - ModbusReader - INFO - 風速: 1.5 m/s, 風級: 1, 風向角度: 23.6, 風向: 北北東
2025-07-09 10:06:04 - ModbusReader - INFO - 風速: 1.5 m/s, 風級: 1, 風向角度: 23.6, 風向: 北北東
2025-07-09 10:06:35 - ModbusReader - INFO - 風速: 1.2 m/s, 風級: 1, 風向角度: 140.3, 風向: 東南
2025-07-09 10:06:35 - ModbusReader - INFO - 風速: 1.2 m/s, 風級: 1, 風向角度: 140.3, 風向: 東南
2025-07-09 10:07:06 - ModbusReader - INFO - 風速: 3.7 m/s, 風級: 3, 風向角度: 258.6, 風向: 西南西
2025-07-09 10:07:06 - ModbusReader - INFO - 風速: 3.7 m/s, 風級: 3, 風向角度: 258.6, 風向: 西南西
2025-07-09 10:07:37 - ModbusReader - INFO - 風速: 0.9 m/s, 風級: 1, 風向角度: 306.7, 風向: 西北
2025-07-09 10:07:38 - ModbusReader - INFO - 風速: 0.9 m/s, 風級: 1, 風向角度: 306.7, 風向: 西北
2025-07-09 10:08:08 - ModbusReader - INFO - 風速: 1.0 m/s, 風級: 1, 風向角度: 24.3, 風向: 北北東
2025-07-09 10:08:09 - ModbusReader - INFO - 風速: 1.0 m/s, 風級: 1, 風向角度: 24.3, 風向: 北北東
2025-07-09 10:08:39 - ModbusReader - INFO - 風速: 1.3 m/s, 風級: 1, 風向角度: 285.4, 風向: 西北西
2025-07-09 10:08:40 - ModbusReader - INFO - 風速: 1.3 m/s, 風級: 1, 風向角度: 285.4, 風向: 西北西
2025-07-09 10:09:11 - ModbusReader - INFO - 風速: 1.3 m/s, 風級: 1, 風向角度: 206.1, 風向: 南南西
2025-07-09 10:09:11 - ModbusReader - INFO - 風速: 1.3 m/s, 風級: 1, 風向角度: 206.1, 風向: 南南西
2025-07-09 10:09:42 - ModbusReader - INFO - 風速: 1.6 m/s, 風級: 2, 風向角度: 141.5, 風向: 東南
2025-07-09 10:09:42 - ModbusReader - INFO - 風速: 1.6 m/s, 風級: 2, 風向角度: 141.5, 風向: 東南
2025-07-09 10:10:13 - ModbusReader - INFO - 風速: 0.9 m/s, 風級: 1, 風向角度: 321.6, 風向: 西北
2025-07-09 10:10:14 - ModbusReader - INFO - 風速: 0.9 m/s, 風級: 1, 風向角度: 321.6, 風向: 西北
2025-07-09 10:10:44 - ModbusReader - INFO - 風速: 1.0 m/s, 風級: 1, 風向角度: 248.3, 風向: 西南西
2025-07-09 10:10:45 - ModbusReader - INFO - 風速: 1.0 m/s, 風級: 1, 風向角度: 248.3, 風向: 西南西
2025-07-09 10:11:15 - ModbusReader - INFO - 風速: 2.1 m/s, 風級: 2, 風向角度: 291.4, 風向: 西北西
2025-07-09 10:11:16 - ModbusReader - INFO - 風速: 2.1 m/s, 風級: 2, 風向角度: 291.4, 風向: 西北西
2025-07-09 10:11:47 - ModbusReader - INFO - 風速: 1.1 m/s, 風級: 1, 風向角度: 314.1, 風向: 西北
2025-07-09 10:11:47 - ModbusReader - INFO - 風速: 1.1 m/s, 風級: 1, 風向角度: 314.1, 風向: 西北
2025-07-09 10:12:18 - ModbusReader - INFO - 風速: 1.3 m/s, 風級: 1, 風向角度: 23.5, 風向: 北北東
2025-07-09 10:12:18 - ModbusReader - INFO - 風速: 1.3 m/s, 風級: 1, 風向角度: 23.5, 風向: 北北東
2025-07-09 10:12:49 - ModbusReader - INFO - 風速: 1.7 m/s, 風級: 2, 風向角度: 271.5, 風向: 西
2025-07-09 10:12:49 - ModbusReader - INFO - 風速: 1.7 m/s, 風級: 2, 風向角度: 271.5, 風向: 西
2025-07-09 10:13:20 - ModbusReader - INFO - 風速: 1.8 m/s, 風級: 2, 風向角度: 32.7, 風向: 北北東
2025-07-09 10:13:21 - ModbusReader - INFO - 風速: 1.8 m/s, 風級: 2, 風向角度: 32.7, 風向: 北北東
2025-07-09 10:13:51 - ModbusReader - INFO - 風速: 2.0 m/s, 風級: 2, 風向角度: 298.9, 風向: 西北西
2025-07-09 10:13:52 - ModbusReader - INFO - 風速: 2.0 m/s, 風級: 2, 風向角度: 298.9, 風向: 西北西
2025-07-09 10:14:22 - ModbusReader - INFO - 風速: 0.8 m/s, 風級: 1, 風向角度: 84.5, 風向: 東
2025-07-09 10:14:23 - ModbusReader - INFO - 風速: 0.8 m/s, 風級: 1, 風向角度: 84.5, 風向: 東
2025-07-09 10:14:54 - ModbusReader - INFO - 風速: 2.1 m/s, 風級: 2, 風向角度: 235.4, 風向: 西南
2025-07-09 10:14:54 - ModbusReader - INFO - 風速: 2.1 m/s, 風級: 2, 風向角度: 235.4, 風向: 西南
2025-07-09 10:15:25 - ModbusReader - INFO - 風速: 2.0 m/s, 風級: 2, 風向角度: 270.9, 風向: 西
2025-07-09 10:15:25 - ModbusReader - INFO - 風速: 2.0 m/s, 風級: 2, 風向角度: 270.9, 風向: 西
2025-07-09 10:15:56 - ModbusReader - INFO - 風速: 2.3 m/s, 風級: 2, 風向角度: 202.6, 風向: 南南西
2025-07-09 10:15:57 - ModbusReader - INFO - 風速: 2.3 m/s, 風級: 2, 風向角度: 202.6, 風向: 南南西
2025-07-09 10:16:27 - ModbusReader - INFO - 風速: 0.9 m/s, 風級: 1, 風向角度: 324.0, 風向: 西北
2025-07-09 10:16:28 - ModbusReader - INFO - 風速: 0.9 m/s, 風級: 1, 風向角度: 324.0, 風向: 西北
2025-07-09 10:16:59 - ModbusReader - INFO - 風速: 1.0 m/s, 風級: 1, 風向角度: 322.1, 風向: 西北
2025-07-09 10:16:59 - ModbusReader - INFO - 風速: 1.0 m/s, 風級: 1, 風向角度: 322.1, 風向: 西北
2025-07-09 10:17:30 - ModbusReader - INFO - 風速: 0.5 m/s, 風級: 1, 風向角度: 354.9, 風向: 北
2025-07-09 10:17:30 - ModbusReader - INFO - 風速: 0.5 m/s, 風級: 1, 風向角度: 354.9, 風向: 北
2025-07-09 10:18:01 - ModbusReader - INFO - 風速: 0.7 m/s, 風級: 1, 風向角度: 250.8, 風向: 西南西
2025-07-09 10:18:01 - ModbusReader - INFO - 風速: 0.7 m/s, 風級: 1, 風向角度: 250.8, 風向: 西南西
2025-07-09 10:18:32 - ModbusReader - INFO - 風速: 0.8 m/s, 風級: 1, 風向角度: 207.9, 風向: 南南西
2025-07-09 10:18:33 - ModbusReader - INFO - 風速: 0.8 m/s, 風級: 1, 風向角度: 207.9, 風向: 南南西
2025-07-09 10:19:03 - ModbusReader - INFO - 風速: 0.7 m/s, 風級: 1, 風向角度: 322.3, 風向: 西北
2025-07-09 10:19:04 - ModbusReader - INFO - 風速: 0.7 m/s, 風級: 1, 風向角度: 322.3, 風向: 西北
2025-07-09 10:19:34 - ModbusReader - INFO - 風速: 0.5 m/s, 風級: 1, 風向角度: 161.3, 風向: 南南東
2025-07-09 10:19:35 - ModbusReader - INFO - 風速: 0.5 m/s, 風級: 1, 風向角度: 161.3, 風向: 南南東
2025-07-09 10:20:06 - ModbusReader - INFO - 風速: 0.9 m/s, 風級: 1, 風向角度: 309.2, 風向: 西北
2025-07-09 10:20:06 - ModbusReader - INFO - 風速: 0.9 m/s, 風級: 1, 風向角度: 309.2, 風向: 西北
2025-07-09 10:20:37 - ModbusReader - INFO - 風速: 0.7 m/s, 風級: 1, 風向角度: 136.3, 風向: 東南
2025-07-09 10:20:37 - ModbusReader - INFO - 風速: 0.7 m/s, 風級: 1, 風向角度: 136.3, 風向: 東南
2025-07-09 10:21:08 - ModbusReader - INFO - 風速: 1.2 m/s, 風級: 1, 風向角度: 331.7, 風向: 北北西
2025-07-09 10:21:09 - ModbusReader - INFO - 風速: 1.2 m/s, 風級: 1, 風向角度: 331.7, 風向: 北北西
2025-07-09 10:21:39 - ModbusReader - INFO - 風速: 1.1 m/s, 風級: 1, 風向角度: 341.5, 風向: 北北西
2025-07-09 10:21:40 - ModbusReader - INFO - 風速: 1.1 m/s, 風級: 1, 風向角度: 341.5, 風向: 北北西
2025-07-09 10:22:10 - ModbusReader - INFO - 風速: 1.5 m/s, 風級: 1, 風向角度: 208.2, 風向: 南南西
2025-07-09 10:22:11 - ModbusReader - INFO - 風速: 1.5 m/s, 風級: 1, 風向角度: 208.2, 風向: 南南西
2025-07-09 10:22:42 - ModbusReader - INFO - 風速: 0.9 m/s, 風級: 1, 風向角度: 275.7, 風向: 西
2025-07-09 10:22:42 - ModbusReader - INFO - 風速: 0.9 m/s, 風級: 1, 風向角度: 275.7, 風向: 西
2025-07-09 10:23:13 - ModbusReader - INFO - 風速: 1.1 m/s, 風級: 1, 風向角度: 298.8, 風向: 西北西
2025-07-09 10:23:13 - ModbusReader - INFO - 風速: 1.1 m/s, 風級: 1, 風向角度: 298.8, 風向: 西北西
2025-07-09 10:23:44 - ModbusReader - INFO - 風速: 1.1 m/s, 風級: 1, 風向角度: 284.3, 風向: 西北西
2025-07-09 10:23:45 - ModbusReader - INFO - 風速: 1.1 m/s, 風級: 1, 風向角度: 284.3, 風向: 西北西
2025-07-09 10:24:15 - ModbusReader - INFO - 風速: 0.7 m/s, 風級: 1, 風向角度: 163.4, 風向: 南南東
2025-07-09 10:24:16 - ModbusReader - INFO - 風速: 0.7 m/s, 風級: 1, 風向角度: 163.4, 風向: 南南東
2025-07-09 10:24:46 - ModbusReader - INFO - 風速: 0.0 m/s, 風級: 0, 風向角度: 237.1, 風向: 西南西
2025-07-09 10:24:47 - ModbusReader - INFO - 風速: 0.0 m/s, 風級: 0, 風向角度: 237.1, 風向: 西南西
2025-07-09 10:25:18 - ModbusReader - INFO - 風速: 1.0 m/s, 風級: 1, 風向角度: 339.5, 風向: 北北西
2025-07-09 10:25:18 - ModbusReader - INFO - 風速: 1.0 m/s, 風級: 1, 風向角度: 339.5, 風向: 北北西
2025-07-09 10:25:49 - ModbusReader - INFO - 風速: 1.2 m/s, 風級: 1, 風向角度: 306.0, 風向: 西北
2025-07-09 10:25:49 - ModbusReader - INFO - 風速: 1.2 m/s, 風級: 1, 風向角度: 306.0, 風向: 西北
2025-07-09 10:26:20 - ModbusReader - INFO - 風速: 1.1 m/s, 風級: 1, 風向角度: 19.5, 風向: 北北東
2025-07-09 10:26:21 - ModbusReader - INFO - 風速: 1.1 m/s, 風級: 1, 風向角度: 19.5, 風向: 北北東
2025-07-09 10:26:51 - ModbusReader - INFO - 風速: 0.8 m/s, 風級: 1, 風向角度: 344.0, 風向: 北北西
2025-07-09 10:26:52 - ModbusReader - INFO - 風速: 0.8 m/s, 風級: 1, 風向角度: 344.0, 風向: 北北西
2025-07-09 10:27:22 - ModbusReader - INFO - 風速: 1.3 m/s, 風級: 1, 風向角度: 256.5, 風向: 西南西
2025-07-09 10:27:23 - ModbusReader - INFO - 風速: 1.3 m/s, 風級: 1, 風向角度: 256.5, 風向: 西南西
2025-07-09 10:27:54 - ModbusReader - INFO - 風速: 0.8 m/s, 風級: 1, 風向角度: 270.8, 風向: 西
2025-07-09 10:27:54 - ModbusReader - INFO - 風速: 0.8 m/s, 風級: 1, 風向角度: 270.8, 風向: 西
2025-07-09 10:28:25 - ModbusReader - INFO - 風速: 0.6 m/s, 風級: 1, 風向角度: 299.3, 風向: 西北西
2025-07-09 10:28:25 - ModbusReader - INFO - 風速: 0.6 m/s, 風級: 1, 風向角度: 299.3, 風向: 西北西
2025-07-09 10:28:56 - ModbusReader - INFO - 風速: 1.6 m/s, 風級: 2, 風向角度: 314.1, 風向: 西北
2025-07-09 10:28:57 - ModbusReader - INFO - 風速: 1.6 m/s, 風級: 2, 風向角度: 314.1, 風向: 西北
2025-07-09 10:29:27 - ModbusReader - INFO - 風速: 0.7 m/s, 風級: 1, 風向角度: 347.2, 風向: 北北西
2025-07-09 10:29:28 - ModbusReader - INFO - 風速: 0.7 m/s, 風級: 1, 風向角度: 347.2, 風向: 北北西
2025-07-09 10:29:58 - ModbusReader - INFO - 風速: 0.4 m/s, 風級: 1, 風向角度: 25.9, 風向: 北北東
2025-07-09 10:29:59 - ModbusReader - INFO - 風速: 0.4 m/s, 風級: 1, 風向角度: 25.9, 風向: 北北東
2025-07-09 10:30:30 - ModbusReader - INFO - 風速: 1.1 m/s, 風級: 1, 風向角度: 224.2, 風向: 西南
2025-07-09 10:30:30 - ModbusReader - INFO - 風速: 1.1 m/s, 風級: 1, 風向角度: 224.2, 風向: 西南
2025-07-09 10:31:01 - ModbusReader - INFO - 風速: 1.4 m/s, 風級: 1, 風向角度: 15.8, 風向: 北北東
2025-07-09 10:31:01 - ModbusReader - INFO - 風速: 1.4 m/s, 風級: 1, 風向角度: 15.8, 風向: 北北東
2025-07-09 10:31:32 - ModbusReader - INFO - 風速: 1.9 m/s, 風級: 2, 風向角度: 349.5, 風向: 北
2025-07-09 10:31:33 - ModbusReader - INFO - 風速: 1.9 m/s, 風級: 2, 風向角度: 349.5, 風向: 北
2025-07-09 10:32:03 - ModbusReader - INFO - 風速: 1.6 m/s, 風級: 2, 風向角度: 289.8, 風向: 西北西
2025-07-09 10:32:04 - ModbusReader - INFO - 風速: 1.6 m/s, 風級: 2, 風向角度: 289.8, 風向: 西北西
2025-07-09 10:32:34 - ModbusReader - INFO - 風速: 1.0 m/s, 風級: 1, 風向角度: 126.3, 風向: 東南
2025-07-09 10:32:35 - ModbusReader - INFO - 風速: 1.0 m/s, 風級: 1, 風向角度: 126.3, 風向: 東南
2025-07-09 10:33:06 - ModbusReader - INFO - 風速: 1.9 m/s, 風級: 2, 風向角度: 308.7, 風向: 西北
2025-07-09 10:33:06 - ModbusReader - INFO - 風速: 1.9 m/s, 風級: 2, 風向角度: 308.7, 風向: 西北
2025-07-09 10:33:37 - ModbusReader - INFO - 風速: 1.4 m/s, 風級: 1, 風向角度: 29.7, 風向: 北北東
2025-07-09 10:33:37 - ModbusReader - INFO - 風速: 1.4 m/s, 風級: 1, 風向角度: 29.7, 風向: 北北東
2025-07-09 10:34:08 - ModbusReader - INFO - 風速: 1.4 m/s, 風級: 1, 風向角度: 305.2, 風向: 西北
2025-07-09 10:34:09 - ModbusReader - INFO - 風速: 1.4 m/s, 風級: 1, 風向角度: 305.2, 風向: 西北
2025-07-09 10:34:39 - ModbusReader - INFO - 風速: 1.1 m/s, 風級: 1, 風向角度: 275.3, 風向: 西
2025-07-09 10:34:40 - ModbusReader - INFO - 風速: 1.1 m/s, 風級: 1, 風向角度: 275.3, 風向: 西
2025-07-09 10:35:10 - ModbusReader - INFO - 風速: 0.9 m/s, 風級: 1, 風向角度: 347.6, 風向: 北北西
2025-07-09 10:35:11 - ModbusReader - INFO - 風速: 0.9 m/s, 風級: 1, 風向角度: 347.6, 風向: 北北西
2025-07-09 10:35:42 - ModbusReader - INFO - 風速: 0.7 m/s, 風級: 1, 風向角度: 26.0, 風向: 北北東
2025-07-09 10:35:42 - ModbusReader - INFO - 風速: 0.7 m/s, 風級: 1, 風向角度: 26.0, 風向: 北北東
2025-07-09 10:36:13 - ModbusReader - INFO - 風速: 0.9 m/s, 風級: 1, 風向角度: 333.4, 風向: 北北西
2025-07-09 10:36:13 - ModbusReader - INFO - 風速: 0.9 m/s, 風級: 1, 風向角度: 333.4, 風向: 北北西
2025-07-09 10:36:44 - ModbusReader - INFO - 風速: 1.1 m/s, 風級: 1, 風向角度: 281.7, 風向: 西北西
2025-07-09 10:36:45 - ModbusReader - INFO - 風速: 1.1 m/s, 風級: 1, 風向角度: 281.7, 風向: 西北西
2025-07-09 10:37:15 - ModbusReader - INFO - 風速: 1.2 m/s, 風級: 1, 風向角度: 292.5, 風向: 西北西
2025-07-09 10:37:16 - ModbusReader - INFO - 風速: 1.2 m/s, 風級: 1, 風向角度: 292.5, 風向: 西北西
2025-07-09 10:37:46 - ModbusReader - INFO - 風速: 1.1 m/s, 風級: 1, 風向角度: 114.1, 風向: 東南東
2025-07-09 10:37:47 - ModbusReader - INFO - 風速: 1.1 m/s, 風級: 1, 風向角度: 114.1, 風向: 東南東
2025-07-09 10:38:18 - ModbusReader - INFO - 風速: 1.4 m/s, 風級: 1, 風向角度: 68.6, 風向: 東北東
2025-07-09 10:38:18 - ModbusReader - INFO - 風速: 1.4 m/s, 風級: 1, 風向角度: 68.6, 風向: 東北東
2025-07-09 10:38:49 - ModbusReader - INFO - 風速: 2.2 m/s, 風級: 2, 風向角度: 296.4, 風向: 西北西
2025-07-09 10:38:49 - ModbusReader - INFO - 風速: 2.2 m/s, 風級: 2, 風向角度: 296.4, 風向: 西北西
2025-07-09 10:39:20 - ModbusReader - INFO - 風速: 1.2 m/s, 風級: 1, 風向角度: 253.7, 風向: 西南西
2025-07-09 10:39:21 - ModbusReader - INFO - 風速: 1.2 m/s, 風級: 1, 風向角度: 253.7, 風向: 西南西
2025-07-09 10:39:51 - ModbusReader - INFO - 風速: 1.5 m/s, 風級: 1, 風向角度: 59.4, 風向: 東北東
2025-07-09 10:39:52 - ModbusReader - INFO - 風速: 1.5 m/s, 風級: 1, 風向角度: 59.4, 風向: 東北東
2025-07-09 10:40:22 - ModbusReader - INFO - 風速: 1.0 m/s, 風級: 1, 風向角度: 70.0, 風向: 東北東
2025-07-09 10:40:23 - ModbusReader - INFO - 風速: 1.0 m/s, 風級: 1, 風向角度: 70.0, 風向: 東北東
2025-07-09 10:40:54 - ModbusReader - INFO - 風速: 0.9 m/s, 風級: 1, 風向角度: 296.4, 風向: 西北西
2025-07-09 10:40:54 - ModbusReader - INFO - 風速: 0.9 m/s, 風級: 1, 風向角度: 296.4, 風向: 西北西
2025-07-09 10:41:25 - ModbusReader - INFO - 風速: 1.1 m/s, 風級: 1, 風向角度: 227.8, 風向: 西南
2025-07-09 10:41:25 - ModbusReader - INFO - 風速: 1.1 m/s, 風級: 1, 風向角度: 227.8, 風向: 西南
2025-07-09 10:41:56 - ModbusReader - INFO - 風速: 0.6 m/s, 風級: 1, 風向角度: 241.7, 風向: 西南西
2025-07-09 10:41:57 - ModbusReader - INFO - 風速: 0.6 m/s, 風級: 1, 風向角度: 241.7, 風向: 西南西
2025-07-09 10:42:27 - ModbusReader - INFO - 風速: 0.9 m/s, 風級: 1, 風向角度: 154.8, 風向: 南南東
2025-07-09 10:42:28 - ModbusReader - INFO - 風速: 0.9 m/s, 風級: 1, 風向角度: 154.8, 風向: 南南東
2025-07-09 10:42:58 - ModbusReader - INFO - 風速: 0.6 m/s, 風級: 1, 風向角度: 311.4, 風向: 西北
2025-07-09 10:42:59 - ModbusReader - INFO - 風速: 0.6 m/s, 風級: 1, 風向角度: 311.4, 風向: 西北
2025-07-09 10:43:30 - ModbusReader - INFO - 風速: 0.9 m/s, 風級: 1, 風向角度: 296.0, 風向: 西北西
2025-07-09 10:43:30 - ModbusReader - INFO - 風速: 0.9 m/s, 風級: 1, 風向角度: 296.0, 風向: 西北西
2025-07-09 10:44:01 - ModbusReader - INFO - 風速: 0.7 m/s, 風級: 1, 風向角度: 252.0, 風向: 西南西
2025-07-09 10:44:01 - ModbusReader - INFO - 風速: 0.7 m/s, 風級: 1, 風向角度: 252.0, 風向: 西南西
2025-07-09 10:44:32 - ModbusReader - INFO - 風速: 0.6 m/s, 風級: 1, 風向角度: 158.6, 風向: 南南東
2025-07-09 10:44:33 - ModbusReader - INFO - 風速: 0.6 m/s, 風級: 1, 風向角度: 158.6, 風向: 南南東
2025-07-09 10:45:03 - ModbusReader - INFO - 風速: 1.4 m/s, 風級: 1, 風向角度: 176.9, 風向: 南
2025-07-09 10:45:04 - ModbusReader - INFO - 風速: 1.4 m/s, 風級: 1, 風向角度: 176.9, 風向: 南
2025-07-09 10:45:34 - ModbusReader - INFO - 風速: 1.0 m/s, 風級: 1, 風向角度: 314.8, 風向: 西北
2025-07-09 10:45:35 - ModbusReader - INFO - 風速: 1.0 m/s, 風級: 1, 風向角度: 314.8, 風向: 西北
2025-07-09 10:46:06 - ModbusReader - INFO - 風速: 1.1 m/s, 風級: 1, 風向角度: 304.8, 風向: 西北
2025-07-09 10:46:06 - ModbusReader - INFO - 風速: 1.1 m/s, 風級: 1, 風向角度: 304.8, 風向: 西北
2025-07-09 10:46:37 - ModbusReader - INFO - 風速: 1.5 m/s, 風級: 1, 風向角度: 283.3, 風向: 西北西
2025-07-09 10:46:37 - ModbusReader - INFO - 風速: 1.5 m/s, 風級: 1, 風向角度: 283.3, 風向: 西北西
2025-07-09 10:47:08 - ModbusReader - INFO - 風速: 0.9 m/s, 風級: 1, 風向角度: 249.7, 風向: 西南西
2025-07-09 10:47:09 - ModbusReader - INFO - 風速: 0.9 m/s, 風級: 1, 風向角度: 249.7, 風向: 西南西
2025-07-09 10:47:39 - ModbusReader - INFO - 風速: 1.4 m/s, 風級: 1, 風向角度: 279.9, 風向: 西
2025-07-09 10:47:40 - ModbusReader - INFO - 風速: 1.4 m/s, 風級: 1, 風向角度: 279.9, 風向: 西
2025-07-09 10:48:10 - ModbusReader - INFO - 風速: 2.0 m/s, 風級: 2, 風向角度: 262.7, 風向: 西
2025-07-09 10:48:11 - ModbusReader - INFO - 風速: 2.0 m/s, 風級: 2, 風向角度: 262.7, 風向: 西
2025-07-09 10:48:42 - ModbusReader - INFO - 風速: 1.3 m/s, 風級: 1, 風向角度: 292.6, 風向: 西北西
2025-07-09 10:48:42 - ModbusReader - INFO - 風速: 1.3 m/s, 風級: 1, 風向角度: 292.6, 風向: 西北西
2025-07-09 10:49:13 - ModbusReader - INFO - 風速: 1.6 m/s, 風級: 2, 風向角度: 316.3, 風向: 西北
2025-07-09 10:49:13 - ModbusReader - INFO - 風速: 1.6 m/s, 風級: 2, 風向角度: 316.3, 風向: 西北
2025-07-09 10:49:44 - ModbusReader - INFO - 風速: 1.0 m/s, 風級: 1, 風向角度: 6.5, 風向: 北
2025-07-09 10:49:45 - ModbusReader - INFO - 風速: 1.0 m/s, 風級: 1, 風向角度: 6.5, 風向: 北
2025-07-09 10:50:15 - ModbusReader - INFO - 風速: 0.9 m/s, 風級: 1, 風向角度: 272.2, 風向: 西
2025-07-09 10:50:16 - ModbusReader - INFO - 風速: 0.9 m/s, 風級: 1, 風向角度: 272.2, 風向: 西
2025-07-09 10:50:46 - ModbusReader - INFO - 風速: 1.6 m/s, 風級: 2, 風向角度: 345.8, 風向: 北北西
2025-07-09 10:50:47 - ModbusReader - INFO - 風速: 1.6 m/s, 風級: 2, 風向角度: 345.8, 風向: 北北西
2025-07-09 10:51:18 - ModbusReader - INFO - 風速: 1.6 m/s, 風級: 2, 風向角度: 312.9, 風向: 西北
2025-07-09 10:51:18 - ModbusReader - INFO - 風速: 1.6 m/s, 風級: 2, 風向角度: 312.9, 風向: 西北
2025-07-09 10:51:49 - ModbusReader - INFO - 風速: 0.9 m/s, 風級: 1, 風向角度: 155.9, 風向: 南南東
2025-07-09 10:51:49 - ModbusReader - INFO - 風速: 0.9 m/s, 風級: 1, 風向角度: 155.9, 風向: 南南東
2025-07-09 10:52:20 - ModbusReader - INFO - 風速: 0.5 m/s, 風級: 1, 風向角度: 269.4, 風向: 西
2025-07-09 10:52:21 - ModbusReader - INFO - 風速: 0.7 m/s, 風級: 1, 風向角度: 307.1, 風向: 西北
2025-07-09 10:52:51 - ModbusReader - INFO - 風速: 1.2 m/s, 風級: 1, 風向角度: 221.4, 風向: 西南
2025-07-09 10:52:52 - ModbusReader - INFO - 風速: 1.2 m/s, 風級: 1, 風向角度: 221.4, 風向: 西南
2025-07-09 10:53:22 - ModbusReader - INFO - 風速: 0.7 m/s, 風級: 1, 風向角度: 302.9, 風向: 西北西
2025-07-09 10:53:23 - ModbusReader - INFO - 風速: 0.7 m/s, 風級: 1, 風向角度: 302.9, 風向: 西北西
2025-07-09 10:53:54 - ModbusReader - INFO - 風速: 0.5 m/s, 風級: 1, 風向角度: 195.7, 風向: 南南西
2025-07-09 10:53:54 - ModbusReader - INFO - 風速: 0.5 m/s, 風級: 1, 風向角度: 195.7, 風向: 南南西
2025-07-09 10:54:25 - ModbusReader - INFO - 風速: 0.6 m/s, 風級: 1, 風向角度: 232.4, 風向: 西南
2025-07-09 10:54:25 - ModbusReader - INFO - 風速: 0.6 m/s, 風級: 1, 風向角度: 232.4, 風向: 西南
2025-07-09 10:54:56 - ModbusReader - INFO - 風速: 1.0 m/s, 風級: 1, 風向角度: 266.7, 風向: 西
2025-07-09 10:54:57 - ModbusReader - INFO - 風速: 1.0 m/s, 風級: 1, 風向角度: 266.7, 風向: 西
2025-07-09 10:55:27 - ModbusReader - INFO - 風速: 2.0 m/s, 風級: 2, 風向角度: 274.8, 風向: 西
2025-07-09 10:55:28 - ModbusReader - INFO - 風速: 2.0 m/s, 風級: 2, 風向角度: 274.8, 風向: 西
2025-07-09 10:55:58 - ModbusReader - INFO - 風速: 1.1 m/s, 風級: 1, 風向角度: 124.9, 風向: 東南
2025-07-09 10:55:59 - ModbusReader - INFO - 風速: 1.1 m/s, 風級: 1, 風向角度: 124.9, 風向: 東南
2025-07-09 10:56:30 - ModbusReader - INFO - 風速: 0.5 m/s, 風級: 1, 風向角度: 270.4, 風向: 西
2025-07-09 10:56:30 - ModbusReader - INFO - 風速: 0.5 m/s, 風級: 1, 風向角度: 270.4, 風向: 西
2025-07-09 10:57:01 - ModbusReader - INFO - 風速: 0.1 m/s, 風級: 0, 風向角度: 234.2, 風向: 西南
2025-07-09 10:57:01 - ModbusReader - INFO - 風速: 0.1 m/s, 風級: 0, 風向角度: 234.2, 風向: 西南
2025-07-09 10:57:32 - ModbusReader - INFO - 風速: 1.6 m/s, 風級: 2, 風向角度: 281.3, 風向: 西北西
2025-07-09 10:57:33 - ModbusReader - INFO - 風速: 1.6 m/s, 風級: 2, 風向角度: 281.3, 風向: 西北西
2025-07-09 10:58:03 - ModbusReader - INFO - 風速: 0.8 m/s, 風級: 1, 風向角度: 351.2, 風向: 北
2025-07-09 10:58:04 - ModbusReader - INFO - 風速: 0.8 m/s, 風級: 1, 風向角度: 351.2, 風向: 北
2025-07-09 10:58:34 - ModbusReader - INFO - 風速: 1.2 m/s, 風級: 1, 風向角度: 111.1, 風向: 東南東
2025-07-09 10:58:35 - ModbusReader - INFO - 風速: 1.2 m/s, 風級: 1, 風向角度: 111.1, 風向: 東南東
2025-07-09 10:59:06 - ModbusReader - INFO - 風速: 1.5 m/s, 風級: 1, 風向角度: 271.5, 風向: 西
2025-07-09 10:59:06 - ModbusReader - INFO - 風速: 1.5 m/s, 風級: 1, 風向角度: 271.5, 風向: 西
2025-07-09 10:59:37 - ModbusReader - INFO - 風速: 0.9 m/s, 風級: 1, 風向角度: 316.1, 風向: 西北
2025-07-09 10:59:37 - ModbusReader - INFO - 風速: 0.8 m/s, 風級: 1, 風向角度: 271.7, 風向: 西
2025-07-09 11:00:08 - ModbusReader - INFO - 風速: 1.8 m/s, 風級: 2, 風向角度: 77.0, 風向: 東北東
2025-07-09 11:00:09 - ModbusReader - INFO - 風速: 1.8 m/s, 風級: 2, 風向角度: 77.0, 風向: 東北東
2025-07-09 11:00:39 - ModbusReader - INFO - 風速: 1.5 m/s, 風級: 1, 風向角度: 252.5, 風向: 西南西
2025-07-09 11:00:40 - ModbusReader - INFO - 風速: 1.5 m/s, 風級: 1, 風向角度: 252.5, 風向: 西南西
2025-07-09 11:01:10 - ModbusReader - INFO - 風速: 0.9 m/s, 風級: 1, 風向角度: 24.2, 風向: 北北東
2025-07-09 11:01:11 - ModbusReader - INFO - 風速: 0.9 m/s, 風級: 1, 風向角度: 24.2, 風向: 北北東
2025-07-09 11:01:42 - ModbusReader - INFO - 風速: 0.7 m/s, 風級: 1, 風向角度: 297.5, 風向: 西北西
2025-07-09 11:01:42 - ModbusReader - INFO - 風速: 0.7 m/s, 風級: 1, 風向角度: 297.5, 風向: 西北西
2025-07-09 11:02:13 - ModbusReader - INFO - 風速: 0.6 m/s, 風級: 1, 風向角度: 126.6, 風向: 東南
2025-07-09 11:02:13 - ModbusReader - INFO - 風速: 0.6 m/s, 風級: 1, 風向角度: 126.6, 風向: 東南
2025-07-09 11:02:44 - ModbusReader - INFO - 風速: 1.0 m/s, 風級: 1, 風向角度: 358.4, 風向: 北
2025-07-09 11:02:45 - ModbusReader - INFO - 風速: 1.0 m/s, 風級: 1, 風向角度: 358.4, 風向: 北
2025-07-09 11:03:15 - ModbusReader - INFO - 風速: 1.0 m/s, 風級: 1, 風向角度: 283.7, 風向: 西北西
2025-07-09 11:03:16 - ModbusReader - INFO - 風速: 1.0 m/s, 風級: 1, 風向角度: 283.7, 風向: 西北西
2025-07-09 11:03:46 - ModbusReader - INFO - 風速: 1.5 m/s, 風級: 1, 風向角度: 351.6, 風向: 北
2025-07-09 11:03:47 - ModbusReader - INFO - 風速: 1.5 m/s, 風級: 1, 風向角度: 351.6, 風向: 北
2025-07-09 11:04:18 - ModbusReader - INFO - 風速: 0.9 m/s, 風級: 1, 風向角度: 31.0, 風向: 北北東
2025-07-09 11:04:18 - ModbusReader - INFO - 風速: 0.9 m/s, 風級: 1, 風向角度: 31.0, 風向: 北北東
2025-07-09 11:04:49 - ModbusReader - INFO - 風速: 1.5 m/s, 風級: 1, 風向角度: 286.3, 風向: 西北西
2025-07-09 11:04:49 - ModbusReader - INFO - 風速: 1.5 m/s, 風級: 1, 風向角度: 286.3, 風向: 西北西
2025-07-09 11:05:20 - ModbusReader - INFO - 風速: 2.1 m/s, 風級: 2, 風向角度: 202.5, 風向: 南南西
2025-07-09 11:05:21 - ModbusReader - INFO - 風速: 2.1 m/s, 風級: 2, 風向角度: 202.5, 風向: 南南西
2025-07-09 11:05:51 - ModbusReader - INFO - 風速: 1.3 m/s, 風級: 1, 風向角度: 352.6, 風向: 北
2025-07-09 11:05:52 - ModbusReader - INFO - 風速: 1.3 m/s, 風級: 1, 風向角度: 352.6, 風向: 北
2025-07-09 11:06:22 - ModbusReader - INFO - 風速: 0.6 m/s, 風級: 1, 風向角度: 242.3, 風向: 西南西
2025-07-09 11:06:23 - ModbusReader - INFO - 風速: 0.6 m/s, 風級: 1, 風向角度: 242.3, 風向: 西南西
2025-07-09 11:06:54 - ModbusReader - INFO - 風速: 1.0 m/s, 風級: 1, 風向角度: 94.3, 風向: 東
2025-07-09 11:06:54 - ModbusReader - INFO - 風速: 0.8 m/s, 風級: 1, 風向角度: 35.1, 風向: 東北
2025-07-09 11:07:25 - ModbusReader - INFO - 風速: 0.9 m/s, 風級: 1, 風向角度: 24.6, 風向: 北北東
2025-07-09 11:07:25 - ModbusReader - INFO - 風速: 0.9 m/s, 風級: 1, 風向角度: 24.6, 風向: 北北東
2025-07-09 11:07:56 - ModbusReader - INFO - 風速: 0.8 m/s, 風級: 1, 風向角度: 71.4, 風向: 東北東
2025-07-09 11:07:57 - ModbusReader - INFO - 風速: 0.8 m/s, 風級: 1, 風向角度: 71.4, 風向: 東北東
2025-07-09 11:08:27 - ModbusReader - INFO - 風速: 0.6 m/s, 風級: 1, 風向角度: 188.4, 風向: 南
2025-07-09 11:08:28 - ModbusReader - INFO - 風速: 0.6 m/s, 風級: 1, 風向角度: 188.4, 風向: 南
2025-07-09 11:08:58 - ModbusReader - INFO - 風速: 1.7 m/s, 風級: 2, 風向角度: 42.8, 風向: 東北
2025-07-09 11:08:59 - ModbusReader - INFO - 風速: 1.7 m/s, 風級: 2, 風向角度: 42.8, 風向: 東北
2025-07-09 11:09:30 - ModbusReader - INFO - 風速: 0.7 m/s, 風級: 1, 風向角度: 56.0, 風向: 東北
2025-07-09 11:09:30 - ModbusReader - INFO - 風速: 0.7 m/s, 風級: 1, 風向角度: 56.0, 風向: 東北
2025-07-09 11:10:01 - ModbusReader - INFO - 風速: 1.2 m/s, 風級: 1, 風向角度: 170.0, 風向: 南
2025-07-09 11:10:01 - ModbusReader - INFO - 風速: 1.2 m/s, 風級: 1, 風向角度: 170.0, 風向: 南
2025-07-09 11:10:32 - ModbusReader - INFO - 風速: 1.3 m/s, 風級: 1, 風向角度: 174.3, 風向: 南
2025-07-09 11:10:33 - ModbusReader - INFO - 風速: 1.3 m/s, 風級: 1, 風向角度: 174.3, 風向: 南
2025-07-09 11:11:03 - ModbusReader - INFO - 風速: 0.7 m/s, 風級: 1, 風向角度: 200.9, 風向: 南南西
2025-07-09 11:11:04 - ModbusReader - INFO - 風速: 0.7 m/s, 風級: 1, 風向角度: 200.9, 風向: 南南西
2025-07-09 11:11:34 - ModbusReader - INFO - 風速: 0.7 m/s, 風級: 1, 風向角度: 303.1, 風向: 西北西
2025-07-09 11:11:35 - ModbusReader - INFO - 風速: 0.7 m/s, 風級: 1, 風向角度: 303.1, 風向: 西北西
2025-07-09 11:12:06 - ModbusReader - INFO - 風速: 1.2 m/s, 風級: 1, 風向角度: 310.9, 風向: 西北
2025-07-09 11:12:06 - ModbusReader - INFO - 風速: 1.2 m/s, 風級: 1, 風向角度: 310.9, 風向: 西北
2025-07-09 11:12:37 - ModbusReader - INFO - 風速: 0.8 m/s, 風級: 1, 風向角度: 227.1, 風向: 西南
2025-07-09 11:12:37 - ModbusReader - INFO - 風速: 0.8 m/s, 風級: 1, 風向角度: 227.1, 風向: 西南
2025-07-09 11:13:08 - ModbusReader - INFO - 風速: 1.6 m/s, 風級: 2, 風向角度: 311.3, 風向: 西北
2025-07-09 11:13:09 - ModbusReader - INFO - 風速: 1.6 m/s, 風級: 2, 風向角度: 311.3, 風向: 西北
2025-07-09 11:13:39 - ModbusReader - INFO - 風速: 1.5 m/s, 風級: 1, 風向角度: 333.7, 風向: 北北西
2025-07-09 11:13:40 - ModbusReader - INFO - 風速: 1.5 m/s, 風級: 1, 風向角度: 333.7, 風向: 北北西
2025-07-09 11:14:10 - ModbusReader - INFO - 風速: 1.6 m/s, 風級: 2, 風向角度: 51.8, 風向: 東北
2025-07-09 11:14:11 - ModbusReader - INFO - 風速: 1.6 m/s, 風級: 2, 風向角度: 313.0, 風向: 西北
2025-07-09 11:14:42 - ModbusReader - INFO - 風速: 0.8 m/s, 風級: 1, 風向角度: 295.9, 風向: 西北西
2025-07-09 11:14:42 - ModbusReader - INFO - 風速: 0.8 m/s, 風級: 1, 風向角度: 295.9, 風向: 西北西
2025-07-09 11:15:13 - ModbusReader - INFO - 風速: 2.0 m/s, 風級: 2, 風向角度: 321.6, 風向: 西北
2025-07-09 11:15:13 - ModbusReader - INFO - 風速: 2.0 m/s, 風級: 2, 風向角度: 321.6, 風向: 西北
2025-07-09 11:15:44 - ModbusReader - INFO - 風速: 1.2 m/s, 風級: 1, 風向角度: 7.8, 風向: 北
2025-07-09 11:15:45 - ModbusReader - INFO - 風速: 1.2 m/s, 風級: 1, 風向角度: 7.8, 風向: 北
2025-07-09 11:16:15 - ModbusReader - INFO - 風速: 1.3 m/s, 風級: 1, 風向角度: 175.1, 風向: 南
2025-07-09 11:16:16 - ModbusReader - INFO - 風速: 1.3 m/s, 風級: 1, 風向角度: 175.1, 風向: 南
2025-07-09 11:16:46 - ModbusReader - INFO - 風速: 0.9 m/s, 風級: 1, 風向角度: 332.4, 風向: 北北西
2025-07-09 11:16:47 - ModbusReader - INFO - 風速: 0.9 m/s, 風級: 1, 風向角度: 332.4, 風向: 北北西
2025-07-09 11:17:18 - ModbusReader - INFO - 風速: 0.6 m/s, 風級: 1, 風向角度: 91.5, 風向: 東
2025-07-09 11:17:18 - ModbusReader - INFO - 風速: 0.6 m/s, 風級: 1, 風向角度: 91.5, 風向: 東
2025-07-09 11:17:49 - ModbusReader - INFO - 風速: 0.5 m/s, 風級: 1, 風向角度: 37.5, 風向: 東北
2025-07-09 11:17:49 - ModbusReader - INFO - 風速: 0.5 m/s, 風級: 1, 風向角度: 37.5, 風向: 東北
2025-07-09 11:18:20 - ModbusReader - INFO - 風速: 0.6 m/s, 風級: 1, 風向角度: 323.8, 風向: 西北
2025-07-09 11:18:21 - ModbusReader - INFO - 風速: 0.6 m/s, 風級: 1, 風向角度: 323.8, 風向: 西北
2025-07-09 11:18:51 - ModbusReader - INFO - 風速: 0.9 m/s, 風級: 1, 風向角度: 343.7, 風向: 北北西
2025-07-09 11:18:52 - ModbusReader - INFO - 風速: 0.9 m/s, 風級: 1, 風向角度: 343.7, 風向: 北北西
2025-07-09 11:19:22 - ModbusReader - INFO - 風速: 0.7 m/s, 風級: 1, 風向角度: 322.9, 風向: 西北
2025-07-09 11:19:23 - ModbusReader - INFO - 風速: 0.7 m/s, 風級: 1, 風向角度: 322.9, 風向: 西北
2025-07-09 11:19:54 - ModbusReader - INFO - 風速: 0.0 m/s, 風級: 0, 風向角度: 235.6, 風向: 西南
2025-07-09 11:19:54 - ModbusReader - INFO - 風速: 0.0 m/s, 風級: 0, 風向角度: 235.6, 風向: 西南
2025-07-09 11:20:25 - ModbusReader - INFO - 風速: 1.5 m/s, 風級: 1, 風向角度: 287.5, 風向: 西北西
2025-07-09 11:20:25 - ModbusReader - INFO - 風速: 1.5 m/s, 風級: 1, 風向角度: 287.5, 風向: 西北西
2025-07-09 11:20:56 - ModbusReader - INFO - 風速: 1.2 m/s, 風級: 1, 風向角度: 202.5, 風向: 南南西
2025-07-09 11:20:57 - ModbusReader - INFO - 風速: 1.2 m/s, 風級: 1, 風向角度: 202.5, 風向: 南南西
2025-07-09 11:21:27 - ModbusReader - INFO - 風速: 1.6 m/s, 風級: 2, 風向角度: 219.0, 風向: 西南
2025-07-09 11:21:28 - ModbusReader - INFO - 風速: 1.7 m/s, 風級: 2, 風向角度: 173.9, 風向: 南
2025-07-09 11:21:58 - ModbusReader - INFO - 風速: 2.2 m/s, 風級: 2, 風向角度: 309.2, 風向: 西北
2025-07-09 11:21:59 - ModbusReader - INFO - 風速: 2.2 m/s, 風級: 2, 風向角度: 309.2, 風向: 西北
2025-07-09 11:22:30 - ModbusReader - INFO - 風速: 1.3 m/s, 風級: 1, 風向角度: 192.5, 風向: 南南西
2025-07-09 11:22:30 - ModbusReader - INFO - 風速: 1.3 m/s, 風級: 1, 風向角度: 192.5, 風向: 南南西
2025-07-09 11:23:01 - ModbusReader - INFO - 風速: 0.7 m/s, 風級: 1, 風向角度: 266.6, 風向: 西
2025-07-09 11:23:01 - ModbusReader - INFO - 風速: 0.7 m/s, 風級: 1, 風向角度: 266.6, 風向: 西
2025-07-09 11:23:32 - ModbusReader - INFO - 風速: 0.6 m/s, 風級: 1, 風向角度: 270.2, 風向: 西
2025-07-09 11:23:33 - ModbusReader - INFO - 風速: 0.6 m/s, 風級: 1, 風向角度: 270.2, 風向: 西
2025-07-09 11:24:03 - ModbusReader - INFO - 風速: 0.9 m/s, 風級: 1, 風向角度: 232.0, 風向: 西南
2025-07-09 11:24:04 - ModbusReader - INFO - 風速: 0.9 m/s, 風級: 1, 風向角度: 232.0, 風向: 西南
2025-07-09 11:24:34 - ModbusReader - INFO - 風速: 1.2 m/s, 風級: 1, 風向角度: 253.3, 風向: 西南西
2025-07-09 11:24:35 - ModbusReader - INFO - 風速: 1.2 m/s, 風級: 1, 風向角度: 253.3, 風向: 西南西
2025-07-09 11:25:06 - ModbusReader - INFO - 風速: 1.1 m/s, 風級: 1, 風向角度: 254.5, 風向: 西南西
2025-07-09 11:25:06 - ModbusReader - INFO - 風速: 1.1 m/s, 風級: 1, 風向角度: 254.5, 風向: 西南西
2025-07-09 11:25:37 - ModbusReader - INFO - 風速: 0.5 m/s, 風級: 1, 風向角度: 172.7, 風向: 南
2025-07-09 11:25:37 - ModbusReader - INFO - 風速: 0.5 m/s, 風級: 1, 風向角度: 172.7, 風向: 南
2025-07-09 11:26:08 - ModbusReader - INFO - 風速: 1.1 m/s, 風級: 1, 風向角度: 293.4, 風向: 西北西
2025-07-09 11:26:09 - ModbusReader - INFO - 風速: 1.1 m/s, 風級: 1, 風向角度: 293.4, 風向: 西北西
2025-07-09 11:26:39 - ModbusReader - INFO - 風速: 1.4 m/s, 風級: 1, 風向角度: 249.1, 風向: 西南西
2025-07-09 11:26:40 - ModbusReader - INFO - 風速: 1.4 m/s, 風級: 1, 風向角度: 249.1, 風向: 西南西
2025-07-09 11:27:10 - ModbusReader - INFO - 風速: 1.4 m/s, 風級: 1, 風向角度: 243.6, 風向: 西南西
2025-07-09 11:27:11 - ModbusReader - INFO - 風速: 1.4 m/s, 風級: 1, 風向角度: 243.6, 風向: 西南西
2025-07-09 11:27:42 - ModbusReader - INFO - 風速: 1.2 m/s, 風級: 1, 風向角度: 293.2, 風向: 西北西
2025-07-09 11:27:42 - ModbusReader - INFO - 風速: 1.2 m/s, 風級: 1, 風向角度: 293.2, 風向: 西北西
2025-07-09 11:28:13 - ModbusReader - INFO - 風速: 1.2 m/s, 風級: 1, 風向角度: 9.5, 風向: 北
2025-07-09 11:28:13 - ModbusReader - INFO - 風速: 1.2 m/s, 風級: 1, 風向角度: 9.5, 風向: 北
2025-07-09 11:28:44 - ModbusReader - INFO - 風速: 1.4 m/s, 風級: 1, 風向角度: 297.3, 風向: 西北西
2025-07-09 11:28:45 - ModbusReader - INFO - 風速: 1.3 m/s, 風級: 1, 風向角度: 27.8, 風向: 北北東
2025-07-09 11:29:15 - ModbusReader - INFO - 風速: 0.7 m/s, 風級: 1, 風向角度: 280.4, 風向: 西
2025-07-09 11:29:16 - ModbusReader - INFO - 風速: 0.7 m/s, 風級: 1, 風向角度: 280.4, 風向: 西
2025-07-09 11:29:46 - ModbusReader - INFO - 風速: 0.9 m/s, 風級: 1, 風向角度: 1.8, 風向: 北
2025-07-09 11:29:47 - ModbusReader - INFO - 風速: 0.9 m/s, 風級: 1, 風向角度: 1.8, 風向: 北
2025-07-09 11:30:18 - ModbusReader - INFO - 風速: 1.3 m/s, 風級: 1, 風向角度: 313.9, 風向: 西北
2025-07-09 11:30:18 - ModbusReader - INFO - 風速: 1.3 m/s, 風級: 1, 風向角度: 313.9, 風向: 西北
2025-07-09 11:30:49 - ModbusReader - INFO - 風速: 0.9 m/s, 風級: 1, 風向角度: 336.6, 風向: 北北西
2025-07-09 11:30:49 - ModbusReader - INFO - 風速: 0.9 m/s, 風級: 1, 風向角度: 336.6, 風向: 北北西
2025-07-09 11:31:20 - ModbusReader - INFO - 風速: 1.0 m/s, 風級: 1, 風向角度: 308.0, 風向: 西北
2025-07-09 11:31:21 - ModbusReader - INFO - 風速: 1.0 m/s, 風級: 1, 風向角度: 308.0, 風向: 西北
2025-07-09 11:31:51 - ModbusReader - INFO - 風速: 1.5 m/s, 風級: 1, 風向角度: 29.5, 風向: 北北東
2025-07-09 11:31:52 - ModbusReader - INFO - 風速: 1.5 m/s, 風級: 1, 風向角度: 29.5, 風向: 北北東
2025-07-09 11:32:22 - ModbusReader - INFO - 風速: 0.5 m/s, 風級: 1, 風向角度: 335.1, 風向: 北北西
2025-07-09 11:32:23 - ModbusReader - INFO - 風速: 0.5 m/s, 風級: 1, 風向角度: 335.1, 風向: 北北西
2025-07-09 11:32:54 - ModbusReader - INFO - 風速: 0.9 m/s, 風級: 1, 風向角度: 196.0, 風向: 南南西
2025-07-09 11:32:54 - ModbusReader - INFO - 風速: 0.9 m/s, 風級: 1, 風向角度: 196.0, 風向: 南南西
2025-07-09 11:33:25 - ModbusReader - INFO - 風速: 1.3 m/s, 風級: 1, 風向角度: 312.5, 風向: 西北
2025-07-09 11:33:25 - ModbusReader - INFO - 風速: 1.3 m/s, 風級: 1, 風向角度: 312.5, 風向: 西北
2025-07-09 11:33:56 - ModbusReader - INFO - 風速: 1.4 m/s, 風級: 1, 風向角度: 32.9, 風向: 北北東
2025-07-09 11:33:57 - ModbusReader - INFO - 風速: 1.4 m/s, 風級: 1, 風向角度: 32.9, 風向: 北北東
2025-07-09 11:34:27 - ModbusReader - INFO - 風速: 1.6 m/s, 風級: 2, 風向角度: 43.3, 風向: 東北
2025-07-09 11:34:28 - ModbusReader - INFO - 風速: 1.6 m/s, 風級: 2, 風向角度: 43.3, 風向: 東北
2025-07-09 11:34:58 - ModbusReader - INFO - 風速: 1.8 m/s, 風級: 2, 風向角度: 335.4, 風向: 北北西
2025-07-09 11:34:59 - ModbusReader - INFO - 風速: 1.8 m/s, 風級: 2, 風向角度: 335.4, 風向: 北北西
2025-07-09 11:35:30 - ModbusReader - INFO - 風速: 1.0 m/s, 風級: 1, 風向角度: 244.5, 風向: 西南西
2025-07-09 11:35:30 - ModbusReader - INFO - 風速: 1.0 m/s, 風級: 1, 風向角度: 244.5, 風向: 西南西
2025-07-09 11:36:01 - ModbusReader - INFO - 風速: 0.5 m/s, 風級: 1, 風向角度: 324.5, 風向: 西北
2025-07-09 11:36:01 - ModbusReader - INFO - 風速: 0.4 m/s, 風級: 1, 風向角度: 23.0, 風向: 北北東
2025-07-09 11:36:32 - ModbusReader - INFO - 風速: 1.0 m/s, 風級: 1, 風向角度: 327.9, 風向: 北北西
2025-07-09 11:36:33 - ModbusReader - INFO - 風速: 1.0 m/s, 風級: 1, 風向角度: 327.9, 風向: 北北西
2025-07-09 11:37:03 - ModbusReader - INFO - 風速: 0.5 m/s, 風級: 1, 風向角度: 102.6, 風向: 東南東
2025-07-09 11:37:04 - ModbusReader - INFO - 風速: 0.5 m/s, 風級: 1, 風向角度: 102.6, 風向: 東南東
2025-07-09 11:37:34 - ModbusReader - INFO - 風速: 0.8 m/s, 風級: 1, 風向角度: 249.0, 風向: 西南西
2025-07-09 11:37:35 - ModbusReader - INFO - 風速: 0.8 m/s, 風級: 1, 風向角度: 249.0, 風向: 西南西
2025-07-09 11:38:06 - ModbusReader - INFO - 風速: 1.0 m/s, 風級: 1, 風向角度: 319.3, 風向: 西北
2025-07-09 11:38:06 - ModbusReader - INFO - 風速: 1.0 m/s, 風級: 1, 風向角度: 319.3, 風向: 西北
2025-07-09 11:38:37 - ModbusReader - INFO - 風速: 1.0 m/s, 風級: 1, 風向角度: 270.0, 風向: 西
2025-07-09 11:38:37 - ModbusReader - INFO - 風速: 1.0 m/s, 風級: 1, 風向角度: 270.0, 風向: 西
2025-07-09 11:39:08 - ModbusReader - INFO - 風速: 1.3 m/s, 風級: 1, 風向角度: 310.2, 風向: 西北
2025-07-09 11:39:09 - ModbusReader - INFO - 風速: 1.3 m/s, 風級: 1, 風向角度: 310.2, 風向: 西北
2025-07-09 11:39:39 - ModbusReader - INFO - 風速: 1.7 m/s, 風級: 2, 風向角度: 318.6, 風向: 西北
2025-07-09 11:39:40 - ModbusReader - INFO - 風速: 1.7 m/s, 風級: 2, 風向角度: 318.6, 風向: 西北
2025-07-09 11:40:10 - ModbusReader - INFO - 風速: 1.6 m/s, 風級: 2, 風向角度: 308.4, 風向: 西北
2025-07-09 11:40:11 - ModbusReader - INFO - 風速: 1.6 m/s, 風級: 2, 風向角度: 308.4, 風向: 西北
2025-07-09 11:40:42 - ModbusReader - INFO - 風速: 1.0 m/s, 風級: 1, 風向角度: 283.6, 風向: 西北西
2025-07-09 11:40:42 - ModbusReader - INFO - 風速: 1.0 m/s, 風級: 1, 風向角度: 283.6, 風向: 西北西
2025-07-09 11:41:13 - ModbusReader - INFO - 風速: 1.7 m/s, 風級: 2, 風向角度: 291.6, 風向: 西北西
2025-07-09 11:41:13 - ModbusReader - INFO - 風速: 1.7 m/s, 風級: 2, 風向角度: 291.6, 風向: 西北西
2025-07-09 11:41:44 - ModbusReader - INFO - 風速: 1.2 m/s, 風級: 1, 風向角度: 114.2, 風向: 東南東
2025-07-09 11:41:45 - ModbusReader - INFO - 風速: 1.2 m/s, 風級: 1, 風向角度: 114.2, 風向: 東南東
2025-07-09 11:42:15 - ModbusReader - INFO - 風速: 1.6 m/s, 風級: 2, 風向角度: 283.3, 風向: 西北西
2025-07-09 11:42:16 - ModbusReader - INFO - 風速: 1.6 m/s, 風級: 2, 風向角度: 283.3, 風向: 西北西
2025-07-09 11:42:46 - ModbusReader - INFO - 風速: 1.9 m/s, 風級: 2, 風向角度: 318.5, 風向: 西北
2025-07-09 11:42:47 - ModbusReader - INFO - 風速: 1.9 m/s, 風級: 2, 風向角度: 318.5, 風向: 西北
2025-07-09 11:43:18 - ModbusReader - INFO - 風速: 0.7 m/s, 風級: 1, 風向角度: 149.8, 風向: 南南東
2025-07-09 11:43:18 - ModbusReader - INFO - 風速: 0.6 m/s, 風級: 1, 風向角度: 286.8, 風向: 西北西
2025-07-09 11:43:49 - ModbusReader - INFO - 風速: 0.0 m/s, 風級: 0, 風向角度: 288.7, 風向: 西北西
2025-07-09 11:43:49 - ModbusReader - INFO - 風速: 0.0 m/s, 風級: 0, 風向角度: 288.7, 風向: 西北西
2025-07-09 11:44:20 - ModbusReader - INFO - 風速: 0.0 m/s, 風級: 0, 風向角度: 96.1, 風向: 東
2025-07-09 11:44:21 - ModbusReader - INFO - 風速: 0.0 m/s, 風級: 0, 風向角度: 96.1, 風向: 東
2025-07-09 11:44:51 - ModbusReader - INFO - 風速: 0.0 m/s, 風級: 0, 風向角度: 147.3, 風向: 南南東
2025-07-09 11:44:52 - ModbusReader - INFO - 風速: 0.0 m/s, 風級: 0, 風向角度: 147.3, 風向: 南南東
2025-07-09 11:45:22 - ModbusReader - INFO - 風速: 1.2 m/s, 風級: 1, 風向角度: 282.8, 風向: 西北西
2025-07-09 11:45:23 - ModbusReader - INFO - 風速: 1.2 m/s, 風級: 1, 風向角度: 282.8, 風向: 西北西
2025-07-09 11:45:54 - ModbusReader - INFO - 風速: 1.4 m/s, 風級: 1, 風向角度: 307.9, 風向: 西北
2025-07-09 11:45:54 - ModbusReader - INFO - 風速: 1.4 m/s, 風級: 1, 風向角度: 307.9, 風向: 西北
2025-07-09 11:46:25 - ModbusReader - INFO - 風速: 1.2 m/s, 風級: 1, 風向角度: 312.7, 風向: 西北
2025-07-09 11:46:25 - ModbusReader - INFO - 風速: 1.2 m/s, 風級: 1, 風向角度: 312.7, 風向: 西北
2025-07-09 11:46:56 - ModbusReader - INFO - 風速: 1.1 m/s, 風級: 1, 風向角度: 278.1, 風向: 西
2025-07-09 11:46:57 - ModbusReader - INFO - 風速: 1.1 m/s, 風級: 1, 風向角度: 278.1, 風向: 西
2025-07-09 11:47:27 - ModbusReader - INFO - 風速: 1.8 m/s, 風級: 2, 風向角度: 293.3, 風向: 西北西
2025-07-09 11:47:28 - ModbusReader - INFO - 風速: 1.8 m/s, 風級: 2, 風向角度: 293.3, 風向: 西北西
2025-07-09 11:47:58 - ModbusReader - INFO - 風速: 2.1 m/s, 風級: 2, 風向角度: 297.3, 風向: 西北西
2025-07-09 11:47:59 - ModbusReader - INFO - 風速: 2.1 m/s, 風級: 2, 風向角度: 297.3, 風向: 西北西
2025-07-09 11:48:30 - ModbusReader - INFO - 風速: 1.1 m/s, 風級: 1, 風向角度: 3.4, 風向: 北
2025-07-09 11:48:30 - ModbusReader - INFO - 風速: 1.1 m/s, 風級: 1, 風向角度: 3.4, 風向: 北
2025-07-09 11:49:01 - ModbusReader - INFO - 風速: 0.9 m/s, 風級: 1, 風向角度: 268.7, 風向: 西
2025-07-09 11:49:01 - ModbusReader - INFO - 風速: 0.9 m/s, 風級: 1, 風向角度: 268.7, 風向: 西
2025-07-09 11:49:32 - ModbusReader - INFO - 風速: 0.6 m/s, 風級: 1, 風向角度: 335.7, 風向: 北北西
2025-07-09 11:49:33 - ModbusReader - INFO - 風速: 0.6 m/s, 風級: 1, 風向角度: 335.7, 風向: 北北西
2025-07-09 11:50:03 - ModbusReader - INFO - 風速: 0.7 m/s, 風級: 1, 風向角度: 237.0, 風向: 西南西
2025-07-09 11:50:04 - ModbusReader - INFO - 風速: 0.7 m/s, 風級: 1, 風向角度: 237.0, 風向: 西南西
2025-07-09 11:50:34 - ModbusReader - INFO - 風速: 1.0 m/s, 風級: 1, 風向角度: 334.2, 風向: 北北西
2025-07-09 11:50:35 - ModbusReader - INFO - 風速: 1.1 m/s, 風級: 1, 風向角度: 328.5, 風向: 北北西
2025-07-09 11:51:06 - ModbusReader - INFO - 風速: 1.7 m/s, 風級: 2, 風向角度: 306.2, 風向: 西北
2025-07-09 11:51:06 - ModbusReader - INFO - 風速: 1.7 m/s, 風級: 2, 風向角度: 306.2, 風向: 西北
2025-07-09 11:51:37 - ModbusReader - INFO - 風速: 1.3 m/s, 風級: 1, 風向角度: 198.5, 風向: 南南西
2025-07-09 11:51:37 - ModbusReader - INFO - 風速: 1.3 m/s, 風級: 1, 風向角度: 198.5, 風向: 南南西
2025-07-09 11:52:08 - ModbusReader - INFO - 風速: 1.3 m/s, 風級: 1, 風向角度: 213.6, 風向: 南南西
2025-07-09 11:52:09 - ModbusReader - INFO - 風速: 1.3 m/s, 風級: 1, 風向角度: 213.6, 風向: 南南西
2025-07-09 11:52:39 - ModbusReader - INFO - 風速: 1.7 m/s, 風級: 2, 風向角度: 21.9, 風向: 北北東
2025-07-09 11:52:40 - ModbusReader - INFO - 風速: 1.7 m/s, 風級: 2, 風向角度: 21.9, 風向: 北北東
2025-07-09 11:53:10 - ModbusReader - INFO - 風速: 1.2 m/s, 風級: 1, 風向角度: 291.7, 風向: 西北西
2025-07-09 11:53:11 - ModbusReader - INFO - 風速: 1.2 m/s, 風級: 1, 風向角度: 291.7, 風向: 西北西
2025-07-09 11:53:42 - ModbusReader - INFO - 風速: 0.6 m/s, 風級: 1, 風向角度: 162.9, 風向: 南南東
2025-07-09 11:53:42 - ModbusReader - INFO - 風速: 0.6 m/s, 風級: 1, 風向角度: 162.9, 風向: 南南東
2025-07-09 11:54:13 - ModbusReader - INFO - 風速: 0.0 m/s, 風級: 0, 風向角度: 38.7, 風向: 東北
2025-07-09 11:54:13 - ModbusReader - INFO - 風速: 0.0 m/s, 風級: 0, 風向角度: 38.7, 風向: 東北
2025-07-09 11:54:44 - ModbusReader - INFO - 風速: 0.0 m/s, 風級: 0, 風向角度: 352.8, 風向: 北
2025-07-09 11:54:45 - ModbusReader - INFO - 風速: 0.0 m/s, 風級: 0, 風向角度: 352.8, 風向: 北
2025-07-09 11:55:15 - ModbusReader - INFO - 風速: 0.0 m/s, 風級: 0, 風向角度: 316.6, 風向: 西北
2025-07-09 11:55:16 - ModbusReader - INFO - 風速: 0.0 m/s, 風級: 0, 風向角度: 316.6, 風向: 西北
2025-07-09 11:55:46 - ModbusReader - INFO - 風速: 0.0 m/s, 風級: 0, 風向角度: 105.0, 風向: 東南東
2025-07-09 11:55:47 - ModbusReader - INFO - 風速: 0.0 m/s, 風級: 0, 風向角度: 105.0, 風向: 東南東
2025-07-09 11:56:18 - ModbusReader - INFO - 風速: 0.0 m/s, 風級: 0, 風向角度: 338.5, 風向: 北北西
2025-07-09 11:56:18 - ModbusReader - INFO - 風速: 0.0 m/s, 風級: 0, 風向角度: 338.5, 風向: 北北西
2025-07-09 11:56:49 - ModbusReader - INFO - 風速: 0.0 m/s, 風級: 0, 風向角度: 21.3, 風向: 北北東
2025-07-09 11:56:49 - ModbusReader - INFO - 風速: 0.0 m/s, 風級: 0, 風向角度: 21.3, 風向: 北北東
2025-07-09 11:57:20 - ModbusReader - INFO - 風速: 0.5 m/s, 風級: 1, 風向角度: 86.8, 風向: 東
2025-07-09 11:57:20 - ModbusReader - INFO - 風速: 0.5 m/s, 風級: 1, 風向角度: 86.8, 風向: 東
2025-07-09 11:57:51 - ModbusReader - INFO - 風速: 0.6 m/s, 風級: 1, 風向角度: 306.8, 風向: 西北
2025-07-09 11:57:52 - ModbusReader - INFO - 風速: 1.0 m/s, 風級: 1, 風向角度: 300.5, 風向: 西北西
2025-07-09 11:58:22 - ModbusReader - INFO - 風速: 1.1 m/s, 風級: 1, 風向角度: 63.4, 風向: 東北東
2025-07-09 11:58:23 - ModbusReader - INFO - 風速: 1.1 m/s, 風級: 1, 風向角度: 63.4, 風向: 東北東
2025-07-09 11:58:54 - ModbusReader - INFO - 風速: 0.7 m/s, 風級: 1, 風向角度: 27.4, 風向: 北北東
2025-07-09 11:58:54 - ModbusReader - INFO - 風速: 0.7 m/s, 風級: 1, 風向角度: 27.4, 風向: 北北東
2025-07-09 11:59:25 - ModbusReader - INFO - 風速: 0.5 m/s, 風級: 1, 風向角度: 259.0, 風向: 西
2025-07-09 11:59:25 - ModbusReader - INFO - 風速: 0.5 m/s, 風級: 1, 風向角度: 259.0, 風向: 西
2025-07-09 11:59:56 - ModbusReader - INFO - 風速: 1.7 m/s, 風級: 2, 風向角度: 309.2, 風向: 西北
2025-07-09 11:59:57 - ModbusReader - INFO - 風速: 1.7 m/s, 風級: 2, 風向角度: 309.2, 風向: 西北
2025-07-09 12:00:27 - ModbusReader - INFO - 風速: 1.4 m/s, 風級: 1, 風向角度: 296.9, 風向: 西北西
2025-07-09 12:00:28 - ModbusReader - INFO - 風速: 1.4 m/s, 風級: 1, 風向角度: 296.9, 風向: 西北西
2025-07-09 12:00:58 - ModbusReader - INFO - 風速: 1.0 m/s, 風級: 1, 風向角度: 264.7, 風向: 西
2025-07-09 12:00:59 - ModbusReader - INFO - 風速: 1.0 m/s, 風級: 1, 風向角度: 264.7, 風向: 西
2025-07-09 12:01:29 - ModbusReader - INFO - 風速: 1.6 m/s, 風級: 2, 風向角度: 282.1, 風向: 西北西
2025-07-09 12:01:30 - ModbusReader - INFO - 風速: 1.6 m/s, 風級: 2, 風向角度: 282.1, 風向: 西北西
2025-07-09 12:02:01 - ModbusReader - INFO - 風速: 0.8 m/s, 風級: 1, 風向角度: 278.0, 風向: 西
2025-07-09 12:02:01 - ModbusReader - INFO - 風速: 0.8 m/s, 風級: 1, 風向角度: 278.0, 風向: 西
2025-07-09 12:02:32 - ModbusReader - INFO - 風速: 0.4 m/s, 風級: 1, 風向角度: 338.3, 風向: 北北西
2025-07-09 12:02:32 - ModbusReader - INFO - 風速: 0.4 m/s, 風級: 1, 風向角度: 338.3, 風向: 北北西
2025-07-09 12:03:03 - ModbusReader - INFO - 風速: 0.8 m/s, 風級: 1, 風向角度: 4.4, 風向: 北
2025-07-09 12:03:04 - ModbusReader - INFO - 風速: 0.8 m/s, 風級: 1, 風向角度: 4.4, 風向: 北
2025-07-09 12:03:34 - ModbusReader - INFO - 風速: 0.8 m/s, 風級: 1, 風向角度: 257.1, 風向: 西南西
2025-07-09 12:03:35 - ModbusReader - INFO - 風速: 0.8 m/s, 風級: 1, 風向角度: 257.1, 風向: 西南西
2025-07-09 12:04:05 - ModbusReader - INFO - 風速: 1.6 m/s, 風級: 2, 風向角度: 325.8, 風向: 西北
2025-07-09 12:04:06 - ModbusReader - INFO - 風速: 1.6 m/s, 風級: 2, 風向角度: 325.8, 風向: 西北
2025-07-09 12:04:37 - ModbusReader - INFO - 風速: 2.0 m/s, 風級: 2, 風向角度: 266.5, 風向: 西
2025-07-09 12:04:37 - ModbusReader - INFO - 風速: 2.0 m/s, 風級: 2, 風向角度: 266.5, 風向: 西
2025-07-09 12:05:08 - ModbusReader - INFO - 風速: 1.0 m/s, 風級: 1, 風向角度: 334.8, 風向: 北北西
2025-07-09 12:05:08 - ModbusReader - INFO - 風速: 1.4 m/s, 風級: 1, 風向角度: 247.6, 風向: 西南西
2025-07-09 12:05:39 - ModbusReader - INFO - 風速: 1.1 m/s, 風級: 1, 風向角度: 197.9, 風向: 南南西
2025-07-09 12:05:40 - ModbusReader - INFO - 風速: 1.1 m/s, 風級: 1, 風向角度: 197.9, 風向: 南南西
2025-07-09 12:06:10 - ModbusReader - INFO - 風速: 1.0 m/s, 風級: 1, 風向角度: 344.4, 風向: 北北西
2025-07-09 12:06:11 - ModbusReader - INFO - 風速: 1.0 m/s, 風級: 1, 風向角度: 344.4, 風向: 北北西
2025-07-09 12:06:41 - ModbusReader - INFO - 風速: 1.1 m/s, 風級: 1, 風向角度: 332.5, 風向: 北北西
2025-07-09 12:06:42 - ModbusReader - INFO - 風速: 1.1 m/s, 風級: 1, 風向角度: 332.5, 風向: 北北西
2025-07-09 12:07:13 - ModbusReader - INFO - 風速: 2.2 m/s, 風級: 2, 風向角度: 218.8, 風向: 西南
2025-07-09 12:07:13 - ModbusReader - INFO - 風速: 2.2 m/s, 風級: 2, 風向角度: 218.8, 風向: 西南
2025-07-09 12:07:44 - ModbusReader - INFO - 風速: 1.0 m/s, 風級: 1, 風向角度: 322.1, 風向: 西北
2025-07-09 12:07:44 - ModbusReader - INFO - 風速: 1.0 m/s, 風級: 1, 風向角度: 322.1, 風向: 西北
2025-07-09 12:08:15 - ModbusReader - INFO - 風速: 0.8 m/s, 風級: 1, 風向角度: 33.8, 風向: 東北
2025-07-09 12:08:16 - ModbusReader - INFO - 風速: 0.8 m/s, 風級: 1, 風向角度: 33.8, 風向: 東北
2025-07-09 12:08:46 - ModbusReader - INFO - 風速: 1.1 m/s, 風級: 1, 風向角度: 246.5, 風向: 西南西
2025-07-09 12:08:47 - ModbusReader - INFO - 風速: 1.1 m/s, 風級: 1, 風向角度: 246.5, 風向: 西南西
2025-07-09 12:09:17 - ModbusReader - INFO - 風速: 0.7 m/s, 風級: 1, 風向角度: 341.7, 風向: 北北西
2025-07-09 12:09:18 - ModbusReader - INFO - 風速: 0.7 m/s, 風級: 1, 風向角度: 341.7, 風向: 北北西
2025-07-09 12:09:49 - ModbusReader - INFO - 風速: 1.1 m/s, 風級: 1, 風向角度: 165.3, 風向: 南南東
2025-07-09 12:09:49 - ModbusReader - INFO - 風速: 1.1 m/s, 風級: 1, 風向角度: 165.3, 風向: 南南東
2025-07-09 12:10:20 - ModbusReader - INFO - 風速: 0.6 m/s, 風級: 1, 風向角度: 271.8, 風向: 西
2025-07-09 12:10:20 - ModbusReader - INFO - 風速: 0.6 m/s, 風級: 1, 風向角度: 271.8, 風向: 西
2025-07-09 12:10:51 - ModbusReader - INFO - 風速: 1.4 m/s, 風級: 1, 風向角度: 323.9, 風向: 西北
2025-07-09 12:10:52 - ModbusReader - INFO - 風速: 1.4 m/s, 風級: 1, 風向角度: 323.9, 風向: 西北
2025-07-09 12:11:22 - ModbusReader - INFO - 風速: 0.8 m/s, 風級: 1, 風向角度: 261.3, 風向: 西
2025-07-09 12:11:23 - ModbusReader - INFO - 風速: 0.8 m/s, 風級: 1, 風向角度: 261.3, 風向: 西
2025-07-09 12:11:53 - ModbusReader - INFO - 風速: 1.0 m/s, 風級: 1, 風向角度: 6.3, 風向: 北
2025-07-09 12:11:54 - ModbusReader - INFO - 風速: 1.0 m/s, 風級: 1, 風向角度: 6.3, 風向: 北
2025-07-09 12:12:25 - ModbusReader - INFO - 風速: 0.6 m/s, 風級: 1, 風向角度: 314.0, 風向: 西北
2025-07-09 12:12:25 - ModbusReader - INFO - 風速: 0.4 m/s, 風級: 1, 風向角度: 271.1, 風向: 西
2025-07-09 12:12:56 - ModbusReader - INFO - 風速: 0.0 m/s, 風級: 0, 風向角度: 34.4, 風向: 東北
2025-07-09 12:12:56 - ModbusReader - INFO - 風速: 0.0 m/s, 風級: 0, 風向角度: 34.4, 風向: 東北
2025-07-09 12:13:27 - ModbusReader - INFO - 風速: 0.9 m/s, 風級: 1, 風向角度: 328.1, 風向: 北北西
2025-07-09 12:13:28 - ModbusReader - INFO - 風速: 0.9 m/s, 風級: 1, 風向角度: 328.1, 風向: 北北西
2025-07-09 12:13:58 - ModbusReader - INFO - 風速: 0.0 m/s, 風級: 0, 風向角度: 239.3, 風向: 西南西
2025-07-09 12:13:59 - ModbusReader - INFO - 風速: 0.0 m/s, 風級: 0, 風向角度: 239.3, 風向: 西南西
2025-07-09 12:14:29 - ModbusReader - INFO - 風速: 0.0 m/s, 風級: 0, 風向角度: 351.8, 風向: 北
2025-07-09 12:14:30 - ModbusReader - INFO - 風速: 0.0 m/s, 風級: 0, 風向角度: 351.8, 風向: 北
2025-07-09 12:15:01 - ModbusReader - INFO - 風速: 0.0 m/s, 風級: 0, 風向角度: 84.4, 風向: 東
2025-07-09 12:15:01 - ModbusReader - INFO - 風速: 0.0 m/s, 風級: 0, 風向角度: 84.4, 風向: 東
2025-07-09 12:15:32 - ModbusReader - INFO - 風速: 0.0 m/s, 風級: 0, 風向角度: 320.5, 風向: 西北
2025-07-09 12:15:32 - ModbusReader - INFO - 風速: 0.0 m/s, 風級: 0, 風向角度: 320.5, 風向: 西北
2025-07-09 12:16:03 - ModbusReader - INFO - 風速: 0.0 m/s, 風級: 0, 風向角度: 270.0, 風向: 西
2025-07-09 12:16:04 - ModbusReader - INFO - 風速: 0.0 m/s, 風級: 0, 風向角度: 270.0, 風向: 西
2025-07-09 12:16:34 - ModbusReader - INFO - 風速: 0.0 m/s, 風級: 0, 風向角度: 80.6, 風向: 東
2025-07-09 12:16:35 - ModbusReader - INFO - 風速: 0.0 m/s, 風級: 0, 風向角度: 80.6, 風向: 東
2025-07-09 12:17:05 - ModbusReader - INFO - 風速: 0.0 m/s, 風級: 0, 風向角度: 77.1, 風向: 東北東
2025-07-09 12:17:06 - ModbusReader - INFO - 風速: 0.0 m/s, 風級: 0, 風向角度: 77.1, 風向: 東北東
2025-07-09 12:17:37 - ModbusReader - INFO - 風速: 0.6 m/s, 風級: 1, 風向角度: 131.0, 風向: 東南
2025-07-09 12:17:37 - ModbusReader - INFO - 風速: 0.6 m/s, 風級: 1, 風向角度: 131.0, 風向: 東南
2025-07-09 12:18:08 - ModbusReader - INFO - 風速: 1.6 m/s, 風級: 2, 風向角度: 9.1, 風向: 北
2025-07-09 12:18:08 - ModbusReader - INFO - 風速: 1.6 m/s, 風級: 2, 風向角度: 9.1, 風向: 北
2025-07-09 12:18:39 - ModbusReader - INFO - 風速: 1.3 m/s, 風級: 1, 風向角度: 332.8, 風向: 北北西
2025-07-09 12:18:40 - ModbusReader - INFO - 風速: 1.3 m/s, 風級: 1, 風向角度: 332.8, 風向: 北北西
2025-07-09 12:19:10 - ModbusReader - INFO - 風速: 1.5 m/s, 風級: 1, 風向角度: 47.3, 風向: 東北
2025-07-09 12:19:11 - ModbusReader - INFO - 風速: 1.5 m/s, 風級: 1, 風向角度: 47.3, 風向: 東北
2025-07-09 12:19:41 - ModbusReader - INFO - 風速: 0.7 m/s, 風級: 1, 風向角度: 275.8, 風向: 西
2025-07-09 12:19:42 - ModbusReader - INFO - 風速: 0.7 m/s, 風級: 1, 風向角度: 5.1, 風向: 北
2025-07-09 12:20:13 - ModbusReader - INFO - 風速: 1.0 m/s, 風級: 1, 風向角度: 281.9, 風向: 西北西
2025-07-09 12:20:13 - ModbusReader - INFO - 風速: 1.0 m/s, 風級: 1, 風向角度: 281.9, 風向: 西北西
2025-07-09 12:20:44 - ModbusReader - INFO - 風速: 0.8 m/s, 風級: 1, 風向角度: 303.4, 風向: 西北西
2025-07-09 12:20:44 - ModbusReader - INFO - 風速: 0.8 m/s, 風級: 1, 風向角度: 303.4, 風向: 西北西
2025-07-09 12:21:15 - ModbusReader - INFO - 風速: 1.0 m/s, 風級: 1, 風向角度: 262.2, 風向: 西
2025-07-09 12:21:16 - ModbusReader - INFO - 風速: 1.0 m/s, 風級: 1, 風向角度: 262.2, 風向: 西
2025-07-09 12:21:46 - ModbusReader - INFO - 風速: 1.5 m/s, 風級: 1, 風向角度: 261.3, 風向: 西
2025-07-09 12:21:47 - ModbusReader - INFO - 風速: 1.5 m/s, 風級: 1, 風向角度: 261.3, 風向: 西
2025-07-09 12:22:17 - ModbusReader - INFO - 風速: 0.7 m/s, 風級: 1, 風向角度: 13.7, 風向: 北北東
2025-07-09 12:22:18 - ModbusReader - INFO - 風速: 0.7 m/s, 風級: 1, 風向角度: 13.7, 風向: 北北東
2025-07-09 12:22:49 - ModbusReader - INFO - 風速: 0.6 m/s, 風級: 1, 風向角度: 97.7, 風向: 東
2025-07-09 12:22:49 - ModbusReader - INFO - 風速: 0.6 m/s, 風級: 1, 風向角度: 97.7, 風向: 東
2025-07-09 12:23:20 - ModbusReader - INFO - 風速: 0.0 m/s, 風級: 0, 風向角度: 105.4, 風向: 東南東
2025-07-09 12:23:20 - ModbusReader - INFO - 風速: 0.0 m/s, 風級: 0, 風向角度: 105.4, 風向: 東南東
2025-07-09 12:23:51 - ModbusReader - INFO - 風速: 0.0 m/s, 風級: 0, 風向角度: 332.1, 風向: 北北西
2025-07-09 12:23:52 - ModbusReader - INFO - 風速: 0.0 m/s, 風級: 0, 風向角度: 332.1, 風向: 北北西
2025-07-09 12:24:22 - ModbusReader - INFO - 風速: 0.7 m/s, 風級: 1, 風向角度: 150.8, 風向: 南南東
2025-07-09 12:24:23 - ModbusReader - INFO - 風速: 0.7 m/s, 風級: 1, 風向角度: 150.8, 風向: 南南東
2025-07-09 12:24:53 - ModbusReader - INFO - 風速: 1.3 m/s, 風級: 1, 風向角度: 265.4, 風向: 西
2025-07-09 12:24:54 - ModbusReader - INFO - 風速: 1.3 m/s, 風級: 1, 風向角度: 265.4, 風向: 西
2025-07-09 12:25:25 - ModbusReader - INFO - 風速: 0.7 m/s, 風級: 1, 風向角度: 301.2, 風向: 西北西
2025-07-09 12:25:25 - ModbusReader - INFO - 風速: 0.7 m/s, 風級: 1, 風向角度: 301.2, 風向: 西北西
2025-07-09 12:25:56 - ModbusReader - INFO - 風速: 0.5 m/s, 風級: 1, 風向角度: 218.1, 風向: 西南
2025-07-09 12:25:56 - ModbusReader - INFO - 風速: 0.5 m/s, 風級: 1, 風向角度: 218.1, 風向: 西南
2025-07-09 12:26:27 - ModbusReader - INFO - 風速: 0.0 m/s, 風級: 0, 風向角度: 119.5, 風向: 東南東
2025-07-09 12:26:28 - ModbusReader - INFO - 風速: 0.0 m/s, 風級: 0, 風向角度: 119.5, 風向: 東南東
2025-07-09 12:26:58 - ModbusReader - INFO - 風速: 0.4 m/s, 風級: 1, 風向角度: 270.6, 風向: 西
2025-07-09 12:26:59 - ModbusReader - INFO - 風速: 0.4 m/s, 風級: 1, 風向角度: 270.6, 風向: 西
2025-07-09 12:27:29 - ModbusReader - INFO - 風速: 0.0 m/s, 風級: 0, 風向角度: 336.2, 風向: 北北西
2025-07-09 12:27:30 - ModbusReader - INFO - 風速: 0.0 m/s, 風級: 0, 風向角度: 336.2, 風向: 北北西
2025-07-09 12:28:01 - ModbusReader - INFO - 風速: 0.4 m/s, 風級: 1, 風向角度: 353.5, 風向: 北
2025-07-09 12:28:01 - ModbusReader - INFO - 風速: 0.4 m/s, 風級: 1, 風向角度: 353.5, 風向: 北
2025-07-09 12:28:32 - ModbusReader - INFO - 風速: 0.5 m/s, 風級: 1, 風向角度: 353.5, 風向: 北
2025-07-09 12:28:32 - ModbusReader - INFO - 風速: 0.5 m/s, 風級: 1, 風向角度: 353.5, 風向: 北
2025-07-09 12:29:03 - ModbusReader - INFO - 風速: 0.0 m/s, 風級: 0, 風向角度: 31.2, 風向: 北北東
2025-07-09 12:29:04 - ModbusReader - INFO - 風速: 0.0 m/s, 風級: 0, 風向角度: 31.2, 風向: 北北東
2025-07-09 12:29:34 - ModbusReader - INFO - 風速: 0.4 m/s, 風級: 1, 風向角度: 71.1, 風向: 東北東
2025-07-09 12:29:35 - ModbusReader - INFO - 風速: 0.4 m/s, 風級: 1, 風向角度: 71.1, 風向: 東北東
2025-07-09 12:30:05 - ModbusReader - INFO - 風速: 0.3 m/s, 風級: 1, 風向角度: 264.4, 風向: 西
2025-07-09 12:30:06 - ModbusReader - INFO - 風速: 0.3 m/s, 風級: 1, 風向角度: 264.4, 風向: 西
2025-07-09 12:30:37 - ModbusReader - INFO - 風速: 0.0 m/s, 風級: 0, 風向角度: 124.3, 風向: 東南
2025-07-09 12:30:37 - ModbusReader - INFO - 風速: 0.0 m/s, 風級: 0, 風向角度: 124.3, 風向: 東南
2025-07-09 12:31:08 - ModbusReader - INFO - 風速: 0.5 m/s, 風級: 1, 風向角度: 91.5, 風向: 東
2025-07-09 12:31:08 - ModbusReader - INFO - 風速: 0.5 m/s, 風級: 1, 風向角度: 91.5, 風向: 東
2025-07-09 12:31:39 - ModbusReader - INFO - 風速: 0.5 m/s, 風級: 1, 風向角度: 257.7, 風向: 西南西
2025-07-09 12:31:40 - ModbusReader - INFO - 風速: 0.5 m/s, 風級: 1, 風向角度: 257.7, 風向: 西南西
2025-07-09 12:32:10 - ModbusReader - INFO - 風速: 0.5 m/s, 風級: 1, 風向角度: 327.1, 風向: 北北西
2025-07-09 12:32:11 - ModbusReader - INFO - 風速: 0.5 m/s, 風級: 1, 風向角度: 327.1, 風向: 北北西
2025-07-09 12:32:41 - ModbusReader - INFO - 風速: 0.5 m/s, 風級: 1, 風向角度: 314.6, 風向: 西北
2025-07-09 12:32:42 - ModbusReader - INFO - 風速: 0.5 m/s, 風級: 1, 風向角度: 314.6, 風向: 西北
2025-07-09 12:33:13 - ModbusReader - INFO - 風速: 0.0 m/s, 風級: 0, 風向角度: 244.4, 風向: 西南西
2025-07-09 12:33:13 - ModbusReader - INFO - 風速: 0.0 m/s, 風級: 0, 風向角度: 244.4, 風向: 西南西
2025-07-09 12:33:44 - ModbusReader - INFO - 風速: 0.0 m/s, 風級: 0, 風向角度: 101.0, 風向: 東
2025-07-09 12:33:44 - ModbusReader - INFO - 風速: 0.0 m/s, 風級: 0, 風向角度: 101.0, 風向: 東
2025-07-09 12:34:15 - ModbusReader - INFO - 風速: 0.0 m/s, 風級: 0, 風向角度: 255.9, 風向: 西南西
2025-07-09 12:34:16 - ModbusReader - INFO - 風速: 0.0 m/s, 風級: 0, 風向角度: 255.9, 風向: 西南西
2025-07-09 12:34:46 - ModbusReader - INFO - 風速: 0.0 m/s, 風級: 0, 風向角度: 230.8, 風向: 西南
2025-07-09 12:34:47 - ModbusReader - INFO - 風速: 0.0 m/s, 風級: 0, 風向角度: 230.8, 風向: 西南
2025-07-09 12:35:17 - ModbusReader - INFO - 風速: 0.0 m/s, 風級: 0, 風向角度: 111.2, 風向: 東南東
2025-07-09 12:35:18 - ModbusReader - INFO - 風速: 0.0 m/s, 風級: 0, 風向角度: 111.2, 風向: 東南東
2025-07-09 12:35:49 - ModbusReader - INFO - 風速: 0.4 m/s, 風級: 1, 風向角度: 199.8, 風向: 南南西
2025-07-09 12:35:49 - ModbusReader - INFO - 風速: 0.4 m/s, 風級: 1, 風向角度: 199.8, 風向: 南南西
2025-07-09 12:36:20 - ModbusReader - INFO - 風速: 1.4 m/s, 風級: 1, 風向角度: 271.3, 風向: 西
2025-07-09 12:36:20 - ModbusReader - INFO - 風速: 1.4 m/s, 風級: 1, 風向角度: 271.3, 風向: 西
2025-07-09 12:36:51 - ModbusReader - INFO - 風速: 1.5 m/s, 風級: 1, 風向角度: 268.1, 風向: 西
2025-07-09 12:36:52 - ModbusReader - INFO - 風速: 1.5 m/s, 風級: 1, 風向角度: 268.1, 風向: 西
2025-07-09 12:37:22 - ModbusReader - INFO - 風速: 0.7 m/s, 風級: 1, 風向角度: 344.5, 風向: 北北西
2025-07-09 12:37:23 - ModbusReader - INFO - 風速: 0.7 m/s, 風級: 1, 風向角度: 344.5, 風向: 北北西
2025-07-09 12:37:53 - ModbusReader - INFO - 風速: 1.1 m/s, 風級: 1, 風向角度: 228.7, 風向: 西南
2025-07-09 12:37:54 - ModbusReader - INFO - 風速: 1.1 m/s, 風級: 1, 風向角度: 228.7, 風向: 西南
2025-07-09 12:38:25 - ModbusReader - INFO - 風速: 0.8 m/s, 風級: 1, 風向角度: 237.1, 風向: 西南西
2025-07-09 12:38:25 - ModbusReader - INFO - 風速: 0.8 m/s, 風級: 1, 風向角度: 237.1, 風向: 西南西
2025-07-09 12:38:56 - ModbusReader - INFO - 風速: 0.0 m/s, 風級: 0, 風向角度: 120.8, 風向: 東南東
2025-07-09 12:38:56 - ModbusReader - INFO - 風速: 0.0 m/s, 風級: 0, 風向角度: 120.8, 風向: 東南東
2025-07-09 12:39:27 - ModbusReader - INFO - 風速: 0.0 m/s, 風級: 0, 風向角度: 300.6, 風向: 西北西
2025-07-09 12:39:28 - ModbusReader - INFO - 風速: 0.0 m/s, 風級: 0, 風向角度: 300.6, 風向: 西北西
2025-07-09 12:39:58 - ModbusReader - INFO - 風速: 0.0 m/s, 風級: 0, 風向角度: 256.8, 風向: 西南西
2025-07-09 12:39:59 - ModbusReader - INFO - 風速: 0.0 m/s, 風級: 0, 風向角度: 256.8, 風向: 西南西
2025-07-09 12:40:29 - ModbusReader - INFO - 風速: 0.0 m/s, 風級: 0, 風向角度: 185.0, 風向: 南
2025-07-09 12:40:30 - ModbusReader - INFO - 風速: 0.0 m/s, 風級: 0, 風向角度: 185.0, 風向: 南
2025-07-09 12:41:01 - ModbusReader - INFO - 風速: 0.0 m/s, 風級: 0, 風向角度: 32.6, 風向: 北北東
2025-07-09 12:41:01 - ModbusReader - INFO - 風速: 0.0 m/s, 風級: 0, 風向角度: 251.5, 風向: 西南西
2025-07-09 12:41:32 - ModbusReader - INFO - 風速: 0.0 m/s, 風級: 0, 風向角度: 101.4, 風向: 東南東
2025-07-09 12:41:32 - ModbusReader - INFO - 風速: 0.0 m/s, 風級: 0, 風向角度: 101.4, 風向: 東南東
2025-07-09 12:42:03 - ModbusReader - INFO - 風速: 0.0 m/s, 風級: 0, 風向角度: 1.0, 風向: 北
2025-07-09 12:42:04 - ModbusReader - INFO - 風速: 0.0 m/s, 風級: 0, 風向角度: 1.0, 風向: 北
2025-07-09 12:42:34 - ModbusReader - INFO - 風速: 0.0 m/s, 風級: 0, 風向角度: 319.0, 風向: 西北
2025-07-09 12:42:35 - ModbusReader - INFO - 風速: 0.0 m/s, 風級: 0, 風向角度: 319.0, 風向: 西北
2025-07-09 12:43:05 - ModbusReader - INFO - 風速: 1.0 m/s, 風級: 1, 風向角度: 302.3, 風向: 西北西
2025-07-09 12:43:06 - ModbusReader - INFO - 風速: 1.0 m/s, 風級: 1, 風向角度: 302.3, 風向: 西北西
2025-07-09 12:43:37 - ModbusReader - INFO - 風速: 1.7 m/s, 風級: 2, 風向角度: 227.6, 風向: 西南
2025-07-09 12:43:37 - ModbusReader - INFO - 風速: 1.7 m/s, 風級: 2, 風向角度: 227.6, 風向: 西南
2025-07-09 12:44:08 - ModbusReader - INFO - 風速: 1.1 m/s, 風級: 1, 風向角度: 278.8, 風向: 西
2025-07-09 12:44:08 - ModbusReader - INFO - 風速: 1.1 m/s, 風級: 1, 風向角度: 278.8, 風向: 西
2025-07-09 12:44:39 - ModbusReader - INFO - 風速: 0.5 m/s, 風級: 1, 風向角度: 19.4, 風向: 北北東
2025-07-09 12:44:40 - ModbusReader - INFO - 風速: 0.5 m/s, 風級: 1, 風向角度: 19.4, 風向: 北北東
2025-07-09 12:45:10 - ModbusReader - INFO - 風速: 0.1 m/s, 風級: 0, 風向角度: 116.9, 風向: 東南東
2025-07-09 12:45:11 - ModbusReader - INFO - 風速: 0.1 m/s, 風級: 0, 風向角度: 116.9, 風向: 東南東
2025-07-09 12:45:41 - ModbusReader - INFO - 風速: 0.0 m/s, 風級: 0, 風向角度: 57.8, 風向: 東北東
2025-07-09 12:45:42 - ModbusReader - INFO - 風速: 0.0 m/s, 風級: 0, 風向角度: 57.8, 風向: 東北東
2025-07-09 12:46:13 - ModbusReader - INFO - 風速: 0.0 m/s, 風級: 0, 風向角度: 59.2, 風向: 東北東
2025-07-09 12:46:13 - ModbusReader - INFO - 風速: 0.0 m/s, 風級: 0, 風向角度: 59.2, 風向: 東北東
2025-07-09 12:46:44 - ModbusReader - INFO - 風速: 0.0 m/s, 風級: 0, 風向角度: 340.5, 風向: 北北西
2025-07-09 12:46:44 - ModbusReader - INFO - 風速: 0.0 m/s, 風級: 0, 風向角度: 340.5, 風向: 北北西
2025-07-09 12:47:15 - ModbusReader - INFO - 風速: 0.0 m/s, 風級: 0, 風向角度: 320.5, 風向: 西北
2025-07-09 12:47:16 - ModbusReader - INFO - 風速: 0.0 m/s, 風級: 0, 風向角度: 320.5, 風向: 西北
2025-07-09 12:47:46 - ModbusReader - INFO - 風速: 0.0 m/s, 風級: 0, 風向角度: 107.4, 風向: 東南東
2025-07-09 12:47:47 - ModbusReader - INFO - 風速: 0.0 m/s, 風級: 0, 風向角度: 107.4, 風向: 東南東
2025-07-09 12:48:17 - ModbusReader - INFO - 風速: 0.8 m/s, 風級: 1, 風向角度: 163.1, 風向: 南南東
2025-07-09 12:48:18 - ModbusReader - INFO - 風速: 0.7 m/s, 風級: 1, 風向角度: 142.8, 風向: 東南
2025-07-09 12:48:49 - ModbusReader - INFO - 風速: 1.0 m/s, 風級: 1, 風向角度: 84.8, 風向: 東
2025-07-09 12:48:49 - ModbusReader - INFO - 風速: 1.0 m/s, 風級: 1, 風向角度: 84.8, 風向: 東
2025-07-09 12:49:20 - ModbusReader - INFO - 風速: 0.6 m/s, 風級: 1, 風向角度: 123.3, 風向: 東南東
2025-07-09 12:49:20 - ModbusReader - INFO - 風速: 0.6 m/s, 風級: 1, 風向角度: 123.3, 風向: 東南東
2025-07-09 12:49:51 - ModbusReader - INFO - 風速: 0.4 m/s, 風級: 1, 風向角度: 116.5, 風向: 東南東
2025-07-09 12:49:52 - ModbusReader - INFO - 風速: 0.4 m/s, 風級: 1, 風向角度: 116.5, 風向: 東南東
2025-07-09 12:50:22 - ModbusReader - INFO - 風速: 0.0 m/s, 風級: 0, 風向角度: 289.6, 風向: 西北西
2025-07-09 12:50:23 - ModbusReader - INFO - 風速: 0.0 m/s, 風級: 0, 風向角度: 289.6, 風向: 西北西
2025-07-09 12:50:53 - ModbusReader - INFO - 風速: 0.0 m/s, 風級: 0, 風向角度: 53.2, 風向: 東北
2025-07-09 12:50:54 - ModbusReader - INFO - 風速: 0.0 m/s, 風級: 0, 風向角度: 53.2, 風向: 東北
2025-07-09 12:51:25 - ModbusReader - INFO - 風速: 0.0 m/s, 風級: 0, 風向角度: 109.0, 風向: 東南東
2025-07-09 12:51:25 - ModbusReader - INFO - 風速: 0.0 m/s, 風級: 0, 風向角度: 109.0, 風向: 東南東
2025-07-09 12:51:56 - ModbusReader - INFO - 風速: 0.0 m/s, 風級: 0, 風向角度: 163.7, 風向: 南南東
2025-07-09 12:51:56 - ModbusReader - INFO - 風速: 0.0 m/s, 風級: 0, 風向角度: 163.7, 風向: 南南東
2025-07-09 12:52:27 - ModbusReader - INFO - 風速: 0.0 m/s, 風級: 0, 風向角度: 180.0, 風向: 南
2025-07-09 12:52:28 - ModbusReader - INFO - 風速: 0.0 m/s, 風級: 0, 風向角度: 180.0, 風向: 南
2025-07-09 12:52:58 - ModbusReader - INFO - 風速: 0.5 m/s, 風級: 1, 風向角度: 296.5, 風向: 西北西
2025-07-09 12:52:59 - ModbusReader - INFO - 風速: 0.5 m/s, 風級: 1, 風向角度: 296.5, 風向: 西北西
2025-07-09 12:53:29 - ModbusReader - INFO - 風速: 0.8 m/s, 風級: 1, 風向角度: 266.8, 風向: 西
2025-07-09 12:53:30 - ModbusReader - INFO - 風速: 0.8 m/s, 風級: 1, 風向角度: 266.8, 風向: 西
2025-07-09 12:54:01 - ModbusReader - INFO - 風速: 0.6 m/s, 風級: 1, 風向角度: 238.4, 風向: 西南西
2025-07-09 12:54:01 - ModbusReader - INFO - 風速: 0.6 m/s, 風級: 1, 風向角度: 238.4, 風向: 西南西
2025-07-09 12:54:32 - ModbusReader - INFO - 風速: 0.0 m/s, 風級: 0, 風向角度: 45.3, 風向: 東北
2025-07-09 12:54:32 - ModbusReader - INFO - 風速: 0.0 m/s, 風級: 0, 風向角度: 45.3, 風向: 東北
2025-07-09 12:55:03 - ModbusReader - INFO - 風速: 0.6 m/s, 風級: 1, 風向角度: 125.9, 風向: 東南
2025-07-09 12:55:04 - ModbusReader - INFO - 風速: 0.6 m/s, 風級: 1, 風向角度: 125.9, 風向: 東南
2025-07-09 12:55:34 - ModbusReader - INFO - 風速: 0.5 m/s, 風級: 1, 風向角度: 355.7, 風向: 北
2025-07-09 12:55:35 - ModbusReader - INFO - 風速: 0.5 m/s, 風級: 1, 風向角度: 160.7, 風向: 南南東
2025-07-09 12:56:05 - ModbusReader - INFO - 風速: 0.3 m/s, 風級: 1, 風向角度: 9.5, 風向: 北
2025-07-09 12:56:06 - ModbusReader - INFO - 風速: 0.3 m/s, 風級: 1, 風向角度: 9.5, 風向: 北
2025-07-09 12:56:37 - ModbusReader - INFO - 風速: 0.0 m/s, 風級: 0, 風向角度: 170.7, 風向: 南
2025-07-09 12:56:37 - ModbusReader - INFO - 風速: 0.0 m/s, 風級: 0, 風向角度: 170.7, 風向: 南
2025-07-09 12:57:08 - ModbusReader - INFO - 風速: 0.0 m/s, 風級: 0, 風向角度: 324.8, 風向: 西北
2025-07-09 12:57:08 - ModbusReader - INFO - 風速: 0.0 m/s, 風級: 0, 風向角度: 324.8, 風向: 西北
2025-07-09 12:57:39 - ModbusReader - INFO - 風速: 0.0 m/s, 風級: 0, 風向角度: 19.9, 風向: 北北東
2025-07-09 12:57:40 - ModbusReader - INFO - 風速: 0.0 m/s, 風級: 0, 風向角度: 19.9, 風向: 北北東
2025-07-09 12:58:10 - ModbusReader - INFO - 風速: 0.0 m/s, 風級: 0, 風向角度: 166.5, 風向: 南南東
2025-07-09 12:58:11 - ModbusReader - INFO - 風速: 0.0 m/s, 風級: 0, 風向角度: 166.5, 風向: 南南東
2025-07-09 12:58:41 - ModbusReader - INFO - 風速: 0.0 m/s, 風級: 0, 風向角度: 304.5, 風向: 西北
2025-07-09 12:58:42 - ModbusReader - INFO - 風速: 0.0 m/s, 風級: 0, 風向角度: 304.5, 風向: 西北
2025-07-09 12:59:13 - ModbusReader - INFO - 風速: 0.0 m/s, 風級: 0, 風向角度: 137.8, 風向: 東南
2025-07-09 12:59:13 - ModbusReader - INFO - 風速: 0.0 m/s, 風級: 0, 風向角度: 137.8, 風向: 東南
2025-07-09 12:59:44 - ModbusReader - INFO - 風速: 0.0 m/s, 風級: 0, 風向角度: 177.9, 風向: 南
2025-07-09 12:59:44 - ModbusReader - INFO - 風速: 0.0 m/s, 風級: 0, 風向角度: 177.9, 風向: 南
2025-07-09 13:00:15 - ModbusReader - INFO - 風速: 0.0 m/s, 風級: 0, 風向角度: 344.1, 風向: 北北西
2025-07-09 13:00:16 - ModbusReader - INFO - 風速: 0.0 m/s, 風級: 0, 風向角度: 344.1, 風向: 北北西
2025-07-09 13:00:46 - ModbusReader - INFO - 風速: 0.0 m/s, 風級: 0, 風向角度: 295.9, 風向: 西北西
2025-07-09 13:00:47 - ModbusReader - INFO - 風速: 0.0 m/s, 風級: 0, 風向角度: 295.9, 風向: 西北西
2025-07-09 13:01:17 - ModbusReader - INFO - 風速: 0.0 m/s, 風級: 0, 風向角度: 343.1, 風向: 北北西
2025-07-09 13:01:18 - ModbusReader - INFO - 風速: 0.0 m/s, 風級: 0, 風向角度: 343.1, 風向: 北北西
2025-07-09 13:01:49 - ModbusReader - INFO - 風速: 0.0 m/s, 風級: 0, 風向角度: 181.4, 風向: 南
2025-07-09 13:01:49 - ModbusReader - INFO - 風速: 0.0 m/s, 風級: 0, 風向角度: 181.4, 風向: 南
2025-07-09 13:02:20 - ModbusReader - INFO - 風速: 0.0 m/s, 風級: 0, 風向角度: 27.0, 風向: 北北東
2025-07-09 13:02:20 - ModbusReader - INFO - 風速: 0.0 m/s, 風級: 0, 風向角度: 27.0, 風向: 北北東
2025-07-09 13:02:51 - ModbusReader - INFO - 風速: 0.0 m/s, 風級: 0, 風向角度: 272.9, 風向: 西
2025-07-09 13:02:52 - ModbusReader - INFO - 風速: 0.0 m/s, 風級: 0, 風向角度: 329.2, 風向: 北北西
2025-07-09 13:03:22 - ModbusReader - INFO - 風速: 0.0 m/s, 風級: 0, 風向角度: 99.9, 風向: 東
2025-07-09 13:03:23 - ModbusReader - INFO - 風速: 0.0 m/s, 風級: 0, 風向角度: 99.9, 風向: 東
2025-07-09 13:03:53 - ModbusReader - INFO - 風速: 0.0 m/s, 風級: 0, 風向角度: 80.4, 風向: 東
2025-07-09 13:03:54 - ModbusReader - INFO - 風速: 0.0 m/s, 風級: 0, 風向角度: 80.4, 風向: 東
2025-07-09 13:04:25 - ModbusReader - INFO - 風速: 0.0 m/s, 風級: 0, 風向角度: 342.4, 風向: 北北西
2025-07-09 13:04:25 - ModbusReader - INFO - 風速: 0.0 m/s, 風級: 0, 風向角度: 342.4, 風向: 北北西
2025-07-09 13:04:56 - ModbusReader - INFO - 風速: 0.0 m/s, 風級: 0, 風向角度: 261.6, 風向: 西
2025-07-09 13:04:56 - ModbusReader - INFO - 風速: 0.0 m/s, 風級: 0, 風向角度: 261.6, 風向: 西
2025-07-09 13:05:27 - ModbusReader - INFO - 風速: 0.0 m/s, 風級: 0, 風向角度: 354.0, 風向: 北
2025-07-09 13:05:28 - ModbusReader - INFO - 風速: 0.0 m/s, 風級: 0, 風向角度: 354.0, 風向: 北
2025-07-09 13:05:58 - ModbusReader - INFO - 風速: 0.7 m/s, 風級: 1, 風向角度: 105.0, 風向: 東南東
2025-07-09 13:05:59 - ModbusReader - INFO - 風速: 0.7 m/s, 風級: 1, 風向角度: 105.0, 風向: 東南東
2025-07-09 13:06:29 - ModbusReader - INFO - 風速: 0.5 m/s, 風級: 1, 風向角度: 309.2, 風向: 西北
2025-07-09 13:06:30 - ModbusReader - INFO - 風速: 0.5 m/s, 風級: 1, 風向角度: 309.2, 風向: 西北
2025-07-09 13:07:01 - ModbusReader - INFO - 風速: 0.4 m/s, 風級: 1, 風向角度: 328.3, 風向: 北北西
2025-07-09 13:07:01 - ModbusReader - INFO - 風速: 0.4 m/s, 風級: 1, 風向角度: 328.3, 風向: 北北西
2025-07-09 13:07:32 - ModbusReader - INFO - 風速: 0.0 m/s, 風級: 0, 風向角度: 83.0, 風向: 東
2025-07-09 13:07:32 - ModbusReader - INFO - 風速: 0.0 m/s, 風級: 0, 風向角度: 83.0, 風向: 東
2025-07-09 13:08:03 - ModbusReader - INFO - 風速: 0.0 m/s, 風級: 0, 風向角度: 67.1, 風向: 東北東
2025-07-09 13:08:04 - ModbusReader - INFO - 風速: 0.0 m/s, 風級: 0, 風向角度: 67.1, 風向: 東北東
2025-07-09 13:08:34 - ModbusReader - INFO - 風速: 0.0 m/s, 風級: 0, 風向角度: 103.4, 風向: 東南東
2025-07-09 13:08:35 - ModbusReader - INFO - 風速: 0.0 m/s, 風級: 0, 風向角度: 103.4, 風向: 東南東
2025-07-09 13:09:05 - ModbusReader - INFO - 風速: 0.0 m/s, 風級: 0, 風向角度: 354.0, 風向: 北
2025-07-09 13:09:06 - ModbusReader - INFO - 風速: 0.0 m/s, 風級: 0, 風向角度: 354.0, 風向: 北
2025-07-09 13:09:37 - ModbusReader - INFO - 風速: 0.0 m/s, 風級: 0, 風向角度: 188.0, 風向: 南
2025-07-09 13:09:37 - ModbusReader - INFO - 風速: 0.0 m/s, 風級: 0, 風向角度: 188.0, 風向: 南
2025-07-09 13:10:08 - ModbusReader - INFO - 風速: 0.1 m/s, 風級: 0, 風向角度: 205.6, 風向: 南南西
2025-07-09 13:10:08 - ModbusReader - INFO - 風速: 0.0 m/s, 風級: 0, 風向角度: 63.4, 風向: 東北東
2025-07-09 13:10:39 - ModbusReader - INFO - 風速: 0.0 m/s, 風級: 0, 風向角度: 238.0, 風向: 西南西
2025-07-09 13:10:40 - ModbusReader - INFO - 風速: 0.0 m/s, 風級: 0, 風向角度: 238.0, 風向: 西南西
2025-07-09 13:11:10 - ModbusReader - INFO - 風速: 0.0 m/s, 風級: 0, 風向角度: 122.7, 風向: 東南東
2025-07-09 13:11:11 - ModbusReader - INFO - 風速: 0.0 m/s, 風級: 0, 風向角度: 122.7, 風向: 東南東
2025-07-09 13:11:41 - ModbusReader - INFO - 風速: 0.0 m/s, 風級: 0, 風向角度: 236.9, 風向: 西南西
2025-07-09 13:11:42 - ModbusReader - INFO - 風速: 0.0 m/s, 風級: 0, 風向角度: 236.9, 風向: 西南西
2025-07-09 13:12:13 - ModbusReader - INFO - 風速: 0.0 m/s, 風級: 0, 風向角度: 125.2, 風向: 東南
2025-07-09 13:12:13 - ModbusReader - INFO - 風速: 0.0 m/s, 風級: 0, 風向角度: 125.2, 風向: 東南
2025-07-09 13:12:44 - ModbusReader - INFO - 風速: 0.0 m/s, 風級: 0, 風向角度: 145.9, 風向: 東南
2025-07-09 13:12:44 - ModbusReader - INFO - 風速: 0.0 m/s, 風級: 0, 風向角度: 145.9, 風向: 東南
2025-07-09 13:13:15 - ModbusReader - INFO - 風速: 0.0 m/s, 風級: 0, 風向角度: 114.1, 風向: 東南東
2025-07-09 13:13:16 - ModbusReader - INFO - 風速: 0.0 m/s, 風級: 0, 風向角度: 114.1, 風向: 東南東
2025-07-09 13:13:46 - ModbusReader - INFO - 風速: 0.0 m/s, 風級: 0, 風向角度: 132.7, 風向: 東南
2025-07-09 13:13:47 - ModbusReader - INFO - 風速: 0.0 m/s, 風級: 0, 風向角度: 132.7, 風向: 東南
2025-07-09 13:14:17 - ModbusReader - INFO - 風速: 0.0 m/s, 風級: 0, 風向角度: 248.7, 風向: 西南西
2025-07-09 13:14:18 - ModbusReader - INFO - 風速: 0.0 m/s, 風級: 0, 風向角度: 248.7, 風向: 西南西
2025-07-09 13:14:49 - ModbusReader - INFO - 風速: 0.0 m/s, 風級: 0, 風向角度: 342.8, 風向: 北北西
2025-07-09 13:14:49 - ModbusReader - INFO - 風速: 0.0 m/s, 風級: 0, 風向角度: 342.8, 風向: 北北西
2025-07-09 13:15:20 - ModbusReader - INFO - 風速: 0.0 m/s, 風級: 0, 風向角度: 40.7, 風向: 東北
2025-07-09 13:15:20 - ModbusReader - INFO - 風速: 0.0 m/s, 風級: 0, 風向角度: 40.7, 風向: 東北
2025-07-09 13:15:51 - ModbusReader - INFO - 風速: 0.0 m/s, 風級: 0, 風向角度: 224.8, 風向: 西南
2025-07-09 13:15:52 - ModbusReader - INFO - 風速: 0.0 m/s, 風級: 0, 風向角度: 224.8, 風向: 西南
2025-07-09 13:16:22 - ModbusReader - INFO - 風速: 0.7 m/s, 風級: 1, 風向角度: 269.1, 風向: 西
2025-07-09 13:16:23 - ModbusReader - INFO - 風速: 0.7 m/s, 風級: 1, 風向角度: 269.1, 風向: 西
2025-07-09 13:16:53 - ModbusReader - INFO - 風速: 0.5 m/s, 風級: 1, 風向角度: 183.3, 風向: 南
2025-07-09 13:16:54 - ModbusReader - INFO - 風速: 0.5 m/s, 風級: 1, 風向角度: 183.3, 風向: 南
2025-07-09 13:17:25 - ModbusReader - INFO - 風速: 0.0 m/s, 風級: 0, 風向角度: 177.6, 風向: 南
2025-07-09 13:17:25 - ModbusReader - INFO - 風速: 0.5 m/s, 風級: 1, 風向角度: 318.0, 風向: 西北
2025-07-09 13:17:56 - ModbusReader - INFO - 風速: 0.6 m/s, 風級: 1, 風向角度: 301.3, 風向: 西北西
2025-07-09 13:17:56 - ModbusReader - INFO - 風速: 0.6 m/s, 風級: 1, 風向角度: 301.3, 風向: 西北西
2025-07-09 13:18:27 - ModbusReader - INFO - 風速: 0.6 m/s, 風級: 1, 風向角度: 331.2, 風向: 北北西
2025-07-09 13:18:28 - ModbusReader - INFO - 風速: 0.6 m/s, 風級: 1, 風向角度: 331.2, 風向: 北北西
2025-07-09 13:18:58 - ModbusReader - INFO - 風速: 0.6 m/s, 風級: 1, 風向角度: 316.5, 風向: 西北
2025-07-09 13:18:59 - ModbusReader - INFO - 風速: 0.6 m/s, 風級: 1, 風向角度: 316.5, 風向: 西北
2025-07-09 13:19:29 - ModbusReader - INFO - 風速: 0.0 m/s, 風級: 0, 風向角度: 244.0, 風向: 西南西
2025-07-09 13:19:30 - ModbusReader - INFO - 風速: 0.0 m/s, 風級: 0, 風向角度: 244.0, 風向: 西南西
2025-07-09 13:20:01 - ModbusReader - INFO - 風速: 0.0 m/s, 風級: 0, 風向角度: 116.9, 風向: 東南東
2025-07-09 13:20:01 - ModbusReader - INFO - 風速: 0.0 m/s, 風級: 0, 風向角度: 116.9, 風向: 東南東
2025-07-09 13:20:32 - ModbusReader - INFO - 風速: 0.0 m/s, 風級: 0, 風向角度: 123.2, 風向: 東南東
2025-07-09 13:20:32 - ModbusReader - INFO - 風速: 0.0 m/s, 風級: 0, 風向角度: 123.2, 風向: 東南東
2025-07-09 13:21:03 - ModbusReader - INFO - 風速: 0.1 m/s, 風級: 0, 風向角度: 10.9, 風向: 北
2025-07-09 13:21:04 - ModbusReader - INFO - 風速: 0.1 m/s, 風級: 0, 風向角度: 10.9, 風向: 北
2025-07-09 13:21:34 - ModbusReader - INFO - 風速: 0.0 m/s, 風級: 0, 風向角度: 141.7, 風向: 東南
2025-07-09 13:21:35 - ModbusReader - INFO - 風速: 0.0 m/s, 風級: 0, 風向角度: 141.7, 風向: 東南
2025-07-09 13:22:05 - ModbusReader - INFO - 風速: 0.0 m/s, 風級: 0, 風向角度: 55.1, 風向: 東北
2025-07-09 13:22:06 - ModbusReader - INFO - 風速: 0.0 m/s, 風級: 0, 風向角度: 55.1, 風向: 東北
2025-07-09 13:22:37 - ModbusReader - INFO - 風速: 0.0 m/s, 風級: 0, 風向角度: 331.3, 風向: 北北西
2025-07-09 13:22:37 - ModbusReader - INFO - 風速: 0.0 m/s, 風級: 0, 風向角度: 331.3, 風向: 北北西
2025-07-09 13:23:08 - ModbusReader - INFO - 風速: 0.0 m/s, 風級: 0, 風向角度: 294.7, 風向: 西北西
2025-07-09 13:23:08 - ModbusReader - INFO - 風速: 0.0 m/s, 風級: 0, 風向角度: 294.7, 風向: 西北西
2025-07-09 13:23:39 - ModbusReader - INFO - 風速: 0.0 m/s, 風級: 0, 風向角度: 195.9, 風向: 南南西
2025-07-09 13:23:40 - ModbusReader - INFO - 風速: 0.0 m/s, 風級: 0, 風向角度: 195.9, 風向: 南南西
2025-07-09 13:24:10 - ModbusReader - INFO - 風速: 0.0 m/s, 風級: 0, 風向角度: 276.8, 風向: 西
2025-07-09 13:24:11 - ModbusReader - INFO - 風速: 0.0 m/s, 風級: 0, 風向角度: 276.8, 風向: 西
2025-07-09 13:24:41 - ModbusReader - INFO - 風速: 0.0 m/s, 風級: 0, 風向角度: 43.9, 風向: 東北
2025-07-09 13:24:42 - ModbusReader - INFO - 風速: 0.0 m/s, 風級: 0, 風向角度: 107.2, 風向: 東南東
2025-07-09 13:25:13 - ModbusReader - INFO - 風速: 0.9 m/s, 風級: 1, 風向角度: 243.8, 風向: 西南西
2025-07-09 13:25:13 - ModbusReader - INFO - 風速: 0.9 m/s, 風級: 1, 風向角度: 243.8, 風向: 西南西
2025-07-09 13:25:44 - ModbusReader - INFO - 風速: 0.2 m/s, 風級: 0, 風向角度: 86.9, 風向: 東
2025-07-09 13:25:44 - ModbusReader - INFO - 風速: 0.2 m/s, 風級: 0, 風向角度: 86.9, 風向: 東
2025-07-09 13:26:15 - ModbusReader - INFO - 風速: 0.5 m/s, 風級: 1, 風向角度: 145.2, 風向: 東南
2025-07-09 13:26:16 - ModbusReader - INFO - 風速: 0.5 m/s, 風級: 1, 風向角度: 145.2, 風向: 東南
2025-07-09 13:26:46 - ModbusReader - INFO - 風速: 0.0 m/s, 風級: 0, 風向角度: 157.1, 風向: 南南東
2025-07-09 13:26:47 - ModbusReader - INFO - 風速: 0.0 m/s, 風級: 0, 風向角度: 157.1, 風向: 南南東
2025-07-09 13:27:17 - ModbusReader - INFO - 風速: 0.9 m/s, 風級: 1, 風向角度: 333.7, 風向: 北北西
2025-07-09 13:27:18 - ModbusReader - INFO - 風速: 0.9 m/s, 風級: 1, 風向角度: 333.7, 風向: 北北西
2025-07-09 13:27:49 - ModbusReader - INFO - 風速: 0.4 m/s, 風級: 1, 風向角度: 199.2, 風向: 南南西
2025-07-09 13:27:49 - ModbusReader - INFO - 風速: 0.4 m/s, 風級: 1, 風向角度: 199.2, 風向: 南南西
2025-07-09 13:28:20 - ModbusReader - INFO - 風速: 0.1 m/s, 風級: 0, 風向角度: 16.6, 風向: 北北東
2025-07-09 13:28:20 - ModbusReader - INFO - 風速: 0.1 m/s, 風級: 0, 風向角度: 16.6, 風向: 北北東
2025-07-09 13:28:51 - ModbusReader - INFO - 風速: 0.0 m/s, 風級: 0, 風向角度: 26.3, 風向: 北北東
2025-07-09 13:28:52 - ModbusReader - INFO - 風速: 0.0 m/s, 風級: 0, 風向角度: 26.3, 風向: 北北東
2025-07-09 13:29:22 - ModbusReader - INFO - 風速: 0.0 m/s, 風級: 0, 風向角度: 264.1, 風向: 西
2025-07-09 13:29:23 - ModbusReader - INFO - 風速: 0.0 m/s, 風級: 0, 風向角度: 264.1, 風向: 西
2025-07-09 13:29:53 - ModbusReader - INFO - 風速: 0.0 m/s, 風級: 0, 風向角度: 51.4, 風向: 東北
2025-07-09 13:29:54 - ModbusReader - INFO - 風速: 0.0 m/s, 風級: 0, 風向角度: 51.4, 風向: 東北
2025-07-09 13:30:25 - ModbusReader - INFO - 風速: 0.8 m/s, 風級: 1, 風向角度: 223.3, 風向: 西南
2025-07-09 13:30:25 - ModbusReader - INFO - 風速: 0.8 m/s, 風級: 1, 風向角度: 223.3, 風向: 西南
2025-07-09 13:30:56 - ModbusReader - INFO - 風速: 1.3 m/s, 風級: 1, 風向角度: 281.6, 風向: 西北西
2025-07-09 13:30:56 - ModbusReader - INFO - 風速: 1.3 m/s, 風級: 1, 風向角度: 281.6, 風向: 西北西
2025-07-09 13:31:27 - ModbusReader - INFO - 風速: 0.6 m/s, 風級: 1, 風向角度: 338.8, 風向: 北北西
2025-07-09 13:31:28 - ModbusReader - INFO - 風速: 0.6 m/s, 風級: 1, 風向角度: 338.8, 風向: 北北西
2025-07-09 13:31:58 - ModbusReader - INFO - 風速: 0.0 m/s, 風級: 0, 風向角度: 221.2, 風向: 西南
2025-07-09 13:31:59 - ModbusReader - INFO - 風速: 0.0 m/s, 風級: 0, 風向角度: 289.1, 風向: 西北西
2025-07-09 13:32:29 - ModbusReader - INFO - 風速: 0.2 m/s, 風級: 0, 風向角度: 258.4, 風向: 西南西
2025-07-09 13:32:30 - ModbusReader - INFO - 風速: 0.2 m/s, 風級: 0, 風向角度: 258.4, 風向: 西南西
2025-07-09 13:33:01 - ModbusReader - INFO - 風速: 0.7 m/s, 風級: 1, 風向角度: 255.9, 風向: 西南西
2025-07-09 13:33:01 - ModbusReader - INFO - 風速: 0.7 m/s, 風級: 1, 風向角度: 255.9, 風向: 西南西
2025-07-09 13:33:32 - ModbusReader - INFO - 風速: 0.0 m/s, 風級: 0, 風向角度: 259.2, 風向: 西
2025-07-09 13:33:32 - ModbusReader - INFO - 風速: 0.0 m/s, 風級: 0, 風向角度: 259.2, 風向: 西
2025-07-09 13:34:03 - ModbusReader - INFO - 風速: 0.0 m/s, 風級: 0, 風向角度: 317.3, 風向: 西北
2025-07-09 13:34:04 - ModbusReader - INFO - 風速: 0.0 m/s, 風級: 0, 風向角度: 317.3, 風向: 西北
2025-07-09 13:34:34 - ModbusReader - INFO - 風速: 0.0 m/s, 風級: 0, 風向角度: 323.7, 風向: 西北
2025-07-09 13:34:35 - ModbusReader - INFO - 風速: 0.0 m/s, 風級: 0, 風向角度: 323.7, 風向: 西北
2025-07-09 13:35:05 - ModbusReader - INFO - 風速: 0.0 m/s, 風級: 0, 風向角度: 312.9, 風向: 西北
2025-07-09 13:35:06 - ModbusReader - INFO - 風速: 0.0 m/s, 風級: 0, 風向角度: 312.9, 風向: 西北
2025-07-09 13:35:37 - ModbusReader - INFO - 風速: 0.0 m/s, 風級: 0, 風向角度: 117.4, 風向: 東南東
2025-07-09 13:35:37 - ModbusReader - INFO - 風速: 0.0 m/s, 風級: 0, 風向角度: 117.4, 風向: 東南東
2025-07-09 13:36:08 - ModbusReader - INFO - 風速: 0.4 m/s, 風級: 1, 風向角度: 112.9, 風向: 東南東
2025-07-09 13:36:08 - ModbusReader - INFO - 風速: 0.4 m/s, 風級: 1, 風向角度: 112.9, 風向: 東南東
2025-07-09 13:36:39 - ModbusReader - INFO - 風速: 0.0 m/s, 風級: 0, 風向角度: 181.0, 風向: 南
2025-07-09 13:36:40 - ModbusReader - INFO - 風速: 0.0 m/s, 風級: 0, 風向角度: 181.0, 風向: 南
2025-07-09 13:37:10 - ModbusReader - INFO - 風速: 0.6 m/s, 風級: 1, 風向角度: 85.9, 風向: 東
2025-07-09 13:37:11 - ModbusReader - INFO - 風速: 0.6 m/s, 風級: 1, 風向角度: 85.9, 風向: 東
2025-07-09 13:37:41 - ModbusReader - INFO - 風速: 0.0 m/s, 風級: 0, 風向角度: 76.8, 風向: 東北東
2025-07-09 13:37:42 - ModbusReader - INFO - 風速: 0.0 m/s, 風級: 0, 風向角度: 76.8, 風向: 東北東
2025-07-09 13:38:13 - ModbusReader - INFO - 風速: 0.0 m/s, 風級: 0, 風向角度: 345.6, 風向: 北北西
2025-07-09 13:38:13 - ModbusReader - INFO - 風速: 0.0 m/s, 風級: 0, 風向角度: 345.6, 風向: 北北西
2025-07-09 13:38:44 - ModbusReader - INFO - 風速: 0.6 m/s, 風級: 1, 風向角度: 19.0, 風向: 北北東
2025-07-09 13:38:44 - ModbusReader - INFO - 風速: 0.6 m/s, 風級: 1, 風向角度: 19.0, 風向: 北北東
2025-07-09 13:39:15 - ModbusReader - INFO - 風速: 0.0 m/s, 風級: 0, 風向角度: 161.1, 風向: 南南東
2025-07-09 13:39:16 - ModbusReader - INFO - 風速: 0.0 m/s, 風級: 0, 風向角度: 242.7, 風向: 西南西
2025-07-09 13:39:46 - ModbusReader - INFO - 風速: 0.0 m/s, 風級: 0, 風向角度: 246.6, 風向: 西南西
2025-07-09 13:39:47 - ModbusReader - INFO - 風速: 0.0 m/s, 風級: 0, 風向角度: 246.6, 風向: 西南西
2025-07-09 13:40:17 - ModbusReader - INFO - 風速: 0.0 m/s, 風級: 0, 風向角度: 204.3, 風向: 南南西
2025-07-09 13:40:18 - ModbusReader - INFO - 風速: 0.0 m/s, 風級: 0, 風向角度: 204.3, 風向: 南南西
2025-07-09 13:40:49 - ModbusReader - INFO - 風速: 0.0 m/s, 風級: 0, 風向角度: 328.2, 風向: 北北西
2025-07-09 13:40:49 - ModbusReader - INFO - 風速: 0.0 m/s, 風級: 0, 風向角度: 328.2, 風向: 北北西
2025-07-09 13:41:20 - ModbusReader - INFO - 風速: 0.0 m/s, 風級: 0, 風向角度: 181.2, 風向: 南
2025-07-09 13:41:20 - ModbusReader - INFO - 風速: 0.0 m/s, 風級: 0, 風向角度: 181.2, 風向: 南
2025-07-09 13:41:51 - ModbusReader - INFO - 風速: 0.0 m/s, 風級: 0, 風向角度: 327.1, 風向: 北北西
2025-07-09 13:41:52 - ModbusReader - INFO - 風速: 0.0 m/s, 風級: 0, 風向角度: 327.1, 風向: 北北西
2025-07-09 13:42:22 - ModbusReader - INFO - 風速: 0.0 m/s, 風級: 0, 風向角度: 302.1, 風向: 西北西
2025-07-09 13:42:23 - ModbusReader - INFO - 風速: 0.0 m/s, 風級: 0, 風向角度: 302.1, 風向: 西北西
2025-07-09 13:42:53 - ModbusReader - INFO - 風速: 0.0 m/s, 風級: 0, 風向角度: 21.3, 風向: 北北東
2025-07-09 13:42:54 - ModbusReader - INFO - 風速: 0.0 m/s, 風級: 0, 風向角度: 21.3, 風向: 北北東
2025-07-09 13:43:25 - ModbusReader - INFO - 風速: 0.0 m/s, 風級: 0, 風向角度: 62.0, 風向: 東北東
2025-07-09 13:43:25 - ModbusReader - INFO - 風速: 0.0 m/s, 風級: 0, 風向角度: 62.0, 風向: 東北東
2025-07-09 13:43:56 - ModbusReader - INFO - 風速: 0.0 m/s, 風級: 0, 風向角度: 151.3, 風向: 南南東
2025-07-09 13:43:56 - ModbusReader - INFO - 風速: 0.0 m/s, 風級: 0, 風向角度: 151.3, 風向: 南南東
2025-07-09 13:44:27 - ModbusReader - INFO - 風速: 0.0 m/s, 風級: 0, 風向角度: 171.4, 風向: 南
2025-07-09 13:44:28 - ModbusReader - INFO - 風速: 0.0 m/s, 風級: 0, 風向角度: 171.4, 風向: 南
2025-07-09 13:44:58 - ModbusReader - INFO - 風速: 0.0 m/s, 風級: 0, 風向角度: 45.5, 風向: 東北
2025-07-09 13:44:59 - ModbusReader - INFO - 風速: 0.0 m/s, 風級: 0, 風向角度: 45.5, 風向: 東北
2025-07-09 13:45:29 - ModbusReader - INFO - 風速: 0.0 m/s, 風級: 0, 風向角度: 38.9, 風向: 東北
2025-07-09 13:45:30 - ModbusReader - INFO - 風速: 0.0 m/s, 風級: 0, 風向角度: 38.9, 風向: 東北
2025-07-09 13:46:00 - ModbusReader - INFO - 風速: 0.0 m/s, 風級: 0, 風向角度: 220.7, 風向: 西南
2025-07-09 13:46:01 - ModbusReader - INFO - 風速: 0.0 m/s, 風級: 0, 風向角度: 220.7, 風向: 西南
2025-07-09 13:46:32 - ModbusReader - INFO - 風速: 0.0 m/s, 風級: 0, 風向角度: 300.9, 風向: 西北西
2025-07-09 13:46:32 - ModbusReader - INFO - 風速: 0.0 m/s, 風級: 0, 風向角度: 310.7, 風向: 西北
2025-07-09 13:47:03 - ModbusReader - INFO - 風速: 0.0 m/s, 風級: 0, 風向角度: 20.9, 風向: 北北東
2025-07-09 13:47:03 - ModbusReader - INFO - 風速: 0.0 m/s, 風級: 0, 風向角度: 20.9, 風向: 北北東
2025-07-09 13:47:34 - ModbusReader - INFO - 風速: 0.0 m/s, 風級: 0, 風向角度: 96.7, 風向: 東
2025-07-09 13:47:35 - ModbusReader - INFO - 風速: 0.0 m/s, 風級: 0, 風向角度: 96.7, 風向: 東
2025-07-09 13:48:05 - ModbusReader - INFO - 風速: 0.0 m/s, 風級: 0, 風向角度: 124.9, 風向: 東南
2025-07-09 13:48:06 - ModbusReader - INFO - 風速: 0.0 m/s, 風級: 0, 風向角度: 124.9, 風向: 東南
2025-07-09 13:48:36 - ModbusReader - INFO - 風速: 0.0 m/s, 風級: 0, 風向角度: 264.3, 風向: 西
2025-07-09 13:48:37 - ModbusReader - INFO - 風速: 0.0 m/s, 風級: 0, 風向角度: 264.3, 風向: 西
2025-07-09 13:49:08 - ModbusReader - INFO - 風速: 0.0 m/s, 風級: 0, 風向角度: 142.3, 風向: 東南
2025-07-09 13:49:08 - ModbusReader - INFO - 風速: 0.0 m/s, 風級: 0, 風向角度: 142.3, 風向: 東南
2025-07-09 13:49:39 - ModbusReader - INFO - 風速: 0.0 m/s, 風級: 0, 風向角度: 10.4, 風向: 北
2025-07-09 13:49:39 - ModbusReader - INFO - 風速: 0.0 m/s, 風級: 0, 風向角度: 10.4, 風向: 北
2025-07-09 13:50:10 - ModbusReader - INFO - 風速: 0.7 m/s, 風級: 1, 風向角度: 334.3, 風向: 北北西
2025-07-09 13:50:11 - ModbusReader - INFO - 風速: 0.7 m/s, 風級: 1, 風向角度: 334.3, 風向: 北北西
2025-07-09 13:50:41 - ModbusReader - INFO - 風速: 0.5 m/s, 風級: 1, 風向角度: 304.8, 風向: 西北
2025-07-09 13:50:42 - ModbusReader - INFO - 風速: 0.5 m/s, 風級: 1, 風向角度: 304.8, 風向: 西北
2025-07-09 13:51:12 - ModbusReader - INFO - 風速: 0.3 m/s, 風級: 1, 風向角度: 263.3, 風向: 西
2025-07-09 13:51:13 - ModbusReader - INFO - 風速: 0.3 m/s, 風級: 1, 風向角度: 263.3, 風向: 西
2025-07-09 13:51:44 - ModbusReader - INFO - 風速: 0.6 m/s, 風級: 1, 風向角度: 291.2, 風向: 西北西
2025-07-09 13:51:44 - ModbusReader - INFO - 風速: 0.6 m/s, 風級: 1, 風向角度: 291.2, 風向: 西北西
2025-07-09 13:52:15 - ModbusReader - INFO - 風速: 0.6 m/s, 風級: 1, 風向角度: 267.9, 風向: 西
2025-07-09 13:52:15 - ModbusReader - INFO - 風速: 0.6 m/s, 風級: 1, 風向角度: 267.9, 風向: 西
2025-07-09 13:52:46 - ModbusReader - INFO - 風速: 0.7 m/s, 風級: 1, 風向角度: 311.2, 風向: 西北
2025-07-09 13:52:47 - ModbusReader - INFO - 風速: 0.7 m/s, 風級: 1, 風向角度: 311.2, 風向: 西北
2025-07-09 13:53:17 - ModbusReader - INFO - 風速: 0.4 m/s, 風級: 1, 風向角度: 153.2, 風向: 南南東
2025-07-09 13:53:18 - ModbusReader - INFO - 風速: 0.4 m/s, 風級: 1, 風向角度: 153.2, 風向: 南南東
2025-07-09 13:53:48 - ModbusReader - INFO - 風速: 0.0 m/s, 風級: 0, 風向角度: 160.9, 風向: 南南東
2025-07-09 13:53:49 - ModbusReader - INFO - 風速: 0.0 m/s, 風級: 0, 風向角度: 1.1, 風向: 北
2025-07-09 13:54:20 - ModbusReader - INFO - 風速: 0.0 m/s, 風級: 0, 風向角度: 179.9, 風向: 南
2025-07-09 13:54:20 - ModbusReader - INFO - 風速: 0.0 m/s, 風級: 0, 風向角度: 179.9, 風向: 南
2025-07-09 13:54:51 - ModbusReader - INFO - 風速: 0.5 m/s, 風級: 1, 風向角度: 237.3, 風向: 西南西
2025-07-09 13:54:51 - ModbusReader - INFO - 風速: 0.5 m/s, 風級: 1, 風向角度: 237.3, 風向: 西南西
2025-07-09 13:55:22 - ModbusReader - INFO - 風速: 0.7 m/s, 風級: 1, 風向角度: 356.9, 風向: 北
2025-07-09 13:55:23 - ModbusReader - INFO - 風速: 0.7 m/s, 風級: 1, 風向角度: 356.9, 風向: 北
2025-07-09 13:55:53 - ModbusReader - INFO - 風速: 0.6 m/s, 風級: 1, 風向角度: 292.0, 風向: 西北西
2025-07-09 13:55:54 - ModbusReader - INFO - 風速: 0.6 m/s, 風級: 1, 風向角度: 292.0, 風向: 西北西
2025-07-09 13:56:24 - ModbusReader - INFO - 風速: 0.0 m/s, 風級: 0, 風向角度: 323.0, 風向: 西北
2025-07-09 13:56:25 - ModbusReader - INFO - 風速: 0.0 m/s, 風級: 0, 風向角度: 323.0, 風向: 西北
2025-07-09 13:56:56 - ModbusReader - INFO - 風速: 0.0 m/s, 風級: 0, 風向角度: 5.4, 風向: 北
2025-07-09 13:56:56 - ModbusReader - INFO - 風速: 0.0 m/s, 風級: 0, 風向角度: 5.4, 風向: 北
2025-07-09 13:57:27 - ModbusReader - INFO - 風速: 0.1 m/s, 風級: 0, 風向角度: 133.5, 風向: 東南
2025-07-09 13:57:27 - ModbusReader - INFO - 風速: 0.1 m/s, 風級: 0, 風向角度: 133.5, 風向: 東南
2025-07-09 13:57:58 - ModbusReader - INFO - 風速: 0.0 m/s, 風級: 0, 風向角度: 74.4, 風向: 東北東
2025-07-09 13:57:59 - ModbusReader - INFO - 風速: 0.0 m/s, 風級: 0, 風向角度: 74.4, 風向: 東北東
2025-07-09 13:58:29 - ModbusReader - INFO - 風速: 0.0 m/s, 風級: 0, 風向角度: 150.6, 風向: 南南東
2025-07-09 13:58:30 - ModbusReader - INFO - 風速: 0.0 m/s, 風級: 0, 風向角度: 150.6, 風向: 南南東
2025-07-09 13:59:00 - ModbusReader - INFO - 風速: 0.5 m/s, 風級: 1, 風向角度: 250.3, 風向: 西南西
2025-07-09 13:59:01 - ModbusReader - INFO - 風速: 0.5 m/s, 風級: 1, 風向角度: 250.3, 風向: 西南西
2025-07-09 13:59:32 - ModbusReader - INFO - 風速: 0.5 m/s, 風級: 1, 風向角度: 61.7, 風向: 東北東
2025-07-09 13:59:32 - ModbusReader - INFO - 風速: 0.5 m/s, 風級: 1, 風向角度: 61.7, 風向: 東北東
2025-07-09 14:00:03 - ModbusReader - INFO - 風速: 0.4 m/s, 風級: 1, 風向角度: 239.2, 風向: 西南西
2025-07-09 14:00:03 - ModbusReader - INFO - 風速: 0.4 m/s, 風級: 1, 風向角度: 239.2, 風向: 西南西
2025-07-09 14:00:34 - ModbusReader - INFO - 風速: 0.9 m/s, 風級: 1, 風向角度: 122.0, 風向: 東南東
2025-07-09 14:00:35 - ModbusReader - INFO - 風速: 0.9 m/s, 風級: 1, 風向角度: 122.0, 風向: 東南東
2025-07-09 14:01:05 - ModbusReader - INFO - 風速: 0.6 m/s, 風級: 1, 風向角度: 175.1, 風向: 南
2025-07-09 14:01:06 - ModbusReader - INFO - 風速: 0.5 m/s, 風級: 1, 風向角度: 303.4, 風向: 西北西
2025-07-09 14:01:36 - ModbusReader - INFO - 風速: 0.3 m/s, 風級: 1, 風向角度: 96.9, 風向: 東
2025-07-09 14:01:37 - ModbusReader - INFO - 風速: 0.3 m/s, 風級: 1, 風向角度: 96.9, 風向: 東
2025-07-09 14:02:08 - ModbusReader - INFO - 風速: 0.6 m/s, 風級: 1, 風向角度: 53.4, 風向: 東北
2025-07-09 14:02:08 - ModbusReader - INFO - 風速: 0.6 m/s, 風級: 1, 風向角度: 53.4, 風向: 東北
2025-07-09 14:02:39 - ModbusReader - INFO - 風速: 0.5 m/s, 風級: 1, 風向角度: 14.9, 風向: 北北東
2025-07-09 14:02:39 - ModbusReader - INFO - 風速: 0.5 m/s, 風級: 1, 風向角度: 14.9, 風向: 北北東
2025-07-09 14:03:10 - ModbusReader - INFO - 風速: 0.0 m/s, 風級: 0, 風向角度: 168.0, 風向: 南南東
2025-07-09 14:03:11 - ModbusReader - INFO - 風速: 0.0 m/s, 風級: 0, 風向角度: 168.0, 風向: 南南東
2025-07-09 14:03:41 - ModbusReader - INFO - 風速: 1.0 m/s, 風級: 1, 風向角度: 252.6, 風向: 西南西
2025-07-09 14:03:42 - ModbusReader - INFO - 風速: 1.0 m/s, 風級: 1, 風向角度: 252.6, 風向: 西南西
2025-07-09 14:04:12 - ModbusReader - INFO - 風速: 0.4 m/s, 風級: 1, 風向角度: 48.7, 風向: 東北
2025-07-09 14:04:13 - ModbusReader - INFO - 風速: 0.4 m/s, 風級: 1, 風向角度: 48.7, 風向: 東北
2025-07-09 14:04:44 - ModbusReader - INFO - 風速: 0.4 m/s, 風級: 1, 風向角度: 332.7, 風向: 北北西
2025-07-09 14:04:44 - ModbusReader - INFO - 風速: 0.4 m/s, 風級: 1, 風向角度: 332.7, 風向: 北北西
2025-07-09 14:05:15 - ModbusReader - INFO - 風速: 1.0 m/s, 風級: 1, 風向角度: 306.2, 風向: 西北
2025-07-09 14:05:15 - ModbusReader - INFO - 風速: 1.0 m/s, 風級: 1, 風向角度: 306.2, 風向: 西北
2025-07-09 14:05:46 - ModbusReader - INFO - 風速: 0.8 m/s, 風級: 1, 風向角度: 16.7, 風向: 北北東
2025-07-09 14:05:47 - ModbusReader - INFO - 風速: 0.8 m/s, 風級: 1, 風向角度: 16.7, 風向: 北北東
2025-07-09 14:06:17 - ModbusReader - INFO - 風速: 0.7 m/s, 風級: 1, 風向角度: 105.4, 風向: 東南東
2025-07-09 14:06:18 - ModbusReader - INFO - 風速: 0.7 m/s, 風級: 1, 風向角度: 105.4, 風向: 東南東
2025-07-09 14:06:48 - ModbusReader - INFO - 風速: 0.7 m/s, 風級: 1, 風向角度: 114.4, 風向: 東南東
2025-07-09 14:06:49 - ModbusReader - INFO - 風速: 0.7 m/s, 風級: 1, 風向角度: 114.4, 風向: 東南東
2025-07-09 14:07:20 - ModbusReader - INFO - 風速: 0.5 m/s, 風級: 1, 風向角度: 148.8, 風向: 南南東
2025-07-09 14:07:20 - ModbusReader - INFO - 風速: 0.5 m/s, 風級: 1, 風向角度: 148.8, 風向: 南南東
2025-07-09 14:07:51 - ModbusReader - INFO - 風速: 0.6 m/s, 風級: 1, 風向角度: 263.7, 風向: 西
2025-07-09 14:07:51 - ModbusReader - INFO - 風速: 0.6 m/s, 風級: 1, 風向角度: 263.7, 風向: 西
2025-07-09 14:08:22 - ModbusReader - INFO - 風速: 0.4 m/s, 風級: 1, 風向角度: 138.0, 風向: 東南
2025-07-09 14:08:23 - ModbusReader - INFO - 風速: 0.4 m/s, 風級: 1, 風向角度: 138.0, 風向: 東南
2025-07-09 14:08:53 - ModbusReader - INFO - 風速: 0.5 m/s, 風級: 1, 風向角度: 313.0, 風向: 西北
2025-07-09 14:08:54 - ModbusReader - INFO - 風速: 0.5 m/s, 風級: 1, 風向角度: 313.0, 風向: 西北
2025-07-09 14:09:24 - ModbusReader - INFO - 風速: 0.5 m/s, 風級: 1, 風向角度: 122.9, 風向: 東南東
2025-07-09 14:09:25 - ModbusReader - INFO - 風速: 0.5 m/s, 風級: 1, 風向角度: 122.9, 風向: 東南東
2025-07-09 14:09:56 - ModbusReader - INFO - 風速: 0.4 m/s, 風級: 1, 風向角度: 32.2, 風向: 北北東
2025-07-09 14:09:56 - ModbusReader - INFO - 風速: 0.4 m/s, 風級: 1, 風向角度: 32.2, 風向: 北北東
2025-07-09 14:10:27 - ModbusReader - INFO - 風速: 0.5 m/s, 風級: 1, 風向角度: 99.7, 風向: 東
2025-07-09 14:10:27 - ModbusReader - INFO - 風速: 0.5 m/s, 風級: 1, 風向角度: 99.7, 風向: 東
2025-07-09 14:10:58 - ModbusReader - INFO - 風速: 0.6 m/s, 風級: 1, 風向角度: 11.8, 風向: 北北東
2025-07-09 14:10:59 - ModbusReader - INFO - 風速: 0.6 m/s, 風級: 1, 風向角度: 11.8, 風向: 北北東
2025-07-09 14:11:29 - ModbusReader - INFO - 風速: 0.4 m/s, 風級: 1, 風向角度: 12.6, 風向: 北北東
2025-07-09 14:11:30 - ModbusReader - INFO - 風速: 0.4 m/s, 風級: 1, 風向角度: 12.6, 風向: 北北東
2025-07-09 14:12:00 - ModbusReader - INFO - 風速: 0.5 m/s, 風級: 1, 風向角度: 231.0, 風向: 西南
2025-07-09 14:12:01 - ModbusReader - INFO - 風速: 0.5 m/s, 風級: 1, 風向角度: 231.0, 風向: 西南
2025-07-09 14:12:32 - ModbusReader - INFO - 風速: 0.5 m/s, 風級: 1, 風向角度: 72.5, 風向: 東北東
2025-07-09 14:12:32 - ModbusReader - INFO - 風速: 0.5 m/s, 風級: 1, 風向角度: 72.5, 風向: 東北東
2025-07-09 14:13:03 - ModbusReader - INFO - 風速: 0.4 m/s, 風級: 1, 風向角度: 274.0, 風向: 西
2025-07-09 14:13:03 - ModbusReader - INFO - 風速: 0.4 m/s, 風級: 1, 風向角度: 274.0, 風向: 西
2025-07-09 14:13:34 - ModbusReader - INFO - 風速: 0.0 m/s, 風級: 0, 風向角度: 118.3, 風向: 東南東
2025-07-09 14:13:35 - ModbusReader - INFO - 風速: 0.0 m/s, 風級: 0, 風向角度: 118.3, 風向: 東南東
2025-07-09 14:14:05 - ModbusReader - INFO - 風速: 0.4 m/s, 風級: 1, 風向角度: 277.6, 風向: 西
2025-07-09 14:14:06 - ModbusReader - INFO - 風速: 0.4 m/s, 風級: 1, 風向角度: 277.6, 風向: 西
2025-07-09 14:14:36 - ModbusReader - INFO - 風速: 0.3 m/s, 風級: 1, 風向角度: 180.5, 風向: 南
2025-07-09 14:14:37 - ModbusReader - INFO - 風速: 0.3 m/s, 風級: 1, 風向角度: 180.5, 風向: 南
2025-07-09 14:15:08 - ModbusReader - INFO - 風速: 0.4 m/s, 風級: 1, 風向角度: 32.2, 風向: 北北東
2025-07-09 14:15:08 - ModbusReader - INFO - 風速: 0.4 m/s, 風級: 1, 風向角度: 32.2, 風向: 北北東
2025-07-09 14:15:39 - ModbusReader - INFO - 風速: 0.7 m/s, 風級: 1, 風向角度: 314.7, 風向: 西北
2025-07-09 14:15:39 - ModbusReader - INFO - 風速: 0.7 m/s, 風級: 1, 風向角度: 314.7, 風向: 西北
2025-07-09 14:16:10 - ModbusReader - INFO - 風速: 0.6 m/s, 風級: 1, 風向角度: 95.8, 風向: 東
2025-07-09 14:16:11 - ModbusReader - INFO - 風速: 0.6 m/s, 風級: 1, 風向角度: 95.8, 風向: 東
2025-07-09 14:16:41 - ModbusReader - INFO - 風速: 0.2 m/s, 風級: 0, 風向角度: 332.6, 風向: 北北西
2025-07-09 14:16:42 - ModbusReader - INFO - 風速: 0.2 m/s, 風級: 0, 風向角度: 332.6, 風向: 北北西
2025-07-09 14:17:12 - ModbusReader - INFO - 風速: 0.5 m/s, 風級: 1, 風向角度: 273.0, 風向: 西
2025-07-09 14:17:13 - ModbusReader - INFO - 風速: 0.5 m/s, 風級: 1, 風向角度: 273.0, 風向: 西
2025-07-09 14:17:44 - ModbusReader - INFO - 風速: 0.8 m/s, 風級: 1, 風向角度: 322.8, 風向: 西北
2025-07-09 14:17:44 - ModbusReader - INFO - 風速: 0.8 m/s, 風級: 1, 風向角度: 322.8, 風向: 西北
2025-07-09 14:18:15 - ModbusReader - INFO - 風速: 0.5 m/s, 風級: 1, 風向角度: 320.2, 風向: 西北
2025-07-09 14:18:15 - ModbusReader - INFO - 風速: 0.5 m/s, 風級: 1, 風向角度: 320.2, 風向: 西北
2025-07-09 14:18:46 - ModbusReader - INFO - 風速: 0.3 m/s, 風級: 1, 風向角度: 19.6, 風向: 北北東
2025-07-09 14:18:47 - ModbusReader - INFO - 風速: 0.3 m/s, 風級: 1, 風向角度: 19.6, 風向: 北北東
2025-07-09 14:19:17 - ModbusReader - INFO - 風速: 0.0 m/s, 風級: 0, 風向角度: 265.0, 風向: 西
2025-07-09 14:19:18 - ModbusReader - INFO - 風速: 0.0 m/s, 風級: 0, 風向角度: 265.0, 風向: 西
2025-07-09 14:19:48 - ModbusReader - INFO - 風速: 0.0 m/s, 風級: 0, 風向角度: 141.6, 風向: 東南
2025-07-09 14:19:49 - ModbusReader - INFO - 風速: 0.0 m/s, 風級: 0, 風向角度: 141.6, 風向: 東南
2025-07-09 14:20:20 - ModbusReader - INFO - 風速: 0.1 m/s, 風級: 0, 風向角度: 280.9, 風向: 西
2025-07-09 14:20:20 - ModbusReader - INFO - 風速: 0.1 m/s, 風級: 0, 風向角度: 280.9, 風向: 西
2025-07-09 14:20:51 - ModbusReader - INFO - 風速: 1.0 m/s, 風級: 1, 風向角度: 281.4, 風向: 西北西
2025-07-09 14:20:51 - ModbusReader - INFO - 風速: 1.0 m/s, 風級: 1, 風向角度: 281.4, 風向: 西北西
2025-07-09 14:21:22 - ModbusReader - INFO - 風速: 1.1 m/s, 風級: 1, 風向角度: 297.8, 風向: 西北西
2025-07-09 14:21:23 - ModbusReader - INFO - 風速: 1.1 m/s, 風級: 1, 風向角度: 297.8, 風向: 西北西
2025-07-09 14:21:53 - ModbusReader - INFO - 風速: 0.8 m/s, 風級: 1, 風向角度: 46.7, 風向: 東北
2025-07-09 14:21:54 - ModbusReader - INFO - 風速: 0.8 m/s, 風級: 1, 風向角度: 46.7, 風向: 東北
2025-07-09 14:22:24 - ModbusReader - INFO - 風速: 0.0 m/s, 風級: 0, 風向角度: 29.3, 風向: 北北東
2025-07-09 14:22:25 - ModbusReader - INFO - 風速: 0.0 m/s, 風級: 0, 風向角度: 29.3, 風向: 北北東
2025-07-09 14:22:56 - ModbusReader - INFO - 風速: 0.0 m/s, 風級: 0, 風向角度: 327.9, 風向: 北北西
2025-07-09 14:22:56 - ModbusReader - INFO - 風速: 0.0 m/s, 風級: 0, 風向角度: 327.9, 風向: 北北西
2025-07-09 14:23:27 - ModbusReader - INFO - 風速: 0.0 m/s, 風級: 0, 風向角度: 33.4, 風向: 北北東
2025-07-09 14:23:27 - ModbusReader - INFO - 風速: 0.0 m/s, 風級: 0, 風向角度: 33.4, 風向: 北北東
2025-07-09 14:23:58 - ModbusReader - INFO - 風速: 0.0 m/s, 風級: 0, 風向角度: 45.5, 風向: 東北
2025-07-09 14:23:59 - ModbusReader - INFO - 風速: 0.0 m/s, 風級: 0, 風向角度: 45.5, 風向: 東北
2025-07-09 14:24:29 - ModbusReader - INFO - 風速: 0.0 m/s, 風級: 0, 風向角度: 31.3, 風向: 北北東
2025-07-09 14:24:30 - ModbusReader - INFO - 風速: 0.0 m/s, 風級: 0, 風向角度: 31.3, 風向: 北北東
2025-07-09 14:25:00 - ModbusReader - INFO - 風速: 0.0 m/s, 風級: 0, 風向角度: 317.3, 風向: 西北
2025-07-09 14:25:01 - ModbusReader - INFO - 風速: 0.0 m/s, 風級: 0, 風向角度: 317.3, 風向: 西北
2025-07-09 14:25:32 - ModbusReader - INFO - 風速: 0.0 m/s, 風級: 0, 風向角度: 282.1, 風向: 西北西
2025-07-09 14:25:32 - ModbusReader - INFO - 風速: 0.0 m/s, 風級: 0, 風向角度: 282.1, 風向: 西北西
2025-07-09 14:26:03 - ModbusReader - INFO - 風速: 0.6 m/s, 風級: 1, 風向角度: 288.4, 風向: 西北西
2025-07-09 14:26:03 - ModbusReader - INFO - 風速: 0.6 m/s, 風級: 1, 風向角度: 288.4, 風向: 西北西
2025-07-09 14:26:34 - ModbusReader - INFO - 風速: 0.5 m/s, 風級: 1, 風向角度: 88.5, 風向: 東
2025-07-09 14:26:35 - ModbusReader - INFO - 風速: 0.5 m/s, 風級: 1, 風向角度: 88.5, 風向: 東
2025-07-09 14:27:05 - ModbusReader - INFO - 風速: 0.0 m/s, 風級: 0, 風向角度: 99.0, 風向: 東
2025-07-09 14:27:06 - ModbusReader - INFO - 風速: 0.0 m/s, 風級: 0, 風向角度: 99.0, 風向: 東
2025-07-09 14:27:36 - ModbusReader - INFO - 風速: 0.0 m/s, 風級: 0, 風向角度: 150.2, 風向: 南南東
2025-07-09 14:27:37 - ModbusReader - INFO - 風速: 0.0 m/s, 風級: 0, 風向角度: 150.2, 風向: 南南東
2025-07-09 14:28:08 - ModbusReader - INFO - 風速: 0.0 m/s, 風級: 0, 風向角度: 205.3, 風向: 南南西
2025-07-09 14:28:08 - ModbusReader - INFO - 風速: 0.0 m/s, 風級: 0, 風向角度: 205.3, 風向: 南南西
2025-07-09 14:28:39 - ModbusReader - INFO - 風速: 0.0 m/s, 風級: 0, 風向角度: 338.0, 風向: 北北西
2025-07-09 14:28:39 - ModbusReader - INFO - 風速: 0.0 m/s, 風級: 0, 風向角度: 338.0, 風向: 北北西
2025-07-09 14:29:10 - ModbusReader - INFO - 風速: 0.0 m/s, 風級: 0, 風向角度: 355.4, 風向: 北
2025-07-09 14:29:11 - ModbusReader - INFO - 風速: 0.0 m/s, 風級: 0, 風向角度: 355.4, 風向: 北
2025-07-09 14:29:41 - ModbusReader - INFO - 風速: 0.0 m/s, 風級: 0, 風向角度: 208.6, 風向: 南南西
2025-07-09 14:29:42 - ModbusReader - INFO - 風速: 0.0 m/s, 風級: 0, 風向角度: 208.6, 風向: 南南西
2025-07-09 14:30:12 - ModbusReader - INFO - 風速: 0.0 m/s, 風級: 0, 風向角度: 106.9, 風向: 東南東
2025-07-09 14:30:13 - ModbusReader - INFO - 風速: 0.0 m/s, 風級: 0, 風向角度: 106.9, 風向: 東南東
2025-07-09 14:30:44 - ModbusReader - INFO - 風速: 0.0 m/s, 風級: 0, 風向角度: 62.1, 風向: 東北東
2025-07-09 14:30:44 - ModbusReader - INFO - 風速: 0.0 m/s, 風級: 0, 風向角度: 62.1, 風向: 東北東
2025-07-09 14:31:15 - ModbusReader - INFO - 風速: 0.0 m/s, 風級: 0, 風向角度: 348.7, 風向: 北北西
2025-07-09 14:31:15 - ModbusReader - INFO - 風速: 0.0 m/s, 風級: 0, 風向角度: 348.7, 風向: 北北西
2025-07-09 14:31:46 - ModbusReader - INFO - 風速: 0.0 m/s, 風級: 0, 風向角度: 341.8, 風向: 北北西
2025-07-09 14:31:47 - ModbusReader - INFO - 風速: 0.0 m/s, 風級: 0, 風向角度: 341.8, 風向: 北北西
2025-07-09 14:32:17 - ModbusReader - INFO - 風速: 0.0 m/s, 風級: 0, 風向角度: 52.3, 風向: 東北
2025-07-09 14:32:18 - ModbusReader - INFO - 風速: 0.0 m/s, 風級: 0, 風向角度: 52.3, 風向: 東北
2025-07-09 14:32:48 - ModbusReader - INFO - 風速: 0.1 m/s, 風級: 0, 風向角度: 311.5, 風向: 西北
2025-07-09 14:32:49 - ModbusReader - INFO - 風速: 0.1 m/s, 風級: 0, 風向角度: 311.5, 風向: 西北
2025-07-09 14:33:20 - ModbusReader - INFO - 風速: 0.0 m/s, 風級: 0, 風向角度: 130.3, 風向: 東南
2025-07-09 14:33:20 - ModbusReader - INFO - 風速: 0.0 m/s, 風級: 0, 風向角度: 130.3, 風向: 東南
2025-07-09 14:33:51 - ModbusReader - INFO - 風速: 0.0 m/s, 風級: 0, 風向角度: 4.8, 風向: 北
2025-07-09 14:33:51 - ModbusReader - INFO - 風速: 0.0 m/s, 風級: 0, 風向角度: 4.8, 風向: 北
2025-07-09 14:34:22 - ModbusReader - INFO - 風速: 0.0 m/s, 風級: 0, 風向角度: 311.7, 風向: 西北
2025-07-09 14:34:23 - ModbusReader - INFO - 風速: 0.0 m/s, 風級: 0, 風向角度: 311.7, 風向: 西北
2025-07-09 14:34:53 - ModbusReader - INFO - 風速: 0.3 m/s, 風級: 1, 風向角度: 235.4, 風向: 西南
2025-07-09 14:34:54 - ModbusReader - INFO - 風速: 0.3 m/s, 風級: 1, 風向角度: 235.4, 風向: 西南
2025-07-09 14:35:24 - ModbusReader - INFO - 風速: 0.5 m/s, 風級: 1, 風向角度: 175.8, 風向: 南
2025-07-09 14:35:25 - ModbusReader - INFO - 風速: 0.5 m/s, 風級: 1, 風向角度: 175.8, 風向: 南
2025-07-09 14:35:56 - ModbusReader - INFO - 風速: 0.5 m/s, 風級: 1, 風向角度: 69.0, 風向: 東北東
2025-07-09 14:35:56 - ModbusReader - INFO - 風速: 0.5 m/s, 風級: 1, 風向角度: 69.0, 風向: 東北東
2025-07-09 14:36:27 - ModbusReader - INFO - 風速: 0.2 m/s, 風級: 0, 風向角度: 322.2, 風向: 西北
2025-07-09 14:36:27 - ModbusReader - INFO - 風速: 0.2 m/s, 風級: 0, 風向角度: 322.2, 風向: 西北
2025-07-09 14:36:58 - ModbusReader - INFO - 風速: 0.0 m/s, 風級: 0, 風向角度: 350.0, 風向: 北
2025-07-09 14:36:59 - ModbusReader - INFO - 風速: 0.0 m/s, 風級: 0, 風向角度: 75.0, 風向: 東北東
2025-07-09 14:37:29 - ModbusReader - INFO - 風速: 0.0 m/s, 風級: 0, 風向角度: 29.4, 風向: 北北東
2025-07-09 14:37:30 - ModbusReader - INFO - 風速: 0.0 m/s, 風級: 0, 風向角度: 29.4, 風向: 北北東
2025-07-09 14:38:00 - ModbusReader - INFO - 風速: 0.0 m/s, 風級: 0, 風向角度: 78.4, 風向: 東北東
2025-07-09 14:38:01 - ModbusReader - INFO - 風速: 0.0 m/s, 風級: 0, 風向角度: 78.4, 風向: 東北東
2025-07-09 14:38:32 - ModbusReader - INFO - 風速: 0.0 m/s, 風級: 0, 風向角度: 211.3, 風向: 南南西
2025-07-09 14:38:32 - ModbusReader - INFO - 風速: 0.0 m/s, 風級: 0, 風向角度: 211.3, 風向: 南南西
2025-07-09 14:39:03 - ModbusReader - INFO - 風速: 0.0 m/s, 風級: 0, 風向角度: 353.5, 風向: 北
2025-07-09 14:39:03 - ModbusReader - INFO - 風速: 0.0 m/s, 風級: 0, 風向角度: 353.5, 風向: 北
2025-07-09 14:39:34 - ModbusReader - INFO - 風速: 0.0 m/s, 風級: 0, 風向角度: 159.0, 風向: 南南東
2025-07-09 14:39:35 - ModbusReader - INFO - 風速: 0.0 m/s, 風級: 0, 風向角度: 159.0, 風向: 南南東
2025-07-09 14:40:05 - ModbusReader - INFO - 風速: 0.0 m/s, 風級: 0, 風向角度: 309.7, 風向: 西北
2025-07-09 14:40:06 - ModbusReader - INFO - 風速: 0.0 m/s, 風級: 0, 風向角度: 309.7, 風向: 西北
2025-07-09 14:40:36 - ModbusReader - INFO - 風速: 0.0 m/s, 風級: 0, 風向角度: 124.5, 風向: 東南
2025-07-09 14:40:37 - ModbusReader - INFO - 風速: 0.0 m/s, 風級: 0, 風向角度: 124.5, 風向: 東南
2025-07-09 14:41:08 - ModbusReader - INFO - 風速: 0.0 m/s, 風級: 0, 風向角度: 220.1, 風向: 西南
2025-07-09 14:41:08 - ModbusReader - INFO - 風速: 0.0 m/s, 風級: 0, 風向角度: 220.1, 風向: 西南
2025-07-09 14:41:39 - ModbusReader - INFO - 風速: 0.0 m/s, 風級: 0, 風向角度: 122.4, 風向: 東南東
2025-07-09 14:41:39 - ModbusReader - INFO - 風速: 0.0 m/s, 風級: 0, 風向角度: 122.4, 風向: 東南東
2025-07-09 14:42:10 - ModbusReader - INFO - 風速: 0.0 m/s, 風級: 0, 風向角度: 29.2, 風向: 北北東
2025-07-09 14:42:11 - ModbusReader - INFO - 風速: 0.0 m/s, 風級: 0, 風向角度: 29.2, 風向: 北北東
2025-07-09 14:42:41 - ModbusReader - INFO - 風速: 0.0 m/s, 風級: 0, 風向角度: 91.2, 風向: 東
2025-07-09 14:42:42 - ModbusReader - INFO - 風速: 0.0 m/s, 風級: 0, 風向角度: 91.2, 風向: 東
2025-07-09 14:43:12 - ModbusReader - INFO - 風速: 0.0 m/s, 風級: 0, 風向角度: 59.1, 風向: 東北東
2025-07-09 14:43:13 - ModbusReader - INFO - 風速: 0.0 m/s, 風級: 0, 風向角度: 59.1, 風向: 東北東
2025-07-09 14:43:44 - ModbusReader - INFO - 風速: 0.0 m/s, 風級: 0, 風向角度: 21.8, 風向: 北北東
2025-07-09 14:43:44 - ModbusReader - INFO - 風速: 0.0 m/s, 風級: 0, 風向角度: 21.8, 風向: 北北東
2025-07-09 14:44:15 - ModbusReader - INFO - 風速: 0.0 m/s, 風級: 0, 風向角度: 319.9, 風向: 西北
2025-07-09 14:44:15 - ModbusReader - INFO - 風速: 0.0 m/s, 風級: 0, 風向角度: 250.1, 風向: 西南西
2025-07-09 14:44:46 - ModbusReader - INFO - 風速: 0.0 m/s, 風級: 0, 風向角度: 204.4, 風向: 南南西
2025-07-09 14:44:47 - ModbusReader - INFO - 風速: 0.0 m/s, 風級: 0, 風向角度: 204.4, 風向: 南南西
2025-07-09 14:45:17 - ModbusReader - INFO - 風速: 0.0 m/s, 風級: 0, 風向角度: 137.1, 風向: 東南
2025-07-09 14:45:18 - ModbusReader - INFO - 風速: 0.0 m/s, 風級: 0, 風向角度: 137.1, 風向: 東南
2025-07-09 14:45:48 - ModbusReader - INFO - 風速: 0.0 m/s, 風級: 0, 風向角度: 119.3, 風向: 東南東
2025-07-09 14:45:49 - ModbusReader - INFO - 風速: 0.0 m/s, 風級: 0, 風向角度: 119.3, 風向: 東南東
2025-07-09 14:46:20 - ModbusReader - INFO - 風速: 0.0 m/s, 風級: 0, 風向角度: 210.8, 風向: 南南西
2025-07-09 14:46:20 - ModbusReader - INFO - 風速: 0.0 m/s, 風級: 0, 風向角度: 210.8, 風向: 南南西
2025-07-09 14:46:51 - ModbusReader - INFO - 風速: 0.0 m/s, 風級: 0, 風向角度: 34.4, 風向: 東北
2025-07-09 14:46:51 - ModbusReader - INFO - 風速: 0.0 m/s, 風級: 0, 風向角度: 34.4, 風向: 東北
2025-07-09 14:47:22 - ModbusReader - INFO - 風速: 0.0 m/s, 風級: 0, 風向角度: 145.7, 風向: 東南
2025-07-09 14:47:23 - ModbusReader - INFO - 風速: 0.0 m/s, 風級: 0, 風向角度: 145.7, 風向: 東南
2025-07-09 14:47:53 - ModbusReader - INFO - 風速: 0.0 m/s, 風級: 0, 風向角度: 182.8, 風向: 南
2025-07-09 14:47:54 - ModbusReader - INFO - 風速: 0.0 m/s, 風級: 0, 風向角度: 182.8, 風向: 南
2025-07-09 14:48:24 - ModbusReader - INFO - 風速: 0.0 m/s, 風級: 0, 風向角度: 246.6, 風向: 西南西
2025-07-09 14:48:25 - ModbusReader - INFO - 風速: 0.0 m/s, 風級: 0, 風向角度: 246.6, 風向: 西南西
2025-07-09 14:48:56 - ModbusReader - INFO - 風速: 0.0 m/s, 風級: 0, 風向角度: 104.1, 風向: 東南東
2025-07-09 14:48:56 - ModbusReader - INFO - 風速: 0.0 m/s, 風級: 0, 風向角度: 104.1, 風向: 東南東
2025-07-09 14:49:27 - ModbusReader - INFO - 風速: 0.0 m/s, 風級: 0, 風向角度: 65.2, 風向: 東北東
2025-07-09 14:49:27 - ModbusReader - INFO - 風速: 0.0 m/s, 風級: 0, 風向角度: 65.2, 風向: 東北東
2025-07-09 14:49:58 - ModbusReader - INFO - 風速: 0.0 m/s, 風級: 0, 風向角度: 216.7, 風向: 西南
2025-07-09 14:49:59 - ModbusReader - INFO - 風速: 0.0 m/s, 風級: 0, 風向角度: 216.7, 風向: 西南
2025-07-09 14:50:29 - ModbusReader - INFO - 風速: 0.9 m/s, 風級: 1, 風向角度: 144.2, 風向: 東南
2025-07-09 14:50:30 - ModbusReader - INFO - 風速: 0.9 m/s, 風級: 1, 風向角度: 144.2, 風向: 東南
2025-07-09 14:51:00 - ModbusReader - INFO - 風速: 0.0 m/s, 風級: 0, 風向角度: 130.5, 風向: 東南
2025-07-09 14:51:01 - ModbusReader - INFO - 風速: 0.0 m/s, 風級: 0, 風向角度: 130.5, 風向: 東南
2025-07-09 14:51:32 - ModbusReader - INFO - 風速: 0.3 m/s, 風級: 1, 風向角度: 146.4, 風向: 南南東
2025-07-09 14:51:32 - ModbusReader - INFO - 風速: 0.7 m/s, 風級: 1, 風向角度: 105.7, 風向: 東南東
2025-07-09 14:52:03 - ModbusReader - INFO - 風速: 0.0 m/s, 風級: 0, 風向角度: 153.9, 風向: 南南東
2025-07-09 14:52:03 - ModbusReader - INFO - 風速: 0.0 m/s, 風級: 0, 風向角度: 153.9, 風向: 南南東
2025-07-09 14:52:34 - ModbusReader - INFO - 風速: 0.0 m/s, 風級: 0, 風向角度: 144.7, 風向: 東南
2025-07-09 14:52:35 - ModbusReader - INFO - 風速: 0.0 m/s, 風級: 0, 風向角度: 144.7, 風向: 東南
2025-07-09 14:53:05 - ModbusReader - INFO - 風速: 0.0 m/s, 風級: 0, 風向角度: 46.5, 風向: 東北
2025-07-09 14:53:06 - ModbusReader - INFO - 風速: 0.0 m/s, 風級: 0, 風向角度: 46.5, 風向: 東北
2025-07-09 14:53:36 - ModbusReader - INFO - 風速: 0.0 m/s, 風級: 0, 風向角度: 16.4, 風向: 北北東
2025-07-09 14:53:37 - ModbusReader - INFO - 風速: 0.0 m/s, 風級: 0, 風向角度: 16.4, 風向: 北北東
2025-07-09 14:54:08 - ModbusReader - INFO - 風速: 0.0 m/s, 風級: 0, 風向角度: 202.6, 風向: 南南西
2025-07-09 14:54:08 - ModbusReader - INFO - 風速: 0.0 m/s, 風級: 0, 風向角度: 202.6, 風向: 南南西
2025-07-09 14:54:39 - ModbusReader - INFO - 風速: 0.2 m/s, 風級: 0, 風向角度: 140.0, 風向: 東南
2025-07-09 14:54:39 - ModbusReader - INFO - 風速: 0.2 m/s, 風級: 0, 風向角度: 140.0, 風向: 東南
2025-07-09 14:55:10 - ModbusReader - INFO - 風速: 0.1 m/s, 風級: 0, 風向角度: 301.5, 風向: 西北西
2025-07-09 14:55:11 - ModbusReader - INFO - 風速: 0.1 m/s, 風級: 0, 風向角度: 301.5, 風向: 西北西
2025-07-09 14:55:41 - ModbusReader - INFO - 風速: 0.0 m/s, 風級: 0, 風向角度: 163.4, 風向: 南南東
2025-07-09 14:55:42 - ModbusReader - INFO - 風速: 0.0 m/s, 風級: 0, 風向角度: 163.4, 風向: 南南東
2025-07-09 14:56:12 - ModbusReader - INFO - 風速: 0.4 m/s, 風級: 1, 風向角度: 115.7, 風向: 東南東
2025-07-09 14:56:13 - ModbusReader - INFO - 風速: 0.4 m/s, 風級: 1, 風向角度: 115.7, 風向: 東南東
2025-07-09 14:56:44 - ModbusReader - INFO - 風速: 0.0 m/s, 風級: 0, 風向角度: 153.3, 風向: 南南東
2025-07-09 14:56:44 - ModbusReader - INFO - 風速: 0.0 m/s, 風級: 0, 風向角度: 153.3, 風向: 南南東
2025-07-09 14:57:15 - ModbusReader - INFO - 風速: 0.0 m/s, 風級: 0, 風向角度: 117.6, 風向: 東南東
2025-07-09 14:57:15 - ModbusReader - INFO - 風速: 0.0 m/s, 風級: 0, 風向角度: 117.6, 風向: 東南東
2025-07-09 14:57:46 - ModbusReader - INFO - 風速: 0.0 m/s, 風級: 0, 風向角度: 75.9, 風向: 東北東
2025-07-09 14:57:47 - ModbusReader - INFO - 風速: 0.0 m/s, 風級: 0, 風向角度: 75.9, 風向: 東北東
2025-07-09 14:58:17 - ModbusReader - INFO - 風速: 0.5 m/s, 風級: 1, 風向角度: 227.7, 風向: 西南
2025-07-09 14:58:18 - ModbusReader - INFO - 風速: 0.5 m/s, 風級: 1, 風向角度: 227.7, 風向: 西南
2025-07-09 14:58:48 - ModbusReader - INFO - 風速: 0.0 m/s, 風級: 0, 風向角度: 337.4, 風向: 北北西
2025-07-09 14:58:49 - ModbusReader - INFO - 風速: 0.0 m/s, 風級: 0, 風向角度: 69.6, 風向: 東北東
2025-07-09 14:59:20 - ModbusReader - INFO - 風速: 0.0 m/s, 風級: 0, 風向角度: 222.1, 風向: 西南
2025-07-09 14:59:20 - ModbusReader - INFO - 風速: 0.0 m/s, 風級: 0, 風向角度: 222.1, 風向: 西南
2025-07-09 14:59:51 - ModbusReader - INFO - 風速: 0.0 m/s, 風級: 0, 風向角度: 122.2, 風向: 東南東
2025-07-09 14:59:51 - ModbusReader - INFO - 風速: 0.0 m/s, 風級: 0, 風向角度: 122.2, 風向: 東南東
2025-07-09 15:00:22 - ModbusReader - INFO - 風速: 0.0 m/s, 風級: 0, 風向角度: 316.2, 風向: 西北
2025-07-09 15:00:23 - ModbusReader - INFO - 風速: 0.0 m/s, 風級: 0, 風向角度: 316.2, 風向: 西北
2025-07-09 15:00:53 - ModbusReader - INFO - 風速: 0.0 m/s, 風級: 0, 風向角度: 335.0, 風向: 北北西
2025-07-09 15:00:54 - ModbusReader - INFO - 風速: 0.0 m/s, 風級: 0, 風向角度: 335.0, 風向: 北北西
2025-07-09 15:01:24 - ModbusReader - INFO - 風速: 0.0 m/s, 風級: 0, 風向角度: 54.5, 風向: 東北
2025-07-09 15:01:25 - ModbusReader - INFO - 風速: 0.0 m/s, 風級: 0, 風向角度: 54.5, 風向: 東北
2025-07-09 15:01:56 - ModbusReader - INFO - 風速: 0.0 m/s, 風級: 0, 風向角度: 230.7, 風向: 西南
2025-07-09 15:01:56 - ModbusReader - INFO - 風速: 0.0 m/s, 風級: 0, 風向角度: 230.7, 風向: 西南
2025-07-09 15:02:27 - ModbusReader - INFO - 風速: 0.0 m/s, 風級: 0, 風向角度: 43.0, 風向: 東北
2025-07-09 15:02:27 - ModbusReader - INFO - 風速: 0.0 m/s, 風級: 0, 風向角度: 43.0, 風向: 東北
2025-07-09 15:02:58 - ModbusReader - INFO - 風速: 0.0 m/s, 風級: 0, 風向角度: 304.9, 風向: 西北
2025-07-09 15:02:59 - ModbusReader - INFO - 風速: 0.0 m/s, 風級: 0, 風向角度: 304.9, 風向: 西北
2025-07-09 15:03:29 - ModbusReader - INFO - 風速: 0.0 m/s, 風級: 0, 風向角度: 341.2, 風向: 北北西
2025-07-09 15:03:30 - ModbusReader - INFO - 風速: 0.0 m/s, 風級: 0, 風向角度: 341.2, 風向: 北北西
2025-07-09 15:04:00 - ModbusReader - INFO - 風速: 0.0 m/s, 風級: 0, 風向角度: 255.0, 風向: 西南西
2025-07-09 15:04:01 - ModbusReader - INFO - 風速: 0.0 m/s, 風級: 0, 風向角度: 255.0, 風向: 西南西
2025-07-09 15:04:32 - ModbusReader - INFO - 風速: 0.0 m/s, 風級: 0, 風向角度: 51.6, 風向: 東北
2025-07-09 15:04:32 - ModbusReader - INFO - 風速: 0.0 m/s, 風級: 0, 風向角度: 51.6, 風向: 東北
2025-07-09 15:05:03 - ModbusReader - INFO - 風速: 0.0 m/s, 風級: 0, 風向角度: 227.4, 風向: 西南
2025-07-09 15:05:03 - ModbusReader - INFO - 風速: 0.0 m/s, 風級: 0, 風向角度: 227.4, 風向: 西南
2025-07-09 15:05:34 - ModbusReader - INFO - 風速: 0.0 m/s, 風級: 0, 風向角度: 355.3, 風向: 北
2025-07-09 15:05:35 - ModbusReader - INFO - 風速: 0.0 m/s, 風級: 0, 風向角度: 355.3, 風向: 北
2025-07-09 15:06:05 - ModbusReader - INFO - 風速: 0.0 m/s, 風級: 0, 風向角度: 95.8, 風向: 東
2025-07-09 15:06:06 - ModbusReader - INFO - 風速: 0.0 m/s, 風級: 0, 風向角度: 70.8, 風向: 東北東
2025-07-09 15:06:36 - ModbusReader - INFO - 風速: 0.0 m/s, 風級: 0, 風向角度: 81.9, 風向: 東
2025-07-09 15:06:37 - ModbusReader - INFO - 風速: 0.0 m/s, 風級: 0, 風向角度: 81.9, 風向: 東
2025-07-09 15:07:08 - ModbusReader - INFO - 風速: 0.5 m/s, 風級: 1, 風向角度: 271.7, 風向: 西
2025-07-09 15:07:08 - ModbusReader - INFO - 風速: 0.5 m/s, 風級: 1, 風向角度: 271.7, 風向: 西
2025-07-09 15:07:39 - ModbusReader - INFO - 風速: 0.5 m/s, 風級: 1, 風向角度: 50.1, 風向: 東北
2025-07-09 15:07:39 - ModbusReader - INFO - 風速: 0.5 m/s, 風級: 1, 風向角度: 50.1, 風向: 東北
2025-07-09 15:08:10 - ModbusReader - INFO - 風速: 0.5 m/s, 風級: 1, 風向角度: 291.6, 風向: 西北西
2025-07-09 15:08:11 - ModbusReader - INFO - 風速: 0.5 m/s, 風級: 1, 風向角度: 291.6, 風向: 西北西
2025-07-09 15:08:41 - ModbusReader - INFO - 風速: 0.0 m/s, 風級: 0, 風向角度: 325.9, 風向: 西北
2025-07-09 15:08:42 - ModbusReader - INFO - 風速: 0.0 m/s, 風級: 0, 風向角度: 325.9, 風向: 西北
2025-07-09 15:09:12 - ModbusReader - INFO - 風速: 0.6 m/s, 風級: 1, 風向角度: 337.2, 風向: 北北西
2025-07-09 15:09:13 - ModbusReader - INFO - 風速: 0.6 m/s, 風級: 1, 風向角度: 337.2, 風向: 北北西
2025-07-09 15:09:44 - ModbusReader - INFO - 風速: 0.0 m/s, 風級: 0, 風向角度: 201.4, 風向: 南南西
2025-07-09 15:09:44 - ModbusReader - INFO - 風速: 0.0 m/s, 風級: 0, 風向角度: 201.4, 風向: 南南西
2025-07-09 15:10:15 - ModbusReader - INFO - 風速: 0.0 m/s, 風級: 0, 風向角度: 313.0, 風向: 西北
2025-07-09 15:10:15 - ModbusReader - INFO - 風速: 0.0 m/s, 風級: 0, 風向角度: 313.0, 風向: 西北
2025-07-09 15:10:46 - ModbusReader - INFO - 風速: 0.5 m/s, 風級: 1, 風向角度: 103.1, 風向: 東南東
2025-07-09 15:10:47 - ModbusReader - INFO - 風速: 0.5 m/s, 風級: 1, 風向角度: 103.1, 風向: 東南東
2025-07-09 15:11:17 - ModbusReader - INFO - 風速: 0.3 m/s, 風級: 1, 風向角度: 44.1, 風向: 東北
2025-07-09 15:11:18 - ModbusReader - INFO - 風速: 0.3 m/s, 風級: 1, 風向角度: 44.1, 風向: 東北
2025-07-09 15:11:48 - ModbusReader - INFO - 風速: 0.8 m/s, 風級: 1, 風向角度: 294.4, 風向: 西北西
2025-07-09 15:11:49 - ModbusReader - INFO - 風速: 0.8 m/s, 風級: 1, 風向角度: 294.4, 風向: 西北西
2025-07-09 15:12:20 - ModbusReader - INFO - 風速: 1.0 m/s, 風級: 1, 風向角度: 206.5, 風向: 南南西
2025-07-09 15:12:20 - ModbusReader - INFO - 風速: 1.0 m/s, 風級: 1, 風向角度: 206.5, 風向: 南南西
2025-07-09 15:12:51 - ModbusReader - INFO - 風速: 0.0 m/s, 風級: 0, 風向角度: 160.8, 風向: 南南東
2025-07-09 15:12:51 - ModbusReader - INFO - 風速: 0.0 m/s, 風級: 0, 風向角度: 160.8, 風向: 南南東
2025-07-09 15:13:22 - ModbusReader - INFO - 風速: 0.0 m/s, 風級: 0, 風向角度: 316.7, 風向: 西北
2025-07-09 15:13:23 - ModbusReader - INFO - 風速: 0.0 m/s, 風級: 0, 風向角度: 46.8, 風向: 東北
2025-07-09 15:13:53 - ModbusReader - INFO - 風速: 0.6 m/s, 風級: 1, 風向角度: 348.7, 風向: 北北西
2025-07-09 15:13:54 - ModbusReader - INFO - 風速: 0.6 m/s, 風級: 1, 風向角度: 348.7, 風向: 北北西
2025-07-09 15:14:24 - ModbusReader - INFO - 風速: 0.0 m/s, 風級: 0, 風向角度: 109.4, 風向: 東南東
2025-07-09 15:14:25 - ModbusReader - INFO - 風速: 0.0 m/s, 風級: 0, 風向角度: 109.4, 風向: 東南東
2025-07-09 15:14:56 - ModbusReader - INFO - 風速: 0.0 m/s, 風級: 0, 風向角度: 11.0, 風向: 北
2025-07-09 15:14:56 - ModbusReader - INFO - 風速: 0.0 m/s, 風級: 0, 風向角度: 11.0, 風向: 北
2025-07-09 15:15:27 - ModbusReader - INFO - 風速: 0.0 m/s, 風級: 0, 風向角度: 24.7, 風向: 北北東
2025-07-09 15:15:27 - ModbusReader - INFO - 風速: 0.0 m/s, 風級: 0, 風向角度: 24.7, 風向: 北北東
2025-07-09 15:15:58 - ModbusReader - INFO - 風速: 0.0 m/s, 風級: 0, 風向角度: 97.3, 風向: 東
2025-07-09 15:15:59 - ModbusReader - INFO - 風速: 0.0 m/s, 風級: 0, 風向角度: 97.3, 風向: 東
2025-07-09 15:16:29 - ModbusReader - INFO - 風速: 0.1 m/s, 風級: 0, 風向角度: 101.7, 風向: 東南東
2025-07-09 15:16:30 - ModbusReader - INFO - 風速: 0.1 m/s, 風級: 0, 風向角度: 101.7, 風向: 東南東
2025-07-09 15:17:00 - ModbusReader - INFO - 風速: 0.0 m/s, 風級: 0, 風向角度: 60.6, 風向: 東北東
2025-07-09 15:17:01 - ModbusReader - INFO - 風速: 0.0 m/s, 風級: 0, 風向角度: 60.6, 風向: 東北東
2025-07-09 15:17:32 - ModbusReader - INFO - 風速: 0.4 m/s, 風級: 1, 風向角度: 135.3, 風向: 東南
2025-07-09 15:17:32 - ModbusReader - INFO - 風速: 0.4 m/s, 風級: 1, 風向角度: 135.3, 風向: 東南
2025-07-09 15:18:03 - ModbusReader - INFO - 風速: 0.0 m/s, 風級: 0, 風向角度: 196.5, 風向: 南南西
2025-07-09 15:18:03 - ModbusReader - INFO - 風速: 0.0 m/s, 風級: 0, 風向角度: 196.5, 風向: 南南西
2025-07-09 15:18:34 - ModbusReader - INFO - 風速: 0.0 m/s, 風級: 0, 風向角度: 136.3, 風向: 東南
2025-07-09 15:18:35 - ModbusReader - INFO - 風速: 0.0 m/s, 風級: 0, 風向角度: 136.3, 風向: 東南
2025-07-09 15:19:05 - ModbusReader - INFO - 風速: 0.0 m/s, 風級: 0, 風向角度: 106.1, 風向: 東南東
2025-07-09 15:19:06 - ModbusReader - INFO - 風速: 0.0 m/s, 風級: 0, 風向角度: 106.1, 風向: 東南東
2025-07-09 15:19:36 - ModbusReader - INFO - 風速: 0.0 m/s, 風級: 0, 風向角度: 27.9, 風向: 北北東
2025-07-09 15:19:37 - ModbusReader - INFO - 風速: 0.0 m/s, 風級: 0, 風向角度: 27.9, 風向: 北北東
2025-07-09 15:20:08 - ModbusReader - INFO - 風速: 0.0 m/s, 風級: 0, 風向角度: 106.1, 風向: 東南東
2025-07-09 15:20:08 - ModbusReader - INFO - 風速: 0.0 m/s, 風級: 0, 風向角度: 106.1, 風向: 東南東
2025-07-09 15:20:39 - ModbusReader - INFO - 風速: 0.0 m/s, 風級: 0, 風向角度: 134.0, 風向: 東南
2025-07-09 15:20:39 - ModbusReader - INFO - 風速: 0.0 m/s, 風級: 0, 風向角度: 224.6, 風向: 西南
2025-07-09 15:21:10 - ModbusReader - INFO - 風速: 0.0 m/s, 風級: 0, 風向角度: 94.9, 風向: 東
2025-07-09 15:21:11 - ModbusReader - INFO - 風速: 0.0 m/s, 風級: 0, 風向角度: 94.9, 風向: 東
2025-07-09 15:21:41 - ModbusReader - INFO - 風速: 0.4 m/s, 風級: 1, 風向角度: 102.3, 風向: 東南東
2025-07-09 15:21:42 - ModbusReader - INFO - 風速: 0.4 m/s, 風級: 1, 風向角度: 102.3, 風向: 東南東
2025-07-09 15:22:12 - ModbusReader - INFO - 風速: 0.0 m/s, 風級: 0, 風向角度: 107.5, 風向: 東南東
2025-07-09 15:22:13 - ModbusReader - INFO - 風速: 0.0 m/s, 風級: 0, 風向角度: 107.5, 風向: 東南東
2025-07-09 15:22:44 - ModbusReader - INFO - 風速: 0.0 m/s, 風級: 0, 風向角度: 42.0, 風向: 東北
2025-07-09 15:22:44 - ModbusReader - INFO - 風速: 0.0 m/s, 風級: 0, 風向角度: 42.0, 風向: 東北
2025-07-09 15:23:15 - ModbusReader - INFO - 風速: 0.0 m/s, 風級: 0, 風向角度: 274.8, 風向: 西
2025-07-09 15:23:15 - ModbusReader - INFO - 風速: 0.0 m/s, 風級: 0, 風向角度: 274.8, 風向: 西
2025-07-09 15:23:46 - ModbusReader - INFO - 風速: 0.8 m/s, 風級: 1, 風向角度: 138.7, 風向: 東南
2025-07-09 15:23:47 - ModbusReader - INFO - 風速: 0.8 m/s, 風級: 1, 風向角度: 138.7, 風向: 東南
2025-07-09 15:24:17 - ModbusReader - INFO - 風速: 0.5 m/s, 風級: 1, 風向角度: 26.9, 風向: 北北東
2025-07-09 15:24:18 - ModbusReader - INFO - 風速: 0.5 m/s, 風級: 1, 風向角度: 26.9, 風向: 北北東
2025-07-09 15:24:48 - ModbusReader - INFO - 風速: 0.4 m/s, 風級: 1, 風向角度: 18.5, 風向: 北北東
2025-07-09 15:24:49 - ModbusReader - INFO - 風速: 0.4 m/s, 風級: 1, 風向角度: 18.5, 風向: 北北東
2025-07-09 15:25:20 - ModbusReader - INFO - 風速: 0.0 m/s, 風級: 0, 風向角度: 196.5, 風向: 南南西
2025-07-09 15:25:20 - ModbusReader - INFO - 風速: 0.0 m/s, 風級: 0, 風向角度: 196.5, 風向: 南南西
2025-07-09 15:25:51 - ModbusReader - INFO - 風速: 0.0 m/s, 風級: 0, 風向角度: 249.4, 風向: 西南西
2025-07-09 15:25:51 - ModbusReader - INFO - 風速: 0.0 m/s, 風級: 0, 風向角度: 249.4, 風向: 西南西
2025-07-09 15:26:22 - ModbusReader - INFO - 風速: 1.0 m/s, 風級: 1, 風向角度: 10.3, 風向: 北
2025-07-09 15:26:23 - ModbusReader - INFO - 風速: 1.0 m/s, 風級: 1, 風向角度: 10.3, 風向: 北
2025-07-09 15:26:53 - ModbusReader - INFO - 風速: 0.4 m/s, 風級: 1, 風向角度: 39.8, 風向: 東北
2025-07-09 15:26:54 - ModbusReader - INFO - 風速: 0.4 m/s, 風級: 1, 風向角度: 39.8, 風向: 東北
2025-07-09 15:27:24 - ModbusReader - INFO - 風速: 0.0 m/s, 風級: 0, 風向角度: 8.0, 風向: 北
2025-07-09 15:27:25 - ModbusReader - INFO - 風速: 0.0 m/s, 風級: 0, 風向角度: 8.0, 風向: 北
2025-07-09 15:27:56 - ModbusReader - INFO - 風速: 0.0 m/s, 風級: 0, 風向角度: 29.5, 風向: 北北東
2025-07-09 15:27:56 - ModbusReader - INFO - 風速: 0.0 m/s, 風級: 0, 風向角度: 126.6, 風向: 東南
2025-07-09 15:28:27 - ModbusReader - INFO - 風速: 0.7 m/s, 風級: 1, 風向角度: 297.8, 風向: 西北西
2025-07-09 15:28:27 - ModbusReader - INFO - 風速: 0.7 m/s, 風級: 1, 風向角度: 297.8, 風向: 西北西
2025-07-09 15:28:58 - ModbusReader - INFO - 風速: 0.3 m/s, 風級: 1, 風向角度: 140.1, 風向: 東南
2025-07-09 15:28:59 - ModbusReader - INFO - 風速: 0.3 m/s, 風級: 1, 風向角度: 140.1, 風向: 東南
2025-07-09 15:29:29 - ModbusReader - INFO - 風速: 0.0 m/s, 風級: 0, 風向角度: 340.5, 風向: 北北西
2025-07-09 15:29:30 - ModbusReader - INFO - 風速: 0.0 m/s, 風級: 0, 風向角度: 340.5, 風向: 北北西
2025-07-09 15:30:00 - ModbusReader - INFO - 風速: 0.0 m/s, 風級: 0, 風向角度: 153.8, 風向: 南南東
2025-07-09 15:30:01 - ModbusReader - INFO - 風速: 0.0 m/s, 風級: 0, 風向角度: 153.8, 風向: 南南東
2025-07-09 15:30:32 - ModbusReader - INFO - 風速: 0.0 m/s, 風級: 0, 風向角度: 304.4, 風向: 西北
2025-07-09 15:30:32 - ModbusReader - INFO - 風速: 0.0 m/s, 風級: 0, 風向角度: 304.4, 風向: 西北
2025-07-09 15:31:03 - ModbusReader - INFO - 風速: 0.0 m/s, 風級: 0, 風向角度: 302.0, 風向: 西北西
2025-07-09 15:31:03 - ModbusReader - INFO - 風速: 0.0 m/s, 風級: 0, 風向角度: 302.0, 風向: 西北西
2025-07-09 15:31:34 - ModbusReader - INFO - 風速: 0.0 m/s, 風級: 0, 風向角度: 275.6, 風向: 西
2025-07-09 15:31:35 - ModbusReader - INFO - 風速: 0.0 m/s, 風級: 0, 風向角度: 275.6, 風向: 西
2025-07-09 15:32:05 - ModbusReader - INFO - 風速: 0.0 m/s, 風級: 0, 風向角度: 176.1, 風向: 南
2025-07-09 15:32:06 - ModbusReader - INFO - 風速: 0.0 m/s, 風級: 0, 風向角度: 176.1, 風向: 南
2025-07-09 15:32:36 - ModbusReader - INFO - 風速: 0.0 m/s, 風級: 0, 風向角度: 354.4, 風向: 北
2025-07-09 15:32:37 - ModbusReader - INFO - 風速: 0.0 m/s, 風級: 0, 風向角度: 354.4, 風向: 北
2025-07-09 15:33:08 - ModbusReader - INFO - 風速: 0.0 m/s, 風級: 0, 風向角度: 154.9, 風向: 南南東
2025-07-09 15:33:08 - ModbusReader - INFO - 風速: 0.0 m/s, 風級: 0, 風向角度: 154.9, 風向: 南南東
2025-07-09 15:33:39 - ModbusReader - INFO - 風速: 0.0 m/s, 風級: 0, 風向角度: 337.3, 風向: 北北西
2025-07-09 15:33:39 - ModbusReader - INFO - 風速: 0.0 m/s, 風級: 0, 風向角度: 337.3, 風向: 北北西
2025-07-09 15:34:10 - ModbusReader - INFO - 風速: 0.8 m/s, 風級: 1, 風向角度: 359.9, 風向: 北
2025-07-09 15:34:10 - ModbusReader - INFO - 風速: 0.8 m/s, 風級: 1, 風向角度: 359.9, 風向: 北
2025-07-09 15:34:41 - ModbusReader - INFO - 風速: 0.4 m/s, 風級: 1, 風向角度: 290.4, 風向: 西北西
2025-07-09 15:34:42 - ModbusReader - INFO - 風速: 0.4 m/s, 風級: 1, 風向角度: 290.4, 風向: 西北西
2025-07-09 15:35:12 - ModbusReader - INFO - 風速: 0.0 m/s, 風級: 0, 風向角度: 167.7, 風向: 南南東
2025-07-09 15:35:13 - ModbusReader - INFO - 風速: 0.0 m/s, 風級: 0, 風向角度: 72.8, 風向: 東北東
2025-07-09 15:35:43 - ModbusReader - INFO - 風速: 0.0 m/s, 風級: 0, 風向角度: 114.2, 風向: 東南東
2025-07-09 15:35:44 - ModbusReader - INFO - 風速: 0.0 m/s, 風級: 0, 風向角度: 114.2, 風向: 東南東
2025-07-09 15:36:15 - ModbusReader - INFO - 風速: 0.0 m/s, 風級: 0, 風向角度: 21.3, 風向: 北北東
2025-07-09 15:36:15 - ModbusReader - INFO - 風速: 0.0 m/s, 風級: 0, 風向角度: 21.3, 風向: 北北東
2025-07-09 15:36:46 - ModbusReader - INFO - 風速: 0.5 m/s, 風級: 1, 風向角度: 101.6, 風向: 東南東
2025-07-09 15:36:46 - ModbusReader - INFO - 風速: 0.5 m/s, 風級: 1, 風向角度: 101.6, 風向: 東南東
2025-07-09 15:37:17 - ModbusReader - INFO - 風速: 0.6 m/s, 風級: 1, 風向角度: 92.6, 風向: 東
2025-07-09 15:37:18 - ModbusReader - INFO - 風速: 0.6 m/s, 風級: 1, 風向角度: 92.6, 風向: 東
2025-07-09 15:37:48 - ModbusReader - INFO - 風速: 0.3 m/s, 風級: 1, 風向角度: 283.4, 風向: 西北西
2025-07-09 15:37:49 - ModbusReader - INFO - 風速: 0.3 m/s, 風級: 1, 風向角度: 283.4, 風向: 西北西
2025-07-09 15:38:19 - ModbusReader - INFO - 風速: 0.0 m/s, 風級: 0, 風向角度: 149.9, 風向: 南南東
2025-07-09 15:38:20 - ModbusReader - INFO - 風速: 0.0 m/s, 風級: 0, 風向角度: 149.9, 風向: 南南東
2025-07-09 15:38:51 - ModbusReader - INFO - 風速: 0.0 m/s, 風級: 0, 風向角度: 205.4, 風向: 南南西
2025-07-09 15:38:51 - ModbusReader - INFO - 風速: 0.0 m/s, 風級: 0, 風向角度: 205.4, 風向: 南南西
2025-07-09 15:39:22 - ModbusReader - INFO - 風速: 0.0 m/s, 風級: 0, 風向角度: 135.3, 風向: 東南
2025-07-09 15:39:22 - ModbusReader - INFO - 風速: 0.0 m/s, 風級: 0, 風向角度: 135.3, 風向: 東南
2025-07-09 15:39:53 - ModbusReader - INFO - 風速: 0.0 m/s, 風級: 0, 風向角度: 14.9, 風向: 北北東
2025-07-09 15:39:54 - ModbusReader - INFO - 風速: 0.0 m/s, 風級: 0, 風向角度: 14.9, 風向: 北北東
2025-07-09 15:40:24 - ModbusReader - INFO - 風速: 0.0 m/s, 風級: 0, 風向角度: 282.8, 風向: 西北西
2025-07-09 15:40:25 - ModbusReader - INFO - 風速: 0.0 m/s, 風級: 0, 風向角度: 282.8, 風向: 西北西
2025-07-09 15:40:55 - ModbusReader - INFO - 風速: 0.0 m/s, 風級: 0, 風向角度: 326.2, 風向: 西北
2025-07-09 15:40:56 - ModbusReader - INFO - 風速: 0.0 m/s, 風級: 0, 風向角度: 326.2, 風向: 西北
2025-07-09 15:41:27 - ModbusReader - INFO - 風速: 0.0 m/s, 風級: 0, 風向角度: 189.5, 風向: 南
2025-07-09 15:41:27 - ModbusReader - INFO - 風速: 0.0 m/s, 風級: 0, 風向角度: 189.5, 風向: 南
2025-07-09 15:41:58 - ModbusReader - INFO - 風速: 0.0 m/s, 風級: 0, 風向角度: 313.9, 風向: 西北
2025-07-09 15:41:58 - ModbusReader - INFO - 風速: 0.0 m/s, 風級: 0, 風向角度: 313.9, 風向: 西北
2025-07-09 15:42:29 - ModbusReader - INFO - 風速: 0.0 m/s, 風級: 0, 風向角度: 304.2, 風向: 西北
2025-07-09 15:42:30 - ModbusReader - INFO - 風速: 0.0 m/s, 風級: 0, 風向角度: 358.6, 風向: 北
2025-07-09 15:43:00 - ModbusReader - INFO - 風速: 0.0 m/s, 風級: 0, 風向角度: 66.2, 風向: 東北東
2025-07-09 15:43:01 - ModbusReader - INFO - 風速: 0.0 m/s, 風級: 0, 風向角度: 66.2, 風向: 東北東
2025-07-09 15:43:31 - ModbusReader - INFO - 風速: 0.0 m/s, 風級: 0, 風向角度: 107.1, 風向: 東南東
2025-07-09 15:43:32 - ModbusReader - INFO - 風速: 0.0 m/s, 風級: 0, 風向角度: 107.1, 風向: 東南東
2025-07-09 15:44:03 - ModbusReader - INFO - 風速: 0.0 m/s, 風級: 0, 風向角度: 95.4, 風向: 東
2025-07-09 15:44:03 - ModbusReader - INFO - 風速: 0.0 m/s, 風級: 0, 風向角度: 95.4, 風向: 東
2025-07-09 15:44:34 - ModbusReader - INFO - 風速: 0.0 m/s, 風級: 0, 風向角度: 143.6, 風向: 東南
2025-07-09 15:44:34 - ModbusReader - INFO - 風速: 0.0 m/s, 風級: 0, 風向角度: 143.6, 風向: 東南
2025-07-09 15:45:05 - ModbusReader - INFO - 風速: 0.0 m/s, 風級: 0, 風向角度: 161.9, 風向: 南南東
2025-07-09 15:45:06 - ModbusReader - INFO - 風速: 0.0 m/s, 風級: 0, 風向角度: 161.9, 風向: 南南東
2025-07-09 15:45:36 - ModbusReader - INFO - 風速: 0.0 m/s, 風級: 0, 風向角度: 78.8, 風向: 東
2025-07-09 15:45:37 - ModbusReader - INFO - 風速: 0.0 m/s, 風級: 0, 風向角度: 78.8, 風向: 東
2025-07-09 15:46:07 - ModbusReader - INFO - 風速: 0.0 m/s, 風級: 0, 風向角度: 64.4, 風向: 東北東
2025-07-09 15:46:08 - ModbusReader - INFO - 風速: 0.0 m/s, 風級: 0, 風向角度: 64.4, 風向: 東北東
2025-07-09 15:46:39 - ModbusReader - INFO - 風速: 0.0 m/s, 風級: 0, 風向角度: 186.9, 風向: 南
2025-07-09 15:46:39 - ModbusReader - INFO - 風速: 0.0 m/s, 風級: 0, 風向角度: 186.9, 風向: 南
2025-07-09 15:47:10 - ModbusReader - INFO - 風速: 0.0 m/s, 風級: 0, 風向角度: 236.1, 風向: 西南
2025-07-09 15:47:10 - ModbusReader - INFO - 風速: 0.0 m/s, 風級: 0, 風向角度: 236.1, 風向: 西南
2025-07-09 15:47:41 - ModbusReader - INFO - 風速: 0.0 m/s, 風級: 0, 風向角度: 174.1, 風向: 南
2025-07-09 15:47:42 - ModbusReader - INFO - 風速: 0.0 m/s, 風級: 0, 風向角度: 174.1, 風向: 南
2025-07-09 15:48:12 - ModbusReader - INFO - 風速: 0.0 m/s, 風級: 0, 風向角度: 113.6, 風向: 東南東
2025-07-09 15:48:13 - ModbusReader - INFO - 風速: 0.0 m/s, 風級: 0, 風向角度: 113.6, 風向: 東南東
2025-07-09 15:48:43 - ModbusReader - INFO - 風速: 0.0 m/s, 風級: 0, 風向角度: 128.7, 風向: 東南
2025-07-09 15:48:44 - ModbusReader - INFO - 風速: 0.0 m/s, 風級: 0, 風向角度: 128.7, 風向: 東南
2025-07-09 15:49:15 - ModbusReader - INFO - 風速: 0.0 m/s, 風級: 0, 風向角度: 207.4, 風向: 南南西
2025-07-09 15:49:15 - ModbusReader - INFO - 風速: 0.0 m/s, 風級: 0, 風向角度: 207.4, 風向: 南南西
2025-07-09 15:49:46 - ModbusReader - INFO - 風速: 0.0 m/s, 風級: 0, 風向角度: 186.9, 風向: 南
2025-07-09 15:49:46 - ModbusReader - INFO - 風速: 0.0 m/s, 風級: 0, 風向角度: 73.3, 風向: 東北東
2025-07-09 15:50:17 - ModbusReader - INFO - 風速: 0.0 m/s, 風級: 0, 風向角度: 345.0, 風向: 北北西
2025-07-09 15:50:18 - ModbusReader - INFO - 風速: 0.0 m/s, 風級: 0, 風向角度: 345.0, 風向: 北北西
2025-07-09 15:50:48 - ModbusReader - INFO - 風速: 0.0 m/s, 風級: 0, 風向角度: 121.8, 風向: 東南東
2025-07-09 15:50:49 - ModbusReader - INFO - 風速: 0.0 m/s, 風級: 0, 風向角度: 121.8, 風向: 東南東
2025-07-09 15:51:19 - ModbusReader - INFO - 風速: 0.0 m/s, 風級: 0, 風向角度: 61.6, 風向: 東北東
2025-07-09 15:51:20 - ModbusReader - INFO - 風速: 0.0 m/s, 風級: 0, 風向角度: 61.6, 風向: 東北東
2025-07-09 15:51:51 - ModbusReader - INFO - 風速: 0.0 m/s, 風級: 0, 風向角度: 267.2, 風向: 西
2025-07-09 15:51:51 - ModbusReader - INFO - 風速: 0.0 m/s, 風級: 0, 風向角度: 267.2, 風向: 西
2025-07-09 15:52:22 - ModbusReader - INFO - 風速: 0.0 m/s, 風級: 0, 風向角度: 99.0, 風向: 東
2025-07-09 15:52:22 - ModbusReader - INFO - 風速: 0.0 m/s, 風級: 0, 風向角度: 99.0, 風向: 東
2025-07-09 15:52:53 - ModbusReader - INFO - 風速: 0.0 m/s, 風級: 0, 風向角度: 108.2, 風向: 東南東
2025-07-09 15:52:54 - ModbusReader - INFO - 風速: 0.0 m/s, 風級: 0, 風向角度: 108.2, 風向: 東南東
2025-07-09 15:53:24 - ModbusReader - INFO - 風速: 0.0 m/s, 風級: 0, 風向角度: 11.4, 風向: 北北東
2025-07-09 15:53:25 - ModbusReader - INFO - 風速: 0.0 m/s, 風級: 0, 風向角度: 11.4, 風向: 北北東
2025-07-09 15:53:55 - ModbusReader - INFO - 風速: 0.0 m/s, 風級: 0, 風向角度: 336.6, 風向: 北北西
2025-07-09 15:53:56 - ModbusReader - INFO - 風速: 0.0 m/s, 風級: 0, 風向角度: 336.6, 風向: 北北西
2025-07-09 15:54:27 - ModbusReader - INFO - 風速: 0.0 m/s, 風級: 0, 風向角度: 351.3, 風向: 北
2025-07-09 15:54:27 - ModbusReader - INFO - 風速: 0.0 m/s, 風級: 0, 風向角度: 351.3, 風向: 北
2025-07-09 15:54:58 - ModbusReader - INFO - 風速: 0.0 m/s, 風級: 0, 風向角度: 303.4, 風向: 西北西
2025-07-09 15:54:58 - ModbusReader - INFO - 風速: 0.0 m/s, 風級: 0, 風向角度: 303.4, 風向: 西北西
2025-07-09 15:55:29 - ModbusReader - INFO - 風速: 0.0 m/s, 風級: 0, 風向角度: 22.3, 風向: 北北東
2025-07-09 15:55:30 - ModbusReader - INFO - 風速: 0.0 m/s, 風級: 0, 風向角度: 22.3, 風向: 北北東
2025-07-09 15:56:00 - ModbusReader - INFO - 風速: 0.0 m/s, 風級: 0, 風向角度: 191.3, 風向: 南南西
2025-07-09 15:56:01 - ModbusReader - INFO - 風速: 0.0 m/s, 風級: 0, 風向角度: 191.3, 風向: 南南西
2025-07-09 15:56:31 - ModbusReader - INFO - 風速: 0.0 m/s, 風級: 0, 風向角度: 169.0, 風向: 南
2025-07-09 15:56:32 - ModbusReader - INFO - 風速: 0.0 m/s, 風級: 0, 風向角度: 169.0, 風向: 南
2025-07-09 15:57:03 - ModbusReader - INFO - 風速: 0.0 m/s, 風級: 0, 風向角度: 349.6, 風向: 北
2025-07-09 15:57:03 - ModbusReader - INFO - 風速: 0.0 m/s, 風級: 0, 風向角度: 50.8, 風向: 東北
2025-07-09 15:57:34 - ModbusReader - INFO - 風速: 0.0 m/s, 風級: 0, 風向角度: 63.3, 風向: 東北東
2025-07-09 15:57:34 - ModbusReader - INFO - 風速: 0.0 m/s, 風級: 0, 風向角度: 63.3, 風向: 東北東
2025-07-09 15:58:05 - ModbusReader - INFO - 風速: 0.0 m/s, 風級: 0, 風向角度: 38.4, 風向: 東北
2025-07-09 15:58:06 - ModbusReader - INFO - 風速: 0.0 m/s, 風級: 0, 風向角度: 38.4, 風向: 東北
2025-07-09 15:58:36 - ModbusReader - INFO - 風速: 0.0 m/s, 風級: 0, 風向角度: 145.2, 風向: 東南
2025-07-09 15:58:37 - ModbusReader - INFO - 風速: 0.0 m/s, 風級: 0, 風向角度: 145.2, 風向: 東南
2025-07-09 15:59:07 - ModbusReader - INFO - 風速: 0.0 m/s, 風級: 0, 風向角度: 65.5, 風向: 東北東
2025-07-09 15:59:08 - ModbusReader - INFO - 風速: 0.0 m/s, 風級: 0, 風向角度: 65.5, 風向: 東北東
2025-07-09 15:59:39 - ModbusReader - INFO - 風速: 0.0 m/s, 風級: 0, 風向角度: 237.4, 風向: 西南西
2025-07-09 15:59:39 - ModbusReader - INFO - 風速: 0.0 m/s, 風級: 0, 風向角度: 237.4, 風向: 西南西
2025-07-09 16:00:10 - ModbusReader - INFO - 風速: 0.0 m/s, 風級: 0, 風向角度: 165.1, 風向: 南南東
2025-07-09 16:00:10 - ModbusReader - INFO - 風速: 0.0 m/s, 風級: 0, 風向角度: 165.1, 風向: 南南東
2025-07-09 16:00:41 - ModbusReader - INFO - 風速: 0.0 m/s, 風級: 0, 風向角度: 143.0, 風向: 東南
2025-07-09 16:00:42 - ModbusReader - INFO - 風速: 0.0 m/s, 風級: 0, 風向角度: 143.0, 風向: 東南
2025-07-09 16:01:12 - ModbusReader - INFO - 風速: 0.0 m/s, 風級: 0, 風向角度: 170.9, 風向: 南
2025-07-09 16:01:13 - ModbusReader - INFO - 風速: 0.0 m/s, 風級: 0, 風向角度: 170.9, 風向: 南
2025-07-09 16:01:43 - ModbusReader - INFO - 風速: 0.0 m/s, 風級: 0, 風向角度: 168.5, 風向: 南南東
2025-07-09 16:01:44 - ModbusReader - INFO - 風速: 0.0 m/s, 風級: 0, 風向角度: 168.5, 風向: 南南東
2025-07-09 16:02:15 - ModbusReader - INFO - 風速: 0.0 m/s, 風級: 0, 風向角度: 131.2, 風向: 東南
2025-07-09 16:02:15 - ModbusReader - INFO - 風速: 0.0 m/s, 風級: 0, 風向角度: 131.2, 風向: 東南
2025-07-09 16:02:46 - ModbusReader - INFO - 風速: 0.0 m/s, 風級: 0, 風向角度: 353.1, 風向: 北
2025-07-09 16:02:46 - ModbusReader - INFO - 風速: 0.0 m/s, 風級: 0, 風向角度: 353.1, 風向: 北
2025-07-09 16:03:17 - ModbusReader - INFO - 風速: 0.0 m/s, 風級: 0, 風向角度: 130.9, 風向: 東南
2025-07-09 16:03:18 - ModbusReader - INFO - 風速: 0.0 m/s, 風級: 0, 風向角度: 130.9, 風向: 東南
2025-07-09 16:03:48 - ModbusReader - INFO - 風速: 0.0 m/s, 風級: 0, 風向角度: 182.8, 風向: 南
2025-07-09 16:03:49 - ModbusReader - INFO - 風速: 0.0 m/s, 風級: 0, 風向角度: 182.8, 風向: 南
2025-07-09 16:04:19 - ModbusReader - INFO - 風速: 0.0 m/s, 風級: 0, 風向角度: 268.3, 風向: 西
2025-07-09 16:04:20 - ModbusReader - INFO - 風速: 0.0 m/s, 風級: 0, 風向角度: 311.3, 風向: 西北
2025-07-09 16:04:51 - ModbusReader - INFO - 風速: 0.0 m/s, 風級: 0, 風向角度: 156.5, 風向: 南南東
2025-07-09 16:04:51 - ModbusReader - INFO - 風速: 0.0 m/s, 風級: 0, 風向角度: 156.5, 風向: 南南東
2025-07-09 16:05:22 - ModbusReader - INFO - 風速: 0.0 m/s, 風級: 0, 風向角度: 15.9, 風向: 北北東
2025-07-09 16:05:22 - ModbusReader - INFO - 風速: 0.0 m/s, 風級: 0, 風向角度: 15.9, 風向: 北北東
2025-07-09 16:05:53 - ModbusReader - INFO - 風速: 0.0 m/s, 風級: 0, 風向角度: 87.0, 風向: 東
2025-07-09 16:05:54 - ModbusReader - INFO - 風速: 0.0 m/s, 風級: 0, 風向角度: 87.0, 風向: 東
2025-07-09 16:06:24 - ModbusReader - INFO - 風速: 0.0 m/s, 風級: 0, 風向角度: 356.2, 風向: 北
2025-07-09 16:06:25 - ModbusReader - INFO - 風速: 0.0 m/s, 風級: 0, 風向角度: 356.2, 風向: 北
2025-07-09 16:06:55 - ModbusReader - INFO - 風速: 0.0 m/s, 風級: 0, 風向角度: 27.2, 風向: 北北東
2025-07-09 16:06:56 - ModbusReader - INFO - 風速: 0.0 m/s, 風級: 0, 風向角度: 27.2, 風向: 北北東
2025-07-09 16:07:27 - ModbusReader - INFO - 風速: 0.0 m/s, 風級: 0, 風向角度: 348.8, 風向: 北
2025-07-09 16:07:27 - ModbusReader - INFO - 風速: 0.0 m/s, 風級: 0, 風向角度: 348.8, 風向: 北
2025-07-09 16:07:58 - ModbusReader - INFO - 風速: 0.0 m/s, 風級: 0, 風向角度: 172.9, 風向: 南
2025-07-09 16:07:58 - ModbusReader - INFO - 風速: 0.0 m/s, 風級: 0, 風向角度: 172.9, 風向: 南
2025-07-09 16:08:29 - ModbusReader - INFO - 風速: 0.3 m/s, 風級: 1, 風向角度: 104.3, 風向: 東南東
2025-07-09 16:08:30 - ModbusReader - INFO - 風速: 0.3 m/s, 風級: 1, 風向角度: 104.3, 風向: 東南東
2025-07-09 16:09:00 - ModbusReader - INFO - 風速: 0.0 m/s, 風級: 0, 風向角度: 323.5, 風向: 西北
2025-07-09 16:09:01 - ModbusReader - INFO - 風速: 0.0 m/s, 風級: 0, 風向角度: 323.5, 風向: 西北
2025-07-09 16:09:31 - ModbusReader - INFO - 風速: 0.1 m/s, 風級: 0, 風向角度: 35.4, 風向: 東北
2025-07-09 16:09:32 - ModbusReader - INFO - 風速: 0.1 m/s, 風級: 0, 風向角度: 35.4, 風向: 東北
2025-07-09 16:10:03 - ModbusReader - INFO - 風速: 0.6 m/s, 風級: 1, 風向角度: 170.4, 風向: 南
2025-07-09 16:10:03 - ModbusReader - INFO - 風速: 0.6 m/s, 風級: 1, 風向角度: 170.4, 風向: 南
2025-07-09 16:10:34 - ModbusReader - INFO - 風速: 0.0 m/s, 風級: 0, 風向角度: 177.1, 風向: 南
2025-07-09 16:10:34 - ModbusReader - INFO - 風速: 0.0 m/s, 風級: 0, 風向角度: 177.1, 風向: 南
2025-07-09 16:11:05 - ModbusReader - INFO - 風速: 0.0 m/s, 風級: 0, 風向角度: 38.0, 風向: 東北
2025-07-09 16:11:06 - ModbusReader - INFO - 風速: 0.0 m/s, 風級: 0, 風向角度: 38.0, 風向: 東北
2025-07-09 16:11:36 - ModbusReader - INFO - 風速: 0.0 m/s, 風級: 0, 風向角度: 8.0, 風向: 北
2025-07-09 16:11:37 - ModbusReader - INFO - 風速: 0.0 m/s, 風級: 0, 風向角度: 8.0, 風向: 北
2025-07-09 16:12:07 - ModbusReader - INFO - 風速: 0.0 m/s, 風級: 0, 風向角度: 112.5, 風向: 東南東
2025-07-09 16:12:08 - ModbusReader - INFO - 風速: 0.0 m/s, 風級: 0, 風向角度: 112.5, 風向: 東南東
2025-07-09 16:12:39 - ModbusReader - INFO - 風速: 0.0 m/s, 風級: 0, 風向角度: 206.0, 風向: 南南西
2025-07-09 16:12:39 - ModbusReader - INFO - 風速: 0.0 m/s, 風級: 0, 風向角度: 206.0, 風向: 南南西
2025-07-09 16:13:10 - ModbusReader - INFO - 風速: 0.0 m/s, 風級: 0, 風向角度: 34.4, 風向: 東北
2025-07-09 16:13:10 - ModbusReader - INFO - 風速: 0.0 m/s, 風級: 0, 風向角度: 34.4, 風向: 東北
2025-07-09 16:13:41 - ModbusReader - INFO - 風速: 0.0 m/s, 風級: 0, 風向角度: 144.4, 風向: 東南
2025-07-09 16:13:42 - ModbusReader - INFO - 風速: 0.0 m/s, 風級: 0, 風向角度: 144.4, 風向: 東南
2025-07-09 16:14:12 - ModbusReader - INFO - 風速: 0.0 m/s, 風級: 0, 風向角度: 176.0, 風向: 南
2025-07-09 16:14:13 - ModbusReader - INFO - 風速: 0.0 m/s, 風級: 0, 風向角度: 176.0, 風向: 南
2025-07-09 16:14:43 - ModbusReader - INFO - 風速: 0.0 m/s, 風級: 0, 風向角度: 353.0, 風向: 北
2025-07-09 16:14:44 - ModbusReader - INFO - 風速: 0.0 m/s, 風級: 0, 風向角度: 353.0, 風向: 北
2025-07-09 16:15:15 - ModbusReader - INFO - 風速: 0.0 m/s, 風級: 0, 風向角度: 85.7, 風向: 東
2025-07-09 16:15:15 - ModbusReader - INFO - 風速: 0.0 m/s, 風級: 0, 風向角度: 85.7, 風向: 東
2025-07-09 16:15:46 - ModbusReader - INFO - 風速: 0.0 m/s, 風級: 0, 風向角度: 110.4, 風向: 東南東
2025-07-09 16:15:46 - ModbusReader - INFO - 風速: 0.0 m/s, 風級: 0, 風向角度: 110.4, 風向: 東南東
2025-07-09 16:16:17 - ModbusReader - INFO - 風速: 0.0 m/s, 風級: 0, 風向角度: 78.9, 風向: 東
2025-07-09 16:16:18 - ModbusReader - INFO - 風速: 0.0 m/s, 風級: 0, 風向角度: 78.9, 風向: 東
2025-07-09 16:16:48 - ModbusReader - INFO - 風速: 0.0 m/s, 風級: 0, 風向角度: 208.2, 風向: 南南西
2025-07-09 16:16:49 - ModbusReader - INFO - 風速: 0.0 m/s, 風級: 0, 風向角度: 208.2, 風向: 南南西
2025-07-09 16:17:19 - ModbusReader - INFO - 風速: 0.0 m/s, 風級: 0, 風向角度: 69.0, 風向: 東北東
2025-07-09 16:17:20 - ModbusReader - INFO - 風速: 0.0 m/s, 風級: 0, 風向角度: 69.0, 風向: 東北東
2025-07-09 16:17:51 - ModbusReader - INFO - 風速: 0.0 m/s, 風級: 0, 風向角度: 164.3, 風向: 南南東
2025-07-09 16:17:51 - ModbusReader - INFO - 風速: 0.0 m/s, 風級: 0, 風向角度: 164.3, 風向: 南南東
2025-07-09 16:18:22 - ModbusReader - INFO - 風速: 0.0 m/s, 風級: 0, 風向角度: 169.1, 風向: 南
2025-07-09 16:18:22 - ModbusReader - INFO - 風速: 0.0 m/s, 風級: 0, 風向角度: 169.1, 風向: 南
2025-07-09 16:18:53 - ModbusReader - INFO - 風速: 0.0 m/s, 風級: 0, 風向角度: 222.5, 風向: 西南
2025-07-09 16:18:54 - ModbusReader - INFO - 風速: 0.0 m/s, 風級: 0, 風向角度: 222.5, 風向: 西南
2025-07-09 16:19:24 - ModbusReader - INFO - 風速: 0.0 m/s, 風級: 0, 風向角度: 264.1, 風向: 西
2025-07-09 16:19:25 - ModbusReader - INFO - 風速: 0.0 m/s, 風級: 0, 風向角度: 264.1, 風向: 西
2025-07-09 16:19:55 - ModbusReader - INFO - 風速: 0.0 m/s, 風級: 0, 風向角度: 178.0, 風向: 南
2025-07-09 16:19:56 - ModbusReader - INFO - 風速: 0.0 m/s, 風級: 0, 風向角度: 178.0, 風向: 南
2025-07-09 16:20:27 - ModbusReader - INFO - 風速: 0.0 m/s, 風級: 0, 風向角度: 129.1, 風向: 東南
2025-07-09 16:20:27 - ModbusReader - INFO - 風速: 0.0 m/s, 風級: 0, 風向角度: 129.1, 風向: 東南
2025-07-09 16:20:58 - ModbusReader - INFO - 風速: 0.9 m/s, 風級: 1, 風向角度: 196.2, 風向: 南南西
2025-07-09 16:20:58 - ModbusReader - INFO - 風速: 0.9 m/s, 風級: 1, 風向角度: 196.2, 風向: 南南西
2025-07-09 16:21:29 - ModbusReader - INFO - 風速: 0.8 m/s, 風級: 1, 風向角度: 179.1, 風向: 南
2025-07-09 16:21:30 - ModbusReader - INFO - 風速: 0.8 m/s, 風級: 1, 風向角度: 179.1, 風向: 南
2025-07-09 16:22:00 - ModbusReader - INFO - 風速: 0.0 m/s, 風級: 0, 風向角度: 122.7, 風向: 東南東
2025-07-09 16:22:01 - ModbusReader - INFO - 風速: 0.0 m/s, 風級: 0, 風向角度: 122.7, 風向: 東南東
2025-07-09 16:22:31 - ModbusReader - INFO - 風速: 0.0 m/s, 風級: 0, 風向角度: 309.6, 風向: 西北
2025-07-09 16:22:32 - ModbusReader - INFO - 風速: 0.0 m/s, 風級: 0, 風向角度: 309.6, 風向: 西北
2025-07-09 16:23:03 - ModbusReader - INFO - 風速: 0.0 m/s, 風級: 0, 風向角度: 175.1, 風向: 南
2025-07-09 16:23:03 - ModbusReader - INFO - 風速: 0.0 m/s, 風級: 0, 風向角度: 175.1, 風向: 南
2025-07-09 16:23:34 - ModbusReader - INFO - 風速: 0.0 m/s, 風級: 0, 風向角度: 78.6, 風向: 東北東
2025-07-09 16:23:34 - ModbusReader - INFO - 風速: 0.0 m/s, 風級: 0, 風向角度: 78.6, 風向: 東北東
2025-07-09 16:24:05 - ModbusReader - INFO - 風速: 0.0 m/s, 風級: 0, 風向角度: 99.5, 風向: 東
2025-07-09 16:24:06 - ModbusReader - INFO - 風速: 0.0 m/s, 風級: 0, 風向角度: 99.5, 風向: 東
2025-07-09 16:24:36 - ModbusReader - INFO - 風速: 0.0 m/s, 風級: 0, 風向角度: 313.3, 風向: 西北
2025-07-09 16:24:37 - ModbusReader - INFO - 風速: 0.0 m/s, 風級: 0, 風向角度: 313.3, 風向: 西北
2025-07-09 16:25:07 - ModbusReader - INFO - 風速: 0.6 m/s, 風級: 1, 風向角度: 128.6, 風向: 東南
2025-07-09 16:25:08 - ModbusReader - INFO - 風速: 0.6 m/s, 風級: 1, 風向角度: 128.6, 風向: 東南
2025-07-09 16:25:39 - ModbusReader - INFO - 風速: 0.4 m/s, 風級: 1, 風向角度: 141.3, 風向: 東南
2025-07-09 16:25:39 - ModbusReader - INFO - 風速: 0.4 m/s, 風級: 1, 風向角度: 141.3, 風向: 東南
2025-07-09 16:26:10 - ModbusReader - INFO - 風速: 0.0 m/s, 風級: 0, 風向角度: 125.4, 風向: 東南
2025-07-09 16:26:10 - ModbusReader - INFO - 風速: 0.0 m/s, 風級: 0, 風向角度: 125.4, 風向: 東南
2025-07-09 16:26:41 - ModbusReader - INFO - 風速: 0.4 m/s, 風級: 1, 風向角度: 190.3, 風向: 南
2025-07-09 16:26:42 - ModbusReader - INFO - 風速: 0.4 m/s, 風級: 1, 風向角度: 190.3, 風向: 南
2025-07-09 16:27:12 - ModbusReader - INFO - 風速: 1.0 m/s, 風級: 1, 風向角度: 74.1, 風向: 東北東
2025-07-09 16:27:13 - ModbusReader - INFO - 風速: 1.0 m/s, 風級: 1, 風向角度: 74.1, 風向: 東北東
2025-07-09 16:27:43 - ModbusReader - INFO - 風速: 0.9 m/s, 風級: 1, 風向角度: 157.2, 風向: 南南東
2025-07-09 16:27:44 - ModbusReader - INFO - 風速: 0.9 m/s, 風級: 1, 風向角度: 157.2, 風向: 南南東
2025-07-09 16:28:15 - ModbusReader - INFO - 風速: 0.0 m/s, 風級: 0, 風向角度: 354.1, 風向: 北
2025-07-09 16:28:15 - ModbusReader - INFO - 風速: 0.0 m/s, 風級: 0, 風向角度: 354.1, 風向: 北
2025-07-09 16:28:46 - ModbusReader - INFO - 風速: 0.4 m/s, 風級: 1, 風向角度: 18.0, 風向: 北北東
2025-07-09 16:28:46 - ModbusReader - INFO - 風速: 0.4 m/s, 風級: 1, 風向角度: 18.0, 風向: 北北東
2025-07-09 16:29:17 - ModbusReader - INFO - 風速: 0.7 m/s, 風級: 1, 風向角度: 183.6, 風向: 南
2025-07-09 16:29:18 - ModbusReader - INFO - 風速: 0.7 m/s, 風級: 1, 風向角度: 183.6, 風向: 南
2025-07-09 16:29:48 - ModbusReader - INFO - 風速: 0.0 m/s, 風級: 0, 風向角度: 357.4, 風向: 北
2025-07-09 16:29:49 - ModbusReader - INFO - 風速: 0.0 m/s, 風級: 0, 風向角度: 357.4, 風向: 北
2025-07-09 16:30:19 - ModbusReader - INFO - 風速: 0.0 m/s, 風級: 0, 風向角度: 137.7, 風向: 東南
2025-07-09 16:30:20 - ModbusReader - INFO - 風速: 0.0 m/s, 風級: 0, 風向角度: 137.7, 風向: 東南
2025-07-09 16:30:51 - ModbusReader - INFO - 風速: 0.0 m/s, 風級: 0, 風向角度: 241.0, 風向: 西南西
2025-07-09 16:30:51 - ModbusReader - INFO - 風速: 0.0 m/s, 風級: 0, 風向角度: 241.0, 風向: 西南西
2025-07-09 16:31:22 - ModbusReader - INFO - 風速: 0.0 m/s, 風級: 0, 風向角度: 297.0, 風向: 西北西
2025-07-09 16:31:22 - ModbusReader - INFO - 風速: 0.0 m/s, 風級: 0, 風向角度: 297.0, 風向: 西北西
2025-07-09 16:31:53 - ModbusReader - INFO - 風速: 0.0 m/s, 風級: 0, 風向角度: 74.6, 風向: 東北東
2025-07-09 16:31:54 - ModbusReader - INFO - 風速: 0.0 m/s, 風級: 0, 風向角度: 74.6, 風向: 東北東
2025-07-09 16:32:24 - ModbusReader - INFO - 風速: 0.0 m/s, 風級: 0, 風向角度: 317.2, 風向: 西北
2025-07-09 16:32:25 - ModbusReader - INFO - 風速: 0.0 m/s, 風級: 0, 風向角度: 317.2, 風向: 西北
2025-07-09 16:32:55 - ModbusReader - INFO - 風速: 0.0 m/s, 風級: 0, 風向角度: 341.2, 風向: 北北西
2025-07-09 16:32:56 - ModbusReader - INFO - 風速: 0.0 m/s, 風級: 0, 風向角度: 341.2, 風向: 北北西
2025-07-09 16:33:27 - ModbusReader - INFO - 風速: 0.0 m/s, 風級: 0, 風向角度: 146.0, 風向: 東南
2025-07-09 16:33:27 - ModbusReader - INFO - 風速: 0.0 m/s, 風級: 0, 風向角度: 146.0, 風向: 東南
2025-07-09 16:33:58 - ModbusReader - INFO - 風速: 0.8 m/s, 風級: 1, 風向角度: 160.4, 風向: 南南東
2025-07-09 16:33:58 - ModbusReader - INFO - 風速: 0.8 m/s, 風級: 1, 風向角度: 160.4, 風向: 南南東
2025-07-09 16:34:29 - ModbusReader - INFO - 風速: 0.4 m/s, 風級: 1, 風向角度: 182.7, 風向: 南
2025-07-09 16:34:30 - ModbusReader - INFO - 風速: 0.4 m/s, 風級: 1, 風向角度: 182.7, 風向: 南
2025-07-09 16:35:00 - ModbusReader - INFO - 風速: 0.0 m/s, 風級: 0, 風向角度: 1.6, 風向: 北
2025-07-09 16:35:01 - ModbusReader - INFO - 風速: 0.0 m/s, 風級: 0, 風向角度: 1.6, 風向: 北
2025-07-09 16:35:31 - ModbusReader - INFO - 風速: 0.0 m/s, 風級: 0, 風向角度: 117.1, 風向: 東南東
2025-07-09 16:35:32 - ModbusReader - INFO - 風速: 0.0 m/s, 風級: 0, 風向角度: 117.1, 風向: 東南東
2025-07-09 16:36:03 - ModbusReader - INFO - 風速: 0.0 m/s, 風級: 0, 風向角度: 316.3, 風向: 西北
2025-07-09 16:36:03 - ModbusReader - INFO - 風速: 0.0 m/s, 風級: 0, 風向角度: 316.3, 風向: 西北
2025-07-09 16:36:34 - ModbusReader - INFO - 風速: 0.0 m/s, 風級: 0, 風向角度: 339.0, 風向: 北北西
2025-07-09 16:36:34 - ModbusReader - INFO - 風速: 0.0 m/s, 風級: 0, 風向角度: 339.0, 風向: 北北西
2025-07-09 16:37:05 - ModbusReader - INFO - 風速: 0.0 m/s, 風級: 0, 風向角度: 249.0, 風向: 西南西
2025-07-09 16:37:06 - ModbusReader - INFO - 風速: 0.0 m/s, 風級: 0, 風向角度: 249.0, 風向: 西南西
2025-07-09 16:37:36 - ModbusReader - INFO - 風速: 0.0 m/s, 風級: 0, 風向角度: 78.2, 風向: 東北東
2025-07-09 16:37:37 - ModbusReader - INFO - 風速: 0.0 m/s, 風級: 0, 風向角度: 78.2, 風向: 東北東
2025-07-09 16:38:07 - ModbusReader - INFO - 風速: 0.0 m/s, 風級: 0, 風向角度: 268.9, 風向: 西
2025-07-09 16:38:08 - ModbusReader - INFO - 風速: 0.0 m/s, 風級: 0, 風向角度: 268.9, 風向: 西
2025-07-09 16:38:39 - ModbusReader - INFO - 風速: 0.0 m/s, 風級: 0, 風向角度: 127.4, 風向: 東南
2025-07-09 16:38:39 - ModbusReader - INFO - 風速: 0.0 m/s, 風級: 0, 風向角度: 127.4, 風向: 東南
2025-07-09 16:39:10 - ModbusReader - INFO - 風速: 0.0 m/s, 風級: 0, 風向角度: 133.5, 風向: 東南
2025-07-09 16:39:10 - ModbusReader - INFO - 風速: 0.0 m/s, 風級: 0, 風向角度: 133.5, 風向: 東南
2025-07-09 16:39:41 - ModbusReader - INFO - 風速: 0.0 m/s, 風級: 0, 風向角度: 164.0, 風向: 南南東
2025-07-09 16:39:42 - ModbusReader - INFO - 風速: 0.0 m/s, 風級: 0, 風向角度: 164.0, 風向: 南南東
2025-07-09 16:40:12 - ModbusReader - INFO - 風速: 0.0 m/s, 風級: 0, 風向角度: 23.2, 風向: 北北東
2025-07-09 16:40:13 - ModbusReader - INFO - 風速: 0.0 m/s, 風級: 0, 風向角度: 349.8, 風向: 北
2025-07-09 16:40:43 - ModbusReader - INFO - 風速: 0.0 m/s, 風級: 0, 風向角度: 176.8, 風向: 南
2025-07-09 16:40:44 - ModbusReader - INFO - 風速: 0.0 m/s, 風級: 0, 風向角度: 176.8, 風向: 南
2025-07-09 16:41:15 - ModbusReader - INFO - 風速: 0.7 m/s, 風級: 1, 風向角度: 191.7, 風向: 南南西
2025-07-09 16:41:15 - ModbusReader - INFO - 風速: 0.7 m/s, 風級: 1, 風向角度: 191.7, 風向: 南南西
2025-07-09 16:41:46 - ModbusReader - INFO - 風速: 0.3 m/s, 風級: 1, 風向角度: 84.0, 風向: 東
2025-07-09 16:41:46 - ModbusReader - INFO - 風速: 0.3 m/s, 風級: 1, 風向角度: 84.0, 風向: 東
2025-07-09 16:42:17 - ModbusReader - INFO - 風速: 0.0 m/s, 風級: 0, 風向角度: 167.2, 風向: 南南東
2025-07-09 16:42:18 - ModbusReader - INFO - 風速: 0.0 m/s, 風級: 0, 風向角度: 167.2, 風向: 南南東
2025-07-09 16:42:48 - ModbusReader - INFO - 風速: 0.0 m/s, 風級: 0, 風向角度: 120.2, 風向: 東南東
2025-07-09 16:42:49 - ModbusReader - INFO - 風速: 0.0 m/s, 風級: 0, 風向角度: 120.2, 風向: 東南東
2025-07-09 16:43:19 - ModbusReader - INFO - 風速: 1.0 m/s, 風級: 1, 風向角度: 163.4, 風向: 南南東
2025-07-09 16:43:20 - ModbusReader - INFO - 風速: 1.0 m/s, 風級: 1, 風向角度: 163.4, 風向: 南南東
2025-07-09 16:43:51 - ModbusReader - INFO - 風速: 0.3 m/s, 風級: 1, 風向角度: 256.4, 風向: 西南西
2025-07-09 16:43:51 - ModbusReader - INFO - 風速: 0.3 m/s, 風級: 1, 風向角度: 256.4, 風向: 西南西
2025-07-09 16:44:22 - ModbusReader - INFO - 風速: 0.0 m/s, 風級: 0, 風向角度: 135.4, 風向: 東南
2025-07-09 16:44:22 - ModbusReader - INFO - 風速: 0.0 m/s, 風級: 0, 風向角度: 135.4, 風向: 東南
2025-07-09 16:44:53 - ModbusReader - INFO - 風速: 0.0 m/s, 風級: 0, 風向角度: 108.5, 風向: 東南東
2025-07-09 16:44:54 - ModbusReader - INFO - 風速: 0.0 m/s, 風級: 0, 風向角度: 108.5, 風向: 東南東
2025-07-09 16:45:24 - ModbusReader - INFO - 風速: 0.0 m/s, 風級: 0, 風向角度: 327.0, 風向: 北北西
2025-07-09 16:45:25 - ModbusReader - INFO - 風速: 0.0 m/s, 風級: 0, 風向角度: 327.0, 風向: 北北西
2025-07-09 16:45:55 - ModbusReader - INFO - 風速: 0.0 m/s, 風級: 0, 風向角度: 318.5, 風向: 西北
2025-07-09 16:45:56 - ModbusReader - INFO - 風速: 0.0 m/s, 風級: 0, 風向角度: 318.5, 風向: 西北
2025-07-09 16:46:27 - ModbusReader - INFO - 風速: 0.0 m/s, 風級: 0, 風向角度: 203.3, 風向: 南南西
2025-07-09 16:46:27 - ModbusReader - INFO - 風速: 0.0 m/s, 風級: 0, 風向角度: 203.3, 風向: 南南西
2025-07-09 16:46:58 - ModbusReader - INFO - 風速: 0.0 m/s, 風級: 0, 風向角度: 122.5, 風向: 東南東
2025-07-09 16:46:58 - ModbusReader - INFO - 風速: 0.0 m/s, 風級: 0, 風向角度: 122.5, 風向: 東南東
2025-07-09 16:47:29 - ModbusReader - INFO - 風速: 0.0 m/s, 風級: 0, 風向角度: 49.4, 風向: 東北
2025-07-09 16:47:30 - ModbusReader - INFO - 風速: 0.0 m/s, 風級: 0, 風向角度: 17.7, 風向: 北北東
2025-07-09 16:48:00 - ModbusReader - INFO - 風速: 0.0 m/s, 風級: 0, 風向角度: 304.7, 風向: 西北
2025-07-09 16:48:01 - ModbusReader - INFO - 風速: 0.0 m/s, 風級: 0, 風向角度: 304.7, 風向: 西北
2025-07-09 16:48:31 - ModbusReader - INFO - 風速: 0.0 m/s, 風級: 0, 風向角度: 345.2, 風向: 北北西
2025-07-09 16:48:32 - ModbusReader - INFO - 風速: 0.0 m/s, 風級: 0, 風向角度: 345.2, 風向: 北北西
2025-07-09 16:49:03 - ModbusReader - INFO - 風速: 0.0 m/s, 風級: 0, 風向角度: 331.7, 風向: 北北西
2025-07-09 16:49:03 - ModbusReader - INFO - 風速: 0.0 m/s, 風級: 0, 風向角度: 331.7, 風向: 北北西
2025-07-09 16:49:34 - ModbusReader - INFO - 風速: 0.0 m/s, 風級: 0, 風向角度: 0.8, 風向: 北
2025-07-09 16:49:34 - ModbusReader - INFO - 風速: 0.0 m/s, 風級: 0, 風向角度: 0.8, 風向: 北
2025-07-09 16:50:05 - ModbusReader - INFO - 風速: 0.0 m/s, 風級: 0, 風向角度: 38.8, 風向: 東北
2025-07-09 16:50:06 - ModbusReader - INFO - 風速: 0.0 m/s, 風級: 0, 風向角度: 38.8, 風向: 東北
2025-07-09 16:50:36 - ModbusReader - INFO - 風速: 0.0 m/s, 風級: 0, 風向角度: 180.1, 風向: 南
2025-07-09 16:50:37 - ModbusReader - INFO - 風速: 0.0 m/s, 風級: 0, 風向角度: 180.1, 風向: 南
2025-07-09 16:51:07 - ModbusReader - INFO - 風速: 0.0 m/s, 風級: 0, 風向角度: 111.1, 風向: 東南東
2025-07-09 16:51:08 - ModbusReader - INFO - 風速: 0.0 m/s, 風級: 0, 風向角度: 111.1, 風向: 東南東
2025-07-09 16:51:39 - ModbusReader - INFO - 風速: 0.0 m/s, 風級: 0, 風向角度: 127.4, 風向: 東南
2025-07-09 16:51:39 - ModbusReader - INFO - 風速: 0.0 m/s, 風級: 0, 風向角度: 127.4, 風向: 東南
2025-07-09 16:52:10 - ModbusReader - INFO - 風速: 0.0 m/s, 風級: 0, 風向角度: 158.5, 風向: 南南東
2025-07-09 16:52:10 - ModbusReader - INFO - 風速: 0.0 m/s, 風級: 0, 風向角度: 158.5, 風向: 南南東
2025-07-09 16:52:41 - ModbusReader - INFO - 風速: 0.0 m/s, 風級: 0, 風向角度: 192.3, 風向: 南南西
2025-07-09 16:52:42 - ModbusReader - INFO - 風速: 0.0 m/s, 風級: 0, 風向角度: 192.3, 風向: 南南西
2025-07-09 16:53:12 - ModbusReader - INFO - 風速: 0.0 m/s, 風級: 0, 風向角度: 124.5, 風向: 東南
2025-07-09 16:53:13 - ModbusReader - INFO - 風速: 0.0 m/s, 風級: 0, 風向角度: 124.5, 風向: 東南
2025-07-09 16:53:43 - ModbusReader - INFO - 風速: 0.0 m/s, 風級: 0, 風向角度: 108.5, 風向: 東南東
2025-07-09 16:53:44 - ModbusReader - INFO - 風速: 0.0 m/s, 風級: 0, 風向角度: 108.5, 風向: 東南東
2025-07-09 16:54:15 - ModbusReader - INFO - 風速: 0.0 m/s, 風級: 0, 風向角度: 45.5, 風向: 東北
2025-07-09 16:54:15 - ModbusReader - INFO - 風速: 0.0 m/s, 風級: 0, 風向角度: 45.5, 風向: 東北
2025-07-09 16:54:46 - ModbusReader - INFO - 風速: 0.0 m/s, 風級: 0, 風向角度: 20.0, 風向: 北北東
2025-07-09 16:54:46 - ModbusReader - INFO - 風速: 0.0 m/s, 風級: 0, 風向角度: 348.4, 風向: 北北西
2025-07-09 16:55:17 - ModbusReader - INFO - 風速: 0.2 m/s, 風級: 0, 風向角度: 119.6, 風向: 東南東
2025-07-09 16:55:18 - ModbusReader - INFO - 風速: 0.2 m/s, 風級: 0, 風向角度: 119.6, 風向: 東南東
2025-07-09 16:55:48 - ModbusReader - INFO - 風速: 0.0 m/s, 風級: 0, 風向角度: 199.1, 風向: 南南西
2025-07-09 16:55:49 - ModbusReader - INFO - 風速: 0.0 m/s, 風級: 0, 風向角度: 199.1, 風向: 南南西
2025-07-09 16:56:19 - ModbusReader - INFO - 風速: 0.0 m/s, 風級: 0, 風向角度: 317.4, 風向: 西北
2025-07-09 16:56:20 - ModbusReader - INFO - 風速: 0.0 m/s, 風級: 0, 風向角度: 317.4, 風向: 西北
2025-07-09 16:56:51 - ModbusReader - INFO - 風速: 0.0 m/s, 風級: 0, 風向角度: 146.2, 風向: 東南
2025-07-09 16:56:51 - ModbusReader - INFO - 風速: 0.0 m/s, 風級: 0, 風向角度: 146.2, 風向: 東南
2025-07-09 16:57:22 - ModbusReader - INFO - 風速: 0.0 m/s, 風級: 0, 風向角度: 134.4, 風向: 東南
2025-07-09 16:57:22 - ModbusReader - INFO - 風速: 0.0 m/s, 風級: 0, 風向角度: 134.4, 風向: 東南
2025-07-09 16:57:53 - ModbusReader - INFO - 風速: 0.0 m/s, 風級: 0, 風向角度: 183.4, 風向: 南
2025-07-09 16:57:54 - ModbusReader - INFO - 風速: 0.0 m/s, 風級: 0, 風向角度: 183.4, 風向: 南
2025-07-09 16:58:24 - ModbusReader - INFO - 風速: 0.6 m/s, 風級: 1, 風向角度: 255.0, 風向: 西南西
2025-07-09 16:58:25 - ModbusReader - INFO - 風速: 0.6 m/s, 風級: 1, 風向角度: 255.0, 風向: 西南西
2025-07-09 16:58:55 - ModbusReader - INFO - 風速: 0.0 m/s, 風級: 0, 風向角度: 144.6, 風向: 東南
2025-07-09 16:58:56 - ModbusReader - INFO - 風速: 0.0 m/s, 風級: 0, 風向角度: 144.6, 風向: 東南
2025-07-09 16:59:27 - ModbusReader - INFO - 風速: 0.0 m/s, 風級: 0, 風向角度: 314.9, 風向: 西北
2025-07-09 16:59:27 - ModbusReader - INFO - 風速: 0.0 m/s, 風級: 0, 風向角度: 314.9, 風向: 西北
2025-07-09 16:59:58 - ModbusReader - INFO - 風速: 0.0 m/s, 風級: 0, 風向角度: 165.5, 風向: 南南東
2025-07-09 16:59:58 - ModbusReader - INFO - 風速: 0.0 m/s, 風級: 0, 風向角度: 165.5, 風向: 南南東
2025-07-09 17:00:29 - ModbusReader - INFO - 風速: 0.0 m/s, 風級: 0, 風向角度: 246.8, 風向: 西南西
2025-07-09 17:00:30 - ModbusReader - INFO - 風速: 0.0 m/s, 風級: 0, 風向角度: 246.8, 風向: 西南西
2025-07-09 17:01:00 - ModbusReader - INFO - 風速: 0.0 m/s, 風級: 0, 風向角度: 17.5, 風向: 北北東
2025-07-09 17:01:01 - ModbusReader - INFO - 風速: 0.0 m/s, 風級: 0, 風向角度: 17.5, 風向: 北北東
2025-07-09 17:01:31 - ModbusReader - INFO - 風速: 0.0 m/s, 風級: 0, 風向角度: 176.3, 風向: 南
2025-07-09 17:01:32 - ModbusReader - INFO - 風速: 0.0 m/s, 風級: 0, 風向角度: 176.3, 風向: 南
2025-07-09 17:02:03 - ModbusReader - INFO - 風速: 0.0 m/s, 風級: 0, 風向角度: 132.0, 風向: 東南
2025-07-09 17:02:03 - ModbusReader - INFO - 風速: 0.0 m/s, 風級: 0, 風向角度: 252.3, 風向: 西南西
2025-07-09 17:02:34 - ModbusReader - INFO - 風速: 0.0 m/s, 風級: 0, 風向角度: 119.0, 風向: 東南東
2025-07-09 17:02:34 - ModbusReader - INFO - 風速: 0.0 m/s, 風級: 0, 風向角度: 119.0, 風向: 東南東
2025-07-09 17:03:05 - ModbusReader - INFO - 風速: 0.0 m/s, 風級: 0, 風向角度: 104.4, 風向: 東南東
2025-07-09 17:03:06 - ModbusReader - INFO - 風速: 0.0 m/s, 風級: 0, 風向角度: 104.4, 風向: 東南東
2025-07-09 17:03:36 - ModbusReader - INFO - 風速: 0.7 m/s, 風級: 1, 風向角度: 263.5, 風向: 西
2025-07-09 17:03:37 - ModbusReader - INFO - 風速: 0.7 m/s, 風級: 1, 風向角度: 263.5, 風向: 西
2025-07-09 17:04:07 - ModbusReader - INFO - 風速: 0.0 m/s, 風級: 0, 風向角度: 136.5, 風向: 東南
2025-07-09 17:04:08 - ModbusReader - INFO - 風速: 0.0 m/s, 風級: 0, 風向角度: 136.5, 風向: 東南
2025-07-09 17:04:39 - ModbusReader - INFO - 風速: 0.0 m/s, 風級: 0, 風向角度: 198.2, 風向: 南南西
2025-07-09 17:04:39 - ModbusReader - INFO - 風速: 0.0 m/s, 風級: 0, 風向角度: 198.2, 風向: 南南西
2025-07-09 17:05:10 - ModbusReader - INFO - 風速: 0.0 m/s, 風級: 0, 風向角度: 50.5, 風向: 東北
2025-07-09 17:05:10 - ModbusReader - INFO - 風速: 0.0 m/s, 風級: 0, 風向角度: 50.5, 風向: 東北
2025-07-09 17:05:41 - ModbusReader - INFO - 風速: 1.1 m/s, 風級: 1, 風向角度: 146.2, 風向: 東南
2025-07-09 17:05:42 - ModbusReader - INFO - 風速: 1.1 m/s, 風級: 1, 風向角度: 146.2, 風向: 東南
2025-07-09 17:06:12 - ModbusReader - INFO - 風速: 1.0 m/s, 風級: 1, 風向角度: 346.0, 風向: 北北西
2025-07-09 17:06:13 - ModbusReader - INFO - 風速: 1.0 m/s, 風級: 1, 風向角度: 346.0, 風向: 北北西
2025-07-09 17:06:43 - ModbusReader - INFO - 風速: 0.5 m/s, 風級: 1, 風向角度: 136.4, 風向: 東南
2025-07-09 17:06:44 - ModbusReader - INFO - 風速: 0.5 m/s, 風級: 1, 風向角度: 136.4, 風向: 東南
2025-07-09 17:07:15 - ModbusReader - INFO - 風速: 1.3 m/s, 風級: 1, 風向角度: 152.3, 風向: 南南東
2025-07-09 17:07:15 - ModbusReader - INFO - 風速: 1.3 m/s, 風級: 1, 風向角度: 152.3, 風向: 南南東
2025-07-09 17:07:46 - ModbusReader - INFO - 風速: 1.0 m/s, 風級: 1, 風向角度: 155.6, 風向: 南南東
2025-07-09 17:07:46 - ModbusReader - INFO - 風速: 1.0 m/s, 風級: 1, 風向角度: 155.6, 風向: 南南東
2025-07-09 17:08:17 - ModbusReader - INFO - 風速: 0.5 m/s, 風級: 1, 風向角度: 123.2, 風向: 東南東
2025-07-09 17:08:18 - ModbusReader - INFO - 風速: 0.5 m/s, 風級: 1, 風向角度: 123.2, 風向: 東南東
2025-07-09 17:08:48 - ModbusReader - INFO - 風速: 0.8 m/s, 風級: 1, 風向角度: 165.1, 風向: 南南東
2025-07-09 17:08:49 - ModbusReader - INFO - 風速: 0.8 m/s, 風級: 1, 風向角度: 165.1, 風向: 南南東
2025-07-09 17:09:19 - ModbusReader - INFO - 風速: 1.4 m/s, 風級: 1, 風向角度: 157.4, 風向: 南南東
2025-07-09 17:09:20 - ModbusReader - INFO - 風速: 1.1 m/s, 風級: 1, 風向角度: 124.0, 風向: 東南
2025-07-09 17:09:51 - ModbusReader - INFO - 風速: 0.9 m/s, 風級: 1, 風向角度: 162.8, 風向: 南南東
2025-07-09 17:09:51 - ModbusReader - INFO - 風速: 0.9 m/s, 風級: 1, 風向角度: 162.8, 風向: 南南東
2025-07-09 17:10:22 - ModbusReader - INFO - 風速: 0.8 m/s, 風級: 1, 風向角度: 118.7, 風向: 東南東
2025-07-09 17:10:22 - ModbusReader - INFO - 風速: 0.8 m/s, 風級: 1, 風向角度: 118.7, 風向: 東南東
2025-07-09 17:10:53 - ModbusReader - INFO - 風速: 0.6 m/s, 風級: 1, 風向角度: 42.6, 風向: 東北
2025-07-09 17:10:54 - ModbusReader - INFO - 風速: 0.6 m/s, 風級: 1, 風向角度: 42.6, 風向: 東北
2025-07-09 17:11:24 - ModbusReader - INFO - 風速: 0.0 m/s, 風級: 0, 風向角度: 150.0, 風向: 南南東
2025-07-09 17:11:25 - ModbusReader - INFO - 風速: 0.0 m/s, 風級: 0, 風向角度: 150.0, 風向: 南南東
2025-07-09 17:11:55 - ModbusReader - INFO - 風速: 0.0 m/s, 風級: 0, 風向角度: 125.9, 風向: 東南
2025-07-09 17:11:56 - ModbusReader - INFO - 風速: 0.0 m/s, 風級: 0, 風向角度: 125.9, 風向: 東南
2025-07-09 17:12:27 - ModbusReader - INFO - 風速: 0.0 m/s, 風級: 0, 風向角度: 193.6, 風向: 南南西
2025-07-09 17:12:27 - ModbusReader - INFO - 風速: 0.0 m/s, 風級: 0, 風向角度: 193.6, 風向: 南南西
2025-07-09 17:12:58 - ModbusReader - INFO - 風速: 0.0 m/s, 風級: 0, 風向角度: 338.7, 風向: 北北西
2025-07-09 17:12:58 - ModbusReader - INFO - 風速: 0.0 m/s, 風級: 0, 風向角度: 338.7, 風向: 北北西
2025-07-09 17:13:29 - ModbusReader - INFO - 風速: 0.0 m/s, 風級: 0, 風向角度: 247.2, 風向: 西南西
2025-07-09 17:13:30 - ModbusReader - INFO - 風速: 0.0 m/s, 風級: 0, 風向角度: 247.2, 風向: 西南西
2025-07-09 17:14:00 - ModbusReader - INFO - 風速: 0.0 m/s, 風級: 0, 風向角度: 98.8, 風向: 東
2025-07-09 17:14:01 - ModbusReader - INFO - 風速: 0.0 m/s, 風級: 0, 風向角度: 98.8, 風向: 東
2025-07-09 17:14:31 - ModbusReader - INFO - 風速: 0.0 m/s, 風級: 0, 風向角度: 56.8, 風向: 東北東
2025-07-09 17:14:32 - ModbusReader - INFO - 風速: 0.0 m/s, 風級: 0, 風向角度: 56.8, 風向: 東北東
2025-07-09 17:15:03 - ModbusReader - INFO - 風速: 0.0 m/s, 風級: 0, 風向角度: 349.5, 風向: 北
2025-07-09 17:15:03 - ModbusReader - INFO - 風速: 0.0 m/s, 風級: 0, 風向角度: 349.5, 風向: 北
2025-07-09 17:15:34 - ModbusReader - INFO - 風速: 0.0 m/s, 風級: 0, 風向角度: 88.4, 風向: 東
2025-07-09 17:15:34 - ModbusReader - INFO - 風速: 0.0 m/s, 風級: 0, 風向角度: 88.4, 風向: 東
2025-07-09 17:16:05 - ModbusReader - INFO - 風速: 0.0 m/s, 風級: 0, 風向角度: 127.6, 風向: 東南
2025-07-09 17:16:06 - ModbusReader - INFO - 風速: 0.0 m/s, 風級: 0, 風向角度: 127.6, 風向: 東南
2025-07-09 17:16:36 - ModbusReader - INFO - 風速: 0.0 m/s, 風級: 0, 風向角度: 233.8, 風向: 西南
2025-07-09 17:16:37 - ModbusReader - INFO - 風速: 0.0 m/s, 風級: 0, 風向角度: 299.0, 風向: 西北西
2025-07-09 17:17:07 - ModbusReader - INFO - 風速: 0.0 m/s, 風級: 0, 風向角度: 47.9, 風向: 東北
2025-07-09 17:17:08 - ModbusReader - INFO - 風速: 0.0 m/s, 風級: 0, 風向角度: 47.9, 風向: 東北
2025-07-09 17:17:39 - ModbusReader - INFO - 風速: 0.0 m/s, 風級: 0, 風向角度: 130.0, 風向: 東南
2025-07-09 17:17:39 - ModbusReader - INFO - 風速: 0.0 m/s, 風級: 0, 風向角度: 130.0, 風向: 東南
2025-07-09 17:18:10 - ModbusReader - INFO - 風速: 0.0 m/s, 風級: 0, 風向角度: 319.9, 風向: 西北
2025-07-09 17:18:10 - ModbusReader - INFO - 風速: 0.0 m/s, 風級: 0, 風向角度: 319.9, 風向: 西北
2025-07-09 17:18:41 - ModbusReader - INFO - 風速: 0.0 m/s, 風級: 0, 風向角度: 333.0, 風向: 北北西
2025-07-09 17:18:41 - ModbusReader - INFO - 風速: 0.0 m/s, 風級: 0, 風向角度: 333.0, 風向: 北北西
2025-07-09 17:19:12 - ModbusReader - INFO - 風速: 0.5 m/s, 風級: 1, 風向角度: 165.3, 風向: 南南東
2025-07-09 17:19:13 - ModbusReader - INFO - 風速: 0.5 m/s, 風級: 1, 風向角度: 165.3, 風向: 南南東
2025-07-09 17:19:43 - ModbusReader - INFO - 風速: 0.6 m/s, 風級: 1, 風向角度: 177.4, 風向: 南
2025-07-09 17:19:44 - ModbusReader - INFO - 風速: 0.6 m/s, 風級: 1, 風向角度: 177.4, 風向: 南
2025-07-09 17:20:15 - ModbusReader - INFO - 風速: 1.0 m/s, 風級: 1, 風向角度: 183.7, 風向: 南
2025-07-09 17:20:15 - ModbusReader - INFO - 風速: 1.0 m/s, 風級: 1, 風向角度: 183.7, 風向: 南
2025-07-09 17:20:46 - ModbusReader - INFO - 風速: 1.0 m/s, 風級: 1, 風向角度: 227.9, 風向: 西南
2025-07-09 17:20:46 - ModbusReader - INFO - 風速: 1.0 m/s, 風級: 1, 風向角度: 227.9, 風向: 西南
2025-07-09 17:21:17 - ModbusReader - INFO - 風速: 0.5 m/s, 風級: 1, 風向角度: 87.8, 風向: 東
2025-07-09 17:21:18 - ModbusReader - INFO - 風速: 0.5 m/s, 風級: 1, 風向角度: 87.8, 風向: 東
2025-07-09 17:21:48 - ModbusReader - INFO - 風速: 0.9 m/s, 風級: 1, 風向角度: 200.9, 風向: 南南西
2025-07-09 17:21:49 - ModbusReader - INFO - 風速: 0.9 m/s, 風級: 1, 風向角度: 200.9, 風向: 南南西
2025-07-09 17:22:19 - ModbusReader - INFO - 風速: 0.4 m/s, 風級: 1, 風向角度: 208.0, 風向: 南南西
2025-07-09 17:22:20 - ModbusReader - INFO - 風速: 0.4 m/s, 風級: 1, 風向角度: 208.0, 風向: 南南西
2025-07-09 17:22:50 - ModbusReader - INFO - 風速: 0.8 m/s, 風級: 1, 風向角度: 164.4, 風向: 南南東
2025-07-09 17:22:51 - ModbusReader - INFO - 風速: 0.8 m/s, 風級: 1, 風向角度: 164.4, 風向: 南南東
2025-07-09 17:23:22 - ModbusReader - INFO - 風速: 0.0 m/s, 風級: 0, 風向角度: 50.7, 風向: 東北
2025-07-09 17:23:22 - ModbusReader - INFO - 風速: 0.0 m/s, 風級: 0, 風向角度: 50.7, 風向: 東北
2025-07-09 17:23:53 - ModbusReader - INFO - 風速: 0.9 m/s, 風級: 1, 風向角度: 121.0, 風向: 東南東
2025-07-09 17:23:53 - ModbusReader - INFO - 風速: 0.7 m/s, 風級: 1, 風向角度: 116.0, 風向: 東南東
2025-07-09 17:24:24 - ModbusReader - INFO - 風速: 0.2 m/s, 風級: 0, 風向角度: 159.7, 風向: 南南東
2025-07-09 17:24:25 - ModbusReader - INFO - 風速: 0.2 m/s, 風級: 0, 風向角度: 159.7, 風向: 南南東
2025-07-09 17:24:55 - ModbusReader - INFO - 風速: 0.0 m/s, 風級: 0, 風向角度: 192.9, 風向: 南南西
2025-07-09 17:24:56 - ModbusReader - INFO - 風速: 0.0 m/s, 風級: 0, 風向角度: 192.9, 風向: 南南西
2025-07-09 17:25:26 - ModbusReader - INFO - 風速: 0.0 m/s, 風級: 0, 風向角度: 73.8, 風向: 東北東
2025-07-09 17:25:27 - ModbusReader - INFO - 風速: 0.0 m/s, 風級: 0, 風向角度: 73.8, 風向: 東北東
2025-07-09 17:25:58 - ModbusReader - INFO - 風速: 0.0 m/s, 風級: 0, 風向角度: 239.6, 風向: 西南西
2025-07-09 17:25:58 - ModbusReader - INFO - 風速: 0.0 m/s, 風級: 0, 風向角度: 239.6, 風向: 西南西
2025-07-09 17:26:29 - ModbusReader - INFO - 風速: 0.0 m/s, 風級: 0, 風向角度: 96.5, 風向: 東
2025-07-09 17:26:29 - ModbusReader - INFO - 風速: 0.0 m/s, 風級: 0, 風向角度: 96.5, 風向: 東
2025-07-09 17:27:00 - ModbusReader - INFO - 風速: 1.0 m/s, 風級: 1, 風向角度: 103.1, 風向: 東南東
2025-07-09 17:27:01 - ModbusReader - INFO - 風速: 1.0 m/s, 風級: 1, 風向角度: 103.1, 風向: 東南東
2025-07-09 17:27:31 - ModbusReader - INFO - 風速: 1.3 m/s, 風級: 1, 風向角度: 195.6, 風向: 南南西
2025-07-09 17:27:32 - ModbusReader - INFO - 風速: 1.3 m/s, 風級: 1, 風向角度: 195.6, 風向: 南南西
2025-07-09 17:28:02 - ModbusReader - INFO - 風速: 0.9 m/s, 風級: 1, 風向角度: 177.9, 風向: 南
2025-07-09 17:28:03 - ModbusReader - INFO - 風速: 0.9 m/s, 風級: 1, 風向角度: 177.9, 風向: 南
2025-07-09 17:28:34 - ModbusReader - INFO - 風速: 0.6 m/s, 風級: 1, 風向角度: 118.2, 風向: 東南東
2025-07-09 17:28:34 - ModbusReader - INFO - 風速: 0.6 m/s, 風級: 1, 風向角度: 118.2, 風向: 東南東
2025-07-09 17:29:05 - ModbusReader - INFO - 風速: 0.0 m/s, 風級: 0, 風向角度: 144.6, 風向: 東南
2025-07-09 17:29:05 - ModbusReader - INFO - 風速: 0.0 m/s, 風級: 0, 風向角度: 144.6, 風向: 東南
2025-07-09 17:29:36 - ModbusReader - INFO - 風速: 0.3 m/s, 風級: 1, 風向角度: 42.1, 風向: 東北
2025-07-09 17:29:37 - ModbusReader - INFO - 風速: 0.3 m/s, 風級: 1, 風向角度: 42.1, 風向: 東北
2025-07-09 17:30:07 - ModbusReader - INFO - 風速: 0.6 m/s, 風級: 1, 風向角度: 256.8, 風向: 西南西
2025-07-09 17:30:08 - ModbusReader - INFO - 風速: 0.6 m/s, 風級: 1, 風向角度: 256.8, 風向: 西南西
2025-07-09 17:30:38 - ModbusReader - INFO - 風速: 0.5 m/s, 風級: 1, 風向角度: 87.6, 風向: 東
2025-07-09 17:30:39 - ModbusReader - INFO - 風速: 0.5 m/s, 風級: 1, 風向角度: 87.6, 風向: 東
2025-07-09 17:31:10 - ModbusReader - INFO - 風速: 0.5 m/s, 風級: 1, 風向角度: 211.6, 風向: 南南西
2025-07-09 17:31:10 - ModbusReader - INFO - 風速: 0.5 m/s, 風級: 1, 風向角度: 204.5, 風向: 南南西
2025-07-09 17:31:41 - ModbusReader - INFO - 風速: 0.0 m/s, 風級: 0, 風向角度: 183.7, 風向: 南
2025-07-09 17:31:41 - ModbusReader - INFO - 風速: 0.0 m/s, 風級: 0, 風向角度: 183.7, 風向: 南
2025-07-09 17:32:12 - ModbusReader - INFO - 風速: 0.0 m/s, 風級: 0, 風向角度: 18.3, 風向: 北北東
2025-07-09 17:32:13 - ModbusReader - INFO - 風速: 0.0 m/s, 風級: 0, 風向角度: 18.3, 風向: 北北東
2025-07-09 17:32:43 - ModbusReader - INFO - 風速: 0.0 m/s, 風級: 0, 風向角度: 47.2, 風向: 東北
2025-07-09 17:32:44 - ModbusReader - INFO - 風速: 0.0 m/s, 風級: 0, 風向角度: 47.2, 風向: 東北
2025-07-09 17:33:14 - ModbusReader - INFO - 風速: 0.0 m/s, 風級: 0, 風向角度: 199.4, 風向: 南南西
2025-07-09 17:33:15 - ModbusReader - INFO - 風速: 0.0 m/s, 風級: 0, 風向角度: 199.4, 風向: 南南西
2025-07-09 17:33:46 - ModbusReader - INFO - 風速: 0.0 m/s, 風級: 0, 風向角度: 249.4, 風向: 西南西
2025-07-09 17:33:46 - ModbusReader - INFO - 風速: 0.0 m/s, 風級: 0, 風向角度: 249.4, 風向: 西南西
2025-07-09 17:34:17 - ModbusReader - INFO - 風速: 0.0 m/s, 風級: 0, 風向角度: 356.9, 風向: 北
2025-07-09 17:34:17 - ModbusReader - INFO - 風速: 0.0 m/s, 風級: 0, 風向角度: 356.9, 風向: 北
2025-07-09 17:34:48 - ModbusReader - INFO - 風速: 0.5 m/s, 風級: 1, 風向角度: 169.2, 風向: 南
2025-07-09 17:34:49 - ModbusReader - INFO - 風速: 0.5 m/s, 風級: 1, 風向角度: 169.2, 風向: 南
2025-07-09 17:35:19 - ModbusReader - INFO - 風速: 0.5 m/s, 風級: 1, 風向角度: 78.0, 風向: 東北東
2025-07-09 17:35:20 - ModbusReader - INFO - 風速: 0.5 m/s, 風級: 1, 風向角度: 78.0, 風向: 東北東
2025-07-09 17:35:50 - ModbusReader - INFO - 風速: 0.4 m/s, 風級: 1, 風向角度: 100.5, 風向: 東
2025-07-09 17:35:51 - ModbusReader - INFO - 風速: 0.4 m/s, 風級: 1, 風向角度: 100.5, 風向: 東
2025-07-09 17:36:22 - ModbusReader - INFO - 風速: 0.6 m/s, 風級: 1, 風向角度: 63.0, 風向: 東北東
2025-07-09 17:36:22 - ModbusReader - INFO - 風速: 0.6 m/s, 風級: 1, 風向角度: 63.0, 風向: 東北東
2025-07-09 17:36:53 - ModbusReader - INFO - 風速: 0.8 m/s, 風級: 1, 風向角度: 313.7, 風向: 西北
2025-07-09 17:36:53 - ModbusReader - INFO - 風速: 0.8 m/s, 風級: 1, 風向角度: 313.7, 風向: 西北
2025-07-09 17:37:24 - ModbusReader - INFO - 風速: 0.0 m/s, 風級: 0, 風向角度: 314.1, 風向: 西北
2025-07-09 17:37:25 - ModbusReader - INFO - 風速: 0.0 m/s, 風級: 0, 風向角度: 314.1, 風向: 西北
2025-07-09 17:37:55 - ModbusReader - INFO - 風速: 0.4 m/s, 風級: 1, 風向角度: 300.7, 風向: 西北西
2025-07-09 17:37:56 - ModbusReader - INFO - 風速: 0.4 m/s, 風級: 1, 風向角度: 300.7, 風向: 西北西
2025-07-09 17:38:26 - ModbusReader - INFO - 風速: 0.0 m/s, 風級: 0, 風向角度: 193.8, 風向: 南南西
2025-07-09 17:38:27 - ModbusReader - INFO - 風速: 0.0 m/s, 風級: 0, 風向角度: 147.8, 風向: 南南東
2025-07-09 17:38:58 - ModbusReader - INFO - 風速: 0.0 m/s, 風級: 0, 風向角度: 2.4, 風向: 北
2025-07-09 17:38:58 - ModbusReader - INFO - 風速: 0.0 m/s, 風級: 0, 風向角度: 2.4, 風向: 北
2025-07-09 17:39:29 - ModbusReader - INFO - 風速: 0.1 m/s, 風級: 0, 風向角度: 345.2, 風向: 北北西
2025-07-09 17:39:29 - ModbusReader - INFO - 風速: 0.1 m/s, 風級: 0, 風向角度: 345.2, 風向: 北北西
2025-07-09 17:40:00 - ModbusReader - INFO - 風速: 0.0 m/s, 風級: 0, 風向角度: 117.6, 風向: 東南東
2025-07-09 17:40:01 - ModbusReader - INFO - 風速: 0.0 m/s, 風級: 0, 風向角度: 117.6, 風向: 東南東
2025-07-09 17:40:31 - ModbusReader - INFO - 風速: 0.0 m/s, 風級: 0, 風向角度: 178.6, 風向: 南
2025-07-09 17:40:32 - ModbusReader - INFO - 風速: 0.0 m/s, 風級: 0, 風向角度: 178.6, 風向: 南
2025-07-09 17:41:02 - ModbusReader - INFO - 風速: 0.0 m/s, 風級: 0, 風向角度: 287.2, 風向: 西北西
2025-07-09 17:41:03 - ModbusReader - INFO - 風速: 0.0 m/s, 風級: 0, 風向角度: 287.2, 風向: 西北西
2025-07-09 17:41:34 - ModbusReader - INFO - 風速: 1.2 m/s, 風級: 1, 風向角度: 143.5, 風向: 東南
2025-07-09 17:41:34 - ModbusReader - INFO - 風速: 1.2 m/s, 風級: 1, 風向角度: 143.5, 風向: 東南
2025-07-09 17:42:05 - ModbusReader - INFO - 風速: 0.6 m/s, 風級: 1, 風向角度: 27.1, 風向: 北北東
2025-07-09 17:42:05 - ModbusReader - INFO - 風速: 0.6 m/s, 風級: 1, 風向角度: 27.1, 風向: 北北東
2025-07-09 17:42:36 - ModbusReader - INFO - 風速: 0.0 m/s, 風級: 0, 風向角度: 287.0, 風向: 西北西
2025-07-09 17:42:37 - ModbusReader - INFO - 風速: 0.0 m/s, 風級: 0, 風向角度: 287.0, 風向: 西北西
2025-07-09 17:43:07 - ModbusReader - INFO - 風速: 0.0 m/s, 風級: 0, 風向角度: 180.8, 風向: 南
2025-07-09 17:43:08 - ModbusReader - INFO - 風速: 0.0 m/s, 風級: 0, 風向角度: 180.8, 風向: 南
2025-07-09 17:43:38 - ModbusReader - INFO - 風速: 0.0 m/s, 風級: 0, 風向角度: 186.0, 風向: 南
2025-07-09 17:43:39 - ModbusReader - INFO - 風速: 0.0 m/s, 風級: 0, 風向角度: 186.0, 風向: 南
2025-07-09 17:44:10 - ModbusReader - INFO - 風速: 0.0 m/s, 風級: 0, 風向角度: 190.4, 風向: 南
2025-07-09 17:44:10 - ModbusReader - INFO - 風速: 0.0 m/s, 風級: 0, 風向角度: 190.4, 風向: 南
2025-07-09 17:44:41 - ModbusReader - INFO - 風速: 0.0 m/s, 風級: 0, 風向角度: 280.2, 風向: 西
2025-07-09 17:44:41 - ModbusReader - INFO - 風速: 0.0 m/s, 風級: 0, 風向角度: 280.2, 風向: 西
2025-07-09 17:45:12 - ModbusReader - INFO - 風速: 0.0 m/s, 風級: 0, 風向角度: 171.4, 風向: 南
2025-07-09 17:45:13 - ModbusReader - INFO - 風速: 0.0 m/s, 風級: 0, 風向角度: 171.4, 風向: 南
2025-07-09 17:45:43 - ModbusReader - INFO - 風速: 0.0 m/s, 風級: 0, 風向角度: 206.5, 風向: 南南西
2025-07-09 17:45:44 - ModbusReader - INFO - 風速: 0.8 m/s, 風級: 1, 風向角度: 159.7, 風向: 南南東
2025-07-09 17:46:14 - ModbusReader - INFO - 風速: 0.8 m/s, 風級: 1, 風向角度: 180.5, 風向: 南
2025-07-09 17:46:15 - ModbusReader - INFO - 風速: 0.8 m/s, 風級: 1, 風向角度: 180.5, 風向: 南
2025-07-09 17:46:46 - ModbusReader - INFO - 風速: 0.5 m/s, 風級: 1, 風向角度: 306.3, 風向: 西北
2025-07-09 17:46:46 - ModbusReader - INFO - 風速: 0.5 m/s, 風級: 1, 風向角度: 306.3, 風向: 西北
2025-07-09 17:47:17 - ModbusReader - INFO - 風速: 0.0 m/s, 風級: 0, 風向角度: 260.6, 風向: 西
2025-07-09 17:47:17 - ModbusReader - INFO - 風速: 0.0 m/s, 風級: 0, 風向角度: 260.6, 風向: 西
2025-07-09 17:47:48 - ModbusReader - INFO - 風速: 0.0 m/s, 風級: 0, 風向角度: 70.4, 風向: 東北東
2025-07-09 17:47:49 - ModbusReader - INFO - 風速: 0.0 m/s, 風級: 0, 風向角度: 70.4, 風向: 東北東
2025-07-09 17:48:19 - ModbusReader - INFO - 風速: 0.0 m/s, 風級: 0, 風向角度: 36.8, 風向: 東北
2025-07-09 17:48:20 - ModbusReader - INFO - 風速: 0.0 m/s, 風級: 0, 風向角度: 36.8, 風向: 東北
2025-07-09 17:48:50 - ModbusReader - INFO - 風速: 0.0 m/s, 風級: 0, 風向角度: 204.6, 風向: 南南西
2025-07-09 17:48:51 - ModbusReader - INFO - 風速: 0.0 m/s, 風級: 0, 風向角度: 204.6, 風向: 南南西
2025-07-09 17:49:22 - ModbusReader - INFO - 風速: 0.0 m/s, 風級: 0, 風向角度: 79.9, 風向: 東
2025-07-09 17:49:22 - ModbusReader - INFO - 風速: 0.0 m/s, 風級: 0, 風向角度: 79.9, 風向: 東
2025-07-09 17:49:53 - ModbusReader - INFO - 風速: 0.0 m/s, 風級: 0, 風向角度: 2.9, 風向: 北
2025-07-09 17:49:53 - ModbusReader - INFO - 風速: 0.0 m/s, 風級: 0, 風向角度: 2.9, 風向: 北
2025-07-09 17:50:24 - ModbusReader - INFO - 風速: 0.7 m/s, 風級: 1, 風向角度: 145.6, 風向: 東南
2025-07-09 17:50:25 - ModbusReader - INFO - 風速: 0.7 m/s, 風級: 1, 風向角度: 145.6, 風向: 東南
2025-07-09 17:50:55 - ModbusReader - INFO - 風速: 0.8 m/s, 風級: 1, 風向角度: 172.9, 風向: 南
2025-07-09 17:50:56 - ModbusReader - INFO - 風速: 0.8 m/s, 風級: 1, 風向角度: 172.9, 風向: 南
2025-07-09 17:51:26 - ModbusReader - INFO - 風速: 0.9 m/s, 風級: 1, 風向角度: 187.4, 風向: 南
2025-07-09 17:51:27 - ModbusReader - INFO - 風速: 0.9 m/s, 風級: 1, 風向角度: 187.4, 風向: 南
2025-07-09 17:51:58 - ModbusReader - INFO - 風速: 0.7 m/s, 風級: 1, 風向角度: 171.1, 風向: 南
2025-07-09 17:51:58 - ModbusReader - INFO - 風速: 0.7 m/s, 風級: 1, 風向角度: 171.1, 風向: 南
2025-07-09 17:52:29 - ModbusReader - INFO - 風速: 0.0 m/s, 風級: 0, 風向角度: 341.5, 風向: 北北西
2025-07-09 17:52:29 - ModbusReader - INFO - 風速: 0.0 m/s, 風級: 0, 風向角度: 341.5, 風向: 北北西
2025-07-09 17:53:00 - ModbusReader - INFO - 風速: 0.0 m/s, 風級: 0, 風向角度: 101.6, 風向: 東南東
2025-07-09 17:53:01 - ModbusReader - INFO - 風速: 0.0 m/s, 風級: 0, 風向角度: 156.1, 風向: 南南東
2025-07-09 17:53:31 - ModbusReader - INFO - 風速: 0.0 m/s, 風級: 0, 風向角度: 217.3, 風向: 西南
2025-07-09 17:53:32 - ModbusReader - INFO - 風速: 0.0 m/s, 風級: 0, 風向角度: 217.3, 風向: 西南
2025-07-09 17:54:02 - ModbusReader - INFO - 風速: 0.0 m/s, 風級: 0, 風向角度: 196.6, 風向: 南南西
2025-07-09 17:54:03 - ModbusReader - INFO - 風速: 0.0 m/s, 風級: 0, 風向角度: 196.6, 風向: 南南西
2025-07-09 17:54:34 - ModbusReader - INFO - 風速: 0.0 m/s, 風級: 0, 風向角度: 190.3, 風向: 南
2025-07-09 17:54:34 - ModbusReader - INFO - 風速: 0.0 m/s, 風級: 0, 風向角度: 190.3, 風向: 南
2025-07-09 17:55:05 - ModbusReader - INFO - 風速: 0.0 m/s, 風級: 0, 風向角度: 173.2, 風向: 南
2025-07-09 17:55:05 - ModbusReader - INFO - 風速: 0.0 m/s, 風級: 0, 風向角度: 173.2, 風向: 南
2025-07-09 17:55:36 - ModbusReader - INFO - 風速: 0.0 m/s, 風級: 0, 風向角度: 161.1, 風向: 南南東
2025-07-09 17:55:37 - ModbusReader - INFO - 風速: 0.0 m/s, 風級: 0, 風向角度: 161.1, 風向: 南南東
2025-07-09 17:56:07 - ModbusReader - INFO - 風速: 0.0 m/s, 風級: 0, 風向角度: 127.0, 風向: 東南
2025-07-09 17:56:08 - ModbusReader - INFO - 風速: 0.0 m/s, 風級: 0, 風向角度: 127.0, 風向: 東南
2025-07-09 17:56:38 - ModbusReader - INFO - 風速: 0.0 m/s, 風級: 0, 風向角度: 9.2, 風向: 北
2025-07-09 17:56:39 - ModbusReader - INFO - 風速: 0.0 m/s, 風級: 0, 風向角度: 9.2, 風向: 北
2025-07-09 17:57:10 - ModbusReader - INFO - 風速: 0.0 m/s, 風級: 0, 風向角度: 231.8, 風向: 西南
2025-07-09 17:57:10 - ModbusReader - INFO - 風速: 0.0 m/s, 風級: 0, 風向角度: 231.8, 風向: 西南
2025-07-09 17:57:41 - ModbusReader - INFO - 風速: 0.0 m/s, 風級: 0, 風向角度: 207.3, 風向: 南南西
2025-07-09 17:57:41 - ModbusReader - INFO - 風速: 0.0 m/s, 風級: 0, 風向角度: 207.3, 風向: 南南西
2025-07-09 17:58:12 - ModbusReader - INFO - 風速: 0.0 m/s, 風級: 0, 風向角度: 199.0, 風向: 南南西
2025-07-09 17:58:13 - ModbusReader - INFO - 風速: 0.0 m/s, 風級: 0, 風向角度: 199.0, 風向: 南南西
2025-07-09 17:58:43 - ModbusReader - INFO - 風速: 0.0 m/s, 風級: 0, 風向角度: 151.6, 風向: 南南東
2025-07-09 17:58:44 - ModbusReader - INFO - 風速: 0.0 m/s, 風級: 0, 風向角度: 151.6, 風向: 南南東
2025-07-09 17:59:14 - ModbusReader - INFO - 風速: 0.0 m/s, 風級: 0, 風向角度: 317.9, 風向: 西北
2025-07-09 17:59:15 - ModbusReader - INFO - 風速: 0.0 m/s, 風級: 0, 風向角度: 317.9, 風向: 西北
2025-07-09 17:59:46 - ModbusReader - INFO - 風速: 0.0 m/s, 風級: 0, 風向角度: 333.9, 風向: 北北西
2025-07-09 17:59:46 - ModbusReader - INFO - 風速: 0.0 m/s, 風級: 0, 風向角度: 333.9, 風向: 北北西
2025-07-09 18:00:17 - ModbusReader - INFO - 風速: 0.0 m/s, 風級: 0, 風向角度: 35.5, 風向: 東北
2025-07-09 18:00:17 - ModbusReader - INFO - 風速: 0.0 m/s, 風級: 0, 風向角度: 189.1, 風向: 南
2025-07-10 09:12:29 - ModbusReader - INFO - 找到 風速計 設備: COM4
2025-07-10 09:12:30 - ModbusReader - INFO - 風速: 0.0 m/s, 風級: 0, 風向角度: 185.6, 風向: 南
2025-07-10 09:12:31 - ModbusReader - INFO - 風速: 0.0 m/s, 風級: 0, 風向角度: 185.6, 風向: 南
2025-07-10 09:12:31 - ModbusReader - INFO - 風速: 0.0 m/s, 風級: 0, 風向角度: 185.6, 風向: 南
2025-07-10 09:13:02 - ModbusReader - INFO - 風速: 0.0 m/s, 風級: 0, 風向角度: 180.0, 風向: 南
2025-07-10 09:13:03 - ModbusReader - INFO - 風速: 0.0 m/s, 風級: 0, 風向角度: 180.0, 風向: 南
2025-07-10 09:13:33 - ModbusReader - INFO - 風速: 0.0 m/s, 風級: 0, 風向角度: 190.4, 風向: 南
2025-07-10 09:13:34 - ModbusReader - INFO - 風速: 0.0 m/s, 風級: 0, 風向角度: 190.4, 風向: 南
2025-07-10 09:14:04 - ModbusReader - INFO - 風速: 0.0 m/s, 風級: 0, 風向角度: 349.0, 風向: 北
2025-07-10 09:14:05 - ModbusReader - INFO - 風速: 0.0 m/s, 風級: 0, 風向角度: 273.8, 風向: 西
2025-07-10 09:14:36 - ModbusReader - INFO - 風速: 0.0 m/s, 風級: 0, 風向角度: 274.5, 風向: 西
2025-07-10 09:14:36 - ModbusReader - INFO - 風速: 0.0 m/s, 風級: 0, 風向角度: 274.5, 風向: 西
2025-07-10 09:15:07 - ModbusReader - INFO - 風速: 0.0 m/s, 風級: 0, 風向角度: 247.0, 風向: 西南西
2025-07-10 09:15:07 - ModbusReader - INFO - 風速: 0.0 m/s, 風級: 0, 風向角度: 247.0, 風向: 西南西
2025-07-10 09:15:38 - ModbusReader - INFO - 風速: 0.0 m/s, 風級: 0, 風向角度: 349.0, 風向: 北
2025-07-10 09:15:39 - ModbusReader - INFO - 風速: 0.0 m/s, 風級: 0, 風向角度: 349.0, 風向: 北
2025-07-10 09:16:09 - ModbusReader - INFO - 風速: 0.0 m/s, 風級: 0, 風向角度: 244.9, 風向: 西南西
2025-07-10 09:16:10 - ModbusReader - INFO - 風速: 0.0 m/s, 風級: 0, 風向角度: 244.9, 風向: 西南西
2025-07-10 09:16:40 - ModbusReader - INFO - 風速: 0.0 m/s, 風級: 0, 風向角度: 241.0, 風向: 西南西
2025-07-10 09:16:41 - ModbusReader - INFO - 風速: 0.0 m/s, 風級: 0, 風向角度: 241.0, 風向: 西南西
2025-07-10 09:17:12 - ModbusReader - INFO - 風速: 0.0 m/s, 風級: 0, 風向角度: 151.7, 風向: 南南東
2025-07-10 09:17:12 - ModbusReader - INFO - 風速: 0.0 m/s, 風級: 0, 風向角度: 151.7, 風向: 南南東
2025-07-10 09:17:43 - ModbusReader - INFO - 風速: 0.0 m/s, 風級: 0, 風向角度: 207.5, 風向: 南南西
2025-07-10 09:17:43 - ModbusReader - INFO - 風速: 0.0 m/s, 風級: 0, 風向角度: 207.5, 風向: 南南西
2025-07-10 09:18:14 - ModbusReader - INFO - 風速: 0.0 m/s, 風級: 0, 風向角度: 323.9, 風向: 西北
2025-07-10 09:18:15 - ModbusReader - INFO - 風速: 0.0 m/s, 風級: 0, 風向角度: 323.9, 風向: 西北
2025-07-10 09:18:45 - ModbusReader - INFO - 風速: 0.1 m/s, 風級: 0, 風向角度: 213.2, 風向: 南南西
2025-07-10 09:18:46 - ModbusReader - INFO - 風速: 0.1 m/s, 風級: 0, 風向角度: 213.2, 風向: 南南西
2025-07-10 09:19:16 - ModbusReader - INFO - 風速: 0.0 m/s, 風級: 0, 風向角度: 19.7, 風向: 北北東
2025-07-10 09:19:17 - ModbusReader - INFO - 風速: 0.0 m/s, 風級: 0, 風向角度: 19.7, 風向: 北北東
2025-07-10 09:19:48 - ModbusReader - INFO - 風速: 0.0 m/s, 風級: 0, 風向角度: 31.6, 風向: 北北東
2025-07-10 09:19:48 - ModbusReader - INFO - 風速: 0.0 m/s, 風級: 0, 風向角度: 31.6, 風向: 北北東
2025-07-10 09:20:19 - ModbusReader - INFO - 風速: 0.0 m/s, 風級: 0, 風向角度: 183.9, 風向: 南
2025-07-10 09:20:19 - ModbusReader - INFO - 風速: 0.0 m/s, 風級: 0, 風向角度: 183.9, 風向: 南
2025-07-10 09:20:50 - ModbusReader - INFO - 風速: 0.0 m/s, 風級: 0, 風向角度: 137.2, 風向: 東南
2025-07-10 09:20:51 - ModbusReader - INFO - 風速: 0.0 m/s, 風級: 0, 風向角度: 137.2, 風向: 東南
2025-07-10 09:21:21 - ModbusReader - INFO - 風速: 0.0 m/s, 風級: 0, 風向角度: 131.5, 風向: 東南
2025-07-10 09:21:22 - ModbusReader - INFO - 風速: 0.0 m/s, 風級: 0, 風向角度: 131.4, 風向: 東南
2025-07-10 09:21:52 - ModbusReader - INFO - 風速: 0.0 m/s, 風級: 0, 風向角度: 170.1, 風向: 南
2025-07-10 09:21:53 - ModbusReader - INFO - 風速: 0.0 m/s, 風級: 0, 風向角度: 170.1, 風向: 南
2025-07-10 09:22:24 - ModbusReader - INFO - 風速: 0.0 m/s, 風級: 0, 風向角度: 204.8, 風向: 南南西
2025-07-10 09:22:24 - ModbusReader - INFO - 風速: 0.0 m/s, 風級: 0, 風向角度: 204.8, 風向: 南南西
2025-07-10 09:22:53 - ModbusReader - INFO - 風速: 0.2 m/s, 風級: 0, 風向角度: 173.7, 風向: 南
2025-07-10 09:22:53 - ModbusReader - INFO - 風速: 0.2 m/s, 風級: 0, 風向角度: 173.7, 風向: 南
2025-07-10 09:23:24 - ModbusReader - INFO - 風速: 0.0 m/s, 風級: 0, 風向角度: 81.3, 風向: 東
2025-07-10 09:23:25 - ModbusReader - INFO - 風速: 0.0 m/s, 風級: 0, 風向角度: 81.3, 風向: 東
2025-07-10 09:23:55 - ModbusReader - INFO - 風速: 0.0 m/s, 風級: 0, 風向角度: 169.4, 風向: 南
2025-07-10 09:23:56 - ModbusReader - INFO - 風速: 0.0 m/s, 風級: 0, 風向角度: 169.4, 風向: 南
2025-07-10 09:24:26 - ModbusReader - INFO - 風速: 0.0 m/s, 風級: 0, 風向角度: 100.7, 風向: 東
2025-07-10 09:24:27 - ModbusReader - INFO - 風速: 0.0 m/s, 風級: 0, 風向角度: 100.7, 風向: 東
2025-07-10 09:24:58 - ModbusReader - INFO - 風速: 0.0 m/s, 風級: 0, 風向角度: 119.8, 風向: 東南東
2025-07-10 09:24:58 - ModbusReader - INFO - 風速: 0.0 m/s, 風級: 0, 風向角度: 119.8, 風向: 東南東
2025-07-10 09:25:29 - ModbusReader - INFO - 風速: 0.0 m/s, 風級: 0, 風向角度: 256.6, 風向: 西南西
2025-07-10 09:25:29 - ModbusReader - INFO - 風速: 0.0 m/s, 風級: 0, 風向角度: 256.6, 風向: 西南西
2025-07-10 09:26:00 - ModbusReader - INFO - 風速: 0.0 m/s, 風級: 0, 風向角度: 175.3, 風向: 南
2025-07-10 09:26:01 - ModbusReader - INFO - 風速: 0.0 m/s, 風級: 0, 風向角度: 175.3, 風向: 南
2025-07-10 09:26:31 - ModbusReader - INFO - 風速: 0.0 m/s, 風級: 0, 風向角度: 94.2, 風向: 東
2025-07-10 09:26:32 - ModbusReader - INFO - 風速: 0.0 m/s, 風級: 0, 風向角度: 94.2, 風向: 東
2025-07-10 09:27:02 - ModbusReader - INFO - 風速: 0.4 m/s, 風級: 1, 風向角度: 190.0, 風向: 南
2025-07-10 09:27:03 - ModbusReader - INFO - 風速: 0.4 m/s, 風級: 1, 風向角度: 190.0, 風向: 南
2025-07-10 09:27:34 - ModbusReader - INFO - 風速: 0.0 m/s, 風級: 0, 風向角度: 205.5, 風向: 南南西
2025-07-10 09:27:34 - ModbusReader - INFO - 風速: 0.0 m/s, 風級: 0, 風向角度: 205.5, 風向: 南南西
2025-07-10 09:28:05 - ModbusReader - INFO - 風速: 0.0 m/s, 風級: 0, 風向角度: 154.1, 風向: 南南東
2025-07-10 09:28:05 - ModbusReader - INFO - 風速: 0.0 m/s, 風級: 0, 風向角度: 154.1, 風向: 南南東
2025-07-10 09:28:36 - ModbusReader - INFO - 風速: 0.0 m/s, 風級: 0, 風向角度: 101.7, 風向: 東南東
2025-07-10 09:28:37 - ModbusReader - INFO - 風速: 0.0 m/s, 風級: 0, 風向角度: 101.7, 風向: 東南東
2025-07-10 09:29:07 - ModbusReader - INFO - 風速: 0.0 m/s, 風級: 0, 風向角度: 203.6, 風向: 南南西
2025-07-10 09:29:08 - ModbusReader - INFO - 風速: 0.0 m/s, 風級: 0, 風向角度: 203.6, 風向: 南南西
2025-07-10 09:29:38 - ModbusReader - INFO - 風速: 0.0 m/s, 風級: 0, 風向角度: 209.9, 風向: 南南西
2025-07-10 09:29:39 - ModbusReader - INFO - 風速: 0.0 m/s, 風級: 0, 風向角度: 209.9, 風向: 南南西
2025-07-10 09:30:10 - ModbusReader - INFO - 風速: 0.0 m/s, 風級: 0, 風向角度: 195.7, 風向: 南南西
2025-07-10 09:30:10 - ModbusReader - INFO - 風速: 0.0 m/s, 風級: 0, 風向角度: 195.7, 風向: 南南西
2025-07-10 09:30:41 - ModbusReader - INFO - 風速: 0.0 m/s, 風級: 0, 風向角度: 151.1, 風向: 南南東
2025-07-10 09:30:41 - ModbusReader - INFO - 風速: 0.0 m/s, 風級: 0, 風向角度: 151.1, 風向: 南南東
2025-07-10 09:31:12 - ModbusReader - INFO - 風速: 0.3 m/s, 風級: 1, 風向角度: 228.9, 風向: 西南
2025-07-10 09:31:13 - ModbusReader - INFO - 風速: 0.3 m/s, 風級: 1, 風向角度: 228.9, 風向: 西南
2025-07-10 09:31:43 - ModbusReader - INFO - 風速: 0.0 m/s, 風級: 0, 風向角度: 203.3, 風向: 南南西
2025-07-10 09:31:44 - ModbusReader - INFO - 風速: 0.0 m/s, 風級: 0, 風向角度: 203.3, 風向: 南南西
2025-07-10 09:32:14 - ModbusReader - INFO - 風速: 0.0 m/s, 風級: 0, 風向角度: 17.4, 風向: 北北東
2025-07-10 09:32:15 - ModbusReader - INFO - 風速: 0.0 m/s, 風級: 0, 風向角度: 17.4, 風向: 北北東
2025-07-10 09:32:46 - ModbusReader - INFO - 風速: 0.0 m/s, 風級: 0, 風向角度: 140.6, 風向: 東南
2025-07-10 09:32:46 - ModbusReader - INFO - 風速: 0.0 m/s, 風級: 0, 風向角度: 140.6, 風向: 東南
2025-07-10 09:33:17 - ModbusReader - INFO - 風速: 0.0 m/s, 風級: 0, 風向角度: 312.1, 風向: 西北
2025-07-10 09:33:17 - ModbusReader - INFO - 風速: 0.0 m/s, 風級: 0, 風向角度: 312.1, 風向: 西北
2025-07-10 09:33:48 - ModbusReader - INFO - 風速: 0.0 m/s, 風級: 0, 風向角度: 194.3, 風向: 南南西
2025-07-10 09:33:49 - ModbusReader - INFO - 風速: 0.0 m/s, 風級: 0, 風向角度: 194.3, 風向: 南南西
2025-07-10 09:34:19 - ModbusReader - INFO - 風速: 0.0 m/s, 風級: 0, 風向角度: 215.5, 風向: 西南
2025-07-10 09:34:20 - ModbusReader - INFO - 風速: 0.0 m/s, 風級: 0, 風向角度: 215.5, 風向: 西南
2025-07-10 09:34:50 - ModbusReader - INFO - 風速: 0.0 m/s, 風級: 0, 風向角度: 212.1, 風向: 南南西
2025-07-10 09:34:51 - ModbusReader - INFO - 風速: 0.0 m/s, 風級: 0, 風向角度: 212.1, 風向: 南南西
2025-07-10 09:35:22 - ModbusReader - INFO - 風速: 0.0 m/s, 風級: 0, 風向角度: 106.7, 風向: 東南東
2025-07-10 09:35:22 - ModbusReader - INFO - 風速: 0.0 m/s, 風級: 0, 風向角度: 106.7, 風向: 東南東
2025-07-10 09:35:53 - ModbusReader - INFO - 風速: 0.0 m/s, 風級: 0, 風向角度: 159.4, 風向: 南南東
2025-07-10 09:35:53 - ModbusReader - INFO - 風速: 0.0 m/s, 風級: 0, 風向角度: 159.4, 風向: 南南東
2025-07-10 09:36:24 - ModbusReader - INFO - 風速: 0.0 m/s, 風級: 0, 風向角度: 347.3, 風向: 北北西
2025-07-10 09:36:25 - ModbusReader - INFO - 風速: 0.0 m/s, 風級: 0, 風向角度: 347.3, 風向: 北北西
2025-07-10 09:36:55 - ModbusReader - INFO - 風速: 0.0 m/s, 風級: 0, 風向角度: 329.6, 風向: 北北西
2025-07-10 09:36:56 - ModbusReader - INFO - 風速: 0.0 m/s, 風級: 0, 風向角度: 329.6, 風向: 北北西
2025-07-10 09:37:26 - ModbusReader - INFO - 風速: 0.0 m/s, 風級: 0, 風向角度: 160.5, 風向: 南南東
2025-07-10 09:37:27 - ModbusReader - INFO - 風速: 0.0 m/s, 風級: 0, 風向角度: 160.5, 風向: 南南東
2025-07-10 09:37:58 - ModbusReader - INFO - 風速: 0.0 m/s, 風級: 0, 風向角度: 264.8, 風向: 西
2025-07-10 09:37:58 - ModbusReader - INFO - 風速: 0.0 m/s, 風級: 0, 風向角度: 264.8, 風向: 西
2025-07-10 09:38:29 - ModbusReader - INFO - 風速: 0.0 m/s, 風級: 0, 風向角度: 259.6, 風向: 西
2025-07-10 09:38:29 - ModbusReader - INFO - 風速: 0.0 m/s, 風級: 0, 風向角度: 259.6, 風向: 西
2025-07-10 09:39:00 - ModbusReader - INFO - 風速: 0.0 m/s, 風級: 0, 風向角度: 272.3, 風向: 西
2025-07-10 09:39:01 - ModbusReader - INFO - 風速: 0.0 m/s, 風級: 0, 風向角度: 272.3, 風向: 西
2025-07-10 09:39:31 - ModbusReader - INFO - 風速: 0.0 m/s, 風級: 0, 風向角度: 126.7, 風向: 東南
2025-07-10 09:39:32 - ModbusReader - INFO - 風速: 0.0 m/s, 風級: 0, 風向角度: 126.7, 風向: 東南
2025-07-10 09:40:02 - ModbusReader - INFO - 風速: 0.0 m/s, 風級: 0, 風向角度: 298.4, 風向: 西北西
2025-07-10 09:40:03 - ModbusReader - INFO - 風速: 0.0 m/s, 風級: 0, 風向角度: 298.4, 風向: 西北西
2025-07-10 09:40:34 - ModbusReader - INFO - 風速: 0.0 m/s, 風級: 0, 風向角度: 136.0, 風向: 東南
2025-07-10 09:40:34 - ModbusReader - INFO - 風速: 0.0 m/s, 風級: 0, 風向角度: 136.0, 風向: 東南
2025-07-10 09:41:05 - ModbusReader - INFO - 風速: 0.0 m/s, 風級: 0, 風向角度: 135.8, 風向: 東南
2025-07-10 09:41:05 - ModbusReader - INFO - 風速: 0.0 m/s, 風級: 0, 風向角度: 135.8, 風向: 東南
2025-07-10 09:41:36 - ModbusReader - INFO - 風速: 0.0 m/s, 風級: 0, 風向角度: 81.1, 風向: 東
2025-07-10 09:41:37 - ModbusReader - INFO - 風速: 0.0 m/s, 風級: 0, 風向角度: 81.1, 風向: 東
2025-07-10 09:42:07 - ModbusReader - INFO - 風速: 0.0 m/s, 風級: 0, 風向角度: 281.5, 風向: 西北西
2025-07-10 09:42:08 - ModbusReader - INFO - 風速: 0.0 m/s, 風級: 0, 風向角度: 281.5, 風向: 西北西
2025-07-10 09:42:38 - ModbusReader - INFO - 風速: 0.0 m/s, 風級: 0, 風向角度: 332.3, 風向: 北北西
2025-07-10 09:42:39 - ModbusReader - INFO - 風速: 0.0 m/s, 風級: 0, 風向角度: 332.3, 風向: 北北西
2025-07-10 09:43:10 - ModbusReader - INFO - 風速: 0.0 m/s, 風級: 0, 風向角度: 173.4, 風向: 南
2025-07-10 09:43:10 - ModbusReader - INFO - 風速: 0.0 m/s, 風級: 0, 風向角度: 173.4, 風向: 南
2025-07-10 09:43:41 - ModbusReader - INFO - 風速: 0.0 m/s, 風級: 0, 風向角度: 189.4, 風向: 南
2025-07-10 09:43:41 - ModbusReader - INFO - 風速: 0.0 m/s, 風級: 0, 風向角度: 189.4, 風向: 南
2025-07-10 09:44:12 - ModbusReader - INFO - 風速: 0.0 m/s, 風級: 0, 風向角度: 217.6, 風向: 西南
2025-07-10 09:44:13 - ModbusReader - INFO - 風速: 0.0 m/s, 風級: 0, 風向角度: 217.6, 風向: 西南
2025-07-10 09:44:43 - ModbusReader - INFO - 風速: 0.0 m/s, 風級: 0, 風向角度: 129.2, 風向: 東南
2025-07-10 09:44:44 - ModbusReader - INFO - 風速: 0.0 m/s, 風級: 0, 風向角度: 129.2, 風向: 東南
2025-07-10 09:45:14 - ModbusReader - INFO - 風速: 0.0 m/s, 風級: 0, 風向角度: 63.4, 風向: 東北東
2025-07-10 09:45:15 - ModbusReader - INFO - 風速: 0.0 m/s, 風級: 0, 風向角度: 63.4, 風向: 東北東
2025-07-10 09:45:46 - ModbusReader - INFO - 風速: 0.0 m/s, 風級: 0, 風向角度: 170.0, 風向: 南
2025-07-10 09:45:46 - ModbusReader - INFO - 風速: 0.0 m/s, 風級: 0, 風向角度: 170.0, 風向: 南
2025-07-10 09:46:17 - ModbusReader - INFO - 風速: 0.0 m/s, 風級: 0, 風向角度: 326.3, 風向: 北北西
2025-07-10 09:46:17 - ModbusReader - INFO - 風速: 0.0 m/s, 風級: 0, 風向角度: 326.3, 風向: 北北西
2025-07-10 09:46:48 - ModbusReader - INFO - 風速: 0.0 m/s, 風級: 0, 風向角度: 261.8, 風向: 西
2025-07-10 09:46:49 - ModbusReader - INFO - 風速: 0.0 m/s, 風級: 0, 風向角度: 261.8, 風向: 西
2025-07-10 09:47:19 - ModbusReader - INFO - 風速: 0.0 m/s, 風級: 0, 風向角度: 55.3, 風向: 東北
2025-07-10 09:47:20 - ModbusReader - INFO - 風速: 0.0 m/s, 風級: 0, 風向角度: 55.3, 風向: 東北
2025-07-10 09:47:50 - ModbusReader - INFO - 風速: 0.0 m/s, 風級: 0, 風向角度: 196.8, 風向: 南南西
2025-07-10 09:47:51 - ModbusReader - INFO - 風速: 0.0 m/s, 風級: 0, 風向角度: 196.8, 風向: 南南西
2025-07-10 09:48:22 - ModbusReader - INFO - 風速: 0.0 m/s, 風級: 0, 風向角度: 267.9, 風向: 西
2025-07-10 09:48:22 - ModbusReader - INFO - 風速: 0.0 m/s, 風級: 0, 風向角度: 267.9, 風向: 西
2025-07-10 09:48:53 - ModbusReader - INFO - 風速: 0.0 m/s, 風級: 0, 風向角度: 215.0, 風向: 西南
2025-07-10 09:48:53 - ModbusReader - INFO - 風速: 0.0 m/s, 風級: 0, 風向角度: 215.0, 風向: 西南
2025-07-10 09:49:24 - ModbusReader - INFO - 風速: 0.0 m/s, 風級: 0, 風向角度: 312.5, 風向: 西北
2025-07-10 09:49:25 - ModbusReader - INFO - 風速: 0.0 m/s, 風級: 0, 風向角度: 312.5, 風向: 西北
2025-07-10 09:49:55 - ModbusReader - INFO - 風速: 0.0 m/s, 風級: 0, 風向角度: 174.6, 風向: 南
2025-07-10 09:49:56 - ModbusReader - INFO - 風速: 0.0 m/s, 風級: 0, 風向角度: 174.6, 風向: 南
2025-07-10 09:50:26 - ModbusReader - INFO - 風速: 0.0 m/s, 風級: 0, 風向角度: 315.0, 風向: 西北
2025-07-10 09:50:27 - ModbusReader - INFO - 風速: 0.0 m/s, 風級: 0, 風向角度: 315.0, 風向: 西北
2025-07-10 09:50:58 - ModbusReader - INFO - 風速: 0.0 m/s, 風級: 0, 風向角度: 221.4, 風向: 西南
2025-07-10 09:50:58 - ModbusReader - INFO - 風速: 0.0 m/s, 風級: 0, 風向角度: 221.4, 風向: 西南
2025-07-10 09:51:29 - ModbusReader - INFO - 風速: 0.0 m/s, 風級: 0, 風向角度: 285.6, 風向: 西北西
2025-07-10 09:51:29 - ModbusReader - INFO - 風速: 0.0 m/s, 風級: 0, 風向角度: 285.6, 風向: 西北西
2025-07-10 09:52:00 - ModbusReader - INFO - 風速: 0.0 m/s, 風級: 0, 風向角度: 213.4, 風向: 南南西
2025-07-10 09:52:01 - ModbusReader - INFO - 風速: 0.0 m/s, 風級: 0, 風向角度: 213.4, 風向: 南南西
2025-07-10 09:52:31 - ModbusReader - INFO - 風速: 0.0 m/s, 風級: 0, 風向角度: 219.2, 風向: 西南
2025-07-10 09:52:32 - ModbusReader - INFO - 風速: 0.0 m/s, 風級: 0, 風向角度: 219.2, 風向: 西南
2025-07-10 09:53:02 - ModbusReader - INFO - 風速: 0.0 m/s, 風級: 0, 風向角度: 233.6, 風向: 西南
2025-07-10 09:53:03 - ModbusReader - INFO - 風速: 0.0 m/s, 風級: 0, 風向角度: 233.6, 風向: 西南
2025-07-10 09:53:34 - ModbusReader - INFO - 風速: 0.0 m/s, 風級: 0, 風向角度: 197.9, 風向: 南南西
2025-07-10 09:53:34 - ModbusReader - INFO - 風速: 0.0 m/s, 風級: 0, 風向角度: 197.9, 風向: 南南西
2025-07-10 09:54:05 - ModbusReader - INFO - 風速: 0.0 m/s, 風級: 0, 風向角度: 176.4, 風向: 南
2025-07-10 09:54:05 - ModbusReader - INFO - 風速: 0.0 m/s, 風級: 0, 風向角度: 176.4, 風向: 南
2025-07-10 09:54:36 - ModbusReader - INFO - 風速: 0.0 m/s, 風級: 0, 風向角度: 121.3, 風向: 東南東
2025-07-10 09:54:37 - ModbusReader - INFO - 風速: 0.0 m/s, 風級: 0, 風向角度: 121.3, 風向: 東南東
2025-07-10 09:55:07 - ModbusReader - INFO - 風速: 0.0 m/s, 風級: 0, 風向角度: 180.0, 風向: 南
2025-07-10 09:55:08 - ModbusReader - INFO - 風速: 0.0 m/s, 風級: 0, 風向角度: 180.0, 風向: 南
2025-07-10 09:55:38 - ModbusReader - INFO - 風速: 0.0 m/s, 風級: 0, 風向角度: 228.0, 風向: 西南
2025-07-10 09:55:39 - ModbusReader - INFO - 風速: 0.0 m/s, 風級: 0, 風向角度: 228.0, 風向: 西南
2025-07-10 09:56:10 - ModbusReader - INFO - 風速: 0.0 m/s, 風級: 0, 風向角度: 223.9, 風向: 西南
2025-07-10 09:56:10 - ModbusReader - INFO - 風速: 0.0 m/s, 風級: 0, 風向角度: 223.9, 風向: 西南
2025-07-10 09:56:41 - ModbusReader - INFO - 風速: 0.0 m/s, 風級: 0, 風向角度: 167.9, 風向: 南南東
2025-07-10 09:56:41 - ModbusReader - INFO - 風速: 0.0 m/s, 風級: 0, 風向角度: 167.9, 風向: 南南東
2025-07-10 09:57:12 - ModbusReader - INFO - 風速: 0.0 m/s, 風級: 0, 風向角度: 187.0, 風向: 南
2025-07-10 09:57:13 - ModbusReader - INFO - 風速: 0.0 m/s, 風級: 0, 風向角度: 187.0, 風向: 南
2025-07-10 09:57:43 - ModbusReader - INFO - 風速: 0.0 m/s, 風級: 0, 風向角度: 154.1, 風向: 南南東
2025-07-10 09:57:44 - ModbusReader - INFO - 風速: 0.0 m/s, 風級: 0, 風向角度: 154.1, 風向: 南南東
2025-07-10 09:58:14 - ModbusReader - INFO - 風速: 0.0 m/s, 風級: 0, 風向角度: 149.4, 風向: 南南東
2025-07-10 09:58:15 - ModbusReader - INFO - 風速: 0.0 m/s, 風級: 0, 風向角度: 149.4, 風向: 南南東
2025-07-10 09:58:46 - ModbusReader - INFO - 風速: 0.0 m/s, 風級: 0, 風向角度: 217.8, 風向: 西南
2025-07-10 09:58:46 - ModbusReader - INFO - 風速: 0.0 m/s, 風級: 0, 風向角度: 217.8, 風向: 西南
2025-07-10 09:59:17 - ModbusReader - INFO - 風速: 0.0 m/s, 風級: 0, 風向角度: 168.4, 風向: 南南東
2025-07-10 09:59:17 - ModbusReader - INFO - 風速: 0.0 m/s, 風級: 0, 風向角度: 168.4, 風向: 南南東
2025-07-10 09:59:48 - ModbusReader - INFO - 風速: 0.0 m/s, 風級: 0, 風向角度: 2.9, 風向: 北
2025-07-10 09:59:49 - ModbusReader - INFO - 風速: 0.0 m/s, 風級: 0, 風向角度: 2.9, 風向: 北
2025-07-10 10:00:19 - ModbusReader - INFO - 風速: 0.0 m/s, 風級: 0, 風向角度: 223.0, 風向: 西南
2025-07-10 10:00:20 - ModbusReader - INFO - 風速: 0.0 m/s, 風級: 0, 風向角度: 223.0, 風向: 西南
2025-07-10 10:00:50 - ModbusReader - INFO - 風速: 0.0 m/s, 風級: 0, 風向角度: 166.7, 風向: 南南東
2025-07-10 10:00:51 - ModbusReader - INFO - 風速: 0.0 m/s, 風級: 0, 風向角度: 166.7, 風向: 南南東
2025-07-10 10:01:22 - ModbusReader - INFO - 風速: 0.0 m/s, 風級: 0, 風向角度: 186.3, 風向: 南
2025-07-10 10:01:22 - ModbusReader - INFO - 風速: 0.0 m/s, 風級: 0, 風向角度: 186.3, 風向: 南
2025-07-10 10:01:53 - ModbusReader - INFO - 風速: 0.0 m/s, 風級: 0, 風向角度: 318.3, 風向: 西北
2025-07-10 10:01:53 - ModbusReader - INFO - 風速: 0.0 m/s, 風級: 0, 風向角度: 318.3, 風向: 西北
2025-07-10 10:02:24 - ModbusReader - INFO - 風速: 0.0 m/s, 風級: 0, 風向角度: 301.6, 風向: 西北西
2025-07-10 10:02:25 - ModbusReader - INFO - 風速: 0.0 m/s, 風級: 0, 風向角度: 301.6, 風向: 西北西
2025-07-10 10:02:55 - ModbusReader - INFO - 風速: 0.0 m/s, 風級: 0, 風向角度: 135.4, 風向: 東南
2025-07-10 10:02:56 - ModbusReader - INFO - 風速: 0.0 m/s, 風級: 0, 風向角度: 135.4, 風向: 東南
2025-07-10 10:03:26 - ModbusReader - INFO - 風速: 0.0 m/s, 風級: 0, 風向角度: 171.2, 風向: 南
2025-07-10 10:03:27 - ModbusReader - INFO - 風速: 0.0 m/s, 風級: 0, 風向角度: 171.2, 風向: 南
2025-07-10 10:03:58 - ModbusReader - INFO - 風速: 0.0 m/s, 風級: 0, 風向角度: 35.6, 風向: 東北
2025-07-10 10:03:58 - ModbusReader - INFO - 風速: 0.0 m/s, 風級: 0, 風向角度: 35.6, 風向: 東北
2025-07-10 10:04:29 - ModbusReader - INFO - 風速: 0.0 m/s, 風級: 0, 風向角度: 172.2, 風向: 南
2025-07-10 10:04:29 - ModbusReader - INFO - 風速: 0.0 m/s, 風級: 0, 風向角度: 172.2, 風向: 南
2025-07-10 10:05:00 - ModbusReader - INFO - 風速: 0.0 m/s, 風級: 0, 風向角度: 15.4, 風向: 北北東
2025-07-10 10:05:01 - ModbusReader - INFO - 風速: 0.0 m/s, 風級: 0, 風向角度: 15.4, 風向: 北北東
2025-07-10 10:05:31 - ModbusReader - INFO - 風速: 0.0 m/s, 風級: 0, 風向角度: 80.1, 風向: 東
2025-07-10 10:05:32 - ModbusReader - INFO - 風速: 0.0 m/s, 風級: 0, 風向角度: 80.1, 風向: 東
2025-07-10 10:06:02 - ModbusReader - INFO - 風速: 0.0 m/s, 風級: 0, 風向角度: 170.2, 風向: 南
2025-07-10 10:06:03 - ModbusReader - INFO - 風速: 0.0 m/s, 風級: 0, 風向角度: 170.2, 風向: 南
2025-07-10 10:06:34 - ModbusReader - INFO - 風速: 0.0 m/s, 風級: 0, 風向角度: 195.3, 風向: 南南西
2025-07-10 10:06:34 - ModbusReader - INFO - 風速: 0.0 m/s, 風級: 0, 風向角度: 195.3, 風向: 南南西
2025-07-10 10:07:05 - ModbusReader - INFO - 風速: 0.0 m/s, 風級: 0, 風向角度: 152.7, 風向: 南南東
2025-07-10 10:07:05 - ModbusReader - INFO - 風速: 0.0 m/s, 風級: 0, 風向角度: 152.7, 風向: 南南東
2025-07-10 10:07:36 - ModbusReader - INFO - 風速: 0.0 m/s, 風級: 0, 風向角度: 179.0, 風向: 南
2025-07-10 10:07:37 - ModbusReader - INFO - 風速: 0.0 m/s, 風級: 0, 風向角度: 179.0, 風向: 南
2025-07-10 10:08:07 - ModbusReader - INFO - 風速: 0.0 m/s, 風級: 0, 風向角度: 214.9, 風向: 西南
2025-07-10 10:08:08 - ModbusReader - INFO - 風速: 0.0 m/s, 風級: 0, 風向角度: 214.9, 風向: 西南
2025-07-10 10:08:38 - ModbusReader - INFO - 風速: 0.0 m/s, 風級: 0, 風向角度: 356.2, 風向: 北
2025-07-10 10:08:39 - ModbusReader - INFO - 風速: 0.0 m/s, 風級: 0, 風向角度: 356.2, 風向: 北
2025-07-10 10:09:10 - ModbusReader - INFO - 風速: 0.0 m/s, 風級: 0, 風向角度: 294.7, 風向: 西北西
2025-07-10 10:09:10 - ModbusReader - INFO - 風速: 0.0 m/s, 風級: 0, 風向角度: 294.7, 風向: 西北西
2025-07-10 10:09:41 - ModbusReader - INFO - 風速: 0.0 m/s, 風級: 0, 風向角度: 161.5, 風向: 南南東
2025-07-10 10:09:41 - ModbusReader - INFO - 風速: 0.0 m/s, 風級: 0, 風向角度: 161.5, 風向: 南南東
2025-07-10 10:10:12 - ModbusReader - INFO - 風速: 0.0 m/s, 風級: 0, 風向角度: 154.7, 風向: 南南東
2025-07-10 10:10:13 - ModbusReader - INFO - 風速: 0.0 m/s, 風級: 0, 風向角度: 154.7, 風向: 南南東
2025-07-10 10:10:43 - ModbusReader - INFO - 風速: 0.0 m/s, 風級: 0, 風向角度: 25.7, 風向: 北北東
2025-07-10 10:10:44 - ModbusReader - INFO - 風速: 0.0 m/s, 風級: 0, 風向角度: 25.7, 風向: 北北東
2025-07-10 10:11:14 - ModbusReader - INFO - 風速: 0.0 m/s, 風級: 0, 風向角度: 301.6, 風向: 西北西
2025-07-10 10:11:15 - ModbusReader - INFO - 風速: 0.0 m/s, 風級: 0, 風向角度: 301.6, 風向: 西北西
2025-07-10 10:11:46 - ModbusReader - INFO - 風速: 0.0 m/s, 風級: 0, 風向角度: 351.4, 風向: 北
2025-07-10 10:11:46 - ModbusReader - INFO - 風速: 0.0 m/s, 風級: 0, 風向角度: 351.4, 風向: 北
2025-07-10 10:12:17 - ModbusReader - INFO - 風速: 0.0 m/s, 風級: 0, 風向角度: 79.3, 風向: 東
2025-07-10 10:12:17 - ModbusReader - INFO - 風速: 0.0 m/s, 風級: 0, 風向角度: 79.3, 風向: 東
2025-07-10 10:12:48 - ModbusReader - INFO - 風速: 0.0 m/s, 風級: 0, 風向角度: 185.1, 風向: 南
2025-07-10 10:12:49 - ModbusReader - INFO - 風速: 0.0 m/s, 風級: 0, 風向角度: 185.1, 風向: 南
2025-07-10 10:13:19 - ModbusReader - INFO - 風速: 0.0 m/s, 風級: 0, 風向角度: 14.6, 風向: 北北東
2025-07-10 10:13:20 - ModbusReader - INFO - 風速: 0.0 m/s, 風級: 0, 風向角度: 14.6, 風向: 北北東
2025-07-10 10:13:50 - ModbusReader - INFO - 風速: 0.0 m/s, 風級: 0, 風向角度: 101.5, 風向: 東南東
2025-07-10 10:13:51 - ModbusReader - INFO - 風速: 0.0 m/s, 風級: 0, 風向角度: 101.5, 風向: 東南東
2025-07-10 10:14:22 - ModbusReader - INFO - 風速: 0.0 m/s, 風級: 0, 風向角度: 163.1, 風向: 南南東
2025-07-10 10:14:22 - ModbusReader - INFO - 風速: 0.0 m/s, 風級: 0, 風向角度: 163.1, 風向: 南南東
2025-07-10 10:14:53 - ModbusReader - INFO - 風速: 0.0 m/s, 風級: 0, 風向角度: 195.2, 風向: 南南西
2025-07-10 10:14:53 - ModbusReader - INFO - 風速: 0.0 m/s, 風級: 0, 風向角度: 195.2, 風向: 南南西
2025-07-10 10:15:24 - ModbusReader - INFO - 風速: 0.0 m/s, 風級: 0, 風向角度: 275.1, 風向: 西
2025-07-10 10:15:25 - ModbusReader - INFO - 風速: 0.0 m/s, 風級: 0, 風向角度: 275.1, 風向: 西
2025-07-10 10:15:55 - ModbusReader - INFO - 風速: 0.0 m/s, 風級: 0, 風向角度: 340.0, 風向: 北北西
2025-07-10 10:15:56 - ModbusReader - INFO - 風速: 0.0 m/s, 風級: 0, 風向角度: 340.0, 風向: 北北西
2025-07-10 10:16:26 - ModbusReader - INFO - 風速: 0.0 m/s, 風級: 0, 風向角度: 180.0, 風向: 南
2025-07-10 10:16:27 - ModbusReader - INFO - 風速: 0.0 m/s, 風級: 0, 風向角度: 180.0, 風向: 南
2025-07-10 10:16:58 - ModbusReader - INFO - 風速: 0.0 m/s, 風級: 0, 風向角度: 184.1, 風向: 南
2025-07-10 10:16:58 - ModbusReader - INFO - 風速: 0.0 m/s, 風級: 0, 風向角度: 184.1, 風向: 南
2025-07-10 10:17:29 - ModbusReader - INFO - 風速: 0.0 m/s, 風級: 0, 風向角度: 171.3, 風向: 南
2025-07-10 10:17:29 - ModbusReader - INFO - 風速: 0.0 m/s, 風級: 0, 風向角度: 171.3, 風向: 南
2025-07-10 10:18:00 - ModbusReader - INFO - 風速: 0.0 m/s, 風級: 0, 風向角度: 162.5, 風向: 南南東
2025-07-10 10:18:01 - ModbusReader - INFO - 風速: 0.0 m/s, 風級: 0, 風向角度: 162.5, 風向: 南南東
2025-07-10 10:18:31 - ModbusReader - INFO - 風速: 0.0 m/s, 風級: 0, 風向角度: 154.2, 風向: 南南東
2025-07-10 10:18:32 - ModbusReader - INFO - 風速: 0.0 m/s, 風級: 0, 風向角度: 154.2, 風向: 南南東
2025-07-10 10:19:02 - ModbusReader - INFO - 風速: 0.0 m/s, 風級: 0, 風向角度: 131.1, 風向: 東南
2025-07-10 10:19:03 - ModbusReader - INFO - 風速: 0.0 m/s, 風級: 0, 風向角度: 131.1, 風向: 東南
2025-07-10 10:19:34 - ModbusReader - INFO - 風速: 0.0 m/s, 風級: 0, 風向角度: 171.3, 風向: 南
2025-07-10 10:19:34 - ModbusReader - INFO - 風速: 0.0 m/s, 風級: 0, 風向角度: 171.3, 風向: 南
2025-07-10 10:20:05 - ModbusReader - INFO - 風速: 0.0 m/s, 風級: 0, 風向角度: 223.6, 風向: 西南
2025-07-10 10:20:05 - ModbusReader - INFO - 風速: 0.0 m/s, 風級: 0, 風向角度: 223.6, 風向: 西南
2025-07-10 10:20:36 - ModbusReader - INFO - 風速: 0.0 m/s, 風級: 0, 風向角度: 227.1, 風向: 西南
2025-07-10 10:20:37 - ModbusReader - INFO - 風速: 0.0 m/s, 風級: 0, 風向角度: 227.1, 風向: 西南
2025-07-10 10:21:07 - ModbusReader - INFO - 風速: 0.0 m/s, 風級: 0, 風向角度: 210.7, 風向: 南南西
2025-07-10 10:21:08 - ModbusReader - INFO - 風速: 0.0 m/s, 風級: 0, 風向角度: 210.7, 風向: 南南西
2025-07-10 10:21:38 - ModbusReader - INFO - 風速: 0.0 m/s, 風級: 0, 風向角度: 206.8, 風向: 南南西
2025-07-10 10:21:39 - ModbusReader - INFO - 風速: 0.0 m/s, 風級: 0, 風向角度: 206.8, 風向: 南南西
2025-07-10 10:22:10 - ModbusReader - INFO - 風速: 0.0 m/s, 風級: 0, 風向角度: 178.0, 風向: 南
2025-07-10 10:22:10 - ModbusReader - INFO - 風速: 0.0 m/s, 風級: 0, 風向角度: 178.0, 風向: 南
2025-07-10 10:22:41 - ModbusReader - INFO - 風速: 0.0 m/s, 風級: 0, 風向角度: 264.5, 風向: 西
2025-07-10 10:22:41 - ModbusReader - INFO - 風速: 0.0 m/s, 風級: 0, 風向角度: 264.5, 風向: 西
2025-07-10 10:23:12 - ModbusReader - INFO - 風速: 0.0 m/s, 風級: 0, 風向角度: 160.2, 風向: 南南東
2025-07-10 10:23:13 - ModbusReader - INFO - 風速: 0.0 m/s, 風級: 0, 風向角度: 160.2, 風向: 南南東
2025-07-10 10:23:43 - ModbusReader - INFO - 風速: 0.0 m/s, 風級: 0, 風向角度: 354.6, 風向: 北
2025-07-10 10:23:44 - ModbusReader - INFO - 風速: 0.0 m/s, 風級: 0, 風向角度: 354.6, 風向: 北
2025-07-10 10:24:14 - ModbusReader - INFO - 風速: 0.0 m/s, 風級: 0, 風向角度: 144.9, 風向: 東南
2025-07-10 10:24:15 - ModbusReader - INFO - 風速: 0.0 m/s, 風級: 0, 風向角度: 144.9, 風向: 東南
2025-07-10 10:24:46 - ModbusReader - INFO - 風速: 0.0 m/s, 風級: 0, 風向角度: 190.8, 風向: 南
2025-07-10 10:24:46 - ModbusReader - INFO - 風速: 0.0 m/s, 風級: 0, 風向角度: 190.8, 風向: 南
2025-07-10 10:25:17 - ModbusReader - INFO - 風速: 0.0 m/s, 風級: 0, 風向角度: 204.3, 風向: 南南西
2025-07-10 10:25:17 - ModbusReader - INFO - 風速: 0.0 m/s, 風級: 0, 風向角度: 204.3, 風向: 南南西
2025-07-10 10:25:48 - ModbusReader - INFO - 風速: 0.0 m/s, 風級: 0, 風向角度: 295.2, 風向: 西北西
2025-07-10 10:25:49 - ModbusReader - INFO - 風速: 0.0 m/s, 風級: 0, 風向角度: 295.2, 風向: 西北西
2025-07-10 10:26:19 - ModbusReader - INFO - 風速: 0.0 m/s, 風級: 0, 風向角度: 224.3, 風向: 西南
2025-07-10 10:26:20 - ModbusReader - INFO - 風速: 0.0 m/s, 風級: 0, 風向角度: 55.2, 風向: 東北
2025-07-10 10:26:50 - ModbusReader - INFO - 風速: 0.0 m/s, 風級: 0, 風向角度: 354.5, 風向: 北
2025-07-10 10:26:51 - ModbusReader - INFO - 風速: 0.0 m/s, 風級: 0, 風向角度: 354.5, 風向: 北
2025-07-10 10:27:22 - ModbusReader - INFO - 風速: 0.0 m/s, 風級: 0, 風向角度: 310.9, 風向: 西北
2025-07-10 10:27:22 - ModbusReader - INFO - 風速: 0.0 m/s, 風級: 0, 風向角度: 310.9, 風向: 西北
2025-07-10 10:27:53 - ModbusReader - INFO - 風速: 0.0 m/s, 風級: 0, 風向角度: 135.6, 風向: 東南
2025-07-10 10:27:53 - ModbusReader - INFO - 風速: 0.0 m/s, 風級: 0, 風向角度: 135.6, 風向: 東南
2025-07-10 10:28:24 - ModbusReader - INFO - 風速: 0.0 m/s, 風級: 0, 風向角度: 279.5, 風向: 西
2025-07-10 10:28:25 - ModbusReader - INFO - 風速: 0.0 m/s, 風級: 0, 風向角度: 279.5, 風向: 西
2025-07-10 10:28:55 - ModbusReader - INFO - 風速: 0.0 m/s, 風級: 0, 風向角度: 155.0, 風向: 南南東
2025-07-10 10:28:56 - ModbusReader - INFO - 風速: 0.0 m/s, 風級: 0, 風向角度: 155.0, 風向: 南南東
2025-07-10 10:29:26 - ModbusReader - INFO - 風速: 0.0 m/s, 風級: 0, 風向角度: 27.8, 風向: 北北東
2025-07-10 10:29:27 - ModbusReader - INFO - 風速: 0.0 m/s, 風級: 0, 風向角度: 27.8, 風向: 北北東
2025-07-10 10:29:58 - ModbusReader - INFO - 風速: 0.0 m/s, 風級: 0, 風向角度: 205.3, 風向: 南南西
2025-07-10 10:29:58 - ModbusReader - INFO - 風速: 0.0 m/s, 風級: 0, 風向角度: 205.3, 風向: 南南西
2025-07-10 10:30:29 - ModbusReader - INFO - 風速: 0.0 m/s, 風級: 0, 風向角度: 62.8, 風向: 東北東
2025-07-10 10:30:29 - ModbusReader - INFO - 風速: 0.0 m/s, 風級: 0, 風向角度: 62.8, 風向: 東北東
2025-07-10 10:31:00 - ModbusReader - INFO - 風速: 0.0 m/s, 風級: 0, 風向角度: 85.0, 風向: 東
2025-07-10 10:31:01 - ModbusReader - INFO - 風速: 0.0 m/s, 風級: 0, 風向角度: 85.0, 風向: 東
2025-07-10 10:31:31 - ModbusReader - INFO - 風速: 0.0 m/s, 風級: 0, 風向角度: 48.7, 風向: 東北
2025-07-10 10:31:32 - ModbusReader - INFO - 風速: 0.0 m/s, 風級: 0, 風向角度: 48.7, 風向: 東北
2025-07-10 10:32:02 - ModbusReader - INFO - 風速: 0.0 m/s, 風級: 0, 風向角度: 150.9, 風向: 南南東
2025-07-10 10:32:03 - ModbusReader - INFO - 風速: 0.0 m/s, 風級: 0, 風向角度: 150.9, 風向: 南南東
2025-07-10 10:32:34 - ModbusReader - INFO - 風速: 0.0 m/s, 風級: 0, 風向角度: 146.8, 風向: 南南東
2025-07-10 10:32:34 - ModbusReader - INFO - 風速: 0.0 m/s, 風級: 0, 風向角度: 146.8, 風向: 南南東
2025-07-10 10:33:05 - ModbusReader - INFO - 風速: 0.0 m/s, 風級: 0, 風向角度: 233.7, 風向: 西南
2025-07-10 10:33:05 - ModbusReader - INFO - 風速: 0.0 m/s, 風級: 0, 風向角度: 233.7, 風向: 西南
2025-07-10 10:33:36 - ModbusReader - INFO - 風速: 0.0 m/s, 風級: 0, 風向角度: 160.8, 風向: 南南東
2025-07-10 10:33:37 - ModbusReader - INFO - 風速: 0.1 m/s, 風級: 0, 風向角度: 141.4, 風向: 東南
2025-07-10 10:34:07 - ModbusReader - INFO - 風速: 0.0 m/s, 風級: 0, 風向角度: 266.8, 風向: 西
2025-07-10 10:34:08 - ModbusReader - INFO - 風速: 0.0 m/s, 風級: 0, 風向角度: 266.8, 風向: 西
2025-07-10 10:34:38 - ModbusReader - INFO - 風速: 0.5 m/s, 風級: 1, 風向角度: 156.3, 風向: 南南東
2025-07-10 10:34:39 - ModbusReader - INFO - 風速: 0.5 m/s, 風級: 1, 風向角度: 156.3, 風向: 南南東
2025-07-10 10:35:10 - ModbusReader - INFO - 風速: 0.4 m/s, 風級: 1, 風向角度: 280.8, 風向: 西
2025-07-10 10:35:10 - ModbusReader - INFO - 風速: 0.4 m/s, 風級: 1, 風向角度: 280.8, 風向: 西
2025-07-10 10:35:41 - ModbusReader - INFO - 風速: 0.1 m/s, 風級: 0, 風向角度: 160.4, 風向: 南南東
2025-07-10 10:35:41 - ModbusReader - INFO - 風速: 0.1 m/s, 風級: 0, 風向角度: 160.4, 風向: 南南東
2025-07-10 10:36:12 - ModbusReader - INFO - 風速: 0.7 m/s, 風級: 1, 風向角度: 145.4, 風向: 東南
2025-07-10 10:36:13 - ModbusReader - INFO - 風速: 0.7 m/s, 風級: 1, 風向角度: 145.4, 風向: 東南
2025-07-10 10:36:43 - ModbusReader - INFO - 風速: 0.2 m/s, 風級: 0, 風向角度: 279.5, 風向: 西
2025-07-10 10:36:44 - ModbusReader - INFO - 風速: 0.2 m/s, 風級: 0, 風向角度: 279.5, 風向: 西
2025-07-10 10:37:14 - ModbusReader - INFO - 風速: 0.0 m/s, 風級: 0, 風向角度: 35.6, 風向: 東北
2025-07-10 10:37:15 - ModbusReader - INFO - 風速: 0.0 m/s, 風級: 0, 風向角度: 35.6, 風向: 東北
2025-07-10 10:37:46 - ModbusReader - INFO - 風速: 0.0 m/s, 風級: 0, 風向角度: 194.7, 風向: 南南西
2025-07-10 10:37:46 - ModbusReader - INFO - 風速: 0.0 m/s, 風級: 0, 風向角度: 194.7, 風向: 南南西
2025-07-10 10:38:17 - ModbusReader - INFO - 風速: 0.0 m/s, 風級: 0, 風向角度: 154.6, 風向: 南南東
2025-07-10 10:38:17 - ModbusReader - INFO - 風速: 0.0 m/s, 風級: 0, 風向角度: 154.6, 風向: 南南東
2025-07-10 10:38:48 - ModbusReader - INFO - 風速: 0.0 m/s, 風級: 0, 風向角度: 126.9, 風向: 東南
2025-07-10 10:38:49 - ModbusReader - INFO - 風速: 0.0 m/s, 風級: 0, 風向角度: 126.9, 風向: 東南
2025-07-10 10:39:19 - ModbusReader - INFO - 風速: 0.0 m/s, 風級: 0, 風向角度: 134.9, 風向: 東南
2025-07-10 10:39:20 - ModbusReader - INFO - 風速: 0.0 m/s, 風級: 0, 風向角度: 134.9, 風向: 東南
2025-07-10 10:39:50 - ModbusReader - INFO - 風速: 0.0 m/s, 風級: 0, 風向角度: 155.4, 風向: 南南東
2025-07-10 10:39:51 - ModbusReader - INFO - 風速: 0.0 m/s, 風級: 0, 風向角度: 155.4, 風向: 南南東
2025-07-10 10:40:22 - ModbusReader - INFO - 風速: 0.0 m/s, 風級: 0, 風向角度: 319.8, 風向: 西北
2025-07-10 10:40:22 - ModbusReader - INFO - 風速: 0.0 m/s, 風級: 0, 風向角度: 319.8, 風向: 西北
2025-07-10 10:40:53 - ModbusReader - INFO - 風速: 0.0 m/s, 風級: 0, 風向角度: 314.4, 風向: 西北
2025-07-10 10:40:53 - ModbusReader - INFO - 風速: 0.0 m/s, 風級: 0, 風向角度: 8.7, 風向: 北
2025-07-10 10:41:24 - ModbusReader - INFO - 風速: 0.0 m/s, 風級: 0, 風向角度: 219.8, 風向: 西南
2025-07-10 10:41:25 - ModbusReader - INFO - 風速: 0.0 m/s, 風級: 0, 風向角度: 219.8, 風向: 西南
2025-07-10 10:41:55 - ModbusReader - INFO - 風速: 0.0 m/s, 風級: 0, 風向角度: 163.5, 風向: 南南東
2025-07-10 10:41:56 - ModbusReader - INFO - 風速: 0.0 m/s, 風級: 0, 風向角度: 163.5, 風向: 南南東
2025-07-10 10:42:26 - ModbusReader - INFO - 風速: 0.0 m/s, 風級: 0, 風向角度: 133.0, 風向: 東南
2025-07-10 10:42:27 - ModbusReader - INFO - 風速: 0.0 m/s, 風級: 0, 風向角度: 133.0, 風向: 東南
2025-07-10 10:42:58 - ModbusReader - INFO - 風速: 0.0 m/s, 風級: 0, 風向角度: 165.9, 風向: 南南東
2025-07-10 10:42:58 - ModbusReader - INFO - 風速: 0.0 m/s, 風級: 0, 風向角度: 165.9, 風向: 南南東
2025-07-10 10:43:29 - ModbusReader - INFO - 風速: 0.0 m/s, 風級: 0, 風向角度: 131.3, 風向: 東南
2025-07-10 10:43:29 - ModbusReader - INFO - 風速: 0.0 m/s, 風級: 0, 風向角度: 131.3, 風向: 東南
2025-07-10 10:44:00 - ModbusReader - INFO - 風速: 0.0 m/s, 風級: 0, 風向角度: 164.1, 風向: 南南東
2025-07-10 10:44:01 - ModbusReader - INFO - 風速: 0.0 m/s, 風級: 0, 風向角度: 164.1, 風向: 南南東
2025-07-10 10:44:31 - ModbusReader - INFO - 風速: 0.0 m/s, 風級: 0, 風向角度: 179.8, 風向: 南
2025-07-10 10:44:32 - ModbusReader - INFO - 風速: 0.0 m/s, 風級: 0, 風向角度: 179.8, 風向: 南
2025-07-10 10:45:02 - ModbusReader - INFO - 風速: 0.0 m/s, 風級: 0, 風向角度: 212.0, 風向: 南南西
2025-07-10 10:45:03 - ModbusReader - INFO - 風速: 0.0 m/s, 風級: 0, 風向角度: 212.0, 風向: 南南西
2025-07-10 10:45:34 - ModbusReader - INFO - 風速: 0.0 m/s, 風級: 0, 風向角度: 189.5, 風向: 南
2025-07-10 10:45:34 - ModbusReader - INFO - 風速: 0.0 m/s, 風級: 0, 風向角度: 189.5, 風向: 南
2025-07-10 10:46:05 - ModbusReader - INFO - 風速: 0.0 m/s, 風級: 0, 風向角度: 149.9, 風向: 南南東
2025-07-10 10:46:05 - ModbusReader - INFO - 風速: 0.0 m/s, 風級: 0, 風向角度: 149.9, 風向: 南南東
2025-07-10 10:46:36 - ModbusReader - INFO - 風速: 0.0 m/s, 風級: 0, 風向角度: 150.3, 風向: 南南東
2025-07-10 10:46:37 - ModbusReader - INFO - 風速: 0.0 m/s, 風級: 0, 風向角度: 150.3, 風向: 南南東
2025-07-10 10:47:07 - ModbusReader - INFO - 風速: 0.0 m/s, 風級: 0, 風向角度: 153.1, 風向: 南南東
2025-07-10 10:47:08 - ModbusReader - INFO - 風速: 0.0 m/s, 風級: 0, 風向角度: 153.1, 風向: 南南東
2025-07-10 10:47:38 - ModbusReader - INFO - 風速: 0.0 m/s, 風級: 0, 風向角度: 353.6, 風向: 北
2025-07-10 10:47:39 - ModbusReader - INFO - 風速: 0.0 m/s, 風級: 0, 風向角度: 353.6, 風向: 北
2025-07-10 10:48:09 - ModbusReader - INFO - 風速: 0.0 m/s, 風級: 0, 風向角度: 150.8, 風向: 南南東
2025-07-10 10:48:10 - ModbusReader - INFO - 風速: 0.0 m/s, 風級: 0, 風向角度: 92.2, 風向: 東
2025-07-10 10:48:41 - ModbusReader - INFO - 風速: 0.0 m/s, 風級: 0, 風向角度: 179.9, 風向: 南
2025-07-10 10:48:41 - ModbusReader - INFO - 風速: 0.0 m/s, 風級: 0, 風向角度: 179.9, 風向: 南
2025-07-10 10:49:12 - ModbusReader - INFO - 風速: 0.0 m/s, 風級: 0, 風向角度: 144.5, 風向: 東南
2025-07-10 10:49:12 - ModbusReader - INFO - 風速: 0.0 m/s, 風級: 0, 風向角度: 144.5, 風向: 東南
2025-07-10 10:49:43 - ModbusReader - INFO - 風速: 0.0 m/s, 風級: 0, 風向角度: 175.2, 風向: 南
2025-07-10 10:49:44 - ModbusReader - INFO - 風速: 0.0 m/s, 風級: 0, 風向角度: 175.2, 風向: 南
2025-07-10 10:50:14 - ModbusReader - INFO - 風速: 0.0 m/s, 風級: 0, 風向角度: 164.7, 風向: 南南東
2025-07-10 10:50:15 - ModbusReader - INFO - 風速: 0.0 m/s, 風級: 0, 風向角度: 164.7, 風向: 南南東
2025-07-10 10:50:45 - ModbusReader - INFO - 風速: 0.0 m/s, 風級: 0, 風向角度: 172.2, 風向: 南
2025-07-10 10:50:46 - ModbusReader - INFO - 風速: 0.0 m/s, 風級: 0, 風向角度: 172.2, 風向: 南
2025-07-10 10:51:17 - ModbusReader - INFO - 風速: 0.0 m/s, 風級: 0, 風向角度: 175.0, 風向: 南
2025-07-10 10:51:17 - ModbusReader - INFO - 風速: 0.0 m/s, 風級: 0, 風向角度: 175.0, 風向: 南
2025-07-10 10:51:48 - ModbusReader - INFO - 風速: 0.0 m/s, 風級: 0, 風向角度: 201.6, 風向: 南南西
2025-07-10 10:51:49 - ModbusReader - INFO - 風速: 0.0 m/s, 風級: 0, 風向角度: 201.6, 風向: 南南西
2025-07-10 10:52:19 - ModbusReader - INFO - 風速: 0.0 m/s, 風級: 0, 風向角度: 203.3, 風向: 南南西
2025-07-10 10:52:20 - ModbusReader - INFO - 風速: 0.0 m/s, 風級: 0, 風向角度: 203.3, 風向: 南南西
2025-07-10 10:52:50 - ModbusReader - INFO - 風速: 0.0 m/s, 風級: 0, 風向角度: 162.8, 風向: 南南東
2025-07-10 10:52:51 - ModbusReader - INFO - 風速: 0.0 m/s, 風級: 0, 風向角度: 162.8, 風向: 南南東
2025-07-10 10:53:21 - ModbusReader - INFO - 風速: 0.0 m/s, 風級: 0, 風向角度: 156.4, 風向: 南南東
2025-07-10 10:53:22 - ModbusReader - INFO - 風速: 0.0 m/s, 風級: 0, 風向角度: 156.4, 風向: 南南東
2025-07-10 10:53:53 - ModbusReader - INFO - 風速: 0.0 m/s, 風級: 0, 風向角度: 155.7, 風向: 南南東
2025-07-10 10:53:53 - ModbusReader - INFO - 風速: 0.0 m/s, 風級: 0, 風向角度: 155.7, 風向: 南南東
2025-07-10 10:54:24 - ModbusReader - INFO - 風速: 0.0 m/s, 風級: 0, 風向角度: 195.6, 風向: 南南西
2025-07-10 10:54:24 - ModbusReader - INFO - 風速: 0.0 m/s, 風級: 0, 風向角度: 195.6, 風向: 南南西
2025-07-10 10:54:55 - ModbusReader - INFO - 風速: 0.0 m/s, 風級: 0, 風向角度: 164.5, 風向: 南南東
2025-07-10 10:54:56 - ModbusReader - INFO - 風速: 0.0 m/s, 風級: 0, 風向角度: 164.5, 風向: 南南東
2025-07-10 10:55:26 - ModbusReader - INFO - 風速: 0.0 m/s, 風級: 0, 風向角度: 210.1, 風向: 南南西
2025-07-10 10:55:27 - ModbusReader - INFO - 風速: 0.0 m/s, 風級: 0, 風向角度: 209.9, 風向: 南南西
2025-07-10 10:55:57 - ModbusReader - INFO - 風速: 0.0 m/s, 風級: 0, 風向角度: 209.8, 風向: 南南西
2025-07-10 10:55:58 - ModbusReader - INFO - 風速: 0.0 m/s, 風級: 0, 風向角度: 209.8, 風向: 南南西
2025-07-10 10:56:29 - ModbusReader - INFO - 風速: 0.0 m/s, 風級: 0, 風向角度: 209.8, 風向: 南南西
2025-07-10 10:56:29 - ModbusReader - INFO - 風速: 0.0 m/s, 風級: 0, 風向角度: 209.8, 風向: 南南西
2025-07-10 10:57:00 - ModbusReader - INFO - 風速: 0.0 m/s, 風級: 0, 風向角度: 210.0, 風向: 南南西
2025-07-10 10:57:00 - ModbusReader - INFO - 風速: 0.0 m/s, 風級: 0, 風向角度: 210.0, 風向: 南南西
2025-07-10 10:57:31 - ModbusReader - INFO - 風速: 0.0 m/s, 風級: 0, 風向角度: 209.8, 風向: 南南西
2025-07-10 10:57:32 - ModbusReader - INFO - 風速: 0.0 m/s, 風級: 0, 風向角度: 209.8, 風向: 南南西
2025-07-10 10:58:02 - ModbusReader - INFO - 風速: 0.0 m/s, 風級: 0, 風向角度: 270.4, 風向: 西
2025-07-10 10:58:03 - ModbusReader - INFO - 風速: 0.0 m/s, 風級: 0, 風向角度: 270.4, 風向: 西
2025-07-10 10:58:33 - ModbusReader - INFO - 風速: 0.0 m/s, 風級: 0, 風向角度: 78.2, 風向: 東北東
2025-07-10 10:58:34 - ModbusReader - INFO - 風速: 0.0 m/s, 風級: 0, 風向角度: 78.2, 風向: 東北東
2025-07-10 10:59:05 - ModbusReader - INFO - 風速: 0.0 m/s, 風級: 0, 風向角度: 270.1, 風向: 西
2025-07-10 10:59:05 - ModbusReader - INFO - 風速: 0.0 m/s, 風級: 0, 風向角度: 270.1, 風向: 西
2025-07-10 10:59:36 - ModbusReader - INFO - 風速: 0.0 m/s, 風級: 0, 風向角度: 269.7, 風向: 西
2025-07-10 10:59:36 - ModbusReader - INFO - 風速: 0.0 m/s, 風級: 0, 風向角度: 269.7, 風向: 西
2025-07-10 11:00:07 - ModbusReader - INFO - 風速: 0.0 m/s, 風級: 0, 風向角度: 270.0, 風向: 西
2025-07-10 11:00:08 - ModbusReader - INFO - 風速: 0.0 m/s, 風級: 0, 風向角度: 270.0, 風向: 西
2025-07-10 11:00:38 - ModbusReader - INFO - 風速: 0.0 m/s, 風級: 0, 風向角度: 224.0, 風向: 西南
2025-07-10 11:00:39 - ModbusReader - INFO - 風速: 0.0 m/s, 風級: 0, 風向角度: 224.0, 風向: 西南
2025-07-10 11:01:09 - ModbusReader - INFO - 風速: 0.0 m/s, 風級: 0, 風向角度: 223.8, 風向: 西南
2025-07-10 11:01:10 - ModbusReader - INFO - 風速: 0.0 m/s, 風級: 0, 風向角度: 223.8, 風向: 西南
2025-07-10 11:01:41 - ModbusReader - INFO - 風速: 0.0 m/s, 風級: 0, 風向角度: 156.6, 風向: 南南東
2025-07-10 11:01:41 - ModbusReader - INFO - 風速: 0.0 m/s, 風級: 0, 風向角度: 156.6, 風向: 南南東
2025-07-10 11:02:12 - ModbusReader - INFO - 風速: 0.0 m/s, 風級: 0, 風向角度: 158.8, 風向: 南南東
2025-07-10 11:02:12 - ModbusReader - INFO - 風速: 0.0 m/s, 風級: 0, 風向角度: 158.8, 風向: 南南東
2025-07-10 11:02:43 - ModbusReader - INFO - 風速: 0.0 m/s, 風級: 0, 風向角度: 159.2, 風向: 南南東
2025-07-10 11:02:44 - ModbusReader - INFO - 風速: 0.0 m/s, 風級: 0, 風向角度: 159.2, 風向: 南南東
2025-07-10 11:03:14 - ModbusReader - INFO - 風速: 0.0 m/s, 風級: 0, 風向角度: 159.2, 風向: 南南東
2025-07-10 11:03:15 - ModbusReader - INFO - 風速: 0.0 m/s, 風級: 0, 風向角度: 159.2, 風向: 南南東
2025-07-10 11:03:45 - ModbusReader - INFO - 風速: 0.0 m/s, 風級: 0, 風向角度: 159.3, 風向: 南南東
2025-07-10 11:03:46 - ModbusReader - INFO - 風速: 0.0 m/s, 風級: 0, 風向角度: 159.3, 風向: 南南東
2025-07-10 11:04:17 - ModbusReader - INFO - 風速: 0.0 m/s, 風級: 0, 風向角度: 150.3, 風向: 南南東
2025-07-10 11:04:17 - ModbusReader - INFO - 風速: 0.0 m/s, 風級: 0, 風向角度: 150.3, 風向: 南南東
2025-07-10 11:04:48 - ModbusReader - INFO - 風速: 0.0 m/s, 風級: 0, 風向角度: 143.0, 風向: 東南
2025-07-10 11:04:48 - ModbusReader - INFO - 風速: 0.0 m/s, 風級: 0, 風向角度: 143.0, 風向: 東南
2025-07-10 11:05:19 - ModbusReader - INFO - 風速: 0.0 m/s, 風級: 0, 風向角度: 164.6, 風向: 南南東
2025-07-10 11:05:20 - ModbusReader - INFO - 風速: 0.0 m/s, 風級: 0, 風向角度: 164.6, 風向: 南南東
2025-07-10 11:05:50 - ModbusReader - INFO - 風速: 0.0 m/s, 風級: 0, 風向角度: 231.2, 風向: 西南
2025-07-10 11:05:51 - ModbusReader - INFO - 風速: 0.0 m/s, 風級: 0, 風向角度: 231.2, 風向: 西南
2025-07-10 11:06:21 - ModbusReader - INFO - 風速: 0.0 m/s, 風級: 0, 風向角度: 153.6, 風向: 南南東
2025-07-10 11:06:22 - ModbusReader - INFO - 風速: 0.0 m/s, 風級: 0, 風向角度: 153.6, 風向: 南南東
2025-07-10 11:06:53 - ModbusReader - INFO - 風速: 0.0 m/s, 風級: 0, 風向角度: 353.8, 風向: 北
2025-07-10 11:06:53 - ModbusReader - INFO - 風速: 0.0 m/s, 風級: 0, 風向角度: 353.8, 風向: 北
2025-07-10 11:07:24 - ModbusReader - INFO - 風速: 0.0 m/s, 風級: 0, 風向角度: 146.8, 風向: 南南東
2025-07-10 11:07:24 - ModbusReader - INFO - 風速: 0.0 m/s, 風級: 0, 風向角度: 146.8, 風向: 南南東
2025-07-10 11:07:55 - ModbusReader - INFO - 風速: 0.0 m/s, 風級: 0, 風向角度: 344.4, 風向: 北北西
2025-07-10 11:07:56 - ModbusReader - INFO - 風速: 0.0 m/s, 風級: 0, 風向角度: 344.4, 風向: 北北西
2025-07-10 11:08:26 - ModbusReader - INFO - 風速: 0.0 m/s, 風級: 0, 風向角度: 200.4, 風向: 南南西
2025-07-10 11:08:27 - ModbusReader - INFO - 風速: 0.0 m/s, 風級: 0, 風向角度: 200.4, 風向: 南南西
2025-07-10 11:08:57 - ModbusReader - INFO - 風速: 0.0 m/s, 風級: 0, 風向角度: 262.1, 風向: 西
2025-07-10 11:08:58 - ModbusReader - INFO - 風速: 0.0 m/s, 風級: 0, 風向角度: 262.1, 風向: 西
2025-07-10 11:09:29 - ModbusReader - INFO - 風速: 0.0 m/s, 風級: 0, 風向角度: 190.2, 風向: 南
2025-07-10 11:09:29 - ModbusReader - INFO - 風速: 0.0 m/s, 風級: 0, 風向角度: 190.2, 風向: 南
2025-07-10 11:10:00 - ModbusReader - INFO - 風速: 0.0 m/s, 風級: 0, 風向角度: 148.2, 風向: 南南東
2025-07-10 11:10:00 - ModbusReader - INFO - 風速: 0.0 m/s, 風級: 0, 風向角度: 166.0, 風向: 南南東
2025-07-10 11:10:31 - ModbusReader - INFO - 風速: 0.0 m/s, 風級: 0, 風向角度: 175.7, 風向: 南
2025-07-10 11:10:32 - ModbusReader - INFO - 風速: 0.0 m/s, 風級: 0, 風向角度: 175.7, 風向: 南
2025-07-10 11:11:02 - ModbusReader - INFO - 風速: 0.0 m/s, 風級: 0, 風向角度: 154.7, 風向: 南南東
2025-07-10 11:11:03 - ModbusReader - INFO - 風速: 0.0 m/s, 風級: 0, 風向角度: 154.7, 風向: 南南東
2025-07-10 11:11:33 - ModbusReader - INFO - 風速: 0.0 m/s, 風級: 0, 風向角度: 118.8, 風向: 東南東
2025-07-10 11:11:34 - ModbusReader - INFO - 風速: 0.0 m/s, 風級: 0, 風向角度: 118.8, 風向: 東南東
2025-07-10 11:12:05 - ModbusReader - INFO - 風速: 0.0 m/s, 風級: 0, 風向角度: 331.4, 風向: 北北西
2025-07-10 11:12:05 - ModbusReader - INFO - 風速: 0.0 m/s, 風級: 0, 風向角度: 331.4, 風向: 北北西
2025-07-10 11:12:36 - ModbusReader - INFO - 風速: 0.0 m/s, 風級: 0, 風向角度: 334.4, 風向: 北北西
2025-07-10 11:12:36 - ModbusReader - INFO - 風速: 0.0 m/s, 風級: 0, 風向角度: 334.4, 風向: 北北西
2025-07-10 11:13:07 - ModbusReader - INFO - 風速: 0.0 m/s, 風級: 0, 風向角度: 190.0, 風向: 南
2025-07-10 11:13:08 - ModbusReader - INFO - 風速: 0.0 m/s, 風級: 0, 風向角度: 190.0, 風向: 南
2025-07-10 11:13:38 - ModbusReader - INFO - 風速: 0.0 m/s, 風級: 0, 風向角度: 122.0, 風向: 東南東
2025-07-10 11:13:39 - ModbusReader - INFO - 風速: 0.0 m/s, 風級: 0, 風向角度: 122.0, 風向: 東南東
2025-07-10 11:14:09 - ModbusReader - INFO - 風速: 0.0 m/s, 風級: 0, 風向角度: 159.7, 風向: 南南東
2025-07-10 11:14:10 - ModbusReader - INFO - 風速: 0.0 m/s, 風級: 0, 風向角度: 159.7, 風向: 南南東
2025-07-10 11:14:41 - ModbusReader - INFO - 風速: 0.0 m/s, 風級: 0, 風向角度: 193.4, 風向: 南南西
2025-07-10 11:14:41 - ModbusReader - INFO - 風速: 0.0 m/s, 風級: 0, 風向角度: 193.4, 風向: 南南西
2025-07-10 11:15:12 - ModbusReader - INFO - 風速: 0.0 m/s, 風級: 0, 風向角度: 111.6, 風向: 東南東
2025-07-10 11:15:12 - ModbusReader - INFO - 風速: 0.0 m/s, 風級: 0, 風向角度: 111.6, 風向: 東南東
2025-07-10 11:15:43 - ModbusReader - INFO - 風速: 0.0 m/s, 風級: 0, 風向角度: 146.6, 風向: 南南東
2025-07-10 11:15:44 - ModbusReader - INFO - 風速: 0.0 m/s, 風級: 0, 風向角度: 146.6, 風向: 南南東
2025-07-10 11:16:14 - ModbusReader - INFO - 風速: 0.0 m/s, 風級: 0, 風向角度: 156.0, 風向: 南南東
2025-07-10 11:16:15 - ModbusReader - INFO - 風速: 0.0 m/s, 風級: 0, 風向角度: 156.0, 風向: 南南東
2025-07-10 11:16:45 - ModbusReader - INFO - 風速: 0.0 m/s, 風級: 0, 風向角度: 175.7, 風向: 南
2025-07-10 11:16:46 - ModbusReader - INFO - 風速: 0.0 m/s, 風級: 0, 風向角度: 175.7, 風向: 南
2025-07-10 11:17:17 - ModbusReader - INFO - 風速: 0.0 m/s, 風級: 0, 風向角度: 130.9, 風向: 東南
2025-07-10 11:17:17 - ModbusReader - INFO - 風速: 0.0 m/s, 風級: 0, 風向角度: 156.9, 風向: 南南東
2025-07-10 11:17:48 - ModbusReader - INFO - 風速: 0.0 m/s, 風級: 0, 風向角度: 167.1, 風向: 南南東
2025-07-10 11:17:48 - ModbusReader - INFO - 風速: 0.0 m/s, 風級: 0, 風向角度: 167.1, 風向: 南南東
2025-07-10 11:18:19 - ModbusReader - INFO - 風速: 0.0 m/s, 風級: 0, 風向角度: 68.6, 風向: 東北東
2025-07-10 11:18:20 - ModbusReader - INFO - 風速: 0.0 m/s, 風級: 0, 風向角度: 68.6, 風向: 東北東
2025-07-10 11:18:50 - ModbusReader - INFO - 風速: 0.0 m/s, 風級: 0, 風向角度: 164.2, 風向: 南南東
2025-07-10 11:18:51 - ModbusReader - INFO - 風速: 0.0 m/s, 風級: 0, 風向角度: 164.2, 風向: 南南東
2025-07-10 11:19:21 - ModbusReader - INFO - 風速: 0.1 m/s, 風級: 0, 風向角度: 13.5, 風向: 北北東
2025-07-10 11:19:22 - ModbusReader - INFO - 風速: 0.1 m/s, 風級: 0, 風向角度: 13.5, 風向: 北北東
2025-07-10 11:19:53 - ModbusReader - INFO - 風速: 0.0 m/s, 風級: 0, 風向角度: 163.3, 風向: 南南東
2025-07-10 11:19:53 - ModbusReader - INFO - 風速: 0.0 m/s, 風級: 0, 風向角度: 163.3, 風向: 南南東
2025-07-10 11:20:24 - ModbusReader - INFO - 風速: 0.7 m/s, 風級: 1, 風向角度: 145.5, 風向: 東南
2025-07-10 11:20:24 - ModbusReader - INFO - 風速: 0.7 m/s, 風級: 1, 風向角度: 145.5, 風向: 東南
2025-07-10 11:20:55 - ModbusReader - INFO - 風速: 0.0 m/s, 風級: 0, 風向角度: 325.9, 風向: 西北
2025-07-10 11:20:56 - ModbusReader - INFO - 風速: 0.0 m/s, 風級: 0, 風向角度: 325.9, 風向: 西北
2025-07-10 11:21:26 - ModbusReader - INFO - 風速: 0.0 m/s, 風級: 0, 風向角度: 167.2, 風向: 南南東
2025-07-10 11:21:27 - ModbusReader - INFO - 風速: 0.0 m/s, 風級: 0, 風向角度: 167.2, 風向: 南南東
2025-07-10 11:21:57 - ModbusReader - INFO - 風速: 0.0 m/s, 風級: 0, 風向角度: 260.8, 風向: 西
2025-07-10 11:21:58 - ModbusReader - INFO - 風速: 0.0 m/s, 風級: 0, 風向角度: 260.8, 風向: 西
2025-07-10 11:22:29 - ModbusReader - INFO - 風速: 0.0 m/s, 風級: 0, 風向角度: 140.2, 風向: 東南
2025-07-10 11:22:29 - ModbusReader - INFO - 風速: 0.0 m/s, 風級: 0, 風向角度: 140.2, 風向: 東南
2025-07-10 11:23:00 - ModbusReader - INFO - 風速: 0.0 m/s, 風級: 0, 風向角度: 155.6, 風向: 南南東
2025-07-10 11:23:00 - ModbusReader - INFO - 風速: 0.0 m/s, 風級: 0, 風向角度: 155.6, 風向: 南南東
2025-07-10 11:23:31 - ModbusReader - INFO - 風速: 0.0 m/s, 風級: 0, 風向角度: 121.7, 風向: 東南東
2025-07-10 11:23:32 - ModbusReader - INFO - 風速: 0.0 m/s, 風級: 0, 風向角度: 121.7, 風向: 東南東
2025-07-10 11:24:02 - ModbusReader - INFO - 風速: 0.0 m/s, 風級: 0, 風向角度: 312.7, 風向: 西北
2025-07-10 11:24:03 - ModbusReader - INFO - 風速: 0.0 m/s, 風級: 0, 風向角度: 312.7, 風向: 西北
2025-07-10 11:24:33 - ModbusReader - INFO - 風速: 0.0 m/s, 風級: 0, 風向角度: 147.5, 風向: 南南東
2025-07-10 11:24:34 - ModbusReader - INFO - 風速: 0.0 m/s, 風級: 0, 風向角度: 78.6, 風向: 東北東
2025-07-10 11:25:05 - ModbusReader - INFO - 風速: 0.0 m/s, 風級: 0, 風向角度: 61.8, 風向: 東北東
2025-07-10 11:25:05 - ModbusReader - INFO - 風速: 0.0 m/s, 風級: 0, 風向角度: 61.8, 風向: 東北東
2025-07-10 11:25:36 - ModbusReader - INFO - 風速: 0.0 m/s, 風級: 0, 風向角度: 237.4, 風向: 西南西
2025-07-10 11:25:36 - ModbusReader - INFO - 風速: 0.0 m/s, 風級: 0, 風向角度: 237.4, 風向: 西南西
2025-07-10 11:26:07 - ModbusReader - INFO - 風速: 0.0 m/s, 風級: 0, 風向角度: 108.3, 風向: 東南東
2025-07-10 11:26:08 - ModbusReader - INFO - 風速: 0.0 m/s, 風級: 0, 風向角度: 108.3, 風向: 東南東
2025-07-10 11:26:38 - ModbusReader - INFO - 風速: 0.0 m/s, 風級: 0, 風向角度: 142.1, 風向: 東南
2025-07-10 11:26:39 - ModbusReader - INFO - 風速: 0.0 m/s, 風級: 0, 風向角度: 142.1, 風向: 東南
2025-07-10 11:27:09 - ModbusReader - INFO - 風速: 0.0 m/s, 風級: 0, 風向角度: 158.3, 風向: 南南東
2025-07-10 11:27:10 - ModbusReader - INFO - 風速: 0.0 m/s, 風級: 0, 風向角度: 158.3, 風向: 南南東
2025-07-10 11:27:41 - ModbusReader - INFO - 風速: 0.0 m/s, 風級: 0, 風向角度: 29.7, 風向: 北北東
2025-07-10 11:27:41 - ModbusReader - INFO - 風速: 0.0 m/s, 風級: 0, 風向角度: 29.7, 風向: 北北東
2025-07-10 11:28:12 - ModbusReader - INFO - 風速: 0.0 m/s, 風級: 0, 風向角度: 260.7, 風向: 西
2025-07-10 11:28:12 - ModbusReader - INFO - 風速: 0.0 m/s, 風級: 0, 風向角度: 260.7, 風向: 西
2025-07-10 11:28:43 - ModbusReader - INFO - 風速: 0.7 m/s, 風級: 1, 風向角度: 188.8, 風向: 南
2025-07-10 11:28:44 - ModbusReader - INFO - 風速: 0.7 m/s, 風級: 1, 風向角度: 188.8, 風向: 南
2025-07-10 11:29:14 - ModbusReader - INFO - 風速: 0.3 m/s, 風級: 1, 風向角度: 143.5, 風向: 東南
2025-07-10 11:29:15 - ModbusReader - INFO - 風速: 0.3 m/s, 風級: 1, 風向角度: 143.5, 風向: 東南
2025-07-10 11:29:45 - ModbusReader - INFO - 風速: 0.0 m/s, 風級: 0, 風向角度: 38.3, 風向: 東北
2025-07-10 11:29:46 - ModbusReader - INFO - 風速: 0.0 m/s, 風級: 0, 風向角度: 38.3, 風向: 東北
2025-07-10 11:30:17 - ModbusReader - INFO - 風速: 0.0 m/s, 風級: 0, 風向角度: 53.6, 風向: 東北
2025-07-10 11:30:17 - ModbusReader - INFO - 風速: 0.0 m/s, 風級: 0, 風向角度: 53.6, 風向: 東北
2025-07-10 11:30:48 - ModbusReader - INFO - 風速: 0.0 m/s, 風級: 0, 風向角度: 348.9, 風向: 北
2025-07-10 11:30:48 - ModbusReader - INFO - 風速: 0.0 m/s, 風級: 0, 風向角度: 348.9, 風向: 北
2025-07-10 11:31:19 - ModbusReader - INFO - 風速: 0.0 m/s, 風級: 0, 風向角度: 186.7, 風向: 南
2025-07-10 11:31:20 - ModbusReader - INFO - 風速: 0.0 m/s, 風級: 0, 風向角度: 186.7, 風向: 南
2025-07-10 11:31:50 - ModbusReader - INFO - 風速: 0.8 m/s, 風級: 1, 風向角度: 168.6, 風向: 南南東
2025-07-10 11:31:51 - ModbusReader - INFO - 風速: 0.8 m/s, 風級: 1, 風向角度: 168.6, 風向: 南南東
2025-07-10 11:32:21 - ModbusReader - INFO - 風速: 0.8 m/s, 風級: 1, 風向角度: 119.6, 風向: 東南東
2025-07-10 11:32:22 - ModbusReader - INFO - 風速: 0.8 m/s, 風級: 1, 風向角度: 119.6, 風向: 東南東
2025-07-10 11:32:53 - ModbusReader - INFO - 風速: 0.4 m/s, 風級: 1, 風向角度: 160.4, 風向: 南南東
2025-07-10 11:32:53 - ModbusReader - INFO - 風速: 0.4 m/s, 風級: 1, 風向角度: 160.4, 風向: 南南東
2025-07-10 11:33:24 - ModbusReader - INFO - 風速: 0.7 m/s, 風級: 1, 風向角度: 193.7, 風向: 南南西
2025-07-10 11:33:24 - ModbusReader - INFO - 風速: 0.7 m/s, 風級: 1, 風向角度: 193.7, 風向: 南南西
2025-07-10 11:33:55 - ModbusReader - INFO - 風速: 0.3 m/s, 風級: 1, 風向角度: 170.7, 風向: 南
2025-07-10 11:33:56 - ModbusReader - INFO - 風速: 0.3 m/s, 風級: 1, 風向角度: 170.7, 風向: 南
2025-07-10 11:34:26 - ModbusReader - INFO - 風速: 0.0 m/s, 風級: 0, 風向角度: 135.2, 風向: 東南
2025-07-10 11:34:27 - ModbusReader - INFO - 風速: 0.0 m/s, 風級: 0, 風向角度: 135.2, 風向: 東南
2025-07-10 11:34:57 - ModbusReader - INFO - 風速: 0.0 m/s, 風級: 0, 風向角度: 282.5, 風向: 西北西
2025-07-10 11:34:58 - ModbusReader - INFO - 風速: 0.0 m/s, 風級: 0, 風向角度: 282.5, 風向: 西北西
2025-07-10 11:35:29 - ModbusReader - INFO - 風速: 0.0 m/s, 風級: 0, 風向角度: 145.2, 風向: 東南
2025-07-10 11:35:29 - ModbusReader - INFO - 風速: 0.0 m/s, 風級: 0, 風向角度: 145.2, 風向: 東南
2025-07-10 11:36:00 - ModbusReader - INFO - 風速: 0.0 m/s, 風級: 0, 風向角度: 127.0, 風向: 東南
2025-07-10 11:36:00 - ModbusReader - INFO - 風速: 0.0 m/s, 風級: 0, 風向角度: 127.0, 風向: 東南
2025-07-10 11:36:31 - ModbusReader - INFO - 風速: 0.0 m/s, 風級: 0, 風向角度: 83.1, 風向: 東
2025-07-10 11:36:32 - ModbusReader - INFO - 風速: 0.0 m/s, 風級: 0, 風向角度: 83.1, 風向: 東
2025-07-10 11:37:02 - ModbusReader - INFO - 風速: 0.0 m/s, 風級: 0, 風向角度: 222.1, 風向: 西南
2025-07-10 11:37:03 - ModbusReader - INFO - 風速: 0.0 m/s, 風級: 0, 風向角度: 222.1, 風向: 西南
2025-07-10 11:37:33 - ModbusReader - INFO - 風速: 0.7 m/s, 風級: 1, 風向角度: 252.6, 風向: 西南西
2025-07-10 11:37:34 - ModbusReader - INFO - 風速: 0.7 m/s, 風級: 1, 風向角度: 252.6, 風向: 西南西
2025-07-10 11:38:05 - ModbusReader - INFO - 風速: 0.4 m/s, 風級: 1, 風向角度: 329.8, 風向: 北北西
2025-07-10 11:38:05 - ModbusReader - INFO - 風速: 0.4 m/s, 風級: 1, 風向角度: 329.8, 風向: 北北西
2025-07-10 11:38:36 - ModbusReader - INFO - 風速: 0.0 m/s, 風級: 0, 風向角度: 14.9, 風向: 北北東
2025-07-10 11:38:36 - ModbusReader - INFO - 風速: 0.0 m/s, 風級: 0, 風向角度: 354.7, 風向: 北
2025-07-10 11:39:07 - ModbusReader - INFO - 風速: 0.0 m/s, 風級: 0, 風向角度: 82.6, 風向: 東
2025-07-10 11:39:08 - ModbusReader - INFO - 風速: 0.0 m/s, 風級: 0, 風向角度: 82.6, 風向: 東
2025-07-10 11:39:38 - ModbusReader - INFO - 風速: 0.0 m/s, 風級: 0, 風向角度: 335.4, 風向: 北北西
2025-07-10 11:39:39 - ModbusReader - INFO - 風速: 0.0 m/s, 風級: 0, 風向角度: 335.4, 風向: 北北西
2025-07-10 11:40:09 - ModbusReader - INFO - 風速: 0.0 m/s, 風級: 0, 風向角度: 164.7, 風向: 南南東
2025-07-10 11:40:10 - ModbusReader - INFO - 風速: 0.0 m/s, 風級: 0, 風向角度: 164.7, 風向: 南南東
2025-07-10 11:40:41 - ModbusReader - INFO - 風速: 0.3 m/s, 風級: 1, 風向角度: 301.9, 風向: 西北西
2025-07-10 11:40:41 - ModbusReader - INFO - 風速: 0.3 m/s, 風級: 1, 風向角度: 301.9, 風向: 西北西
2025-07-10 11:41:12 - ModbusReader - INFO - 風速: 0.0 m/s, 風級: 0, 風向角度: 143.4, 風向: 東南
2025-07-10 11:41:12 - ModbusReader - INFO - 風速: 0.0 m/s, 風級: 0, 風向角度: 143.4, 風向: 東南
2025-07-10 11:41:43 - ModbusReader - INFO - 風速: 0.0 m/s, 風級: 0, 風向角度: 204.4, 風向: 南南西
2025-07-10 11:41:45 - ModbusReader - INFO - 風速: 0.0 m/s, 風級: 0, 風向角度: 204.4, 風向: 南南西
2025-07-10 11:42:15 - ModbusReader - INFO - 風速: 0.0 m/s, 風級: 0, 風向角度: 346.3, 風向: 北北西
2025-07-10 11:42:16 - ModbusReader - INFO - 風速: 0.0 m/s, 風級: 0, 風向角度: 346.3, 風向: 北北西
2025-07-10 11:42:46 - ModbusReader - INFO - 風速: 0.0 m/s, 風級: 0, 風向角度: 128.2, 風向: 東南
2025-07-10 11:42:47 - ModbusReader - INFO - 風速: 0.0 m/s, 風級: 0, 風向角度: 128.2, 風向: 東南
2025-07-10 11:43:18 - ModbusReader - INFO - 風速: 0.0 m/s, 風級: 0, 風向角度: 176.6, 風向: 南
2025-07-10 11:43:18 - ModbusReader - INFO - 風速: 0.0 m/s, 風級: 0, 風向角度: 176.6, 風向: 南
2025-07-10 11:43:49 - ModbusReader - INFO - 風速: 0.3 m/s, 風級: 1, 風向角度: 56.4, 風向: 東北東
2025-07-10 11:43:49 - ModbusReader - INFO - 風速: 0.3 m/s, 風級: 1, 風向角度: 56.4, 風向: 東北東
2025-07-10 11:44:20 - ModbusReader - INFO - 風速: 0.3 m/s, 風級: 1, 風向角度: 149.5, 風向: 南南東
2025-07-10 11:44:21 - ModbusReader - INFO - 風速: 0.3 m/s, 風級: 1, 風向角度: 149.5, 風向: 南南東
2025-07-10 11:44:51 - ModbusReader - INFO - 風速: 0.0 m/s, 風級: 0, 風向角度: 270.0, 風向: 西
2025-07-10 11:44:52 - ModbusReader - INFO - 風速: 0.0 m/s, 風級: 0, 風向角度: 270.0, 風向: 西
2025-07-10 11:45:22 - ModbusReader - INFO - 風速: 0.4 m/s, 風級: 1, 風向角度: 338.2, 風向: 北北西
2025-07-10 11:45:23 - ModbusReader - INFO - 風速: 0.4 m/s, 風級: 1, 風向角度: 340.4, 風向: 北北西
2025-07-10 11:45:54 - ModbusReader - INFO - 風速: 0.5 m/s, 風級: 1, 風向角度: 197.5, 風向: 南南西
2025-07-10 11:45:54 - ModbusReader - INFO - 風速: 0.5 m/s, 風級: 1, 風向角度: 197.5, 風向: 南南西
2025-07-10 11:46:25 - ModbusReader - INFO - 風速: 0.3 m/s, 風級: 1, 風向角度: 129.2, 風向: 東南
2025-07-10 11:46:25 - ModbusReader - INFO - 風速: 0.3 m/s, 風級: 1, 風向角度: 129.2, 風向: 東南
2025-07-10 11:46:56 - ModbusReader - INFO - 風速: 0.0 m/s, 風級: 0, 風向角度: 103.7, 風向: 東南東
2025-07-10 11:46:57 - ModbusReader - INFO - 風速: 0.0 m/s, 風級: 0, 風向角度: 103.7, 風向: 東南東
2025-07-10 11:47:27 - ModbusReader - INFO - 風速: 0.0 m/s, 風級: 0, 風向角度: 303.2, 風向: 西北西
2025-07-10 11:47:28 - ModbusReader - INFO - 風速: 0.0 m/s, 風級: 0, 風向角度: 303.2, 風向: 西北西
2025-07-10 11:47:58 - ModbusReader - INFO - 風速: 0.0 m/s, 風級: 0, 風向角度: 33.6, 風向: 北北東
2025-07-10 11:47:59 - ModbusReader - INFO - 風速: 0.0 m/s, 風級: 0, 風向角度: 33.6, 風向: 北北東
2025-07-10 11:48:30 - ModbusReader - INFO - 風速: 0.0 m/s, 風級: 0, 風向角度: 97.2, 風向: 東
2025-07-10 11:48:30 - ModbusReader - INFO - 風速: 0.0 m/s, 風級: 0, 風向角度: 97.2, 風向: 東
2025-07-10 11:49:01 - ModbusReader - INFO - 風速: 0.0 m/s, 風級: 0, 風向角度: 297.7, 風向: 西北西
2025-07-10 11:49:01 - ModbusReader - INFO - 風速: 0.0 m/s, 風級: 0, 風向角度: 297.7, 風向: 西北西
2025-07-10 11:49:32 - ModbusReader - INFO - 風速: 0.0 m/s, 風級: 0, 風向角度: 125.4, 風向: 東南
2025-07-10 11:49:33 - ModbusReader - INFO - 風速: 0.0 m/s, 風級: 0, 風向角度: 125.4, 風向: 東南
2025-07-10 11:50:03 - ModbusReader - INFO - 風速: 0.4 m/s, 風級: 1, 風向角度: 222.9, 風向: 西南
2025-07-10 11:50:04 - ModbusReader - INFO - 風速: 0.4 m/s, 風級: 1, 風向角度: 222.9, 風向: 西南
2025-07-10 11:50:34 - ModbusReader - INFO - 風速: 0.3 m/s, 風級: 1, 風向角度: 309.6, 風向: 西北
2025-07-10 11:50:35 - ModbusReader - INFO - 風速: 0.3 m/s, 風級: 1, 風向角度: 309.6, 風向: 西北
2025-07-10 11:51:06 - ModbusReader - INFO - 風速: 0.0 m/s, 風級: 0, 風向角度: 110.8, 風向: 東南東
2025-07-10 11:51:06 - ModbusReader - INFO - 風速: 0.0 m/s, 風級: 0, 風向角度: 110.8, 風向: 東南東
2025-07-10 11:51:37 - ModbusReader - INFO - 風速: 0.0 m/s, 風級: 0, 風向角度: 182.3, 風向: 南
2025-07-10 11:51:37 - ModbusReader - INFO - 風速: 0.0 m/s, 風級: 0, 風向角度: 182.3, 風向: 南
2025-07-10 11:52:08 - ModbusReader - INFO - 風速: 0.1 m/s, 風級: 0, 風向角度: 166.6, 風向: 南南東
2025-07-10 11:52:09 - ModbusReader - INFO - 風速: 0.1 m/s, 風級: 0, 風向角度: 166.6, 風向: 南南東
2025-07-10 11:52:39 - ModbusReader - INFO - 風速: 0.0 m/s, 風級: 0, 風向角度: 149.0, 風向: 南南東
2025-07-10 11:52:40 - ModbusReader - INFO - 風速: 0.0 m/s, 風級: 0, 風向角度: 155.4, 風向: 南南東
2025-07-10 11:53:10 - ModbusReader - INFO - 風速: 0.0 m/s, 風級: 0, 風向角度: 339.0, 風向: 北北西
2025-07-10 11:53:11 - ModbusReader - INFO - 風速: 0.0 m/s, 風級: 0, 風向角度: 339.0, 風向: 北北西
2025-07-10 11:53:42 - ModbusReader - INFO - 風速: 0.0 m/s, 風級: 0, 風向角度: 356.4, 風向: 北
2025-07-10 11:53:42 - ModbusReader - INFO - 風速: 0.0 m/s, 風級: 0, 風向角度: 356.4, 風向: 北
2025-07-10 11:54:13 - ModbusReader - INFO - 風速: 0.0 m/s, 風級: 0, 風向角度: 131.6, 風向: 東南
2025-07-10 11:54:13 - ModbusReader - INFO - 風速: 0.0 m/s, 風級: 0, 風向角度: 131.6, 風向: 東南
2025-07-10 11:54:44 - ModbusReader - INFO - 風速: 0.0 m/s, 風級: 0, 風向角度: 296.9, 風向: 西北西
2025-07-10 11:54:45 - ModbusReader - INFO - 風速: 0.0 m/s, 風級: 0, 風向角度: 296.9, 風向: 西北西
2025-07-10 11:55:15 - ModbusReader - INFO - 風速: 0.0 m/s, 風級: 0, 風向角度: 202.9, 風向: 南南西
2025-07-10 11:55:16 - ModbusReader - INFO - 風速: 0.0 m/s, 風級: 0, 風向角度: 202.9, 風向: 南南西
2025-07-10 11:55:46 - ModbusReader - INFO - 風速: 0.0 m/s, 風級: 0, 風向角度: 332.3, 風向: 北北西
2025-07-10 11:55:47 - ModbusReader - INFO - 風速: 0.0 m/s, 風級: 0, 風向角度: 332.3, 風向: 北北西
2025-07-10 11:56:18 - ModbusReader - INFO - 風速: 0.0 m/s, 風級: 0, 風向角度: 326.8, 風向: 北北西
2025-07-10 11:56:18 - ModbusReader - INFO - 風速: 0.0 m/s, 風級: 0, 風向角度: 326.8, 風向: 北北西
2025-07-10 11:56:49 - ModbusReader - INFO - 風速: 0.0 m/s, 風級: 0, 風向角度: 314.8, 風向: 西北
2025-07-10 11:56:49 - ModbusReader - INFO - 風速: 0.0 m/s, 風級: 0, 風向角度: 314.8, 風向: 西北
2025-07-10 11:57:20 - ModbusReader - INFO - 風速: 0.0 m/s, 風級: 0, 風向角度: 92.3, 風向: 東
2025-07-10 11:57:21 - ModbusReader - INFO - 風速: 0.0 m/s, 風級: 0, 風向角度: 92.3, 風向: 東
2025-07-10 11:57:51 - ModbusReader - INFO - 風速: 0.0 m/s, 風級: 0, 風向角度: 49.0, 風向: 東北
2025-07-10 11:57:52 - ModbusReader - INFO - 風速: 0.0 m/s, 風級: 0, 風向角度: 49.0, 風向: 東北
2025-07-10 11:58:22 - ModbusReader - INFO - 風速: 0.0 m/s, 風級: 0, 風向角度: 337.3, 風向: 北北西
2025-07-10 11:58:23 - ModbusReader - INFO - 風速: 0.0 m/s, 風級: 0, 風向角度: 337.3, 風向: 北北西
2025-07-10 11:58:54 - ModbusReader - INFO - 風速: 0.1 m/s, 風級: 0, 風向角度: 18.4, 風向: 北北東
2025-07-10 11:58:54 - ModbusReader - INFO - 風速: 0.1 m/s, 風級: 0, 風向角度: 18.4, 風向: 北北東
2025-07-10 11:59:25 - ModbusReader - INFO - 風速: 0.0 m/s, 風級: 0, 風向角度: 104.7, 風向: 東南東
2025-07-10 11:59:25 - ModbusReader - INFO - 風速: 0.0 m/s, 風級: 0, 風向角度: 104.7, 風向: 東南東
2025-07-10 11:59:56 - ModbusReader - INFO - 風速: 0.1 m/s, 風級: 0, 風向角度: 150.2, 風向: 南南東
2025-07-10 11:59:57 - ModbusReader - INFO - 風速: 0.5 m/s, 風級: 1, 風向角度: 172.9, 風向: 南
2025-07-10 12:00:27 - ModbusReader - INFO - 風速: 0.0 m/s, 風級: 0, 風向角度: 142.0, 風向: 東南
2025-07-10 12:00:28 - ModbusReader - INFO - 風速: 0.0 m/s, 風級: 0, 風向角度: 142.0, 風向: 東南
2025-07-10 12:00:58 - ModbusReader - INFO - 風速: 0.0 m/s, 風級: 0, 風向角度: 148.6, 風向: 南南東
2025-07-10 12:00:59 - ModbusReader - INFO - 風速: 0.0 m/s, 風級: 0, 風向角度: 148.6, 風向: 南南東
2025-07-10 12:01:30 - ModbusReader - INFO - 風速: 0.0 m/s, 風級: 0, 風向角度: 217.6, 風向: 西南
2025-07-10 12:01:30 - ModbusReader - INFO - 風速: 0.0 m/s, 風級: 0, 風向角度: 217.6, 風向: 西南
2025-07-10 12:02:01 - ModbusReader - INFO - 風速: 0.0 m/s, 風級: 0, 風向角度: 65.2, 風向: 東北東
2025-07-10 12:02:01 - ModbusReader - INFO - 風速: 0.0 m/s, 風級: 0, 風向角度: 65.2, 風向: 東北東
2025-07-10 12:02:32 - ModbusReader - INFO - 風速: 0.0 m/s, 風級: 0, 風向角度: 222.9, 風向: 西南
2025-07-10 12:02:33 - ModbusReader - INFO - 風速: 0.0 m/s, 風級: 0, 風向角度: 222.9, 風向: 西南
2025-07-10 12:03:03 - ModbusReader - INFO - 風速: 0.0 m/s, 風級: 0, 風向角度: 183.8, 風向: 南
2025-07-10 12:03:04 - ModbusReader - INFO - 風速: 0.0 m/s, 風級: 0, 風向角度: 183.8, 風向: 南
2025-07-10 12:03:34 - ModbusReader - INFO - 風速: 0.0 m/s, 風級: 0, 風向角度: 13.2, 風向: 北北東
2025-07-10 12:03:35 - ModbusReader - INFO - 風速: 0.0 m/s, 風級: 0, 風向角度: 13.2, 風向: 北北東
2025-07-10 12:04:06 - ModbusReader - INFO - 風速: 0.0 m/s, 風級: 0, 風向角度: 357.3, 風向: 北
2025-07-10 12:04:06 - ModbusReader - INFO - 風速: 0.0 m/s, 風級: 0, 風向角度: 357.3, 風向: 北
2025-07-10 12:04:37 - ModbusReader - INFO - 風速: 0.0 m/s, 風級: 0, 風向角度: 198.9, 風向: 南南西
2025-07-10 12:04:37 - ModbusReader - INFO - 風速: 0.0 m/s, 風級: 0, 風向角度: 198.9, 風向: 南南西
2025-07-10 12:05:08 - ModbusReader - INFO - 風速: 0.0 m/s, 風級: 0, 風向角度: 28.3, 風向: 北北東
2025-07-10 12:05:09 - ModbusReader - INFO - 風速: 0.0 m/s, 風級: 0, 風向角度: 28.3, 風向: 北北東
2025-07-10 12:05:39 - ModbusReader - INFO - 風速: 0.0 m/s, 風級: 0, 風向角度: 172.8, 風向: 南
2025-07-10 12:05:40 - ModbusReader - INFO - 風速: 0.0 m/s, 風級: 0, 風向角度: 172.8, 風向: 南
2025-07-10 12:06:10 - ModbusReader - INFO - 風速: 0.0 m/s, 風級: 0, 風向角度: 148.4, 風向: 南南東
2025-07-10 12:06:11 - ModbusReader - INFO - 風速: 0.0 m/s, 風級: 0, 風向角度: 148.4, 風向: 南南東
2025-07-10 12:06:42 - ModbusReader - INFO - 風速: 0.0 m/s, 風級: 0, 風向角度: 342.9, 風向: 北北西
2025-07-10 12:06:42 - ModbusReader - INFO - 風速: 0.0 m/s, 風級: 0, 風向角度: 342.9, 風向: 北北西
2025-07-10 12:07:13 - ModbusReader - INFO - 風速: 0.0 m/s, 風級: 0, 風向角度: 298.3, 風向: 西北西
2025-07-10 12:07:13 - ModbusReader - INFO - 風速: 0.0 m/s, 風級: 0, 風向角度: 107.8, 風向: 東南東
2025-07-10 12:07:44 - ModbusReader - INFO - 風速: 0.0 m/s, 風級: 0, 風向角度: 56.3, 風向: 東北東
2025-07-10 12:07:45 - ModbusReader - INFO - 風速: 0.0 m/s, 風級: 0, 風向角度: 56.3, 風向: 東北東
2025-07-10 12:08:15 - ModbusReader - INFO - 風速: 0.0 m/s, 風級: 0, 風向角度: 358.6, 風向: 北
2025-07-10 12:08:16 - ModbusReader - INFO - 風速: 0.0 m/s, 風級: 0, 風向角度: 358.6, 風向: 北
2025-07-10 12:08:46 - ModbusReader - INFO - 風速: 0.0 m/s, 風級: 0, 風向角度: 133.6, 風向: 東南
2025-07-10 12:08:47 - ModbusReader - INFO - 風速: 0.0 m/s, 風級: 0, 風向角度: 133.6, 風向: 東南
2025-07-10 12:09:18 - ModbusReader - INFO - 風速: 0.0 m/s, 風級: 0, 風向角度: 320.1, 風向: 西北
2025-07-10 12:09:18 - ModbusReader - INFO - 風速: 0.0 m/s, 風級: 0, 風向角度: 320.1, 風向: 西北
2025-07-10 12:09:49 - ModbusReader - INFO - 風速: 0.0 m/s, 風級: 0, 風向角度: 264.1, 風向: 西
2025-07-10 12:09:49 - ModbusReader - INFO - 風速: 0.0 m/s, 風級: 0, 風向角度: 264.1, 風向: 西
2025-07-10 12:10:20 - ModbusReader - INFO - 風速: 0.0 m/s, 風級: 0, 風向角度: 276.5, 風向: 西
2025-07-10 12:10:21 - ModbusReader - INFO - 風速: 0.0 m/s, 風級: 0, 風向角度: 276.5, 風向: 西
2025-07-10 12:10:51 - ModbusReader - INFO - 風速: 0.0 m/s, 風級: 0, 風向角度: 262.1, 風向: 西
2025-07-10 12:10:52 - ModbusReader - INFO - 風速: 0.0 m/s, 風級: 0, 風向角度: 262.1, 風向: 西
2025-07-10 12:11:22 - ModbusReader - INFO - 風速: 0.0 m/s, 風級: 0, 風向角度: 309.5, 風向: 西北
2025-07-10 12:11:23 - ModbusReader - INFO - 風速: 0.0 m/s, 風級: 0, 風向角度: 309.5, 風向: 西北
2025-07-10 12:11:54 - ModbusReader - INFO - 風速: 0.0 m/s, 風級: 0, 風向角度: 119.2, 風向: 東南東
2025-07-10 12:11:54 - ModbusReader - INFO - 風速: 0.0 m/s, 風級: 0, 風向角度: 119.2, 風向: 東南東
2025-07-10 12:12:25 - ModbusReader - INFO - 風速: 0.0 m/s, 風級: 0, 風向角度: 58.0, 風向: 東北東
2025-07-10 12:12:25 - ModbusReader - INFO - 風速: 0.0 m/s, 風級: 0, 風向角度: 58.0, 風向: 東北東
2025-07-10 12:12:56 - ModbusReader - INFO - 風速: 0.0 m/s, 風級: 0, 風向角度: 165.7, 風向: 南南東
2025-07-10 12:12:57 - ModbusReader - INFO - 風速: 0.0 m/s, 風級: 0, 風向角度: 165.7, 風向: 南南東
2025-07-10 12:13:27 - ModbusReader - INFO - 風速: 0.0 m/s, 風級: 0, 風向角度: 331.3, 風向: 北北西
2025-07-10 12:13:28 - ModbusReader - INFO - 風速: 0.0 m/s, 風級: 0, 風向角度: 331.3, 風向: 北北西
2025-07-10 12:13:58 - ModbusReader - INFO - 風速: 0.0 m/s, 風級: 0, 風向角度: 57.4, 風向: 東北東
2025-07-10 12:13:59 - ModbusReader - INFO - 風速: 0.0 m/s, 風級: 0, 風向角度: 57.4, 風向: 東北東
2025-07-10 12:14:30 - ModbusReader - INFO - 風速: 0.9 m/s, 風級: 1, 風向角度: 165.4, 風向: 南南東
2025-07-10 12:14:30 - ModbusReader - INFO - 風速: 1.2 m/s, 風級: 1, 風向角度: 161.1, 風向: 南南東
2025-07-10 12:15:01 - ModbusReader - INFO - 風速: 0.7 m/s, 風級: 1, 風向角度: 212.1, 風向: 南南西
2025-07-10 12:15:01 - ModbusReader - INFO - 風速: 0.7 m/s, 風級: 1, 風向角度: 212.1, 風向: 南南西
2025-07-10 12:15:32 - ModbusReader - INFO - 風速: 0.4 m/s, 風級: 1, 風向角度: 126.5, 風向: 東南
2025-07-10 12:15:33 - ModbusReader - INFO - 風速: 0.4 m/s, 風級: 1, 風向角度: 126.5, 風向: 東南
2025-07-10 12:16:03 - ModbusReader - INFO - 風速: 0.0 m/s, 風級: 0, 風向角度: 146.3, 風向: 南南東
2025-07-10 12:16:04 - ModbusReader - INFO - 風速: 0.0 m/s, 風級: 0, 風向角度: 146.3, 風向: 南南東
2025-07-10 12:16:34 - ModbusReader - INFO - 風速: 0.0 m/s, 風級: 0, 風向角度: 318.3, 風向: 西北
2025-07-10 12:16:35 - ModbusReader - INFO - 風速: 0.0 m/s, 風級: 0, 風向角度: 318.3, 風向: 西北
2025-07-10 12:17:06 - ModbusReader - INFO - 風速: 0.0 m/s, 風級: 0, 風向角度: 86.3, 風向: 東
2025-07-10 12:17:06 - ModbusReader - INFO - 風速: 0.0 m/s, 風級: 0, 風向角度: 86.3, 風向: 東
2025-07-10 12:17:37 - ModbusReader - INFO - 風速: 0.0 m/s, 風級: 0, 風向角度: 39.4, 風向: 東北
2025-07-10 12:17:37 - ModbusReader - INFO - 風速: 0.0 m/s, 風級: 0, 風向角度: 39.4, 風向: 東北
2025-07-10 12:18:08 - ModbusReader - INFO - 風速: 0.0 m/s, 風級: 0, 風向角度: 14.8, 風向: 北北東
2025-07-10 12:18:09 - ModbusReader - INFO - 風速: 0.0 m/s, 風級: 0, 風向角度: 14.8, 風向: 北北東
2025-07-10 12:18:39 - ModbusReader - INFO - 風速: 0.0 m/s, 風級: 0, 風向角度: 141.9, 風向: 東南
2025-07-10 12:18:40 - ModbusReader - INFO - 風速: 0.0 m/s, 風級: 0, 風向角度: 141.9, 風向: 東南
2025-07-10 12:19:10 - ModbusReader - INFO - 風速: 0.0 m/s, 風級: 0, 風向角度: 178.7, 風向: 南
2025-07-10 12:19:11 - ModbusReader - INFO - 風速: 0.0 m/s, 風級: 0, 風向角度: 178.7, 風向: 南
2025-07-10 12:19:42 - ModbusReader - INFO - 風速: 0.0 m/s, 風級: 0, 風向角度: 150.1, 風向: 南南東
2025-07-10 12:19:42 - ModbusReader - INFO - 風速: 0.0 m/s, 風級: 0, 風向角度: 150.1, 風向: 南南東
2025-07-10 12:20:13 - ModbusReader - INFO - 風速: 0.0 m/s, 風級: 0, 風向角度: 171.1, 風向: 南
2025-07-10 12:20:13 - ModbusReader - INFO - 風速: 0.0 m/s, 風級: 0, 風向角度: 171.1, 風向: 南
2025-07-10 12:20:44 - ModbusReader - INFO - 風速: 0.0 m/s, 風級: 0, 風向角度: 247.6, 風向: 西南西
2025-07-10 12:20:45 - ModbusReader - INFO - 風速: 0.0 m/s, 風級: 0, 風向角度: 247.6, 風向: 西南西
2025-07-10 12:21:15 - ModbusReader - INFO - 風速: 0.0 m/s, 風級: 0, 風向角度: 332.3, 風向: 北北西
2025-07-10 12:21:16 - ModbusReader - INFO - 風速: 0.0 m/s, 風級: 0, 風向角度: 332.3, 風向: 北北西
2025-07-10 12:21:46 - ModbusReader - INFO - 風速: 0.0 m/s, 風級: 0, 風向角度: 139.3, 風向: 東南
2025-07-10 12:21:47 - ModbusReader - INFO - 風速: 0.0 m/s, 風級: 0, 風向角度: 145.3, 風向: 東南
2025-07-10 12:22:18 - ModbusReader - INFO - 風速: 0.0 m/s, 風級: 0, 風向角度: 134.0, 風向: 東南
2025-07-10 12:22:18 - ModbusReader - INFO - 風速: 0.0 m/s, 風級: 0, 風向角度: 134.0, 風向: 東南
2025-07-10 12:22:49 - ModbusReader - INFO - 風速: 0.0 m/s, 風級: 0, 風向角度: 155.1, 風向: 南南東
2025-07-10 12:22:49 - ModbusReader - INFO - 風速: 0.0 m/s, 風級: 0, 風向角度: 155.1, 風向: 南南東
2025-07-10 12:23:20 - ModbusReader - INFO - 風速: 0.0 m/s, 風級: 0, 風向角度: 151.7, 風向: 南南東
2025-07-10 12:23:21 - ModbusReader - INFO - 風速: 0.0 m/s, 風級: 0, 風向角度: 151.7, 風向: 南南東
2025-07-10 12:23:51 - ModbusReader - INFO - 風速: 0.0 m/s, 風級: 0, 風向角度: 169.2, 風向: 南
2025-07-10 12:23:52 - ModbusReader - INFO - 風速: 0.0 m/s, 風級: 0, 風向角度: 169.2, 風向: 南
2025-07-10 12:24:22 - ModbusReader - INFO - 風速: 0.0 m/s, 風級: 0, 風向角度: 161.5, 風向: 南南東
2025-07-10 12:24:23 - ModbusReader - INFO - 風速: 0.0 m/s, 風級: 0, 風向角度: 161.5, 風向: 南南東
2025-07-10 12:24:54 - ModbusReader - INFO - 風速: 0.0 m/s, 風級: 0, 風向角度: 161.4, 風向: 南南東
2025-07-10 12:24:54 - ModbusReader - INFO - 風速: 0.0 m/s, 風級: 0, 風向角度: 161.4, 風向: 南南東
2025-07-10 12:25:25 - ModbusReader - INFO - 風速: 0.6 m/s, 風級: 1, 風向角度: 140.4, 風向: 東南
2025-07-10 12:25:25 - ModbusReader - INFO - 風速: 0.6 m/s, 風級: 1, 風向角度: 140.4, 風向: 東南
2025-07-10 12:25:56 - ModbusReader - INFO - 風速: 0.3 m/s, 風級: 1, 風向角度: 272.2, 風向: 西
2025-07-10 12:25:57 - ModbusReader - INFO - 風速: 0.3 m/s, 風級: 1, 風向角度: 272.2, 風向: 西
2025-07-10 12:26:27 - ModbusReader - INFO - 風速: 0.0 m/s, 風級: 0, 風向角度: 321.8, 風向: 西北
2025-07-10 12:26:28 - ModbusReader - INFO - 風速: 0.0 m/s, 風級: 0, 風向角度: 321.8, 風向: 西北
2025-07-10 12:26:58 - ModbusReader - INFO - 風速: 0.8 m/s, 風級: 1, 風向角度: 161.9, 風向: 南南東
2025-07-10 12:26:59 - ModbusReader - INFO - 風速: 0.8 m/s, 風級: 1, 風向角度: 161.9, 風向: 南南東
2025-07-10 12:27:30 - ModbusReader - INFO - 風速: 1.1 m/s, 風級: 1, 風向角度: 195.4, 風向: 南南西
2025-07-10 12:27:30 - ModbusReader - INFO - 風速: 1.1 m/s, 風級: 1, 風向角度: 195.4, 風向: 南南西
2025-07-10 12:28:01 - ModbusReader - INFO - 風速: 1.0 m/s, 風級: 1, 風向角度: 220.7, 風向: 西南
2025-07-10 12:28:01 - ModbusReader - INFO - 風速: 1.0 m/s, 風級: 1, 風向角度: 220.7, 風向: 西南
2025-07-10 12:28:32 - ModbusReader - INFO - 風速: 0.7 m/s, 風級: 1, 風向角度: 171.4, 風向: 南
2025-07-10 12:28:33 - ModbusReader - INFO - 風速: 0.7 m/s, 風級: 1, 風向角度: 171.4, 風向: 南
2025-07-10 12:29:03 - ModbusReader - INFO - 風速: 0.6 m/s, 風級: 1, 風向角度: 129.1, 風向: 東南
2025-07-10 12:29:04 - ModbusReader - INFO - 風速: 0.4 m/s, 風級: 1, 風向角度: 251.9, 風向: 西南西
2025-07-10 12:29:34 - ModbusReader - INFO - 風速: 0.1 m/s, 風級: 0, 風向角度: 304.9, 風向: 西北
2025-07-10 12:29:35 - ModbusReader - INFO - 風速: 0.1 m/s, 風級: 0, 風向角度: 304.9, 風向: 西北
2025-07-10 12:30:06 - ModbusReader - INFO - 風速: 0.7 m/s, 風級: 1, 風向角度: 103.6, 風向: 東南東
2025-07-10 12:30:06 - ModbusReader - INFO - 風速: 0.7 m/s, 風級: 1, 風向角度: 103.6, 風向: 東南東
2025-07-10 12:30:37 - ModbusReader - INFO - 風速: 0.6 m/s, 風級: 1, 風向角度: 156.6, 風向: 南南東
2025-07-10 12:30:37 - ModbusReader - INFO - 風速: 0.6 m/s, 風級: 1, 風向角度: 156.6, 風向: 南南東
2025-07-10 12:31:08 - ModbusReader - INFO - 風速: 0.9 m/s, 風級: 1, 風向角度: 101.7, 風向: 東南東
2025-07-10 12:31:09 - ModbusReader - INFO - 風速: 0.9 m/s, 風級: 1, 風向角度: 101.7, 風向: 東南東
2025-07-10 12:31:39 - ModbusReader - INFO - 風速: 0.6 m/s, 風級: 1, 風向角度: 231.8, 風向: 西南
2025-07-10 12:31:40 - ModbusReader - INFO - 風速: 0.6 m/s, 風級: 1, 風向角度: 231.8, 風向: 西南
2025-07-10 12:32:10 - ModbusReader - INFO - 風速: 1.0 m/s, 風級: 1, 風向角度: 97.2, 風向: 東
2025-07-10 12:32:11 - ModbusReader - INFO - 風速: 1.0 m/s, 風級: 1, 風向角度: 97.2, 風向: 東
2025-07-10 12:32:42 - ModbusReader - INFO - 風速: 0.3 m/s, 風級: 1, 風向角度: 190.5, 風向: 南
2025-07-10 12:32:42 - ModbusReader - INFO - 風速: 0.3 m/s, 風級: 1, 風向角度: 190.5, 風向: 南
2025-07-10 12:33:13 - ModbusReader - INFO - 風速: 0.0 m/s, 風級: 0, 風向角度: 48.9, 風向: 東北
2025-07-10 12:33:13 - ModbusReader - INFO - 風速: 0.0 m/s, 風級: 0, 風向角度: 48.9, 風向: 東北
2025-07-10 12:33:44 - ModbusReader - INFO - 風速: 0.0 m/s, 風級: 0, 風向角度: 184.3, 風向: 南
2025-07-10 12:33:45 - ModbusReader - INFO - 風速: 0.0 m/s, 風級: 0, 風向角度: 184.3, 風向: 南
2025-07-10 12:34:15 - ModbusReader - INFO - 風速: 0.0 m/s, 風級: 0, 風向角度: 185.2, 風向: 南
2025-07-10 12:34:16 - ModbusReader - INFO - 風速: 0.0 m/s, 風級: 0, 風向角度: 185.2, 風向: 南
2025-07-10 12:34:46 - ModbusReader - INFO - 風速: 0.0 m/s, 風級: 0, 風向角度: 123.9, 風向: 東南
2025-07-10 12:34:47 - ModbusReader - INFO - 風速: 0.0 m/s, 風級: 0, 風向角度: 123.9, 風向: 東南
2025-07-10 12:35:17 - ModbusReader - INFO - 風速: 0.7 m/s, 風級: 1, 風向角度: 137.9, 風向: 東南
2025-07-10 12:35:18 - ModbusReader - INFO - 風速: 0.7 m/s, 風級: 1, 風向角度: 137.9, 風向: 東南
2025-07-10 12:35:49 - ModbusReader - INFO - 風速: 0.6 m/s, 風級: 1, 風向角度: 131.4, 風向: 東南
2025-07-10 12:35:49 - ModbusReader - INFO - 風速: 0.6 m/s, 風級: 1, 風向角度: 131.4, 風向: 東南
2025-07-10 12:36:20 - ModbusReader - INFO - 風速: 0.6 m/s, 風級: 1, 風向角度: 219.9, 風向: 西南
2025-07-10 12:36:20 - ModbusReader - INFO - 風速: 0.6 m/s, 風級: 1, 風向角度: 219.9, 風向: 西南
2025-07-10 12:36:51 - ModbusReader - INFO - 風速: 0.9 m/s, 風級: 1, 風向角度: 173.2, 風向: 南
2025-07-10 12:36:52 - ModbusReader - INFO - 風速: 0.9 m/s, 風級: 1, 風向角度: 173.2, 風向: 南
2025-07-10 12:37:22 - ModbusReader - INFO - 風速: 1.1 m/s, 風級: 1, 風向角度: 198.0, 風向: 南南西
2025-07-10 12:37:23 - ModbusReader - INFO - 風速: 1.1 m/s, 風級: 1, 風向角度: 198.0, 風向: 南南西
2025-07-10 12:37:54 - ModbusReader - INFO - 風速: 0.8 m/s, 風級: 1, 風向角度: 90.8, 風向: 東
2025-07-10 12:37:54 - ModbusReader - INFO - 風速: 0.8 m/s, 風級: 1, 風向角度: 90.8, 風向: 東
2025-07-10 12:38:25 - ModbusReader - INFO - 風速: 1.0 m/s, 風級: 1, 風向角度: 172.6, 風向: 南
2025-07-10 12:38:25 - ModbusReader - INFO - 風速: 1.0 m/s, 風級: 1, 風向角度: 172.6, 風向: 南
2025-07-10 12:38:56 - ModbusReader - INFO - 風速: 1.1 m/s, 風級: 1, 風向角度: 144.9, 風向: 東南
2025-07-10 12:38:56 - ModbusReader - INFO - 風速: 1.1 m/s, 風級: 1, 風向角度: 144.9, 風向: 東南
2025-07-10 12:39:27 - ModbusReader - INFO - 風速: 0.7 m/s, 風級: 1, 風向角度: 238.0, 風向: 西南西
2025-07-10 12:39:28 - ModbusReader - INFO - 風速: 0.7 m/s, 風級: 1, 風向角度: 238.0, 風向: 西南西
2025-07-10 12:39:58 - ModbusReader - INFO - 風速: 0.6 m/s, 風級: 1, 風向角度: 165.1, 風向: 南南東
2025-07-10 12:39:59 - ModbusReader - INFO - 風速: 0.6 m/s, 風級: 1, 風向角度: 165.1, 風向: 南南東
2025-07-10 12:40:29 - ModbusReader - INFO - 風速: 0.7 m/s, 風級: 1, 風向角度: 146.7, 風向: 南南東
2025-07-10 12:40:30 - ModbusReader - INFO - 風速: 0.7 m/s, 風級: 1, 風向角度: 146.7, 風向: 南南東
2025-07-10 12:41:01 - ModbusReader - INFO - 風速: 0.4 m/s, 風級: 1, 風向角度: 288.4, 風向: 西北西
2025-07-10 12:41:01 - ModbusReader - INFO - 風速: 0.4 m/s, 風級: 1, 風向角度: 288.4, 風向: 西北西
2025-07-10 12:41:32 - ModbusReader - INFO - 風速: 0.0 m/s, 風級: 0, 風向角度: 324.1, 風向: 西北
2025-07-10 12:41:32 - ModbusReader - INFO - 風速: 0.0 m/s, 風級: 0, 風向角度: 324.1, 風向: 西北
2025-07-10 12:42:03 - ModbusReader - INFO - 風速: 0.0 m/s, 風級: 0, 風向角度: 150.9, 風向: 南南東
2025-07-10 12:42:04 - ModbusReader - INFO - 風速: 0.0 m/s, 風級: 0, 風向角度: 150.9, 風向: 南南東
2025-07-10 12:42:34 - ModbusReader - INFO - 風速: 0.0 m/s, 風級: 0, 風向角度: 147.2, 風向: 南南東
2025-07-10 12:42:35 - ModbusReader - INFO - 風速: 0.0 m/s, 風級: 0, 風向角度: 147.2, 風向: 南南東
2025-07-10 12:43:05 - ModbusReader - INFO - 風速: 0.0 m/s, 風級: 0, 風向角度: 85.8, 風向: 東
2025-07-10 12:43:06 - ModbusReader - INFO - 風速: 0.0 m/s, 風級: 0, 風向角度: 85.8, 風向: 東
2025-07-10 12:43:37 - ModbusReader - INFO - 風速: 0.0 m/s, 風級: 0, 風向角度: 159.8, 風向: 南南東
2025-07-10 12:43:37 - ModbusReader - INFO - 風速: 0.0 m/s, 風級: 0, 風向角度: 206.9, 風向: 南南西
2025-07-10 12:44:08 - ModbusReader - INFO - 風速: 0.0 m/s, 風級: 0, 風向角度: 42.0, 風向: 東北
2025-07-10 12:44:08 - ModbusReader - INFO - 風速: 0.0 m/s, 風級: 0, 風向角度: 42.0, 風向: 東北
2025-07-10 12:44:39 - ModbusReader - INFO - 風速: 0.7 m/s, 風級: 1, 風向角度: 180.0, 風向: 南
2025-07-10 12:44:40 - ModbusReader - INFO - 風速: 0.7 m/s, 風級: 1, 風向角度: 180.0, 風向: 南
2025-07-10 12:45:10 - ModbusReader - INFO - 風速: 1.1 m/s, 風級: 1, 風向角度: 161.4, 風向: 南南東
2025-07-10 12:45:11 - ModbusReader - INFO - 風速: 1.1 m/s, 風級: 1, 風向角度: 161.4, 風向: 南南東
2025-07-10 12:45:41 - ModbusReader - INFO - 風速: 0.8 m/s, 風級: 1, 風向角度: 182.8, 風向: 南
2025-07-10 12:45:42 - ModbusReader - INFO - 風速: 0.8 m/s, 風級: 1, 風向角度: 182.8, 風向: 南
2025-07-10 12:46:13 - ModbusReader - INFO - 風速: 0.9 m/s, 風級: 1, 風向角度: 165.6, 風向: 南南東
2025-07-10 12:46:13 - ModbusReader - INFO - 風速: 0.9 m/s, 風級: 1, 風向角度: 165.6, 風向: 南南東
2025-07-10 12:46:44 - ModbusReader - INFO - 風速: 0.8 m/s, 風級: 1, 風向角度: 259.8, 風向: 西
2025-07-10 12:46:44 - ModbusReader - INFO - 風速: 0.8 m/s, 風級: 1, 風向角度: 259.8, 風向: 西
2025-07-10 12:47:15 - ModbusReader - INFO - 風速: 0.8 m/s, 風級: 1, 風向角度: 42.2, 風向: 東北
2025-07-10 12:47:16 - ModbusReader - INFO - 風速: 0.8 m/s, 風級: 1, 風向角度: 42.2, 風向: 東北
2025-07-10 12:47:46 - ModbusReader - INFO - 風速: 0.8 m/s, 風級: 1, 風向角度: 120.3, 風向: 東南東
2025-07-10 12:47:47 - ModbusReader - INFO - 風速: 0.8 m/s, 風級: 1, 風向角度: 120.3, 風向: 東南東
2025-07-10 12:48:17 - ModbusReader - INFO - 風速: 0.6 m/s, 風級: 1, 風向角度: 117.4, 風向: 東南東
2025-07-10 12:48:18 - ModbusReader - INFO - 風速: 0.6 m/s, 風級: 1, 風向角度: 117.4, 風向: 東南東
2025-07-10 12:48:49 - ModbusReader - INFO - 風速: 0.8 m/s, 風級: 1, 風向角度: 106.3, 風向: 東南東
2025-07-10 12:48:49 - ModbusReader - INFO - 風速: 0.8 m/s, 風級: 1, 風向角度: 106.3, 風向: 東南東
2025-07-10 12:49:20 - ModbusReader - INFO - 風速: 0.4 m/s, 風級: 1, 風向角度: 263.1, 風向: 西
2025-07-10 12:49:20 - ModbusReader - INFO - 風速: 0.4 m/s, 風級: 1, 風向角度: 263.1, 風向: 西
2025-07-10 12:49:51 - ModbusReader - INFO - 風速: 0.9 m/s, 風級: 1, 風向角度: 56.3, 風向: 東北東
2025-07-10 12:49:52 - ModbusReader - INFO - 風速: 0.9 m/s, 風級: 1, 風向角度: 56.3, 風向: 東北東
2025-07-10 12:50:22 - ModbusReader - INFO - 風速: 0.8 m/s, 風級: 1, 風向角度: 76.2, 風向: 東北東
2025-07-10 12:50:23 - ModbusReader - INFO - 風速: 0.8 m/s, 風級: 1, 風向角度: 76.2, 風向: 東北東
2025-07-10 12:50:53 - ModbusReader - INFO - 風速: 0.6 m/s, 風級: 1, 風向角度: 201.1, 風向: 南南西
2025-07-10 12:50:54 - ModbusReader - INFO - 風速: 0.6 m/s, 風級: 1, 風向角度: 201.1, 風向: 南南西
2025-07-10 12:51:25 - ModbusReader - INFO - 風速: 1.1 m/s, 風級: 1, 風向角度: 158.5, 風向: 南南東
2025-07-10 12:51:25 - ModbusReader - INFO - 風速: 1.1 m/s, 風級: 1, 風向角度: 158.5, 風向: 南南東
2025-07-10 12:51:56 - ModbusReader - INFO - 風速: 0.8 m/s, 風級: 1, 風向角度: 201.1, 風向: 南南西
2025-07-10 12:51:56 - ModbusReader - INFO - 風速: 0.8 m/s, 風級: 1, 風向角度: 201.1, 風向: 南南西
2025-07-10 12:52:27 - ModbusReader - INFO - 風速: 0.9 m/s, 風級: 1, 風向角度: 170.3, 風向: 南
2025-07-10 12:52:28 - ModbusReader - INFO - 風速: 0.9 m/s, 風級: 1, 風向角度: 170.3, 風向: 南
2025-07-10 12:52:58 - ModbusReader - INFO - 風速: 1.0 m/s, 風級: 1, 風向角度: 168.5, 風向: 南南東
2025-07-10 12:52:59 - ModbusReader - INFO - 風速: 1.0 m/s, 風級: 1, 風向角度: 168.5, 風向: 南南東
2025-07-10 12:53:29 - ModbusReader - INFO - 風速: 1.1 m/s, 風級: 1, 風向角度: 340.5, 風向: 北北西
2025-07-10 12:53:30 - ModbusReader - INFO - 風速: 1.1 m/s, 風級: 1, 風向角度: 340.5, 風向: 北北西
2025-07-10 12:54:01 - ModbusReader - INFO - 風速: 0.6 m/s, 風級: 1, 風向角度: 162.8, 風向: 南南東
2025-07-10 12:54:01 - ModbusReader - INFO - 風速: 0.6 m/s, 風級: 1, 風向角度: 162.8, 風向: 南南東
2025-07-10 12:54:32 - ModbusReader - INFO - 風速: 0.5 m/s, 風級: 1, 風向角度: 35.9, 風向: 東北
2025-07-10 12:54:32 - ModbusReader - INFO - 風速: 0.5 m/s, 風級: 1, 風向角度: 35.9, 風向: 東北
2025-07-10 12:55:03 - ModbusReader - INFO - 風速: 0.7 m/s, 風級: 1, 風向角度: 70.5, 風向: 東北東
2025-07-10 12:55:04 - ModbusReader - INFO - 風速: 0.7 m/s, 風級: 1, 風向角度: 70.5, 風向: 東北東
2025-07-10 12:55:34 - ModbusReader - INFO - 風速: 0.5 m/s, 風級: 1, 風向角度: 159.7, 風向: 南南東
2025-07-10 12:55:35 - ModbusReader - INFO - 風速: 0.5 m/s, 風級: 1, 風向角度: 159.7, 風向: 南南東
2025-07-10 12:56:05 - ModbusReader - INFO - 風速: 0.3 m/s, 風級: 1, 風向角度: 29.8, 風向: 北北東
2025-07-10 12:56:06 - ModbusReader - INFO - 風速: 0.3 m/s, 風級: 1, 風向角度: 29.8, 風向: 北北東
2025-07-10 12:56:37 - ModbusReader - INFO - 風速: 0.6 m/s, 風級: 1, 風向角度: 346.5, 風向: 北北西
2025-07-10 12:56:37 - ModbusReader - INFO - 風速: 0.6 m/s, 風級: 1, 風向角度: 346.5, 風向: 北北西
2025-07-10 12:57:08 - ModbusReader - INFO - 風速: 0.0 m/s, 風級: 0, 風向角度: 163.3, 風向: 南南東
2025-07-10 12:57:08 - ModbusReader - INFO - 風速: 0.0 m/s, 風級: 0, 風向角度: 163.3, 風向: 南南東
2025-07-10 12:57:39 - ModbusReader - INFO - 風速: 0.0 m/s, 風級: 0, 風向角度: 347.6, 風向: 北北西
2025-07-10 12:57:40 - ModbusReader - INFO - 風速: 0.0 m/s, 風級: 0, 風向角度: 347.6, 風向: 北北西
2025-07-10 12:58:10 - ModbusReader - INFO - 風速: 0.0 m/s, 風級: 0, 風向角度: 13.6, 風向: 北北東
2025-07-10 12:58:11 - ModbusReader - INFO - 風速: 0.0 m/s, 風級: 0, 風向角度: 13.6, 風向: 北北東
2025-07-10 12:58:41 - ModbusReader - INFO - 風速: 0.0 m/s, 風級: 0, 風向角度: 45.0, 風向: 東北
2025-07-10 12:58:42 - ModbusReader - INFO - 風速: 0.0 m/s, 風級: 0, 風向角度: 45.0, 風向: 東北
2025-07-10 12:59:13 - ModbusReader - INFO - 風速: 0.0 m/s, 風級: 0, 風向角度: 288.2, 風向: 西北西
2025-07-10 12:59:13 - ModbusReader - INFO - 風速: 0.0 m/s, 風級: 0, 風向角度: 288.2, 風向: 西北西
2025-07-10 12:59:44 - ModbusReader - INFO - 風速: 0.0 m/s, 風級: 0, 風向角度: 282.1, 風向: 西北西
2025-07-10 12:59:44 - ModbusReader - INFO - 風速: 0.0 m/s, 風級: 0, 風向角度: 282.1, 風向: 西北西
2025-07-10 13:00:15 - ModbusReader - INFO - 風速: 0.0 m/s, 風級: 0, 風向角度: 2.9, 風向: 北
2025-07-10 13:00:16 - ModbusReader - INFO - 風速: 0.0 m/s, 風級: 0, 風向角度: 2.9, 風向: 北
2025-07-10 13:00:46 - ModbusReader - INFO - 風速: 0.0 m/s, 風級: 0, 風向角度: 147.4, 風向: 南南東
2025-07-10 13:00:47 - ModbusReader - INFO - 風速: 0.0 m/s, 風級: 0, 風向角度: 147.4, 風向: 南南東
2025-07-10 13:01:17 - ModbusReader - INFO - 風速: 0.0 m/s, 風級: 0, 風向角度: 126.1, 風向: 東南
2025-07-10 13:01:18 - ModbusReader - INFO - 風速: 0.0 m/s, 風級: 0, 風向角度: 126.1, 風向: 東南
2025-07-10 13:01:49 - ModbusReader - INFO - 風速: 0.0 m/s, 風級: 0, 風向角度: 299.8, 風向: 西北西
2025-07-10 13:01:49 - ModbusReader - INFO - 風速: 0.0 m/s, 風級: 0, 風向角度: 299.8, 風向: 西北西
2025-07-10 13:02:20 - ModbusReader - INFO - 風速: 0.1 m/s, 風級: 0, 風向角度: 107.7, 風向: 東南東
2025-07-10 13:02:20 - ModbusReader - INFO - 風速: 0.1 m/s, 風級: 0, 風向角度: 107.7, 風向: 東南東
2025-07-10 13:02:51 - ModbusReader - INFO - 風速: 0.6 m/s, 風級: 1, 風向角度: 148.3, 風向: 南南東
2025-07-10 13:02:52 - ModbusReader - INFO - 風速: 0.6 m/s, 風級: 1, 風向角度: 148.3, 風向: 南南東
2025-07-10 13:03:22 - ModbusReader - INFO - 風速: 0.9 m/s, 風級: 1, 風向角度: 99.6, 風向: 東
2025-07-10 13:03:23 - ModbusReader - INFO - 風速: 0.9 m/s, 風級: 1, 風向角度: 99.6, 風向: 東
2025-07-10 13:03:53 - ModbusReader - INFO - 風速: 0.6 m/s, 風級: 1, 風向角度: 27.8, 風向: 北北東
2025-07-10 13:03:54 - ModbusReader - INFO - 風速: 0.6 m/s, 風級: 1, 風向角度: 27.8, 風向: 北北東
2025-07-10 13:04:25 - ModbusReader - INFO - 風速: 0.6 m/s, 風級: 1, 風向角度: 150.6, 風向: 南南東
2025-07-10 13:04:25 - ModbusReader - INFO - 風速: 0.6 m/s, 風級: 1, 風向角度: 150.6, 風向: 南南東
2025-07-10 13:04:56 - ModbusReader - INFO - 風速: 1.1 m/s, 風級: 1, 風向角度: 134.1, 風向: 東南
2025-07-10 13:04:56 - ModbusReader - INFO - 風速: 1.1 m/s, 風級: 1, 風向角度: 134.1, 風向: 東南
2025-07-10 13:05:27 - ModbusReader - INFO - 風速: 0.3 m/s, 風級: 1, 風向角度: 308.7, 風向: 西北
2025-07-10 13:05:28 - ModbusReader - INFO - 風速: 0.3 m/s, 風級: 1, 風向角度: 308.7, 風向: 西北
2025-07-10 13:05:58 - ModbusReader - INFO - 風速: 0.0 m/s, 風級: 0, 風向角度: 214.8, 風向: 西南
2025-07-10 13:05:59 - ModbusReader - INFO - 風速: 0.0 m/s, 風級: 0, 風向角度: 214.8, 風向: 西南
2025-07-10 13:06:29 - ModbusReader - INFO - 風速: 0.0 m/s, 風級: 0, 風向角度: 106.4, 風向: 東南東
2025-07-10 13:06:30 - ModbusReader - INFO - 風速: 0.0 m/s, 風級: 0, 風向角度: 106.4, 風向: 東南東
2025-07-10 13:07:01 - ModbusReader - INFO - 風速: 0.0 m/s, 風級: 0, 風向角度: 281.3, 風向: 西北西
2025-07-10 13:07:01 - ModbusReader - INFO - 風速: 0.0 m/s, 風級: 0, 風向角度: 281.3, 風向: 西北西
2025-07-10 13:07:32 - ModbusReader - INFO - 風速: 0.0 m/s, 風級: 0, 風向角度: 162.1, 風向: 南南東
2025-07-10 13:07:32 - ModbusReader - INFO - 風速: 0.0 m/s, 風級: 0, 風向角度: 162.1, 風向: 南南東
2025-07-10 13:08:03 - ModbusReader - INFO - 風速: 0.0 m/s, 風級: 0, 風向角度: 299.9, 風向: 西北西
2025-07-10 13:08:04 - ModbusReader - INFO - 風速: 0.0 m/s, 風級: 0, 風向角度: 299.9, 風向: 西北西
2025-07-10 13:08:34 - ModbusReader - INFO - 風速: 0.0 m/s, 風級: 0, 風向角度: 10.7, 風向: 北
2025-07-10 13:08:35 - ModbusReader - INFO - 風速: 0.0 m/s, 風級: 0, 風向角度: 10.7, 風向: 北
2025-07-10 13:09:05 - ModbusReader - INFO - 風速: 0.8 m/s, 風級: 1, 風向角度: 171.9, 風向: 南
2025-07-10 13:09:06 - ModbusReader - INFO - 風速: 0.8 m/s, 風級: 1, 風向角度: 171.9, 風向: 南
2025-07-10 13:09:37 - ModbusReader - INFO - 風速: 0.9 m/s, 風級: 1, 風向角度: 154.6, 風向: 南南東
2025-07-10 13:09:37 - ModbusReader - INFO - 風速: 0.9 m/s, 風級: 1, 風向角度: 154.6, 風向: 南南東
2025-07-10 13:10:08 - ModbusReader - INFO - 風速: 0.9 m/s, 風級: 1, 風向角度: 248.5, 風向: 西南西
2025-07-10 13:10:08 - ModbusReader - INFO - 風速: 0.9 m/s, 風級: 1, 風向角度: 248.5, 風向: 西南西
2025-07-10 13:10:39 - ModbusReader - INFO - 風速: 0.8 m/s, 風級: 1, 風向角度: 102.3, 風向: 東南東
2025-07-10 13:10:40 - ModbusReader - INFO - 風速: 0.8 m/s, 風級: 1, 風向角度: 102.3, 風向: 東南東
2025-07-10 13:11:10 - ModbusReader - INFO - 風速: 0.6 m/s, 風級: 1, 風向角度: 330.8, 風向: 北北西
2025-07-10 13:11:11 - ModbusReader - INFO - 風速: 0.6 m/s, 風級: 1, 風向角度: 330.8, 風向: 北北西
2025-07-10 13:11:41 - ModbusReader - INFO - 風速: 0.4 m/s, 風級: 1, 風向角度: 200.3, 風向: 南南西
2025-07-10 13:11:42 - ModbusReader - INFO - 風速: 0.4 m/s, 風級: 1, 風向角度: 200.3, 風向: 南南西
2025-07-10 13:12:13 - ModbusReader - INFO - 風速: 0.6 m/s, 風級: 1, 風向角度: 11.1, 風向: 北
2025-07-10 13:12:13 - ModbusReader - INFO - 風速: 0.0 m/s, 風級: 0, 風向角度: 129.7, 風向: 東南
2025-07-10 13:12:44 - ModbusReader - INFO - 風速: 0.7 m/s, 風級: 1, 風向角度: 113.9, 風向: 東南東
2025-07-10 13:12:44 - ModbusReader - INFO - 風速: 0.7 m/s, 風級: 1, 風向角度: 113.9, 風向: 東南東
2025-07-10 13:13:15 - ModbusReader - INFO - 風速: 1.1 m/s, 風級: 1, 風向角度: 145.1, 風向: 東南
2025-07-10 13:13:16 - ModbusReader - INFO - 風速: 1.1 m/s, 風級: 1, 風向角度: 145.1, 風向: 東南
2025-07-10 13:13:46 - ModbusReader - INFO - 風速: 1.3 m/s, 風級: 1, 風向角度: 133.5, 風向: 東南
2025-07-10 13:13:47 - ModbusReader - INFO - 風速: 1.3 m/s, 風級: 1, 風向角度: 133.5, 風向: 東南
2025-07-10 13:14:17 - ModbusReader - INFO - 風速: 0.0 m/s, 風級: 0, 風向角度: 346.3, 風向: 北北西
2025-07-10 13:14:18 - ModbusReader - INFO - 風速: 0.0 m/s, 風級: 0, 風向角度: 346.3, 風向: 北北西
2025-07-10 13:14:49 - ModbusReader - INFO - 風速: 0.0 m/s, 風級: 0, 風向角度: 321.0, 風向: 西北
2025-07-10 13:14:49 - ModbusReader - INFO - 風速: 0.0 m/s, 風級: 0, 風向角度: 321.0, 風向: 西北
2025-07-10 13:15:20 - ModbusReader - INFO - 風速: 0.0 m/s, 風級: 0, 風向角度: 106.2, 風向: 東南東
2025-07-10 13:15:20 - ModbusReader - INFO - 風速: 0.0 m/s, 風級: 0, 風向角度: 106.2, 風向: 東南東
2025-07-10 13:15:51 - ModbusReader - INFO - 風速: 0.0 m/s, 風級: 0, 風向角度: 108.2, 風向: 東南東
2025-07-10 13:15:52 - ModbusReader - INFO - 風速: 0.0 m/s, 風級: 0, 風向角度: 108.2, 風向: 東南東
2025-07-10 13:16:22 - ModbusReader - INFO - 風速: 0.0 m/s, 風級: 0, 風向角度: 74.0, 風向: 東北東
2025-07-10 13:16:23 - ModbusReader - INFO - 風速: 0.0 m/s, 風級: 0, 風向角度: 74.0, 風向: 東北東
2025-07-10 13:16:53 - ModbusReader - INFO - 風速: 1.2 m/s, 風級: 1, 風向角度: 184.4, 風向: 南
2025-07-10 13:16:54 - ModbusReader - INFO - 風速: 1.2 m/s, 風級: 1, 風向角度: 184.4, 風向: 南
2025-07-10 13:17:25 - ModbusReader - INFO - 風速: 0.6 m/s, 風級: 1, 風向角度: 32.7, 風向: 北北東
2025-07-10 13:17:25 - ModbusReader - INFO - 風速: 0.6 m/s, 風級: 1, 風向角度: 32.7, 風向: 北北東
2025-07-10 13:17:56 - ModbusReader - INFO - 風速: 0.5 m/s, 風級: 1, 風向角度: 22.4, 風向: 北北東
2025-07-10 13:17:56 - ModbusReader - INFO - 風速: 0.5 m/s, 風級: 1, 風向角度: 22.4, 風向: 北北東
2025-07-10 13:18:27 - ModbusReader - INFO - 風速: 0.5 m/s, 風級: 1, 風向角度: 143.2, 風向: 東南
2025-07-10 13:18:28 - ModbusReader - INFO - 風速: 0.5 m/s, 風級: 1, 風向角度: 143.2, 風向: 東南
2025-07-10 13:18:58 - ModbusReader - INFO - 風速: 1.0 m/s, 風級: 1, 風向角度: 154.0, 風向: 南南東
2025-07-10 13:18:59 - ModbusReader - INFO - 風速: 1.0 m/s, 風級: 1, 風向角度: 154.0, 風向: 南南東
2025-07-10 13:19:29 - ModbusReader - INFO - 風速: 0.9 m/s, 風級: 1, 風向角度: 299.8, 風向: 西北西
2025-07-10 13:19:30 - ModbusReader - INFO - 風速: 0.8 m/s, 風級: 1, 風向角度: 196.3, 風向: 南南西
2025-07-10 13:20:01 - ModbusReader - INFO - 風速: 0.6 m/s, 風級: 1, 風向角度: 162.4, 風向: 南南東
2025-07-10 13:20:01 - ModbusReader - INFO - 風速: 0.6 m/s, 風級: 1, 風向角度: 162.4, 風向: 南南東
2025-07-10 13:20:32 - ModbusReader - INFO - 風速: 1.1 m/s, 風級: 1, 風向角度: 187.5, 風向: 南
2025-07-10 13:20:32 - ModbusReader - INFO - 風速: 1.1 m/s, 風級: 1, 風向角度: 187.5, 風向: 南
2025-07-10 13:21:03 - ModbusReader - INFO - 風速: 0.7 m/s, 風級: 1, 風向角度: 256.3, 風向: 西南西
2025-07-10 13:21:04 - ModbusReader - INFO - 風速: 0.7 m/s, 風級: 1, 風向角度: 256.3, 風向: 西南西
2025-07-10 13:21:34 - ModbusReader - INFO - 風速: 0.2 m/s, 風級: 0, 風向角度: 212.9, 風向: 南南西
2025-07-10 13:21:35 - ModbusReader - INFO - 風速: 0.2 m/s, 風級: 0, 風向角度: 212.9, 風向: 南南西
2025-07-10 13:22:05 - ModbusReader - INFO - 風速: 0.0 m/s, 風級: 0, 風向角度: 198.1, 風向: 南南西
2025-07-10 13:22:06 - ModbusReader - INFO - 風速: 0.0 m/s, 風級: 0, 風向角度: 198.1, 風向: 南南西
2025-07-10 13:22:37 - ModbusReader - INFO - 風速: 0.0 m/s, 風級: 0, 風向角度: 40.3, 風向: 東北
2025-07-10 13:22:37 - ModbusReader - INFO - 風速: 0.0 m/s, 風級: 0, 風向角度: 40.3, 風向: 東北
2025-07-10 13:23:08 - ModbusReader - INFO - 風速: 0.0 m/s, 風級: 0, 風向角度: 106.7, 風向: 東南東
2025-07-10 13:23:08 - ModbusReader - INFO - 風速: 0.0 m/s, 風級: 0, 風向角度: 106.7, 風向: 東南東
2025-07-10 13:23:39 - ModbusReader - INFO - 風速: 0.0 m/s, 風級: 0, 風向角度: 39.3, 風向: 東北
2025-07-10 13:23:40 - ModbusReader - INFO - 風速: 0.0 m/s, 風級: 0, 風向角度: 39.3, 風向: 東北
2025-07-10 13:24:10 - ModbusReader - INFO - 風速: 0.0 m/s, 風級: 0, 風向角度: 163.4, 風向: 南南東
2025-07-10 13:24:11 - ModbusReader - INFO - 風速: 0.0 m/s, 風級: 0, 風向角度: 163.4, 風向: 南南東
2025-07-10 13:24:41 - ModbusReader - INFO - 風速: 0.0 m/s, 風級: 0, 風向角度: 303.8, 風向: 西北
2025-07-10 13:24:42 - ModbusReader - INFO - 風速: 0.0 m/s, 風級: 0, 風向角度: 303.8, 風向: 西北
2025-07-10 13:25:13 - ModbusReader - INFO - 風速: 0.0 m/s, 風級: 0, 風向角度: 98.1, 風向: 東
2025-07-10 13:25:13 - ModbusReader - INFO - 風速: 0.0 m/s, 風級: 0, 風向角度: 98.1, 風向: 東
2025-07-10 13:25:44 - ModbusReader - INFO - 風速: 1.0 m/s, 風級: 1, 風向角度: 118.4, 風向: 東南東
2025-07-10 13:25:44 - ModbusReader - INFO - 風速: 1.0 m/s, 風級: 1, 風向角度: 118.4, 風向: 東南東
2025-07-10 13:26:15 - ModbusReader - INFO - 風速: 0.4 m/s, 風級: 1, 風向角度: 300.9, 風向: 西北西
2025-07-10 13:26:16 - ModbusReader - INFO - 風速: 0.4 m/s, 風級: 1, 風向角度: 300.9, 風向: 西北西
2025-07-10 13:26:46 - ModbusReader - INFO - 風速: 0.4 m/s, 風級: 1, 風向角度: 175.7, 風向: 南
2025-07-10 13:26:47 - ModbusReader - INFO - 風速: 0.6 m/s, 風級: 1, 風向角度: 137.3, 風向: 東南
2025-07-10 13:27:17 - ModbusReader - INFO - 風速: 0.8 m/s, 風級: 1, 風向角度: 187.3, 風向: 南
2025-07-10 13:27:18 - ModbusReader - INFO - 風速: 0.8 m/s, 風級: 1, 風向角度: 187.3, 風向: 南
2025-07-10 13:27:49 - ModbusReader - INFO - 風速: 0.6 m/s, 風級: 1, 風向角度: 39.3, 風向: 東北
2025-07-10 13:27:49 - ModbusReader - INFO - 風速: 0.6 m/s, 風級: 1, 風向角度: 39.3, 風向: 東北
2025-07-10 13:28:20 - ModbusReader - INFO - 風速: 0.0 m/s, 風級: 0, 風向角度: 341.3, 風向: 北北西
2025-07-10 13:28:20 - ModbusReader - INFO - 風速: 0.0 m/s, 風級: 0, 風向角度: 341.3, 風向: 北北西
2025-07-10 13:28:51 - ModbusReader - INFO - 風速: 0.0 m/s, 風級: 0, 風向角度: 37.8, 風向: 東北
2025-07-10 13:28:52 - ModbusReader - INFO - 風速: 0.0 m/s, 風級: 0, 風向角度: 37.8, 風向: 東北
2025-07-10 13:29:22 - ModbusReader - INFO - 風速: 0.0 m/s, 風級: 0, 風向角度: 117.4, 風向: 東南東
2025-07-10 13:29:23 - ModbusReader - INFO - 風速: 0.0 m/s, 風級: 0, 風向角度: 117.4, 風向: 東南東
2025-07-10 13:29:53 - ModbusReader - INFO - 風速: 0.5 m/s, 風級: 1, 風向角度: 204.0, 風向: 南南西
2025-07-10 13:29:54 - ModbusReader - INFO - 風速: 0.5 m/s, 風級: 1, 風向角度: 204.0, 風向: 南南西
2025-07-10 13:30:25 - ModbusReader - INFO - 風速: 0.0 m/s, 風級: 0, 風向角度: 172.0, 風向: 南
2025-07-10 13:30:25 - ModbusReader - INFO - 風速: 0.0 m/s, 風級: 0, 風向角度: 172.0, 風向: 南
2025-07-10 13:30:56 - ModbusReader - INFO - 風速: 0.0 m/s, 風級: 0, 風向角度: 165.0, 風向: 南南東
2025-07-10 13:30:56 - ModbusReader - INFO - 風速: 0.0 m/s, 風級: 0, 風向角度: 165.0, 風向: 南南東
2025-07-10 13:31:27 - ModbusReader - INFO - 風速: 0.0 m/s, 風級: 0, 風向角度: 248.3, 風向: 西南西
2025-07-10 13:31:28 - ModbusReader - INFO - 風速: 0.0 m/s, 風級: 0, 風向角度: 248.3, 風向: 西南西
2025-07-10 13:31:58 - ModbusReader - INFO - 風速: 0.0 m/s, 風級: 0, 風向角度: 208.3, 風向: 南南西
2025-07-10 13:31:59 - ModbusReader - INFO - 風速: 0.0 m/s, 風級: 0, 風向角度: 208.3, 風向: 南南西
2025-07-10 13:32:29 - ModbusReader - INFO - 風速: 0.0 m/s, 風級: 0, 風向角度: 229.5, 風向: 西南
2025-07-10 13:32:30 - ModbusReader - INFO - 風速: 0.0 m/s, 風級: 0, 風向角度: 229.5, 風向: 西南
2025-07-10 13:33:01 - ModbusReader - INFO - 風速: 0.8 m/s, 風級: 1, 風向角度: 251.0, 風向: 西南西
2025-07-10 13:33:01 - ModbusReader - INFO - 風速: 0.8 m/s, 風級: 1, 風向角度: 251.0, 風向: 西南西
2025-07-10 13:33:32 - ModbusReader - INFO - 風速: 0.0 m/s, 風級: 0, 風向角度: 159.8, 風向: 南南東
2025-07-10 13:33:32 - ModbusReader - INFO - 風速: 0.0 m/s, 風級: 0, 風向角度: 159.8, 風向: 南南東
2025-07-10 13:34:03 - ModbusReader - INFO - 風速: 0.0 m/s, 風級: 0, 風向角度: 132.1, 風向: 東南
2025-07-10 13:34:04 - ModbusReader - INFO - 風速: 0.0 m/s, 風級: 0, 風向角度: 337.5, 風向: 北北西
2025-07-10 13:34:34 - ModbusReader - INFO - 風速: 0.0 m/s, 風級: 0, 風向角度: 53.7, 風向: 東北
2025-07-10 13:34:35 - ModbusReader - INFO - 風速: 0.0 m/s, 風級: 0, 風向角度: 53.7, 風向: 東北
2025-07-10 13:35:05 - ModbusReader - INFO - 風速: 0.0 m/s, 風級: 0, 風向角度: 123.9, 風向: 東南
2025-07-10 13:35:06 - ModbusReader - INFO - 風速: 0.0 m/s, 風級: 0, 風向角度: 123.9, 風向: 東南
2025-07-10 13:35:37 - ModbusReader - INFO - 風速: 0.9 m/s, 風級: 1, 風向角度: 159.6, 風向: 南南東
2025-07-10 13:35:37 - ModbusReader - INFO - 風速: 0.9 m/s, 風級: 1, 風向角度: 159.6, 風向: 南南東
2025-07-10 13:36:08 - ModbusReader - INFO - 風速: 0.2 m/s, 風級: 0, 風向角度: 160.1, 風向: 南南東
2025-07-10 13:36:08 - ModbusReader - INFO - 風速: 0.2 m/s, 風級: 0, 風向角度: 160.1, 風向: 南南東
2025-07-10 13:36:39 - ModbusReader - INFO - 風速: 0.0 m/s, 風級: 0, 風向角度: 152.4, 風向: 南南東
2025-07-10 13:36:40 - ModbusReader - INFO - 風速: 0.0 m/s, 風級: 0, 風向角度: 152.4, 風向: 南南東
2025-07-10 13:37:10 - ModbusReader - INFO - 風速: 0.0 m/s, 風級: 0, 風向角度: 230.1, 風向: 西南
2025-07-10 13:37:11 - ModbusReader - INFO - 風速: 0.0 m/s, 風級: 0, 風向角度: 230.1, 風向: 西南
2025-07-10 13:37:41 - ModbusReader - INFO - 風速: 0.0 m/s, 風級: 0, 風向角度: 336.8, 風向: 北北西
2025-07-10 13:37:42 - ModbusReader - INFO - 風速: 0.0 m/s, 風級: 0, 風向角度: 336.8, 風向: 北北西
2025-07-10 13:38:13 - ModbusReader - INFO - 風速: 0.0 m/s, 風級: 0, 風向角度: 277.3, 風向: 西
2025-07-10 13:38:13 - ModbusReader - INFO - 風速: 0.0 m/s, 風級: 0, 風向角度: 277.3, 風向: 西
2025-07-10 13:38:44 - ModbusReader - INFO - 風速: 0.0 m/s, 風級: 0, 風向角度: 247.6, 風向: 西南西
2025-07-10 13:38:44 - ModbusReader - INFO - 風速: 0.0 m/s, 風級: 0, 風向角度: 247.6, 風向: 西南西
2025-07-10 13:39:15 - ModbusReader - INFO - 風速: 0.0 m/s, 風級: 0, 風向角度: 11.2, 風向: 北
2025-07-10 13:39:16 - ModbusReader - INFO - 風速: 0.0 m/s, 風級: 0, 風向角度: 11.2, 風向: 北
2025-07-10 13:39:46 - ModbusReader - INFO - 風速: 0.0 m/s, 風級: 0, 風向角度: 119.8, 風向: 東南東
2025-07-10 13:39:47 - ModbusReader - INFO - 風速: 0.0 m/s, 風級: 0, 風向角度: 119.8, 風向: 東南東
2025-07-10 13:40:17 - ModbusReader - INFO - 風速: 0.0 m/s, 風級: 0, 風向角度: 92.2, 風向: 東
2025-07-10 13:40:18 - ModbusReader - INFO - 風速: 0.0 m/s, 風級: 0, 風向角度: 92.2, 風向: 東
2025-07-10 13:40:49 - ModbusReader - INFO - 風速: 0.0 m/s, 風級: 0, 風向角度: 210.1, 風向: 南南西
2025-07-10 13:40:49 - ModbusReader - INFO - 風速: 0.0 m/s, 風級: 0, 風向角度: 210.1, 風向: 南南西
2025-07-10 13:41:20 - ModbusReader - INFO - 風速: 0.0 m/s, 風級: 0, 風向角度: 25.0, 風向: 北北東
2025-07-10 13:41:20 - ModbusReader - INFO - 風速: 0.0 m/s, 風級: 0, 風向角度: 16.5, 風向: 北北東
2025-07-10 13:41:51 - ModbusReader - INFO - 風速: 0.0 m/s, 風級: 0, 風向角度: 175.4, 風向: 南
2025-07-10 13:41:52 - ModbusReader - INFO - 風速: 0.0 m/s, 風級: 0, 風向角度: 175.4, 風向: 南
2025-07-10 13:42:22 - ModbusReader - INFO - 風速: 0.0 m/s, 風級: 0, 風向角度: 210.2, 風向: 南南西
2025-07-10 13:42:23 - ModbusReader - INFO - 風速: 0.0 m/s, 風級: 0, 風向角度: 210.2, 風向: 南南西
2025-07-10 13:42:53 - ModbusReader - INFO - 風速: 0.0 m/s, 風級: 0, 風向角度: 170.9, 風向: 南
2025-07-10 13:42:54 - ModbusReader - INFO - 風速: 0.0 m/s, 風級: 0, 風向角度: 170.9, 風向: 南
2025-07-10 13:43:25 - ModbusReader - INFO - 風速: 0.0 m/s, 風級: 0, 風向角度: 162.2, 風向: 南南東
2025-07-10 13:43:25 - ModbusReader - INFO - 風速: 0.0 m/s, 風級: 0, 風向角度: 162.2, 風向: 南南東
2025-07-10 13:43:56 - ModbusReader - INFO - 風速: 1.5 m/s, 風級: 1, 風向角度: 168.4, 風向: 南南東
2025-07-10 13:43:56 - ModbusReader - INFO - 風速: 1.5 m/s, 風級: 1, 風向角度: 168.4, 風向: 南南東
2025-07-10 13:44:27 - ModbusReader - INFO - 風速: 0.7 m/s, 風級: 1, 風向角度: 9.5, 風向: 北
2025-07-10 13:44:28 - ModbusReader - INFO - 風速: 0.7 m/s, 風級: 1, 風向角度: 9.5, 風向: 北
2025-07-10 13:44:58 - ModbusReader - INFO - 風速: 0.0 m/s, 風級: 0, 風向角度: 191.1, 風向: 南
2025-07-10 13:44:59 - ModbusReader - INFO - 風速: 0.0 m/s, 風級: 0, 風向角度: 191.1, 風向: 南
2025-07-10 13:45:29 - ModbusReader - INFO - 風速: 0.0 m/s, 風級: 0, 風向角度: 270.5, 風向: 西
2025-07-10 13:45:30 - ModbusReader - INFO - 風速: 0.0 m/s, 風級: 0, 風向角度: 270.5, 風向: 西
2025-07-10 13:46:01 - ModbusReader - INFO - 風速: 0.0 m/s, 風級: 0, 風向角度: 160.6, 風向: 南南東
2025-07-10 13:46:01 - ModbusReader - INFO - 風速: 0.0 m/s, 風級: 0, 風向角度: 160.6, 風向: 南南東
2025-07-10 13:46:32 - ModbusReader - INFO - 風速: 0.0 m/s, 風級: 0, 風向角度: 17.9, 風向: 北北東
2025-07-10 13:46:32 - ModbusReader - INFO - 風速: 0.0 m/s, 風級: 0, 風向角度: 17.9, 風向: 北北東
2025-07-10 13:47:03 - ModbusReader - INFO - 風速: 0.0 m/s, 風級: 0, 風向角度: 50.2, 風向: 東北
2025-07-10 13:47:04 - ModbusReader - INFO - 風速: 0.0 m/s, 風級: 0, 風向角度: 50.2, 風向: 東北
2025-07-10 13:47:34 - ModbusReader - INFO - 風速: 0.0 m/s, 風級: 0, 風向角度: 347.4, 風向: 北北西
2025-07-10 13:47:35 - ModbusReader - INFO - 風速: 0.0 m/s, 風級: 0, 風向角度: 347.4, 風向: 北北西
2025-07-10 13:48:05 - ModbusReader - INFO - 風速: 0.0 m/s, 風級: 0, 風向角度: 65.4, 風向: 東北東
2025-07-10 13:48:06 - ModbusReader - INFO - 風速: 0.0 m/s, 風級: 0, 風向角度: 65.4, 風向: 東北東
2025-07-10 13:48:37 - ModbusReader - INFO - 風速: 0.0 m/s, 風級: 0, 風向角度: 16.2, 風向: 北北東
2025-07-10 13:48:37 - ModbusReader - INFO - 風速: 0.0 m/s, 風級: 0, 風向角度: 114.6, 風向: 東南東
2025-07-10 13:49:08 - ModbusReader - INFO - 風速: 0.0 m/s, 風級: 0, 風向角度: 318.8, 風向: 西北
2025-07-10 13:49:08 - ModbusReader - INFO - 風速: 0.0 m/s, 風級: 0, 風向角度: 318.8, 風向: 西北
2025-07-10 13:49:39 - ModbusReader - INFO - 風速: 0.0 m/s, 風級: 0, 風向角度: 207.1, 風向: 南南西
2025-07-10 13:49:40 - ModbusReader - INFO - 風速: 0.0 m/s, 風級: 0, 風向角度: 207.1, 風向: 南南西
2025-07-10 13:50:10 - ModbusReader - INFO - 風速: 0.0 m/s, 風級: 0, 風向角度: 326.9, 風向: 北北西
2025-07-10 13:50:11 - ModbusReader - INFO - 風速: 0.0 m/s, 風級: 0, 風向角度: 326.9, 風向: 北北西
2025-07-10 13:50:41 - ModbusReader - INFO - 風速: 0.0 m/s, 風級: 0, 風向角度: 142.2, 風向: 東南
2025-07-10 13:50:42 - ModbusReader - INFO - 風速: 0.0 m/s, 風級: 0, 風向角度: 142.2, 風向: 東南
2025-07-10 13:51:13 - ModbusReader - INFO - 風速: 0.0 m/s, 風級: 0, 風向角度: 311.8, 風向: 西北
2025-07-10 13:51:13 - ModbusReader - INFO - 風速: 0.0 m/s, 風級: 0, 風向角度: 311.8, 風向: 西北
2025-07-10 13:51:44 - ModbusReader - INFO - 風速: 0.0 m/s, 風級: 0, 風向角度: 170.4, 風向: 南
2025-07-10 13:51:44 - ModbusReader - INFO - 風速: 0.0 m/s, 風級: 0, 風向角度: 170.4, 風向: 南
2025-07-10 13:52:15 - ModbusReader - INFO - 風速: 0.0 m/s, 風級: 0, 風向角度: 226.6, 風向: 西南
2025-07-10 13:52:16 - ModbusReader - INFO - 風速: 0.0 m/s, 風級: 0, 風向角度: 226.6, 風向: 西南
2025-07-10 13:52:46 - ModbusReader - INFO - 風速: 0.0 m/s, 風級: 0, 風向角度: 108.3, 風向: 東南東
2025-07-10 13:52:47 - ModbusReader - INFO - 風速: 0.0 m/s, 風級: 0, 風向角度: 108.3, 風向: 東南東
2025-07-10 13:53:17 - ModbusReader - INFO - 風速: 0.0 m/s, 風級: 0, 風向角度: 97.9, 風向: 東
2025-07-10 13:53:18 - ModbusReader - INFO - 風速: 0.0 m/s, 風級: 0, 風向角度: 97.9, 風向: 東
2025-07-10 13:53:49 - ModbusReader - INFO - 風速: 0.0 m/s, 風級: 0, 風向角度: 170.6, 風向: 南
2025-07-10 13:53:49 - ModbusReader - INFO - 風速: 0.0 m/s, 風級: 0, 風向角度: 170.6, 風向: 南
2025-07-10 13:54:20 - ModbusReader - INFO - 風速: 0.0 m/s, 風級: 0, 風向角度: 52.8, 風向: 東北
2025-07-10 13:54:20 - ModbusReader - INFO - 風速: 0.0 m/s, 風級: 0, 風向角度: 52.8, 風向: 東北
2025-07-10 13:54:51 - ModbusReader - INFO - 風速: 0.0 m/s, 風級: 0, 風向角度: 344.9, 風向: 北北西
2025-07-10 13:54:52 - ModbusReader - INFO - 風速: 0.0 m/s, 風級: 0, 風向角度: 344.9, 風向: 北北西
2025-07-10 13:55:22 - ModbusReader - INFO - 風速: 0.0 m/s, 風級: 0, 風向角度: 129.4, 風向: 東南
2025-07-10 13:55:23 - ModbusReader - INFO - 風速: 0.0 m/s, 風級: 0, 風向角度: 129.4, 風向: 東南
2025-07-10 13:55:53 - ModbusReader - INFO - 風速: 0.0 m/s, 風級: 0, 風向角度: 284.6, 風向: 西北西
2025-07-10 13:55:54 - ModbusReader - INFO - 風速: 0.0 m/s, 風級: 0, 風向角度: 219.6, 風向: 西南
2025-07-10 13:56:25 - ModbusReader - INFO - 風速: 0.0 m/s, 風級: 0, 風向角度: 85.6, 風向: 東
2025-07-10 13:56:25 - ModbusReader - INFO - 風速: 0.0 m/s, 風級: 0, 風向角度: 85.6, 風向: 東
2025-07-10 13:56:56 - ModbusReader - INFO - 風速: 0.0 m/s, 風級: 0, 風向角度: 131.0, 風向: 東南
2025-07-10 13:56:56 - ModbusReader - INFO - 風速: 0.0 m/s, 風級: 0, 風向角度: 131.0, 風向: 東南
2025-07-10 13:57:27 - ModbusReader - INFO - 風速: 0.6 m/s, 風級: 1, 風向角度: 29.9, 風向: 北北東
2025-07-10 13:57:28 - ModbusReader - INFO - 風速: 0.6 m/s, 風級: 1, 風向角度: 29.9, 風向: 北北東
2025-07-10 13:57:58 - ModbusReader - INFO - 風速: 0.7 m/s, 風級: 1, 風向角度: 161.3, 風向: 南南東
2025-07-10 13:57:59 - ModbusReader - INFO - 風速: 0.7 m/s, 風級: 1, 風向角度: 161.3, 風向: 南南東
2025-07-10 13:58:29 - ModbusReader - INFO - 風速: 0.8 m/s, 風級: 1, 風向角度: 125.2, 風向: 東南
2025-07-10 13:58:30 - ModbusReader - INFO - 風速: 0.8 m/s, 風級: 1, 風向角度: 125.2, 風向: 東南
2025-07-10 13:59:01 - ModbusReader - INFO - 風速: 0.0 m/s, 風級: 0, 風向角度: 176.9, 風向: 南
2025-07-10 13:59:01 - ModbusReader - INFO - 風速: 0.0 m/s, 風級: 0, 風向角度: 176.9, 風向: 南
2025-07-10 13:59:32 - ModbusReader - INFO - 風速: 0.1 m/s, 風級: 0, 風向角度: 19.3, 風向: 北北東
2025-07-10 13:59:32 - ModbusReader - INFO - 風速: 0.1 m/s, 風級: 0, 風向角度: 19.3, 風向: 北北東
2025-07-10 14:00:03 - ModbusReader - INFO - 風速: 0.5 m/s, 風級: 1, 風向角度: 343.3, 風向: 北北西
2025-07-10 14:00:04 - ModbusReader - INFO - 風速: 0.5 m/s, 風級: 1, 風向角度: 343.3, 風向: 北北西
2025-07-10 14:00:34 - ModbusReader - INFO - 風速: 0.5 m/s, 風級: 1, 風向角度: 15.2, 風向: 北北東
2025-07-10 14:00:35 - ModbusReader - INFO - 風速: 0.5 m/s, 風級: 1, 風向角度: 15.2, 風向: 北北東
2025-07-10 14:01:05 - ModbusReader - INFO - 風速: 0.8 m/s, 風級: 1, 風向角度: 90.2, 風向: 東
2025-07-10 14:01:06 - ModbusReader - INFO - 風速: 0.8 m/s, 風級: 1, 風向角度: 90.2, 風向: 東
2025-07-10 14:01:37 - ModbusReader - INFO - 風速: 0.8 m/s, 風級: 1, 風向角度: 310.7, 風向: 西北
2025-07-10 14:01:37 - ModbusReader - INFO - 風速: 0.8 m/s, 風級: 1, 風向角度: 310.7, 風向: 西北
2025-07-10 14:02:08 - ModbusReader - INFO - 風速: 0.0 m/s, 風級: 0, 風向角度: 92.4, 風向: 東
2025-07-10 14:02:08 - ModbusReader - INFO - 風速: 0.0 m/s, 風級: 0, 風向角度: 92.4, 風向: 東
2025-07-10 14:02:39 - ModbusReader - INFO - 風速: 0.5 m/s, 風級: 1, 風向角度: 66.5, 風向: 東北東
2025-07-10 14:02:40 - ModbusReader - INFO - 風速: 0.5 m/s, 風級: 1, 風向角度: 66.5, 風向: 東北東
2025-07-10 14:03:10 - ModbusReader - INFO - 風速: 0.4 m/s, 風級: 1, 風向角度: 23.7, 風向: 北北東
2025-07-10 14:03:11 - ModbusReader - INFO - 風速: 0.6 m/s, 風級: 1, 風向角度: 131.9, 風向: 東南
2025-07-10 14:03:41 - ModbusReader - INFO - 風速: 0.7 m/s, 風級: 1, 風向角度: 84.4, 風向: 東
2025-07-10 14:03:42 - ModbusReader - INFO - 風速: 0.7 m/s, 風級: 1, 風向角度: 84.4, 風向: 東
2025-07-10 14:04:13 - ModbusReader - INFO - 風速: 0.1 m/s, 風級: 0, 風向角度: 227.0, 風向: 西南
2025-07-10 14:04:13 - ModbusReader - INFO - 風速: 0.1 m/s, 風級: 0, 風向角度: 227.0, 風向: 西南
2025-07-10 14:04:44 - ModbusReader - INFO - 風速: 1.3 m/s, 風級: 1, 風向角度: 155.2, 風向: 南南東
2025-07-10 14:04:44 - ModbusReader - INFO - 風速: 1.3 m/s, 風級: 1, 風向角度: 155.2, 風向: 南南東
2025-07-10 14:05:15 - ModbusReader - INFO - 風速: 0.7 m/s, 風級: 1, 風向角度: 117.7, 風向: 東南東
2025-07-10 14:05:16 - ModbusReader - INFO - 風速: 0.7 m/s, 風級: 1, 風向角度: 117.7, 風向: 東南東
2025-07-10 14:05:46 - ModbusReader - INFO - 風速: 0.0 m/s, 風級: 0, 風向角度: 75.7, 風向: 東北東
2025-07-10 14:05:47 - ModbusReader - INFO - 風速: 0.0 m/s, 風級: 0, 風向角度: 75.7, 風向: 東北東
2025-07-10 14:06:17 - ModbusReader - INFO - 風速: 0.0 m/s, 風級: 0, 風向角度: 178.0, 風向: 南
2025-07-10 14:06:18 - ModbusReader - INFO - 風速: 0.0 m/s, 風級: 0, 風向角度: 178.0, 風向: 南
2025-07-10 14:06:49 - ModbusReader - INFO - 風速: 0.7 m/s, 風級: 1, 風向角度: 32.1, 風向: 北北東
2025-07-10 14:06:49 - ModbusReader - INFO - 風速: 0.7 m/s, 風級: 1, 風向角度: 32.1, 風向: 北北東
2025-07-10 14:07:20 - ModbusReader - INFO - 風速: 0.8 m/s, 風級: 1, 風向角度: 161.6, 風向: 南南東
2025-07-10 14:07:20 - ModbusReader - INFO - 風速: 0.8 m/s, 風級: 1, 風向角度: 161.6, 風向: 南南東
2025-07-10 14:07:51 - ModbusReader - INFO - 風速: 1.2 m/s, 風級: 1, 風向角度: 35.1, 風向: 東北
2025-07-10 14:07:52 - ModbusReader - INFO - 風速: 1.2 m/s, 風級: 1, 風向角度: 35.1, 風向: 東北
2025-07-10 14:08:22 - ModbusReader - INFO - 風速: 0.5 m/s, 風級: 1, 風向角度: 154.3, 風向: 南南東
2025-07-10 14:08:23 - ModbusReader - INFO - 風速: 0.5 m/s, 風級: 1, 風向角度: 154.3, 風向: 南南東
2025-07-10 14:08:53 - ModbusReader - INFO - 風速: 1.6 m/s, 風級: 2, 風向角度: 198.6, 風向: 南南西
2025-07-10 14:08:54 - ModbusReader - INFO - 風速: 1.6 m/s, 風級: 2, 風向角度: 198.6, 風向: 南南西
2025-07-10 14:09:25 - ModbusReader - INFO - 風速: 1.3 m/s, 風級: 1, 風向角度: 179.0, 風向: 南
2025-07-10 14:09:25 - ModbusReader - INFO - 風速: 1.3 m/s, 風級: 1, 風向角度: 179.0, 風向: 南
2025-07-10 14:09:56 - ModbusReader - INFO - 風速: 0.8 m/s, 風級: 1, 風向角度: 265.2, 風向: 西
2025-07-10 14:09:56 - ModbusReader - INFO - 風速: 0.8 m/s, 風級: 1, 風向角度: 265.2, 風向: 西
2025-07-10 14:10:27 - ModbusReader - INFO - 風速: 0.5 m/s, 風級: 1, 風向角度: 279.2, 風向: 西
2025-07-10 14:10:28 - ModbusReader - INFO - 風速: 0.4 m/s, 風級: 1, 風向角度: 319.9, 風向: 西北
2025-07-10 14:10:58 - ModbusReader - INFO - 風速: 0.5 m/s, 風級: 1, 風向角度: 266.8, 風向: 西
2025-07-10 14:10:59 - ModbusReader - INFO - 風速: 0.5 m/s, 風級: 1, 風向角度: 266.8, 風向: 西
2025-07-10 14:11:29 - ModbusReader - INFO - 風速: 0.8 m/s, 風級: 1, 風向角度: 145.2, 風向: 東南
2025-07-10 14:11:30 - ModbusReader - INFO - 風速: 0.8 m/s, 風級: 1, 風向角度: 145.2, 風向: 東南
2025-07-10 14:12:01 - ModbusReader - INFO - 風速: 0.8 m/s, 風級: 1, 風向角度: 180.6, 風向: 南
2025-07-10 14:12:01 - ModbusReader - INFO - 風速: 0.8 m/s, 風級: 1, 風向角度: 180.6, 風向: 南
2025-07-10 14:12:32 - ModbusReader - INFO - 風速: 0.9 m/s, 風級: 1, 風向角度: 191.6, 風向: 南南西
2025-07-10 14:12:32 - ModbusReader - INFO - 風速: 0.9 m/s, 風級: 1, 風向角度: 191.6, 風向: 南南西
2025-07-10 14:13:03 - ModbusReader - INFO - 風速: 0.1 m/s, 風級: 0, 風向角度: 208.3, 風向: 南南西
2025-07-10 14:13:04 - ModbusReader - INFO - 風速: 0.1 m/s, 風級: 0, 風向角度: 208.3, 風向: 南南西
2025-07-10 14:13:34 - ModbusReader - INFO - 風速: 0.0 m/s, 風級: 0, 風向角度: 187.0, 風向: 南
2025-07-10 14:13:35 - ModbusReader - INFO - 風速: 0.0 m/s, 風級: 0, 風向角度: 187.0, 風向: 南
2025-07-10 14:14:05 - ModbusReader - INFO - 風速: 1.0 m/s, 風級: 1, 風向角度: 143.8, 風向: 東南
2025-07-10 14:14:06 - ModbusReader - INFO - 風速: 1.0 m/s, 風級: 1, 風向角度: 143.8, 風向: 東南
2025-07-10 14:14:37 - ModbusReader - INFO - 風速: 0.5 m/s, 風級: 1, 風向角度: 117.3, 風向: 東南東
2025-07-10 14:14:37 - ModbusReader - INFO - 風速: 0.5 m/s, 風級: 1, 風向角度: 117.3, 風向: 東南東
2025-07-10 14:15:08 - ModbusReader - INFO - 風速: 0.6 m/s, 風級: 1, 風向角度: 262.2, 風向: 西
2025-07-10 14:15:08 - ModbusReader - INFO - 風速: 0.6 m/s, 風級: 1, 風向角度: 262.2, 風向: 西
2025-07-10 14:15:39 - ModbusReader - INFO - 風速: 0.0 m/s, 風級: 0, 風向角度: 265.4, 風向: 西
2025-07-10 14:15:40 - ModbusReader - INFO - 風速: 0.0 m/s, 風級: 0, 風向角度: 265.4, 風向: 西
2025-07-10 14:16:10 - ModbusReader - INFO - 風速: 0.8 m/s, 風級: 1, 風向角度: 141.2, 風向: 東南
2025-07-10 14:16:11 - ModbusReader - INFO - 風速: 0.8 m/s, 風級: 1, 風向角度: 141.2, 風向: 東南
2025-07-10 14:16:41 - ModbusReader - INFO - 風速: 0.5 m/s, 風級: 1, 風向角度: 92.3, 風向: 東
2025-07-10 14:16:42 - ModbusReader - INFO - 風速: 0.5 m/s, 風級: 1, 風向角度: 92.3, 風向: 東
2025-07-10 14:17:13 - ModbusReader - INFO - 風速: 0.9 m/s, 風級: 1, 風向角度: 164.9, 風向: 南南東
2025-07-10 14:17:13 - ModbusReader - INFO - 風速: 0.9 m/s, 風級: 1, 風向角度: 164.9, 風向: 南南東
2025-07-10 14:17:44 - ModbusReader - INFO - 風速: 0.5 m/s, 風級: 1, 風向角度: 75.5, 風向: 東北東
2025-07-10 14:17:44 - ModbusReader - INFO - 風速: 0.5 m/s, 風級: 1, 風向角度: 75.5, 風向: 東北東
2025-07-10 14:18:15 - ModbusReader - INFO - 風速: 0.9 m/s, 風級: 1, 風向角度: 57.1, 風向: 東北東
2025-07-10 14:18:16 - ModbusReader - INFO - 風速: 0.9 m/s, 風級: 1, 風向角度: 57.1, 風向: 東北東
2025-07-10 14:18:46 - ModbusReader - INFO - 風速: 0.7 m/s, 風級: 1, 風向角度: 294.2, 風向: 西北西
2025-07-10 14:18:47 - ModbusReader - INFO - 風速: 0.7 m/s, 風級: 1, 風向角度: 294.2, 風向: 西北西
2025-07-10 14:19:17 - ModbusReader - INFO - 風速: 0.5 m/s, 風級: 1, 風向角度: 67.5, 風向: 東北東
2025-07-10 14:19:18 - ModbusReader - INFO - 風速: 0.5 m/s, 風級: 1, 風向角度: 67.5, 風向: 東北東
2025-07-10 14:19:49 - ModbusReader - INFO - 風速: 0.9 m/s, 風級: 1, 風向角度: 358.9, 風向: 北
2025-07-10 14:19:49 - ModbusReader - INFO - 風速: 0.9 m/s, 風級: 1, 風向角度: 358.9, 風向: 北
2025-07-10 14:20:20 - ModbusReader - INFO - 風速: 0.6 m/s, 風級: 1, 風向角度: 217.3, 風向: 西南
2025-07-10 14:20:20 - ModbusReader - INFO - 風速: 0.6 m/s, 風級: 1, 風向角度: 217.3, 風向: 西南
2025-07-10 14:20:51 - ModbusReader - INFO - 風速: 0.7 m/s, 風級: 1, 風向角度: 184.5, 風向: 南
2025-07-10 14:20:52 - ModbusReader - INFO - 風速: 0.7 m/s, 風級: 1, 風向角度: 184.5, 風向: 南
2025-07-10 14:21:22 - ModbusReader - INFO - 風速: 0.0 m/s, 風級: 0, 風向角度: 162.1, 風向: 南南東
2025-07-10 14:21:23 - ModbusReader - INFO - 風速: 0.0 m/s, 風級: 0, 風向角度: 162.1, 風向: 南南東
2025-07-10 14:21:53 - ModbusReader - INFO - 風速: 0.0 m/s, 風級: 0, 風向角度: 359.3, 風向: 北
2025-07-10 14:21:54 - ModbusReader - INFO - 風速: 0.0 m/s, 風級: 0, 風向角度: 359.3, 風向: 北
2025-07-10 14:22:25 - ModbusReader - INFO - 風速: 0.1 m/s, 風級: 0, 風向角度: 235.4, 風向: 西南
2025-07-10 14:22:25 - ModbusReader - INFO - 風速: 0.1 m/s, 風級: 0, 風向角度: 235.4, 風向: 西南
2025-07-10 14:22:56 - ModbusReader - INFO - 風速: 0.0 m/s, 風級: 0, 風向角度: 190.9, 風向: 南
2025-07-10 14:22:56 - ModbusReader - INFO - 風速: 0.0 m/s, 風級: 0, 風向角度: 190.9, 風向: 南
2025-07-10 14:23:27 - ModbusReader - INFO - 風速: 0.4 m/s, 風級: 1, 風向角度: 126.0, 風向: 東南
2025-07-10 14:23:28 - ModbusReader - INFO - 風速: 0.4 m/s, 風級: 1, 風向角度: 126.0, 風向: 東南
2025-07-10 14:23:58 - ModbusReader - INFO - 風速: 0.8 m/s, 風級: 1, 風向角度: 106.8, 風向: 東南東
2025-07-10 14:23:59 - ModbusReader - INFO - 風速: 0.8 m/s, 風級: 1, 風向角度: 106.8, 風向: 東南東
2025-07-10 14:24:29 - ModbusReader - INFO - 風速: 0.5 m/s, 風級: 1, 風向角度: 87.8, 風向: 東
2025-07-10 14:24:30 - ModbusReader - INFO - 風速: 0.5 m/s, 風級: 1, 風向角度: 87.8, 風向: 東
2025-07-10 14:25:01 - ModbusReader - INFO - 風速: 1.1 m/s, 風級: 1, 風向角度: 136.2, 風向: 東南
2025-07-10 14:25:01 - ModbusReader - INFO - 風速: 1.1 m/s, 風級: 1, 風向角度: 136.2, 風向: 東南
2025-07-10 14:25:32 - ModbusReader - INFO - 風速: 0.8 m/s, 風級: 1, 風向角度: 94.4, 風向: 東
2025-07-10 14:25:32 - ModbusReader - INFO - 風速: 0.8 m/s, 風級: 1, 風向角度: 94.4, 風向: 東
2025-07-10 14:26:03 - ModbusReader - INFO - 風速: 0.7 m/s, 風級: 1, 風向角度: 173.2, 風向: 南
2025-07-10 14:26:04 - ModbusReader - INFO - 風速: 0.7 m/s, 風級: 1, 風向角度: 173.2, 風向: 南
2025-07-10 14:26:34 - ModbusReader - INFO - 風速: 1.3 m/s, 風級: 1, 風向角度: 124.6, 風向: 東南
2025-07-10 14:26:35 - ModbusReader - INFO - 風速: 1.3 m/s, 風級: 1, 風向角度: 124.6, 風向: 東南
2025-07-10 14:27:05 - ModbusReader - INFO - 風速: 0.8 m/s, 風級: 1, 風向角度: 142.5, 風向: 東南
2025-07-10 14:27:06 - ModbusReader - INFO - 風速: 0.8 m/s, 風級: 1, 風向角度: 142.5, 風向: 東南
2025-07-10 14:27:37 - ModbusReader - INFO - 風速: 1.1 m/s, 風級: 1, 風向角度: 174.7, 風向: 南
2025-07-10 14:27:37 - ModbusReader - INFO - 風速: 1.1 m/s, 風級: 1, 風向角度: 174.7, 風向: 南
2025-07-10 14:28:08 - ModbusReader - INFO - 風速: 0.8 m/s, 風級: 1, 風向角度: 48.9, 風向: 東北
2025-07-10 14:28:08 - ModbusReader - INFO - 風速: 0.8 m/s, 風級: 1, 風向角度: 48.9, 風向: 東北
2025-07-10 14:28:39 - ModbusReader - INFO - 風速: 0.8 m/s, 風級: 1, 風向角度: 91.4, 風向: 東
2025-07-10 14:28:39 - ModbusReader - INFO - 風速: 0.8 m/s, 風級: 1, 風向角度: 91.4, 風向: 東
2025-07-10 14:29:10 - ModbusReader - INFO - 風速: 0.8 m/s, 風級: 1, 風向角度: 19.9, 風向: 北北東
2025-07-10 14:29:11 - ModbusReader - INFO - 風速: 0.8 m/s, 風級: 1, 風向角度: 19.9, 風向: 北北東
2025-07-10 14:29:41 - ModbusReader - INFO - 風速: 1.0 m/s, 風級: 1, 風向角度: 150.1, 風向: 南南東
2025-07-10 14:29:42 - ModbusReader - INFO - 風速: 1.0 m/s, 風級: 1, 風向角度: 150.1, 風向: 南南東
2025-07-10 14:30:13 - ModbusReader - INFO - 風速: 0.7 m/s, 風級: 1, 風向角度: 122.1, 風向: 東南東
2025-07-10 14:30:13 - ModbusReader - INFO - 風速: 0.7 m/s, 風級: 1, 風向角度: 122.1, 風向: 東南東
2025-07-10 14:30:44 - ModbusReader - INFO - 風速: 0.6 m/s, 風級: 1, 風向角度: 190.0, 風向: 南
2025-07-10 14:30:44 - ModbusReader - INFO - 風速: 0.6 m/s, 風級: 1, 風向角度: 190.0, 風向: 南
2025-07-10 14:31:15 - ModbusReader - INFO - 風速: 1.3 m/s, 風級: 1, 風向角度: 178.7, 風向: 南
2025-07-10 14:31:15 - ModbusReader - INFO - 風速: 1.3 m/s, 風級: 1, 風向角度: 178.7, 風向: 南
2025-07-10 14:31:46 - ModbusReader - INFO - 風速: 1.3 m/s, 風級: 1, 風向角度: 73.2, 風向: 東北東
2025-07-10 14:31:47 - ModbusReader - INFO - 風速: 1.3 m/s, 風級: 1, 風向角度: 73.2, 風向: 東北東
2025-07-10 14:32:17 - ModbusReader - INFO - 風速: 1.1 m/s, 風級: 1, 風向角度: 187.2, 風向: 南
2025-07-10 14:32:18 - ModbusReader - INFO - 風速: 1.1 m/s, 風級: 1, 風向角度: 187.2, 風向: 南
2025-07-10 14:32:48 - ModbusReader - INFO - 風速: 1.2 m/s, 風級: 1, 風向角度: 159.6, 風向: 南南東
2025-07-10 14:32:49 - ModbusReader - INFO - 風速: 1.2 m/s, 風級: 1, 風向角度: 159.6, 風向: 南南東
2025-07-10 14:33:20 - ModbusReader - INFO - 風速: 1.1 m/s, 風級: 1, 風向角度: 107.6, 風向: 東南東
2025-07-10 14:33:20 - ModbusReader - INFO - 風速: 1.1 m/s, 風級: 1, 風向角度: 107.6, 風向: 東南東
2025-07-10 14:33:51 - ModbusReader - INFO - 風速: 1.3 m/s, 風級: 1, 風向角度: 101.4, 風向: 東南東
2025-07-10 14:33:51 - ModbusReader - INFO - 風速: 1.3 m/s, 風級: 1, 風向角度: 101.4, 風向: 東南東
2025-07-10 14:34:22 - ModbusReader - INFO - 風速: 0.5 m/s, 風級: 1, 風向角度: 160.6, 風向: 南南東
2025-07-10 14:34:23 - ModbusReader - INFO - 風速: 0.5 m/s, 風級: 1, 風向角度: 160.6, 風向: 南南東
2025-07-10 14:34:53 - ModbusReader - INFO - 風速: 0.9 m/s, 風級: 1, 風向角度: 149.8, 風向: 南南東
2025-07-10 14:34:54 - ModbusReader - INFO - 風速: 0.9 m/s, 風級: 1, 風向角度: 149.8, 風向: 南南東
2025-07-10 14:35:24 - ModbusReader - INFO - 風速: 0.7 m/s, 風級: 1, 風向角度: 164.7, 風向: 南南東
2025-07-10 14:35:25 - ModbusReader - INFO - 風速: 0.7 m/s, 風級: 1, 風向角度: 164.7, 風向: 南南東
2025-07-10 14:35:56 - ModbusReader - INFO - 風速: 0.7 m/s, 風級: 1, 風向角度: 128.5, 風向: 東南
2025-07-10 14:35:56 - ModbusReader - INFO - 風速: 0.7 m/s, 風級: 1, 風向角度: 128.5, 風向: 東南
2025-07-10 14:36:27 - ModbusReader - INFO - 風速: 1.1 m/s, 風級: 1, 風向角度: 188.7, 風向: 南
2025-07-10 14:36:27 - ModbusReader - INFO - 風速: 1.1 m/s, 風級: 1, 風向角度: 188.7, 風向: 南
2025-07-10 14:36:58 - ModbusReader - INFO - 風速: 1.0 m/s, 風級: 1, 風向角度: 195.1, 風向: 南南西
2025-07-10 14:36:59 - ModbusReader - INFO - 風速: 1.0 m/s, 風級: 1, 風向角度: 195.1, 風向: 南南西
2025-07-10 14:37:29 - ModbusReader - INFO - 風速: 0.5 m/s, 風級: 1, 風向角度: 92.9, 風向: 東
2025-07-10 14:37:30 - ModbusReader - INFO - 風速: 0.5 m/s, 風級: 1, 風向角度: 92.9, 風向: 東
2025-07-10 14:38:00 - ModbusReader - INFO - 風速: 0.0 m/s, 風級: 0, 風向角度: 141.6, 風向: 東南
2025-07-10 14:38:01 - ModbusReader - INFO - 風速: 0.0 m/s, 風級: 0, 風向角度: 141.6, 風向: 東南
2025-07-10 14:38:32 - ModbusReader - INFO - 風速: 0.8 m/s, 風級: 1, 風向角度: 75.4, 風向: 東北東
2025-07-10 14:38:32 - ModbusReader - INFO - 風速: 0.8 m/s, 風級: 1, 風向角度: 75.4, 風向: 東北東
2025-07-10 14:39:03 - ModbusReader - INFO - 風速: 0.8 m/s, 風級: 1, 風向角度: 178.3, 風向: 南
2025-07-10 14:39:03 - ModbusReader - INFO - 風速: 0.6 m/s, 風級: 1, 風向角度: 189.6, 風向: 南
2025-07-10 14:39:34 - ModbusReader - INFO - 風速: 1.0 m/s, 風級: 1, 風向角度: 143.8, 風向: 東南
2025-07-10 14:39:35 - ModbusReader - INFO - 風速: 1.0 m/s, 風級: 1, 風向角度: 143.8, 風向: 東南
2025-07-10 14:40:05 - ModbusReader - INFO - 風速: 1.1 m/s, 風級: 1, 風向角度: 209.3, 風向: 南南西
2025-07-10 14:40:06 - ModbusReader - INFO - 風速: 1.1 m/s, 風級: 1, 風向角度: 209.3, 風向: 南南西
2025-07-10 14:40:36 - ModbusReader - INFO - 風速: 1.2 m/s, 風級: 1, 風向角度: 173.0, 風向: 南
2025-07-10 14:40:37 - ModbusReader - INFO - 風速: 1.2 m/s, 風級: 1, 風向角度: 173.0, 風向: 南
2025-07-10 14:41:08 - ModbusReader - INFO - 風速: 1.3 m/s, 風級: 1, 風向角度: 163.8, 風向: 南南東
2025-07-10 14:41:08 - ModbusReader - INFO - 風速: 1.3 m/s, 風級: 1, 風向角度: 163.8, 風向: 南南東
2025-07-10 14:41:39 - ModbusReader - INFO - 風速: 0.8 m/s, 風級: 1, 風向角度: 118.9, 風向: 東南東
2025-07-10 14:41:39 - ModbusReader - INFO - 風速: 0.8 m/s, 風級: 1, 風向角度: 118.9, 風向: 東南東
2025-07-10 14:42:10 - ModbusReader - INFO - 風速: 0.6 m/s, 風級: 1, 風向角度: 197.1, 風向: 南南西
2025-07-10 14:42:11 - ModbusReader - INFO - 風速: 0.6 m/s, 風級: 1, 風向角度: 197.1, 風向: 南南西
2025-07-10 14:42:41 - ModbusReader - INFO - 風速: 0.9 m/s, 風級: 1, 風向角度: 204.7, 風向: 南南西
2025-07-10 14:42:42 - ModbusReader - INFO - 風速: 0.9 m/s, 風級: 1, 風向角度: 204.7, 風向: 南南西
2025-07-10 14:43:12 - ModbusReader - INFO - 風速: 0.8 m/s, 風級: 1, 風向角度: 141.0, 風向: 東南
2025-07-10 14:43:13 - ModbusReader - INFO - 風速: 0.8 m/s, 風級: 1, 風向角度: 141.0, 風向: 東南
2025-07-10 14:43:44 - ModbusReader - INFO - 風速: 0.5 m/s, 風級: 1, 風向角度: 73.0, 風向: 東北東
2025-07-10 14:43:44 - ModbusReader - INFO - 風速: 0.5 m/s, 風級: 1, 風向角度: 73.0, 風向: 東北東
2025-07-10 14:44:15 - ModbusReader - INFO - 風速: 0.0 m/s, 風級: 0, 風向角度: 187.6, 風向: 南
2025-07-10 14:44:15 - ModbusReader - INFO - 風速: 0.0 m/s, 風級: 0, 風向角度: 187.6, 風向: 南
2025-07-10 14:44:46 - ModbusReader - INFO - 風速: 0.3 m/s, 風級: 1, 風向角度: 15.4, 風向: 北北東
2025-07-10 14:44:47 - ModbusReader - INFO - 風速: 0.3 m/s, 風級: 1, 風向角度: 15.4, 風向: 北北東
2025-07-10 14:45:17 - ModbusReader - INFO - 風速: 0.0 m/s, 風級: 0, 風向角度: 84.3, 風向: 東
2025-07-10 14:45:18 - ModbusReader - INFO - 風速: 0.0 m/s, 風級: 0, 風向角度: 84.3, 風向: 東
2025-07-10 14:45:48 - ModbusReader - INFO - 風速: 0.0 m/s, 風級: 0, 風向角度: 271.2, 風向: 西
2025-07-10 14:45:49 - ModbusReader - INFO - 風速: 0.0 m/s, 風級: 0, 風向角度: 271.2, 風向: 西
2025-07-10 14:46:20 - ModbusReader - INFO - 風速: 0.9 m/s, 風級: 1, 風向角度: 161.1, 風向: 南南東
2025-07-10 14:46:20 - ModbusReader - INFO - 風速: 0.7 m/s, 風級: 1, 風向角度: 309.9, 風向: 西北
2025-07-10 14:46:51 - ModbusReader - INFO - 風速: 0.4 m/s, 風級: 1, 風向角度: 162.7, 風向: 南南東
2025-07-10 14:46:51 - ModbusReader - INFO - 風速: 0.4 m/s, 風級: 1, 風向角度: 162.7, 風向: 南南東
2025-07-10 14:47:22 - ModbusReader - INFO - 風速: 1.1 m/s, 風級: 1, 風向角度: 134.5, 風向: 東南
2025-07-10 14:47:23 - ModbusReader - INFO - 風速: 1.1 m/s, 風級: 1, 風向角度: 134.5, 風向: 東南
2025-07-10 14:47:53 - ModbusReader - INFO - 風速: 1.1 m/s, 風級: 1, 風向角度: 199.6, 風向: 南南西
2025-07-10 14:47:54 - ModbusReader - INFO - 風速: 1.1 m/s, 風級: 1, 風向角度: 199.6, 風向: 南南西
2025-07-10 14:48:24 - ModbusReader - INFO - 風速: 1.0 m/s, 風級: 1, 風向角度: 80.3, 風向: 東
2025-07-10 14:48:25 - ModbusReader - INFO - 風速: 1.0 m/s, 風級: 1, 風向角度: 80.3, 風向: 東
2025-07-10 14:48:56 - ModbusReader - INFO - 風速: 0.8 m/s, 風級: 1, 風向角度: 244.5, 風向: 西南西
2025-07-10 14:48:56 - ModbusReader - INFO - 風速: 0.8 m/s, 風級: 1, 風向角度: 244.5, 風向: 西南西
2025-07-10 14:49:27 - ModbusReader - INFO - 風速: 1.0 m/s, 風級: 1, 風向角度: 177.5, 風向: 南
2025-07-10 14:49:27 - ModbusReader - INFO - 風速: 1.0 m/s, 風級: 1, 風向角度: 177.5, 風向: 南
2025-07-10 14:49:58 - ModbusReader - INFO - 風速: 0.9 m/s, 風級: 1, 風向角度: 71.8, 風向: 東北東
2025-07-10 14:49:59 - ModbusReader - INFO - 風速: 0.9 m/s, 風級: 1, 風向角度: 71.8, 風向: 東北東
2025-07-10 14:50:29 - ModbusReader - INFO - 風速: 1.4 m/s, 風級: 1, 風向角度: 97.5, 風向: 東
2025-07-10 14:50:30 - ModbusReader - INFO - 風速: 1.4 m/s, 風級: 1, 風向角度: 97.5, 風向: 東
2025-07-10 14:51:00 - ModbusReader - INFO - 風速: 0.6 m/s, 風級: 1, 風向角度: 168.6, 風向: 南南東
2025-07-10 14:51:01 - ModbusReader - INFO - 風速: 0.6 m/s, 風級: 1, 風向角度: 168.6, 風向: 南南東
2025-07-10 14:51:32 - ModbusReader - INFO - 風速: 0.5 m/s, 風級: 1, 風向角度: 71.3, 風向: 東北東
2025-07-10 14:51:32 - ModbusReader - INFO - 風速: 0.5 m/s, 風級: 1, 風向角度: 71.3, 風向: 東北東
2025-07-10 14:52:03 - ModbusReader - INFO - 風速: 1.1 m/s, 風級: 1, 風向角度: 147.2, 風向: 南南東
2025-07-10 14:52:03 - ModbusReader - INFO - 風速: 1.1 m/s, 風級: 1, 風向角度: 147.2, 風向: 南南東
2025-07-10 14:52:34 - ModbusReader - INFO - 風速: 0.7 m/s, 風級: 1, 風向角度: 190.2, 風向: 南
2025-07-10 14:52:35 - ModbusReader - INFO - 風速: 0.7 m/s, 風級: 1, 風向角度: 190.2, 風向: 南
2025-07-10 14:53:05 - ModbusReader - INFO - 風速: 1.0 m/s, 風級: 1, 風向角度: 221.9, 風向: 西南
2025-07-10 14:53:06 - ModbusReader - INFO - 風速: 1.0 m/s, 風級: 1, 風向角度: 221.9, 風向: 西南
2025-07-10 14:53:36 - ModbusReader - INFO - 風速: 0.9 m/s, 風級: 1, 風向角度: 183.2, 風向: 南
2025-07-10 14:53:37 - ModbusReader - INFO - 風速: 0.8 m/s, 風級: 1, 風向角度: 107.5, 風向: 東南東
2025-07-10 14:54:08 - ModbusReader - INFO - 風速: 1.3 m/s, 風級: 1, 風向角度: 194.3, 風向: 南南西
2025-07-10 14:54:08 - ModbusReader - INFO - 風速: 1.3 m/s, 風級: 1, 風向角度: 194.3, 風向: 南南西
2025-07-10 14:54:39 - ModbusReader - INFO - 風速: 1.2 m/s, 風級: 1, 風向角度: 170.0, 風向: 南
2025-07-10 14:54:39 - ModbusReader - INFO - 風速: 1.2 m/s, 風級: 1, 風向角度: 170.0, 風向: 南
2025-07-10 14:55:10 - ModbusReader - INFO - 風速: 1.1 m/s, 風級: 1, 風向角度: 122.7, 風向: 東南東
2025-07-10 14:55:11 - ModbusReader - INFO - 風速: 1.1 m/s, 風級: 1, 風向角度: 122.7, 風向: 東南東
2025-07-10 14:55:41 - ModbusReader - INFO - 風速: 0.6 m/s, 風級: 1, 風向角度: 141.5, 風向: 東南
2025-07-10 14:55:42 - ModbusReader - INFO - 風速: 0.6 m/s, 風級: 1, 風向角度: 141.5, 風向: 東南
2025-07-10 14:56:12 - ModbusReader - INFO - 風速: 0.0 m/s, 風級: 0, 風向角度: 48.1, 風向: 東北
2025-07-10 14:56:13 - ModbusReader - INFO - 風速: 0.0 m/s, 風級: 0, 風向角度: 48.1, 風向: 東北
2025-07-10 14:56:44 - ModbusReader - INFO - 風速: 0.0 m/s, 風級: 0, 風向角度: 134.8, 風向: 東南
2025-07-10 14:56:44 - ModbusReader - INFO - 風速: 0.0 m/s, 風級: 0, 風向角度: 134.8, 風向: 東南
2025-07-10 14:57:15 - ModbusReader - INFO - 風速: 0.6 m/s, 風級: 1, 風向角度: 231.1, 風向: 西南
2025-07-10 14:57:15 - ModbusReader - INFO - 風速: 0.6 m/s, 風級: 1, 風向角度: 231.1, 風向: 西南
2025-07-10 14:57:46 - ModbusReader - INFO - 風速: 1.0 m/s, 風級: 1, 風向角度: 250.4, 風向: 西南西
2025-07-10 14:57:47 - ModbusReader - INFO - 風速: 1.0 m/s, 風級: 1, 風向角度: 250.4, 風向: 西南西
2025-07-10 14:58:17 - ModbusReader - INFO - 風速: 1.0 m/s, 風級: 1, 風向角度: 150.3, 風向: 南南東
2025-07-10 14:58:18 - ModbusReader - INFO - 風速: 1.0 m/s, 風級: 1, 風向角度: 150.3, 風向: 南南東
2025-07-10 14:58:48 - ModbusReader - INFO - 風速: 0.9 m/s, 風級: 1, 風向角度: 159.9, 風向: 南南東
2025-07-10 14:58:49 - ModbusReader - INFO - 風速: 0.9 m/s, 風級: 1, 風向角度: 159.9, 風向: 南南東
2025-07-10 14:59:20 - ModbusReader - INFO - 風速: 1.2 m/s, 風級: 1, 風向角度: 101.2, 風向: 東
2025-07-10 14:59:20 - ModbusReader - INFO - 風速: 1.2 m/s, 風級: 1, 風向角度: 101.2, 風向: 東
2025-07-10 14:59:51 - ModbusReader - INFO - 風速: 0.6 m/s, 風級: 1, 風向角度: 187.9, 風向: 南
2025-07-10 14:59:51 - ModbusReader - INFO - 風速: 0.6 m/s, 風級: 1, 風向角度: 187.9, 風向: 南
2025-07-10 15:00:22 - ModbusReader - INFO - 風速: 0.4 m/s, 風級: 1, 風向角度: 353.1, 風向: 北
2025-07-10 15:00:23 - ModbusReader - INFO - 風速: 0.4 m/s, 風級: 1, 風向角度: 353.1, 風向: 北
2025-07-10 15:00:53 - ModbusReader - INFO - 風速: 0.7 m/s, 風級: 1, 風向角度: 125.3, 風向: 東南
2025-07-10 15:00:54 - ModbusReader - INFO - 風速: 0.7 m/s, 風級: 1, 風向角度: 166.5, 風向: 南南東
2025-07-10 15:01:24 - ModbusReader - INFO - 風速: 0.9 m/s, 風級: 1, 風向角度: 236.8, 風向: 西南西
2025-07-10 15:01:25 - ModbusReader - INFO - 風速: 0.9 m/s, 風級: 1, 風向角度: 236.8, 風向: 西南西
2025-07-10 15:01:56 - ModbusReader - INFO - 風速: 0.5 m/s, 風級: 1, 風向角度: 204.5, 風向: 南南西
2025-07-10 15:01:56 - ModbusReader - INFO - 風速: 0.5 m/s, 風級: 1, 風向角度: 204.5, 風向: 南南西
2025-07-10 15:02:27 - ModbusReader - INFO - 風速: 0.7 m/s, 風級: 1, 風向角度: 33.4, 風向: 北北東
2025-07-10 15:02:27 - ModbusReader - INFO - 風速: 0.7 m/s, 風級: 1, 風向角度: 33.4, 風向: 北北東
2025-07-10 15:02:58 - ModbusReader - INFO - 風速: 0.5 m/s, 風級: 1, 風向角度: 226.8, 風向: 西南
2025-07-10 15:02:59 - ModbusReader - INFO - 風速: 0.5 m/s, 風級: 1, 風向角度: 226.8, 風向: 西南
2025-07-10 15:03:29 - ModbusReader - INFO - 風速: 0.5 m/s, 風級: 1, 風向角度: 128.2, 風向: 東南
2025-07-10 15:03:30 - ModbusReader - INFO - 風速: 0.5 m/s, 風級: 1, 風向角度: 128.2, 風向: 東南
2025-07-10 15:04:00 - ModbusReader - INFO - 風速: 0.6 m/s, 風級: 1, 風向角度: 48.8, 風向: 東北
2025-07-10 15:04:01 - ModbusReader - INFO - 風速: 0.6 m/s, 風級: 1, 風向角度: 48.8, 風向: 東北
2025-07-10 15:04:32 - ModbusReader - INFO - 風速: 0.4 m/s, 風級: 1, 風向角度: 278.2, 風向: 西
2025-07-10 15:04:32 - ModbusReader - INFO - 風速: 0.4 m/s, 風級: 1, 風向角度: 278.2, 風向: 西
2025-07-10 15:05:03 - ModbusReader - INFO - 風速: 0.1 m/s, 風級: 0, 風向角度: 290.0, 風向: 西北西
2025-07-10 15:05:03 - ModbusReader - INFO - 風速: 0.1 m/s, 風級: 0, 風向角度: 290.0, 風向: 西北西
2025-07-10 15:05:34 - ModbusReader - INFO - 風速: 0.4 m/s, 風級: 1, 風向角度: 259.3, 風向: 西
2025-07-10 15:05:35 - ModbusReader - INFO - 風速: 0.4 m/s, 風級: 1, 風向角度: 259.3, 風向: 西
2025-07-10 15:06:05 - ModbusReader - INFO - 風速: 0.4 m/s, 風級: 1, 風向角度: 105.8, 風向: 東南東
2025-07-10 15:06:06 - ModbusReader - INFO - 風速: 0.4 m/s, 風級: 1, 風向角度: 105.8, 風向: 東南東
2025-07-10 15:06:36 - ModbusReader - INFO - 風速: 0.8 m/s, 風級: 1, 風向角度: 195.7, 風向: 南南西
2025-07-10 15:06:37 - ModbusReader - INFO - 風速: 0.8 m/s, 風級: 1, 風向角度: 195.7, 風向: 南南西
2025-07-10 15:07:08 - ModbusReader - INFO - 風速: 0.7 m/s, 風級: 1, 風向角度: 81.3, 風向: 東
2025-07-10 15:07:08 - ModbusReader - INFO - 風速: 0.7 m/s, 風級: 1, 風向角度: 81.3, 風向: 東
2025-07-10 15:07:39 - ModbusReader - INFO - 風速: 1.6 m/s, 風級: 2, 風向角度: 165.0, 風向: 南南東
2025-07-10 15:07:39 - ModbusReader - INFO - 風速: 1.6 m/s, 風級: 2, 風向角度: 165.0, 風向: 南南東
2025-07-10 15:08:10 - ModbusReader - INFO - 風速: 1.2 m/s, 風級: 1, 風向角度: 113.9, 風向: 東南東
2025-07-10 15:08:11 - ModbusReader - INFO - 風速: 0.9 m/s, 風級: 1, 風向角度: 156.9, 風向: 南南東
2025-07-10 15:08:41 - ModbusReader - INFO - 風速: 0.4 m/s, 風級: 1, 風向角度: 99.6, 風向: 東
2025-07-10 15:08:42 - ModbusReader - INFO - 風速: 0.4 m/s, 風級: 1, 風向角度: 99.6, 風向: 東
2025-07-10 15:09:12 - ModbusReader - INFO - 風速: 0.5 m/s, 風級: 1, 風向角度: 100.9, 風向: 東
2025-07-10 15:09:13 - ModbusReader - INFO - 風速: 0.5 m/s, 風級: 1, 風向角度: 100.9, 風向: 東
2025-07-10 15:09:44 - ModbusReader - INFO - 風速: 0.6 m/s, 風級: 1, 風向角度: 209.9, 風向: 南南西
2025-07-10 15:09:44 - ModbusReader - INFO - 風速: 0.6 m/s, 風級: 1, 風向角度: 209.9, 風向: 南南西
2025-07-10 15:10:15 - ModbusReader - INFO - 風速: 0.7 m/s, 風級: 1, 風向角度: 30.4, 風向: 北北東
2025-07-10 15:10:15 - ModbusReader - INFO - 風速: 0.7 m/s, 風級: 1, 風向角度: 30.4, 風向: 北北東
2025-07-10 15:10:46 - ModbusReader - INFO - 風速: 0.6 m/s, 風級: 1, 風向角度: 356.7, 風向: 北
2025-07-10 15:10:47 - ModbusReader - INFO - 風速: 0.6 m/s, 風級: 1, 風向角度: 356.7, 風向: 北
2025-07-10 15:11:17 - ModbusReader - INFO - 風速: 0.5 m/s, 風級: 1, 風向角度: 7.3, 風向: 北
2025-07-10 15:11:18 - ModbusReader - INFO - 風速: 0.5 m/s, 風級: 1, 風向角度: 7.3, 風向: 北
2025-07-10 15:11:48 - ModbusReader - INFO - 風速: 0.4 m/s, 風級: 1, 風向角度: 187.5, 風向: 南
2025-07-10 15:11:49 - ModbusReader - INFO - 風速: 0.4 m/s, 風級: 1, 風向角度: 187.5, 風向: 南
2025-07-10 15:12:20 - ModbusReader - INFO - 風速: 0.4 m/s, 風級: 1, 風向角度: 20.5, 風向: 北北東
2025-07-10 15:12:20 - ModbusReader - INFO - 風速: 0.4 m/s, 風級: 1, 風向角度: 20.5, 風向: 北北東
2025-07-10 15:12:51 - ModbusReader - INFO - 風速: 0.4 m/s, 風級: 1, 風向角度: 310.1, 風向: 西北
2025-07-10 15:12:51 - ModbusReader - INFO - 風速: 0.4 m/s, 風級: 1, 風向角度: 310.1, 風向: 西北
2025-07-10 15:13:22 - ModbusReader - INFO - 風速: 0.7 m/s, 風級: 1, 風向角度: 63.5, 風向: 東北東
2025-07-10 15:13:23 - ModbusReader - INFO - 風速: 0.7 m/s, 風級: 1, 風向角度: 63.5, 風向: 東北東
2025-07-10 15:13:53 - ModbusReader - INFO - 風速: 0.4 m/s, 風級: 1, 風向角度: 328.8, 風向: 北北西
2025-07-10 15:13:54 - ModbusReader - INFO - 風速: 0.4 m/s, 風級: 1, 風向角度: 328.8, 風向: 北北西
2025-07-10 15:14:24 - ModbusReader - INFO - 風速: 0.0 m/s, 風級: 0, 風向角度: 109.8, 風向: 東南東
2025-07-10 15:14:25 - ModbusReader - INFO - 風速: 0.0 m/s, 風級: 0, 風向角度: 109.8, 風向: 東南東
2025-07-10 15:14:56 - ModbusReader - INFO - 風速: 0.0 m/s, 風級: 0, 風向角度: 269.6, 風向: 西
2025-07-10 15:14:56 - ModbusReader - INFO - 風速: 0.0 m/s, 風級: 0, 風向角度: 269.6, 風向: 西
2025-07-10 15:15:27 - ModbusReader - INFO - 風速: 0.7 m/s, 風級: 1, 風向角度: 189.9, 風向: 南
2025-07-10 15:15:27 - ModbusReader - INFO - 風速: 0.5 m/s, 風級: 1, 風向角度: 100.2, 風向: 東
2025-07-10 15:15:58 - ModbusReader - INFO - 風速: 0.5 m/s, 風級: 1, 風向角度: 3.2, 風向: 北
2025-07-10 15:15:59 - ModbusReader - INFO - 風速: 0.5 m/s, 風級: 1, 風向角度: 3.2, 風向: 北
2025-07-10 15:16:29 - ModbusReader - INFO - 風速: 0.5 m/s, 風級: 1, 風向角度: 237.1, 風向: 西南西
2025-07-10 15:16:30 - ModbusReader - INFO - 風速: 0.5 m/s, 風級: 1, 風向角度: 237.1, 風向: 西南西
2025-07-10 15:17:00 - ModbusReader - INFO - 風速: 0.5 m/s, 風級: 1, 風向角度: 30.4, 風向: 北北東
2025-07-10 15:17:01 - ModbusReader - INFO - 風速: 0.5 m/s, 風級: 1, 風向角度: 30.4, 風向: 北北東
2025-07-10 15:17:32 - ModbusReader - INFO - 風速: 0.6 m/s, 風級: 1, 風向角度: 285.6, 風向: 西北西
2025-07-10 15:17:32 - ModbusReader - INFO - 風速: 0.6 m/s, 風級: 1, 風向角度: 285.6, 風向: 西北西
2025-07-10 15:18:03 - ModbusReader - INFO - 風速: 0.2 m/s, 風級: 0, 風向角度: 280.5, 風向: 西
2025-07-10 15:18:03 - ModbusReader - INFO - 風速: 0.2 m/s, 風級: 0, 風向角度: 280.5, 風向: 西
2025-07-10 15:18:34 - ModbusReader - INFO - 風速: 0.5 m/s, 風級: 1, 風向角度: 29.7, 風向: 北北東
2025-07-10 15:18:35 - ModbusReader - INFO - 風速: 0.5 m/s, 風級: 1, 風向角度: 29.7, 風向: 北北東
2025-07-10 15:19:05 - ModbusReader - INFO - 風速: 0.8 m/s, 風級: 1, 風向角度: 94.4, 風向: 東
2025-07-10 15:19:06 - ModbusReader - INFO - 風速: 0.8 m/s, 風級: 1, 風向角度: 94.4, 風向: 東
2025-07-10 15:19:36 - ModbusReader - INFO - 風速: 0.9 m/s, 風級: 1, 風向角度: 131.1, 風向: 東南
2025-07-10 15:19:37 - ModbusReader - INFO - 風速: 0.9 m/s, 風級: 1, 風向角度: 131.1, 風向: 東南
2025-07-10 15:20:08 - ModbusReader - INFO - 風速: 0.7 m/s, 風級: 1, 風向角度: 151.2, 風向: 南南東
2025-07-10 15:20:08 - ModbusReader - INFO - 風速: 0.7 m/s, 風級: 1, 風向角度: 151.2, 風向: 南南東
2025-07-10 15:20:39 - ModbusReader - INFO - 風速: 0.5 m/s, 風級: 1, 風向角度: 326.8, 風向: 北北西
2025-07-10 15:20:39 - ModbusReader - INFO - 風速: 0.5 m/s, 風級: 1, 風向角度: 326.8, 風向: 北北西
2025-07-10 15:21:10 - ModbusReader - INFO - 風速: 0.6 m/s, 風級: 1, 風向角度: 24.0, 風向: 北北東
2025-07-10 15:21:11 - ModbusReader - INFO - 風速: 0.6 m/s, 風級: 1, 風向角度: 24.0, 風向: 北北東
2025-07-10 15:21:41 - ModbusReader - INFO - 風速: 0.9 m/s, 風級: 1, 風向角度: 104.0, 風向: 東南東
2025-07-10 15:21:42 - ModbusReader - INFO - 風速: 0.9 m/s, 風級: 1, 風向角度: 104.0, 風向: 東南東
2025-07-10 15:22:12 - ModbusReader - INFO - 風速: 0.7 m/s, 風級: 1, 風向角度: 209.0, 風向: 南南西
2025-07-10 15:22:13 - ModbusReader - INFO - 風速: 0.7 m/s, 風級: 1, 風向角度: 209.0, 風向: 南南西
2025-07-10 15:22:44 - ModbusReader - INFO - 風速: 0.9 m/s, 風級: 1, 風向角度: 124.2, 風向: 東南
2025-07-10 15:22:44 - ModbusReader - INFO - 風速: 1.3 m/s, 風級: 1, 風向角度: 155.0, 風向: 南南東
2025-07-10 15:23:15 - ModbusReader - INFO - 風速: 0.7 m/s, 風級: 1, 風向角度: 201.0, 風向: 南南西
2025-07-10 15:23:15 - ModbusReader - INFO - 風速: 0.7 m/s, 風級: 1, 風向角度: 201.0, 風向: 南南西
2025-07-10 15:23:46 - ModbusReader - INFO - 風速: 0.6 m/s, 風級: 1, 風向角度: 348.4, 風向: 北北西
2025-07-10 15:23:47 - ModbusReader - INFO - 風速: 0.6 m/s, 風級: 1, 風向角度: 348.4, 風向: 北北西
2025-07-10 15:24:17 - ModbusReader - INFO - 風速: 0.4 m/s, 風級: 1, 風向角度: 175.2, 風向: 南
2025-07-10 15:24:18 - ModbusReader - INFO - 風速: 0.4 m/s, 風級: 1, 風向角度: 175.2, 風向: 南
2025-07-10 15:24:48 - ModbusReader - INFO - 風速: 0.4 m/s, 風級: 1, 風向角度: 354.6, 風向: 北
2025-07-10 15:24:49 - ModbusReader - INFO - 風速: 0.4 m/s, 風級: 1, 風向角度: 354.6, 風向: 北
2025-07-10 15:25:20 - ModbusReader - INFO - 風速: 0.6 m/s, 風級: 1, 風向角度: 193.2, 風向: 南南西
2025-07-10 15:25:20 - ModbusReader - INFO - 風速: 0.6 m/s, 風級: 1, 風向角度: 193.2, 風向: 南南西
2025-07-10 15:25:51 - ModbusReader - INFO - 風速: 0.5 m/s, 風級: 1, 風向角度: 236.5, 風向: 西南西
2025-07-10 15:25:51 - ModbusReader - INFO - 風速: 0.5 m/s, 風級: 1, 風向角度: 236.5, 風向: 西南西
2025-07-10 15:26:22 - ModbusReader - INFO - 風速: 0.6 m/s, 風級: 1, 風向角度: 325.1, 風向: 西北
2025-07-10 15:26:23 - ModbusReader - INFO - 風速: 0.6 m/s, 風級: 1, 風向角度: 325.1, 風向: 西北
2025-07-10 15:26:53 - ModbusReader - INFO - 風速: 0.5 m/s, 風級: 1, 風向角度: 107.5, 風向: 東南東
2025-07-10 15:26:54 - ModbusReader - INFO - 風速: 0.5 m/s, 風級: 1, 風向角度: 107.5, 風向: 東南東
2025-07-10 15:27:24 - ModbusReader - INFO - 風速: 0.7 m/s, 風級: 1, 風向角度: 24.9, 風向: 北北東
2025-07-10 15:27:25 - ModbusReader - INFO - 風速: 0.7 m/s, 風級: 1, 風向角度: 24.9, 風向: 北北東
2025-07-10 15:27:56 - ModbusReader - INFO - 風速: 0.5 m/s, 風級: 1, 風向角度: 175.0, 風向: 南
2025-07-10 15:27:56 - ModbusReader - INFO - 風速: 0.5 m/s, 風級: 1, 風向角度: 175.0, 風向: 南
2025-07-10 15:28:27 - ModbusReader - INFO - 風速: 0.7 m/s, 風級: 1, 風向角度: 86.3, 風向: 東
2025-07-10 15:28:27 - ModbusReader - INFO - 風速: 0.7 m/s, 風級: 1, 風向角度: 86.3, 風向: 東
2025-07-10 15:28:58 - ModbusReader - INFO - 風速: 0.4 m/s, 風級: 1, 風向角度: 306.2, 風向: 西北
2025-07-10 15:28:59 - ModbusReader - INFO - 風速: 0.4 m/s, 風級: 1, 風向角度: 306.2, 風向: 西北
2025-07-10 15:29:29 - ModbusReader - INFO - 風速: 0.3 m/s, 風級: 1, 風向角度: 180.8, 風向: 南
2025-07-10 15:29:30 - ModbusReader - INFO - 風速: 0.3 m/s, 風級: 1, 風向角度: 180.8, 風向: 南
2025-07-10 15:30:00 - ModbusReader - INFO - 風速: 0.8 m/s, 風級: 1, 風向角度: 106.6, 風向: 東南東
2025-07-10 15:30:01 - ModbusReader - INFO - 風速: 0.6 m/s, 風級: 1, 風向角度: 199.9, 風向: 南南西
2025-07-10 15:30:32 - ModbusReader - INFO - 風速: 0.6 m/s, 風級: 1, 風向角度: 271.9, 風向: 西
2025-07-10 15:30:32 - ModbusReader - INFO - 風速: 0.6 m/s, 風級: 1, 風向角度: 271.9, 風向: 西
2025-07-10 15:31:03 - ModbusReader - INFO - 風速: 0.4 m/s, 風級: 1, 風向角度: 196.6, 風向: 南南西
2025-07-10 15:31:03 - ModbusReader - INFO - 風速: 0.4 m/s, 風級: 1, 風向角度: 196.6, 風向: 南南西
2025-07-10 15:31:34 - ModbusReader - INFO - 風速: 0.7 m/s, 風級: 1, 風向角度: 152.7, 風向: 南南東
2025-07-10 15:31:35 - ModbusReader - INFO - 風速: 0.7 m/s, 風級: 1, 風向角度: 152.7, 風向: 南南東
2025-07-10 15:32:05 - ModbusReader - INFO - 風速: 0.6 m/s, 風級: 1, 風向角度: 14.0, 風向: 北北東
2025-07-10 15:32:06 - ModbusReader - INFO - 風速: 0.6 m/s, 風級: 1, 風向角度: 14.0, 風向: 北北東
2025-07-10 15:32:36 - ModbusReader - INFO - 風速: 0.9 m/s, 風級: 1, 風向角度: 289.3, 風向: 西北西
2025-07-10 15:32:37 - ModbusReader - INFO - 風速: 0.9 m/s, 風級: 1, 風向角度: 289.3, 風向: 西北西
2025-07-10 15:33:08 - ModbusReader - INFO - 風速: 0.6 m/s, 風級: 1, 風向角度: 32.1, 風向: 北北東
2025-07-10 15:33:08 - ModbusReader - INFO - 風速: 0.6 m/s, 風級: 1, 風向角度: 32.1, 風向: 北北東
2025-07-10 15:33:39 - ModbusReader - INFO - 風速: 0.3 m/s, 風級: 1, 風向角度: 126.3, 風向: 東南
2025-07-10 15:33:39 - ModbusReader - INFO - 風速: 0.3 m/s, 風級: 1, 風向角度: 126.3, 風向: 東南
2025-07-10 15:34:10 - ModbusReader - INFO - 風速: 0.2 m/s, 風級: 0, 風向角度: 49.1, 風向: 東北
2025-07-10 15:34:11 - ModbusReader - INFO - 風速: 0.2 m/s, 風級: 0, 風向角度: 49.1, 風向: 東北
2025-07-10 15:34:41 - ModbusReader - INFO - 風速: 0.5 m/s, 風級: 1, 風向角度: 88.0, 風向: 東
2025-07-10 15:34:42 - ModbusReader - INFO - 風速: 0.5 m/s, 風級: 1, 風向角度: 88.0, 風向: 東
2025-07-10 15:35:12 - ModbusReader - INFO - 風速: 0.5 m/s, 風級: 1, 風向角度: 9.6, 風向: 北
2025-07-10 15:35:13 - ModbusReader - INFO - 風速: 0.5 m/s, 風級: 1, 風向角度: 9.6, 風向: 北
2025-07-10 15:35:44 - ModbusReader - INFO - 風速: 0.4 m/s, 風級: 1, 風向角度: 57.8, 風向: 東北東
2025-07-10 15:35:44 - ModbusReader - INFO - 風速: 0.4 m/s, 風級: 1, 風向角度: 57.8, 風向: 東北東
2025-07-10 15:36:15 - ModbusReader - INFO - 風速: 0.4 m/s, 風級: 1, 風向角度: 133.6, 風向: 東南
2025-07-10 15:36:15 - ModbusReader - INFO - 風速: 0.4 m/s, 風級: 1, 風向角度: 133.6, 風向: 東南
2025-07-10 15:36:46 - ModbusReader - INFO - 風速: 0.4 m/s, 風級: 1, 風向角度: 65.5, 風向: 東北東
2025-07-10 15:36:47 - ModbusReader - INFO - 風速: 0.4 m/s, 風級: 1, 風向角度: 65.5, 風向: 東北東
2025-07-10 15:37:17 - ModbusReader - INFO - 風速: 0.5 m/s, 風級: 1, 風向角度: 121.0, 風向: 東南東
2025-07-10 15:37:18 - ModbusReader - INFO - 風速: 0.7 m/s, 風級: 1, 風向角度: 333.1, 風向: 北北西
2025-07-10 15:37:48 - ModbusReader - INFO - 風速: 0.5 m/s, 風級: 1, 風向角度: 174.2, 風向: 南
2025-07-10 15:37:49 - ModbusReader - INFO - 風速: 0.5 m/s, 風級: 1, 風向角度: 174.2, 風向: 南
2025-07-10 15:38:20 - ModbusReader - INFO - 風速: 0.7 m/s, 風級: 1, 風向角度: 311.9, 風向: 西北
2025-07-10 15:38:20 - ModbusReader - INFO - 風速: 0.7 m/s, 風級: 1, 風向角度: 311.9, 風向: 西北
2025-07-10 15:38:51 - ModbusReader - INFO - 風速: 0.5 m/s, 風級: 1, 風向角度: 309.2, 風向: 西北
2025-07-10 15:38:51 - ModbusReader - INFO - 風速: 0.5 m/s, 風級: 1, 風向角度: 309.2, 風向: 西北
2025-07-10 15:39:22 - ModbusReader - INFO - 風速: 0.1 m/s, 風級: 0, 風向角度: 108.0, 風向: 東南東
2025-07-10 15:39:23 - ModbusReader - INFO - 風速: 0.1 m/s, 風級: 0, 風向角度: 108.0, 風向: 東南東
2025-07-10 15:39:53 - ModbusReader - INFO - 風速: 0.0 m/s, 風級: 0, 風向角度: 323.2, 風向: 西北
2025-07-10 15:39:54 - ModbusReader - INFO - 風速: 0.0 m/s, 風級: 0, 風向角度: 323.2, 風向: 西北
2025-07-10 15:40:24 - ModbusReader - INFO - 風速: 0.4 m/s, 風級: 1, 風向角度: 129.4, 風向: 東南
2025-07-10 15:40:25 - ModbusReader - INFO - 風速: 0.4 m/s, 風級: 1, 風向角度: 129.4, 風向: 東南
2025-07-10 15:40:56 - ModbusReader - INFO - 風速: 0.4 m/s, 風級: 1, 風向角度: 141.6, 風向: 東南
2025-07-10 15:40:56 - ModbusReader - INFO - 風速: 0.4 m/s, 風級: 1, 風向角度: 141.6, 風向: 東南
2025-07-10 15:41:27 - ModbusReader - INFO - 風速: 0.7 m/s, 風級: 1, 風向角度: 169.8, 風向: 南
2025-07-10 15:41:27 - ModbusReader - INFO - 風速: 0.7 m/s, 風級: 1, 風向角度: 169.8, 風向: 南
2025-07-10 15:41:58 - ModbusReader - INFO - 風速: 0.6 m/s, 風級: 1, 風向角度: 145.4, 風向: 東南
2025-07-10 15:41:59 - ModbusReader - INFO - 風速: 0.6 m/s, 風級: 1, 風向角度: 145.4, 風向: 東南
2025-07-10 15:42:29 - ModbusReader - INFO - 風速: 0.6 m/s, 風級: 1, 風向角度: 3.1, 風向: 北
2025-07-10 15:42:30 - ModbusReader - INFO - 風速: 0.6 m/s, 風級: 1, 風向角度: 3.1, 風向: 北
2025-07-10 15:43:00 - ModbusReader - INFO - 風速: 0.5 m/s, 風級: 1, 風向角度: 52.4, 風向: 東北
2025-07-10 15:43:01 - ModbusReader - INFO - 風速: 0.5 m/s, 風級: 1, 風向角度: 52.4, 風向: 東北
2025-07-10 15:43:32 - ModbusReader - INFO - 風速: 0.5 m/s, 風級: 1, 風向角度: 117.5, 風向: 東南東
2025-07-10 15:43:32 - ModbusReader - INFO - 風速: 0.5 m/s, 風級: 1, 風向角度: 117.5, 風向: 東南東
2025-07-10 15:44:03 - ModbusReader - INFO - 風速: 0.6 m/s, 風級: 1, 風向角度: 1.4, 風向: 北
2025-07-10 15:44:03 - ModbusReader - INFO - 風速: 0.6 m/s, 風級: 1, 風向角度: 1.4, 風向: 北
2025-07-10 15:44:34 - ModbusReader - INFO - 風速: 0.7 m/s, 風級: 1, 風向角度: 118.9, 風向: 東南東
2025-07-10 15:44:35 - ModbusReader - INFO - 風速: 0.6 m/s, 風級: 1, 風向角度: 127.4, 風向: 東南
2025-07-10 15:45:05 - ModbusReader - INFO - 風速: 0.6 m/s, 風級: 1, 風向角度: 178.9, 風向: 南
2025-07-10 15:45:06 - ModbusReader - INFO - 風速: 0.6 m/s, 風級: 1, 風向角度: 178.9, 風向: 南
2025-07-10 15:45:36 - ModbusReader - INFO - 風速: 0.5 m/s, 風級: 1, 風向角度: 172.7, 風向: 南
2025-07-10 15:45:37 - ModbusReader - INFO - 風速: 0.5 m/s, 風級: 1, 風向角度: 172.7, 風向: 南
2025-07-10 15:46:08 - ModbusReader - INFO - 風速: 0.3 m/s, 風級: 1, 風向角度: 129.2, 風向: 東南
2025-07-10 15:46:08 - ModbusReader - INFO - 風速: 0.3 m/s, 風級: 1, 風向角度: 129.2, 風向: 東南
2025-07-10 15:46:39 - ModbusReader - INFO - 風速: 0.2 m/s, 風級: 0, 風向角度: 21.5, 風向: 北北東
2025-07-10 15:46:39 - ModbusReader - INFO - 風速: 0.2 m/s, 風級: 0, 風向角度: 21.5, 風向: 北北東
2025-07-10 15:47:10 - ModbusReader - INFO - 風速: 0.6 m/s, 風級: 1, 風向角度: 286.5, 風向: 西北西
2025-07-10 15:47:11 - ModbusReader - INFO - 風速: 0.6 m/s, 風級: 1, 風向角度: 286.5, 風向: 西北西
2025-07-10 15:47:41 - ModbusReader - INFO - 風速: 0.4 m/s, 風級: 1, 風向角度: 16.6, 風向: 北北東
2025-07-10 15:47:42 - ModbusReader - INFO - 風速: 0.4 m/s, 風級: 1, 風向角度: 16.6, 風向: 北北東
2025-07-10 15:48:12 - ModbusReader - INFO - 風速: 0.0 m/s, 風級: 0, 風向角度: 136.6, 風向: 東南
2025-07-10 15:48:13 - ModbusReader - INFO - 風速: 0.0 m/s, 風級: 0, 風向角度: 136.6, 風向: 東南
2025-07-10 15:48:44 - ModbusReader - INFO - 風速: 0.4 m/s, 風級: 1, 風向角度: 120.7, 風向: 東南東
2025-07-10 15:48:44 - ModbusReader - INFO - 風速: 0.4 m/s, 風級: 1, 風向角度: 120.7, 風向: 東南東
2025-07-10 15:49:15 - ModbusReader - INFO - 風速: 0.6 m/s, 風級: 1, 風向角度: 114.7, 風向: 東南東
2025-07-10 15:49:15 - ModbusReader - INFO - 風速: 0.6 m/s, 風級: 1, 風向角度: 114.7, 風向: 東南東
2025-07-10 15:49:46 - ModbusReader - INFO - 風速: 0.4 m/s, 風級: 1, 風向角度: 324.2, 風向: 西北
2025-07-10 15:49:47 - ModbusReader - INFO - 風速: 0.4 m/s, 風級: 1, 風向角度: 324.2, 風向: 西北
2025-07-10 15:50:17 - ModbusReader - INFO - 風速: 0.4 m/s, 風級: 1, 風向角度: 9.9, 風向: 北
2025-07-10 15:50:18 - ModbusReader - INFO - 風速: 0.4 m/s, 風級: 1, 風向角度: 9.9, 風向: 北
2025-07-10 15:50:48 - ModbusReader - INFO - 風速: 0.7 m/s, 風級: 1, 風向角度: 224.8, 風向: 西南
2025-07-10 15:50:49 - ModbusReader - INFO - 風速: 0.7 m/s, 風級: 1, 風向角度: 224.8, 風向: 西南
2025-07-10 15:51:20 - ModbusReader - INFO - 風速: 0.4 m/s, 風級: 1, 風向角度: 99.3, 風向: 東
2025-07-10 15:51:20 - ModbusReader - INFO - 風速: 0.4 m/s, 風級: 1, 風向角度: 99.3, 風向: 東
2025-07-10 15:51:51 - ModbusReader - INFO - 風速: 0.6 m/s, 風級: 1, 風向角度: 236.0, 風向: 西南
2025-07-10 15:51:51 - ModbusReader - INFO - 風速: 0.6 m/s, 風級: 1, 風向角度: 91.4, 風向: 東
2025-07-10 15:52:22 - ModbusReader - INFO - 風速: 0.5 m/s, 風級: 1, 風向角度: 327.0, 風向: 北北西
2025-07-10 15:52:23 - ModbusReader - INFO - 風速: 0.5 m/s, 風級: 1, 風向角度: 327.0, 風向: 北北西
2025-07-10 15:52:53 - ModbusReader - INFO - 風速: 0.5 m/s, 風級: 1, 風向角度: 164.8, 風向: 南南東
2025-07-10 15:52:54 - ModbusReader - INFO - 風速: 0.5 m/s, 風級: 1, 風向角度: 164.8, 風向: 南南東
2025-07-10 15:53:24 - ModbusReader - INFO - 風速: 0.6 m/s, 風級: 1, 風向角度: 23.7, 風向: 北北東
2025-07-10 15:53:25 - ModbusReader - INFO - 風速: 0.6 m/s, 風級: 1, 風向角度: 23.7, 風向: 北北東
2025-07-10 15:53:56 - ModbusReader - INFO - 風速: 0.6 m/s, 風級: 1, 風向角度: 205.6, 風向: 南南西
2025-07-10 15:53:56 - ModbusReader - INFO - 風速: 0.6 m/s, 風級: 1, 風向角度: 205.6, 風向: 南南西
2025-07-10 15:54:27 - ModbusReader - INFO - 風速: 0.8 m/s, 風級: 1, 風向角度: 55.5, 風向: 東北
2025-07-10 15:54:27 - ModbusReader - INFO - 風速: 0.8 m/s, 風級: 1, 風向角度: 55.5, 風向: 東北
2025-07-10 15:54:58 - ModbusReader - INFO - 風速: 0.7 m/s, 風級: 1, 風向角度: 319.3, 風向: 西北
2025-07-10 15:54:59 - ModbusReader - INFO - 風速: 0.7 m/s, 風級: 1, 風向角度: 319.3, 風向: 西北
2025-07-10 15:55:29 - ModbusReader - INFO - 風速: 0.6 m/s, 風級: 1, 風向角度: 14.5, 風向: 北北東
2025-07-10 15:55:30 - ModbusReader - INFO - 風速: 0.6 m/s, 風級: 1, 風向角度: 14.5, 風向: 北北東
2025-07-10 15:56:00 - ModbusReader - INFO - 風速: 0.0 m/s, 風級: 0, 風向角度: 299.4, 風向: 西北西
2025-07-10 15:56:01 - ModbusReader - INFO - 風速: 0.0 m/s, 風級: 0, 風向角度: 299.4, 風向: 西北西
2025-07-10 15:56:32 - ModbusReader - INFO - 風速: 0.5 m/s, 風級: 1, 風向角度: 302.6, 風向: 西北西
2025-07-10 15:56:32 - ModbusReader - INFO - 風速: 0.5 m/s, 風級: 1, 風向角度: 302.6, 風向: 西北西
2025-07-10 15:57:03 - ModbusReader - INFO - 風速: 0.0 m/s, 風級: 0, 風向角度: 314.0, 風向: 西北
2025-07-10 15:57:03 - ModbusReader - INFO - 風速: 0.0 m/s, 風級: 0, 風向角度: 314.0, 風向: 西北
2025-07-10 15:57:34 - ModbusReader - INFO - 風速: 1.1 m/s, 風級: 1, 風向角度: 240.3, 風向: 西南西
2025-07-10 15:57:35 - ModbusReader - INFO - 風速: 1.1 m/s, 風級: 1, 風向角度: 240.3, 風向: 西南西
2025-07-10 15:58:05 - ModbusReader - INFO - 風速: 0.5 m/s, 風級: 1, 風向角度: 90.0, 風向: 東
2025-07-10 15:58:06 - ModbusReader - INFO - 風速: 0.5 m/s, 風級: 1, 風向角度: 90.0, 風向: 東
2025-07-10 15:58:36 - ModbusReader - INFO - 風速: 0.0 m/s, 風級: 0, 風向角度: 308.1, 風向: 西北
2025-07-10 15:58:37 - ModbusReader - INFO - 風速: 0.0 m/s, 風級: 0, 風向角度: 308.1, 風向: 西北
2025-07-10 15:59:08 - ModbusReader - INFO - 風速: 0.0 m/s, 風級: 0, 風向角度: 305.0, 風向: 西北
2025-07-10 15:59:08 - ModbusReader - INFO - 風速: 0.0 m/s, 風級: 0, 風向角度: 191.9, 風向: 南南西
2025-07-10 15:59:39 - ModbusReader - INFO - 風速: 0.3 m/s, 風級: 1, 風向角度: 103.2, 風向: 東南東
2025-07-10 15:59:39 - ModbusReader - INFO - 風速: 0.3 m/s, 風級: 1, 風向角度: 103.2, 風向: 東南東
2025-07-10 16:00:10 - ModbusReader - INFO - 風速: 0.0 m/s, 風級: 0, 風向角度: 9.5, 風向: 北
2025-07-10 16:00:11 - ModbusReader - INFO - 風速: 0.0 m/s, 風級: 0, 風向角度: 9.5, 風向: 北
2025-07-10 16:00:41 - ModbusReader - INFO - 風速: 0.4 m/s, 風級: 1, 風向角度: 125.7, 風向: 東南
2025-07-10 16:00:42 - ModbusReader - INFO - 風速: 0.4 m/s, 風級: 1, 風向角度: 125.7, 風向: 東南
2025-07-10 16:01:12 - ModbusReader - INFO - 風速: 0.0 m/s, 風級: 0, 風向角度: 196.4, 風向: 南南西
2025-07-10 16:01:13 - ModbusReader - INFO - 風速: 0.0 m/s, 風級: 0, 風向角度: 196.4, 風向: 南南西
2025-07-10 16:01:44 - ModbusReader - INFO - 風速: 0.0 m/s, 風級: 0, 風向角度: 95.8, 風向: 東
2025-07-10 16:01:44 - ModbusReader - INFO - 風速: 0.0 m/s, 風級: 0, 風向角度: 95.8, 風向: 東
2025-07-10 16:02:15 - ModbusReader - INFO - 風速: 0.0 m/s, 風級: 0, 風向角度: 253.2, 風向: 西南西
2025-07-10 16:02:15 - ModbusReader - INFO - 風速: 0.0 m/s, 風級: 0, 風向角度: 253.2, 風向: 西南西
2025-07-10 16:02:46 - ModbusReader - INFO - 風速: 0.0 m/s, 風級: 0, 風向角度: 15.9, 風向: 北北東
2025-07-10 16:02:47 - ModbusReader - INFO - 風速: 0.0 m/s, 風級: 0, 風向角度: 15.9, 風向: 北北東
2025-07-10 16:03:17 - ModbusReader - INFO - 風速: 0.0 m/s, 風級: 0, 風向角度: 194.8, 風向: 南南西
2025-07-10 16:03:18 - ModbusReader - INFO - 風速: 0.0 m/s, 風級: 0, 風向角度: 194.8, 風向: 南南西
2025-07-10 16:03:48 - ModbusReader - INFO - 風速: 0.0 m/s, 風級: 0, 風向角度: 337.1, 風向: 北北西
2025-07-10 16:03:49 - ModbusReader - INFO - 風速: 0.0 m/s, 風級: 0, 風向角度: 337.1, 風向: 北北西
2025-07-10 16:04:20 - ModbusReader - INFO - 風速: 0.0 m/s, 風級: 0, 風向角度: 351.7, 風向: 北
2025-07-10 16:04:20 - ModbusReader - INFO - 風速: 0.0 m/s, 風級: 0, 風向角度: 351.7, 風向: 北
2025-07-10 16:04:51 - ModbusReader - INFO - 風速: 0.0 m/s, 風級: 0, 風向角度: 76.6, 風向: 東北東
2025-07-10 16:04:51 - ModbusReader - INFO - 風速: 0.0 m/s, 風級: 0, 風向角度: 76.6, 風向: 東北東
2025-07-10 16:05:22 - ModbusReader - INFO - 風速: 0.0 m/s, 風級: 0, 風向角度: 49.1, 風向: 東北
2025-07-10 16:05:23 - ModbusReader - INFO - 風速: 0.0 m/s, 風級: 0, 風向角度: 49.1, 風向: 東北
2025-07-10 16:05:53 - ModbusReader - INFO - 風速: 0.0 m/s, 風級: 0, 風向角度: 191.3, 風向: 南南西
2025-07-10 16:05:54 - ModbusReader - INFO - 風速: 0.0 m/s, 風級: 0, 風向角度: 191.3, 風向: 南南西
2025-07-10 16:06:24 - ModbusReader - INFO - 風速: 0.0 m/s, 風級: 0, 風向角度: 181.2, 風向: 南
2025-07-10 16:06:25 - ModbusReader - INFO - 風速: 0.0 m/s, 風級: 0, 風向角度: 317.8, 風向: 西北
2025-07-10 16:06:56 - ModbusReader - INFO - 風速: 0.0 m/s, 風級: 0, 風向角度: 7.5, 風向: 北
2025-07-10 16:06:56 - ModbusReader - INFO - 風速: 0.0 m/s, 風級: 0, 風向角度: 7.5, 風向: 北
2025-07-10 16:07:27 - ModbusReader - INFO - 風速: 0.0 m/s, 風級: 0, 風向角度: 190.7, 風向: 南
2025-07-10 16:07:27 - ModbusReader - INFO - 風速: 0.0 m/s, 風級: 0, 風向角度: 190.7, 風向: 南
2025-07-10 16:07:58 - ModbusReader - INFO - 風速: 0.1 m/s, 風級: 0, 風向角度: 98.5, 風向: 東
2025-07-10 16:07:59 - ModbusReader - INFO - 風速: 0.1 m/s, 風級: 0, 風向角度: 98.5, 風向: 東
2025-07-10 16:08:29 - ModbusReader - INFO - 風速: 0.8 m/s, 風級: 1, 風向角度: 221.4, 風向: 西南
2025-07-10 16:08:30 - ModbusReader - INFO - 風速: 0.8 m/s, 風級: 1, 風向角度: 221.4, 風向: 西南
2025-07-10 16:09:00 - ModbusReader - INFO - 風速: 0.6 m/s, 風級: 1, 風向角度: 162.3, 風向: 南南東
2025-07-10 16:09:01 - ModbusReader - INFO - 風速: 0.6 m/s, 風級: 1, 風向角度: 162.3, 風向: 南南東
2025-07-10 16:09:32 - ModbusReader - INFO - 風速: 0.4 m/s, 風級: 1, 風向角度: 311.2, 風向: 西北
2025-07-10 16:09:32 - ModbusReader - INFO - 風速: 0.4 m/s, 風級: 1, 風向角度: 311.2, 風向: 西北
2025-07-10 16:10:03 - ModbusReader - INFO - 風速: 0.3 m/s, 風級: 1, 風向角度: 201.5, 風向: 南南西
2025-07-10 16:10:03 - ModbusReader - INFO - 風速: 0.3 m/s, 風級: 1, 風向角度: 201.5, 風向: 南南西
2025-07-10 16:10:34 - ModbusReader - INFO - 風速: 0.7 m/s, 風級: 1, 風向角度: 319.4, 風向: 西北
2025-07-10 16:10:35 - ModbusReader - INFO - 風速: 0.7 m/s, 風級: 1, 風向角度: 319.4, 風向: 西北
2025-07-10 16:11:05 - ModbusReader - INFO - 風速: 0.5 m/s, 風級: 1, 風向角度: 113.0, 風向: 東南東
2025-07-10 16:11:06 - ModbusReader - INFO - 風速: 0.5 m/s, 風級: 1, 風向角度: 113.0, 風向: 東南東
2025-07-10 16:11:36 - ModbusReader - INFO - 風速: 0.4 m/s, 風級: 1, 風向角度: 161.6, 風向: 南南東
2025-07-10 16:11:37 - ModbusReader - INFO - 風速: 0.4 m/s, 風級: 1, 風向角度: 161.6, 風向: 南南東
2025-07-10 16:12:08 - ModbusReader - INFO - 風速: 0.5 m/s, 風級: 1, 風向角度: 346.0, 風向: 北北西
2025-07-10 16:12:08 - ModbusReader - INFO - 風速: 0.5 m/s, 風級: 1, 風向角度: 346.0, 風向: 北北西
2025-07-10 16:12:39 - ModbusReader - INFO - 風速: 0.6 m/s, 風級: 1, 風向角度: 158.8, 風向: 南南東
2025-07-10 16:12:39 - ModbusReader - INFO - 風速: 0.6 m/s, 風級: 1, 風向角度: 158.8, 風向: 南南東
2025-07-10 16:13:10 - ModbusReader - INFO - 風速: 0.5 m/s, 風級: 1, 風向角度: 218.1, 風向: 西南
2025-07-10 16:13:11 - ModbusReader - INFO - 風速: 0.5 m/s, 風級: 1, 風向角度: 218.1, 風向: 西南
2025-07-10 16:13:41 - ModbusReader - INFO - 風速: 0.0 m/s, 風級: 0, 風向角度: 181.8, 風向: 南
2025-07-10 16:13:42 - ModbusReader - INFO - 風速: 0.0 m/s, 風級: 0, 風向角度: 181.8, 風向: 南
2025-07-10 16:14:12 - ModbusReader - INFO - 風速: 0.0 m/s, 風級: 0, 風向角度: 95.4, 風向: 東
2025-07-10 16:14:13 - ModbusReader - INFO - 風速: 0.0 m/s, 風級: 0, 風向角度: 95.4, 風向: 東
2025-07-10 16:14:44 - ModbusReader - INFO - 風速: 0.0 m/s, 風級: 0, 風向角度: 174.4, 風向: 南
2025-07-10 16:14:44 - ModbusReader - INFO - 風速: 0.0 m/s, 風級: 0, 風向角度: 174.4, 風向: 南
2025-07-10 16:15:15 - ModbusReader - INFO - 風速: 0.4 m/s, 風級: 1, 風向角度: 359.7, 風向: 北
2025-07-10 16:15:15 - ModbusReader - INFO - 風速: 0.4 m/s, 風級: 1, 風向角度: 359.7, 風向: 北
2025-07-10 16:15:46 - ModbusReader - INFO - 風速: 0.0 m/s, 風級: 0, 風向角度: 336.8, 風向: 北北西
2025-07-10 16:15:47 - ModbusReader - INFO - 風速: 0.0 m/s, 風級: 0, 風向角度: 336.8, 風向: 北北西
2025-07-10 16:16:17 - ModbusReader - INFO - 風速: 0.0 m/s, 風級: 0, 風向角度: 293.5, 風向: 西北西
2025-07-10 16:16:18 - ModbusReader - INFO - 風速: 0.0 m/s, 風級: 0, 風向角度: 293.5, 風向: 西北西
2025-07-10 16:16:48 - ModbusReader - INFO - 風速: 0.0 m/s, 風級: 0, 風向角度: 352.8, 風向: 北
2025-07-10 16:16:49 - ModbusReader - INFO - 風速: 0.0 m/s, 風級: 0, 風向角度: 352.8, 風向: 北
2025-07-10 16:17:20 - ModbusReader - INFO - 風速: 0.0 m/s, 風級: 0, 風向角度: 36.1, 風向: 東北
2025-07-10 16:17:20 - ModbusReader - INFO - 風速: 0.0 m/s, 風級: 0, 風向角度: 36.1, 風向: 東北
2025-07-10 16:17:51 - ModbusReader - INFO - 風速: 0.0 m/s, 風級: 0, 風向角度: 292.9, 風向: 西北西
2025-07-10 16:17:51 - ModbusReader - INFO - 風速: 0.0 m/s, 風級: 0, 風向角度: 292.9, 風向: 西北西
2025-07-10 16:18:22 - ModbusReader - INFO - 風速: 0.0 m/s, 風級: 0, 風向角度: 162.6, 風向: 南南東
2025-07-10 16:18:23 - ModbusReader - INFO - 風速: 0.0 m/s, 風級: 0, 風向角度: 162.6, 風向: 南南東
2025-07-10 16:18:53 - ModbusReader - INFO - 風速: 0.0 m/s, 風級: 0, 風向角度: 109.3, 風向: 東南東
2025-07-10 16:18:54 - ModbusReader - INFO - 風速: 0.0 m/s, 風級: 0, 風向角度: 109.3, 風向: 東南東
2025-07-10 16:19:24 - ModbusReader - INFO - 風速: 0.0 m/s, 風級: 0, 風向角度: 137.0, 風向: 東南
2025-07-10 16:19:25 - ModbusReader - INFO - 風速: 0.0 m/s, 風級: 0, 風向角度: 137.0, 風向: 東南
2025-07-10 16:19:55 - ModbusReader - INFO - 風速: 0.0 m/s, 風級: 0, 風向角度: 23.6, 風向: 北北東
2025-07-10 16:19:56 - ModbusReader - INFO - 風速: 0.0 m/s, 風級: 0, 風向角度: 23.6, 風向: 北北東
2025-07-10 16:20:27 - ModbusReader - INFO - 風速: 0.6 m/s, 風級: 1, 風向角度: 183.7, 風向: 南
2025-07-10 16:20:27 - ModbusReader - INFO - 風速: 0.6 m/s, 風級: 1, 風向角度: 183.7, 風向: 南
2025-07-10 16:20:58 - ModbusReader - INFO - 風速: 0.0 m/s, 風級: 0, 風向角度: 194.5, 風向: 南南西
2025-07-10 16:20:58 - ModbusReader - INFO - 風速: 0.0 m/s, 風級: 0, 風向角度: 194.5, 風向: 南南西
2025-07-10 16:21:29 - ModbusReader - INFO - 風速: 0.0 m/s, 風級: 0, 風向角度: 195.3, 風向: 南南西
2025-07-10 16:21:30 - ModbusReader - INFO - 風速: 0.0 m/s, 風級: 0, 風向角度: 195.3, 風向: 南南西
2025-07-10 16:22:00 - ModbusReader - INFO - 風速: 0.4 m/s, 風級: 1, 風向角度: 327.4, 風向: 北北西
2025-07-10 16:22:01 - ModbusReader - INFO - 風速: 0.4 m/s, 風級: 1, 風向角度: 327.4, 風向: 北北西
2025-07-10 16:22:31 - ModbusReader - INFO - 風速: 0.4 m/s, 風級: 1, 風向角度: 87.4, 風向: 東
2025-07-10 16:22:32 - ModbusReader - INFO - 風速: 0.4 m/s, 風級: 1, 風向角度: 87.4, 風向: 東
2025-07-10 16:23:03 - ModbusReader - INFO - 風速: 0.5 m/s, 風級: 1, 風向角度: 140.8, 風向: 東南
2025-07-10 16:23:03 - ModbusReader - INFO - 風速: 0.5 m/s, 風級: 1, 風向角度: 140.8, 風向: 東南
2025-07-10 16:23:34 - ModbusReader - INFO - 風速: 0.6 m/s, 風級: 1, 風向角度: 271.6, 風向: 西
2025-07-10 16:23:34 - ModbusReader - INFO - 風速: 0.6 m/s, 風級: 1, 風向角度: 271.6, 風向: 西
2025-07-10 16:24:05 - ModbusReader - INFO - 風速: 0.6 m/s, 風級: 1, 風向角度: 293.7, 風向: 西北西
2025-07-10 16:24:06 - ModbusReader - INFO - 風速: 0.6 m/s, 風級: 1, 風向角度: 293.7, 風向: 西北西
2025-07-10 16:24:36 - ModbusReader - INFO - 風速: 0.7 m/s, 風級: 1, 風向角度: 309.0, 風向: 西北
2025-07-10 16:24:37 - ModbusReader - INFO - 風速: 0.7 m/s, 風級: 1, 風向角度: 309.0, 風向: 西北
2025-07-10 16:25:07 - ModbusReader - INFO - 風速: 0.3 m/s, 風級: 1, 風向角度: 57.2, 風向: 東北東
2025-07-10 16:25:08 - ModbusReader - INFO - 風速: 0.3 m/s, 風級: 1, 風向角度: 57.2, 風向: 東北東
2025-07-10 16:25:39 - ModbusReader - INFO - 風速: 0.4 m/s, 風級: 1, 風向角度: 175.8, 風向: 南
2025-07-10 16:25:39 - ModbusReader - INFO - 風速: 0.4 m/s, 風級: 1, 風向角度: 175.8, 風向: 南
2025-07-10 16:26:10 - ModbusReader - INFO - 風速: 0.4 m/s, 風級: 1, 風向角度: 289.6, 風向: 西北西
2025-07-10 16:26:10 - ModbusReader - INFO - 風速: 0.4 m/s, 風級: 1, 風向角度: 289.6, 風向: 西北西
2025-07-10 16:26:41 - ModbusReader - INFO - 風速: 0.2 m/s, 風級: 0, 風向角度: 354.5, 風向: 北
2025-07-10 16:26:42 - ModbusReader - INFO - 風速: 0.2 m/s, 風級: 0, 風向角度: 354.5, 風向: 北
2025-07-10 16:27:12 - ModbusReader - INFO - 風速: 0.0 m/s, 風級: 0, 風向角度: 207.9, 風向: 南南西
2025-07-10 16:27:13 - ModbusReader - INFO - 風速: 0.0 m/s, 風級: 0, 風向角度: 207.9, 風向: 南南西
2025-07-10 16:27:43 - ModbusReader - INFO - 風速: 1.1 m/s, 風級: 1, 風向角度: 110.5, 風向: 東南東
2025-07-10 16:27:44 - ModbusReader - INFO - 風速: 1.2 m/s, 風級: 1, 風向角度: 199.2, 風向: 南南西
2025-07-10 16:28:15 - ModbusReader - INFO - 風速: 0.5 m/s, 風級: 1, 風向角度: 268.2, 風向: 西
2025-07-10 16:28:15 - ModbusReader - INFO - 風速: 0.5 m/s, 風級: 1, 風向角度: 268.2, 風向: 西
2025-07-10 16:28:46 - ModbusReader - INFO - 風速: 0.6 m/s, 風級: 1, 風向角度: 209.3, 風向: 南南西
2025-07-10 16:28:46 - ModbusReader - INFO - 風速: 0.6 m/s, 風級: 1, 風向角度: 209.3, 風向: 南南西
2025-07-10 16:29:17 - ModbusReader - INFO - 風速: 0.7 m/s, 風級: 1, 風向角度: 52.0, 風向: 東北
2025-07-10 16:29:18 - ModbusReader - INFO - 風速: 0.7 m/s, 風級: 1, 風向角度: 52.0, 風向: 東北
2025-07-10 16:29:48 - ModbusReader - INFO - 風速: 0.5 m/s, 風級: 1, 風向角度: 66.8, 風向: 東北東
2025-07-10 16:29:49 - ModbusReader - INFO - 風速: 0.5 m/s, 風級: 1, 風向角度: 66.8, 風向: 東北東
2025-07-10 16:30:19 - ModbusReader - INFO - 風速: 0.4 m/s, 風級: 1, 風向角度: 181.9, 風向: 南
2025-07-10 16:30:20 - ModbusReader - INFO - 風速: 0.4 m/s, 風級: 1, 風向角度: 181.9, 風向: 南
2025-07-10 16:30:51 - ModbusReader - INFO - 風速: 0.4 m/s, 風級: 1, 風向角度: 71.9, 風向: 東北東
2025-07-10 16:30:51 - ModbusReader - INFO - 風速: 0.4 m/s, 風級: 1, 風向角度: 71.9, 風向: 東北東
2025-07-10 16:31:22 - ModbusReader - INFO - 風速: 0.5 m/s, 風級: 1, 風向角度: 36.3, 風向: 東北
2025-07-10 16:31:22 - ModbusReader - INFO - 風速: 0.5 m/s, 風級: 1, 風向角度: 36.3, 風向: 東北
2025-07-10 16:31:53 - ModbusReader - INFO - 風速: 0.4 m/s, 風級: 1, 風向角度: 62.3, 風向: 東北東
2025-07-10 16:31:54 - ModbusReader - INFO - 風速: 0.4 m/s, 風級: 1, 風向角度: 62.3, 風向: 東北東
2025-07-10 16:32:24 - ModbusReader - INFO - 風速: 0.7 m/s, 風級: 1, 風向角度: 94.3, 風向: 東
2025-07-10 16:32:25 - ModbusReader - INFO - 風速: 0.7 m/s, 風級: 1, 風向角度: 94.3, 風向: 東
2025-07-10 16:32:55 - ModbusReader - INFO - 風速: 0.7 m/s, 風級: 1, 風向角度: 47.5, 風向: 東北
2025-07-10 16:32:56 - ModbusReader - INFO - 風速: 0.7 m/s, 風級: 1, 風向角度: 47.5, 風向: 東北
2025-07-10 16:33:27 - ModbusReader - INFO - 風速: 0.7 m/s, 風級: 1, 風向角度: 167.9, 風向: 南南東
2025-07-10 16:33:27 - ModbusReader - INFO - 風速: 0.7 m/s, 風級: 1, 風向角度: 167.9, 風向: 南南東
2025-07-10 16:33:58 - ModbusReader - INFO - 風速: 0.5 m/s, 風級: 1, 風向角度: 210.3, 風向: 南南西
2025-07-10 16:33:58 - ModbusReader - INFO - 風速: 0.5 m/s, 風級: 1, 風向角度: 210.3, 風向: 南南西
2025-07-10 16:34:29 - ModbusReader - INFO - 風速: 0.4 m/s, 風級: 1, 風向角度: 113.5, 風向: 東南東
2025-07-10 16:34:30 - ModbusReader - INFO - 風速: 0.4 m/s, 風級: 1, 風向角度: 113.5, 風向: 東南東
2025-07-10 16:35:00 - ModbusReader - INFO - 風速: 0.0 m/s, 風級: 0, 風向角度: 67.8, 風向: 東北東
2025-07-10 16:35:01 - ModbusReader - INFO - 風速: 0.0 m/s, 風級: 0, 風向角度: 120.4, 風向: 東南東
2025-07-10 16:35:31 - ModbusReader - INFO - 風速: 0.7 m/s, 風級: 1, 風向角度: 333.2, 風向: 北北西
2025-07-10 16:35:32 - ModbusReader - INFO - 風速: 0.7 m/s, 風級: 1, 風向角度: 333.2, 風向: 北北西
2025-07-10 16:36:03 - ModbusReader - INFO - 風速: 0.7 m/s, 風級: 1, 風向角度: 328.7, 風向: 北北西
2025-07-10 16:36:03 - ModbusReader - INFO - 風速: 0.7 m/s, 風級: 1, 風向角度: 328.7, 風向: 北北西
2025-07-10 16:36:34 - ModbusReader - INFO - 風速: 0.8 m/s, 風級: 1, 風向角度: 60.9, 風向: 東北東
2025-07-10 16:36:34 - ModbusReader - INFO - 風速: 0.8 m/s, 風級: 1, 風向角度: 60.9, 風向: 東北東
2025-07-10 16:37:05 - ModbusReader - INFO - 風速: 0.9 m/s, 風級: 1, 風向角度: 159.0, 風向: 南南東
2025-07-10 16:37:06 - ModbusReader - INFO - 風速: 0.9 m/s, 風級: 1, 風向角度: 159.0, 風向: 南南東
2025-07-10 16:37:36 - ModbusReader - INFO - 風速: 0.9 m/s, 風級: 1, 風向角度: 81.3, 風向: 東
2025-07-10 16:37:37 - ModbusReader - INFO - 風速: 0.9 m/s, 風級: 1, 風向角度: 81.3, 風向: 東
2025-07-10 16:38:07 - ModbusReader - INFO - 風速: 0.6 m/s, 風級: 1, 風向角度: 145.0, 風向: 東南
2025-07-10 16:38:08 - ModbusReader - INFO - 風速: 0.6 m/s, 風級: 1, 風向角度: 145.0, 風向: 東南
2025-07-10 16:38:39 - ModbusReader - INFO - 風速: 0.6 m/s, 風級: 1, 風向角度: 141.8, 風向: 東南
2025-07-10 16:38:39 - ModbusReader - INFO - 風速: 0.6 m/s, 風級: 1, 風向角度: 141.8, 風向: 東南
2025-07-10 16:39:10 - ModbusReader - INFO - 風速: 0.6 m/s, 風級: 1, 風向角度: 61.7, 風向: 東北東
2025-07-10 16:39:10 - ModbusReader - INFO - 風速: 0.6 m/s, 風級: 1, 風向角度: 61.7, 風向: 東北東
2025-07-10 16:39:41 - ModbusReader - INFO - 風速: 0.2 m/s, 風級: 0, 風向角度: 255.3, 風向: 西南西
2025-07-10 16:39:42 - ModbusReader - INFO - 風速: 0.2 m/s, 風級: 0, 風向角度: 255.3, 風向: 西南西
2025-07-10 16:40:12 - ModbusReader - INFO - 風速: 0.5 m/s, 風級: 1, 風向角度: 295.9, 風向: 西北西
2025-07-10 16:40:13 - ModbusReader - INFO - 風速: 0.5 m/s, 風級: 1, 風向角度: 295.9, 風向: 西北西
2025-07-10 16:40:43 - ModbusReader - INFO - 風速: 0.6 m/s, 風級: 1, 風向角度: 115.1, 風向: 東南東
2025-07-10 16:40:44 - ModbusReader - INFO - 風速: 0.6 m/s, 風級: 1, 風向角度: 115.1, 風向: 東南東
2025-07-10 16:41:15 - ModbusReader - INFO - 風速: 1.1 m/s, 風級: 1, 風向角度: 122.5, 風向: 東南東
2025-07-10 16:41:15 - ModbusReader - INFO - 風速: 1.1 m/s, 風級: 1, 風向角度: 122.5, 風向: 東南東
2025-07-10 16:41:46 - ModbusReader - INFO - 風速: 0.7 m/s, 風級: 1, 風向角度: 164.2, 風向: 南南東
2025-07-10 16:41:46 - ModbusReader - INFO - 風速: 0.7 m/s, 風級: 1, 風向角度: 164.2, 風向: 南南東
2025-07-10 16:42:17 - ModbusReader - INFO - 風速: 0.5 m/s, 風級: 1, 風向角度: 171.3, 風向: 南
2025-07-10 16:42:18 - ModbusReader - INFO - 風速: 0.4 m/s, 風級: 1, 風向角度: 196.3, 風向: 南南西
2025-07-10 16:42:48 - ModbusReader - INFO - 風速: 0.3 m/s, 風級: 1, 風向角度: 149.5, 風向: 南南東
2025-07-10 16:42:49 - ModbusReader - INFO - 風速: 0.3 m/s, 風級: 1, 風向角度: 149.5, 風向: 南南東
2025-07-10 16:43:19 - ModbusReader - INFO - 風速: 0.6 m/s, 風級: 1, 風向角度: 6.1, 風向: 北
2025-07-10 16:43:20 - ModbusReader - INFO - 風速: 0.6 m/s, 風級: 1, 風向角度: 6.1, 風向: 北
2025-07-10 16:43:51 - ModbusReader - INFO - 風速: 0.4 m/s, 風級: 1, 風向角度: 14.6, 風向: 北北東
2025-07-10 16:43:51 - ModbusReader - INFO - 風速: 0.4 m/s, 風級: 1, 風向角度: 14.6, 風向: 北北東
2025-07-10 16:44:22 - ModbusReader - INFO - 風速: 0.6 m/s, 風級: 1, 風向角度: 196.0, 風向: 南南西
2025-07-10 16:44:22 - ModbusReader - INFO - 風速: 0.6 m/s, 風級: 1, 風向角度: 196.0, 風向: 南南西
2025-07-10 16:44:53 - ModbusReader - INFO - 風速: 0.8 m/s, 風級: 1, 風向角度: 241.7, 風向: 西南西
2025-07-10 16:44:54 - ModbusReader - INFO - 風速: 0.8 m/s, 風級: 1, 風向角度: 241.7, 風向: 西南西
2025-07-10 16:45:24 - ModbusReader - INFO - 風速: 0.4 m/s, 風級: 1, 風向角度: 85.2, 風向: 東
2025-07-10 16:45:25 - ModbusReader - INFO - 風速: 0.4 m/s, 風級: 1, 風向角度: 85.2, 風向: 東
2025-07-10 16:45:55 - ModbusReader - INFO - 風速: 0.0 m/s, 風級: 0, 風向角度: 41.7, 風向: 東北
2025-07-10 16:45:56 - ModbusReader - INFO - 風速: 0.0 m/s, 風級: 0, 風向角度: 41.7, 風向: 東北
2025-07-10 16:46:27 - ModbusReader - INFO - 風速: 0.7 m/s, 風級: 1, 風向角度: 16.7, 風向: 北北東
2025-07-10 16:46:27 - ModbusReader - INFO - 風速: 0.7 m/s, 風級: 1, 風向角度: 16.7, 風向: 北北東
2025-07-10 16:46:58 - ModbusReader - INFO - 風速: 0.4 m/s, 風級: 1, 風向角度: 205.4, 風向: 南南西
2025-07-10 16:46:58 - ModbusReader - INFO - 風速: 0.4 m/s, 風級: 1, 風向角度: 205.4, 風向: 南南西
2025-07-10 16:47:29 - ModbusReader - INFO - 風速: 0.4 m/s, 風級: 1, 風向角度: 11.0, 風向: 北
2025-07-10 16:47:30 - ModbusReader - INFO - 風速: 0.4 m/s, 風級: 1, 風向角度: 11.0, 風向: 北
2025-07-10 16:48:00 - ModbusReader - INFO - 風速: 0.7 m/s, 風級: 1, 風向角度: 16.1, 風向: 北北東
2025-07-10 16:48:01 - ModbusReader - INFO - 風速: 0.7 m/s, 風級: 1, 風向角度: 16.1, 風向: 北北東
2025-07-10 16:48:31 - ModbusReader - INFO - 風速: 0.5 m/s, 風級: 1, 風向角度: 51.0, 風向: 東北
2025-07-10 16:48:32 - ModbusReader - INFO - 風速: 0.5 m/s, 風級: 1, 風向角度: 51.0, 風向: 東北
2025-07-10 16:49:03 - ModbusReader - INFO - 風速: 0.5 m/s, 風級: 1, 風向角度: 121.6, 風向: 東南東
2025-07-10 16:49:03 - ModbusReader - INFO - 風速: 0.5 m/s, 風級: 1, 風向角度: 121.6, 風向: 東南東
2025-07-10 16:49:34 - ModbusReader - INFO - 風速: 0.0 m/s, 風級: 0, 風向角度: 156.1, 風向: 南南東
2025-07-10 16:49:34 - ModbusReader - INFO - 風速: 0.2 m/s, 風級: 0, 風向角度: 317.6, 風向: 西北
2025-07-10 16:50:05 - ModbusReader - INFO - 風速: 0.4 m/s, 風級: 1, 風向角度: 350.1, 風向: 北
2025-07-10 16:50:06 - ModbusReader - INFO - 風速: 0.4 m/s, 風級: 1, 風向角度: 350.1, 風向: 北
2025-07-10 16:50:36 - ModbusReader - INFO - 風速: 0.5 m/s, 風級: 1, 風向角度: 256.3, 風向: 西南西
2025-07-10 16:50:37 - ModbusReader - INFO - 風速: 0.5 m/s, 風級: 1, 風向角度: 256.3, 風向: 西南西
2025-07-10 16:51:07 - ModbusReader - INFO - 風速: 0.4 m/s, 風級: 1, 風向角度: 40.7, 風向: 東北
2025-07-10 16:51:08 - ModbusReader - INFO - 風速: 0.4 m/s, 風級: 1, 風向角度: 40.7, 風向: 東北
2025-07-10 16:51:39 - ModbusReader - INFO - 風速: 0.6 m/s, 風級: 1, 風向角度: 334.1, 風向: 北北西
2025-07-10 16:51:39 - ModbusReader - INFO - 風速: 0.6 m/s, 風級: 1, 風向角度: 334.1, 風向: 北北西
2025-07-10 16:52:10 - ModbusReader - INFO - 風速: 0.5 m/s, 風級: 1, 風向角度: 343.6, 風向: 北北西
2025-07-10 16:52:10 - ModbusReader - INFO - 風速: 0.5 m/s, 風級: 1, 風向角度: 343.6, 風向: 北北西
2025-07-10 16:52:41 - ModbusReader - INFO - 風速: 0.3 m/s, 風級: 1, 風向角度: 117.9, 風向: 東南東
2025-07-10 16:52:42 - ModbusReader - INFO - 風速: 0.3 m/s, 風級: 1, 風向角度: 117.9, 風向: 東南東
2025-07-10 16:53:12 - ModbusReader - INFO - 風速: 0.5 m/s, 風級: 1, 風向角度: 5.8, 風向: 北
2025-07-10 16:53:13 - ModbusReader - INFO - 風速: 0.5 m/s, 風級: 1, 風向角度: 5.8, 風向: 北
2025-07-10 16:53:43 - ModbusReader - INFO - 風速: 0.6 m/s, 風級: 1, 風向角度: 196.6, 風向: 南南西
2025-07-10 16:53:44 - ModbusReader - INFO - 風速: 0.6 m/s, 風級: 1, 風向角度: 196.6, 風向: 南南西
2025-07-10 16:54:15 - ModbusReader - INFO - 風速: 0.5 m/s, 風級: 1, 風向角度: 210.4, 風向: 南南西
2025-07-10 16:54:15 - ModbusReader - INFO - 風速: 0.5 m/s, 風級: 1, 風向角度: 210.4, 風向: 南南西
2025-07-10 16:54:46 - ModbusReader - INFO - 風速: 0.4 m/s, 風級: 1, 風向角度: 104.9, 風向: 東南東
2025-07-10 16:54:46 - ModbusReader - INFO - 風速: 0.4 m/s, 風級: 1, 風向角度: 104.9, 風向: 東南東
2025-07-10 16:55:17 - ModbusReader - INFO - 風速: 0.5 m/s, 風級: 1, 風向角度: 192.4, 風向: 南南西
2025-07-10 16:55:18 - ModbusReader - INFO - 風速: 0.5 m/s, 風級: 1, 風向角度: 192.4, 風向: 南南西
2025-07-10 16:55:48 - ModbusReader - INFO - 風速: 0.5 m/s, 風級: 1, 風向角度: 351.3, 風向: 北
2025-07-10 16:55:49 - ModbusReader - INFO - 風速: 0.5 m/s, 風級: 1, 風向角度: 351.3, 風向: 北
2025-07-10 16:56:19 - ModbusReader - INFO - 風速: 0.6 m/s, 風級: 1, 風向角度: 55.2, 風向: 東北
2025-07-10 16:56:20 - ModbusReader - INFO - 風速: 0.6 m/s, 風級: 1, 風向角度: 55.2, 風向: 東北
2025-07-10 16:56:51 - ModbusReader - INFO - 風速: 0.5 m/s, 風級: 1, 風向角度: 32.1, 風向: 北北東
2025-07-10 16:56:51 - ModbusReader - INFO - 風速: 0.4 m/s, 風級: 1, 風向角度: 355.0, 風向: 北
2025-07-10 16:57:22 - ModbusReader - INFO - 風速: 0.2 m/s, 風級: 0, 風向角度: 314.3, 風向: 西北
2025-07-10 16:57:22 - ModbusReader - INFO - 風速: 0.2 m/s, 風級: 0, 風向角度: 314.3, 風向: 西北
2025-07-10 16:57:53 - ModbusReader - INFO - 風速: 0.3 m/s, 風級: 1, 風向角度: 46.9, 風向: 東北
2025-07-10 16:57:54 - ModbusReader - INFO - 風速: 0.3 m/s, 風級: 1, 風向角度: 46.9, 風向: 東北
2025-07-10 16:58:24 - ModbusReader - INFO - 風速: 0.5 m/s, 風級: 1, 風向角度: 17.5, 風向: 北北東
2025-07-10 16:58:25 - ModbusReader - INFO - 風速: 0.5 m/s, 風級: 1, 風向角度: 17.5, 風向: 北北東
2025-07-10 16:58:55 - ModbusReader - INFO - 風速: 0.4 m/s, 風級: 1, 風向角度: 311.3, 風向: 西北
2025-07-10 16:58:56 - ModbusReader - INFO - 風速: 0.4 m/s, 風級: 1, 風向角度: 311.3, 風向: 西北
2025-07-10 16:59:27 - ModbusReader - INFO - 風速: 0.4 m/s, 風級: 1, 風向角度: 0.1, 風向: 北
2025-07-10 16:59:27 - ModbusReader - INFO - 風速: 0.4 m/s, 風級: 1, 風向角度: 0.1, 風向: 北
2025-07-10 16:59:58 - ModbusReader - INFO - 風速: 0.0 m/s, 風級: 0, 風向角度: 195.4, 風向: 南南西
2025-07-10 16:59:58 - ModbusReader - INFO - 風速: 0.0 m/s, 風級: 0, 風向角度: 195.4, 風向: 南南西
2025-07-10 17:00:29 - ModbusReader - INFO - 風速: 0.4 m/s, 風級: 1, 風向角度: 325.2, 風向: 西北
2025-07-10 17:00:30 - ModbusReader - INFO - 風速: 0.4 m/s, 風級: 1, 風向角度: 325.2, 風向: 西北
2025-07-10 17:01:00 - ModbusReader - INFO - 風速: 0.7 m/s, 風級: 1, 風向角度: 16.5, 風向: 北北東
2025-07-10 17:01:01 - ModbusReader - INFO - 風速: 0.7 m/s, 風級: 1, 風向角度: 16.5, 風向: 北北東
2025-07-10 17:01:31 - ModbusReader - INFO - 風速: 0.5 m/s, 風級: 1, 風向角度: 303.2, 風向: 西北西
2025-07-10 17:01:32 - ModbusReader - INFO - 風速: 0.5 m/s, 風級: 1, 風向角度: 303.2, 風向: 西北西
2025-07-10 17:02:03 - ModbusReader - INFO - 風速: 0.6 m/s, 風級: 1, 風向角度: 178.9, 風向: 南
2025-07-10 17:02:03 - ModbusReader - INFO - 風速: 0.6 m/s, 風級: 1, 風向角度: 178.9, 風向: 南
2025-07-10 17:02:34 - ModbusReader - INFO - 風速: 0.4 m/s, 風級: 1, 風向角度: 156.8, 風向: 南南東
2025-07-10 17:02:34 - ModbusReader - INFO - 風速: 0.4 m/s, 風級: 1, 風向角度: 156.8, 風向: 南南東
2025-07-10 17:03:05 - ModbusReader - INFO - 風速: 0.6 m/s, 風級: 1, 風向角度: 141.7, 風向: 東南
2025-07-10 17:03:06 - ModbusReader - INFO - 風速: 0.6 m/s, 風級: 1, 風向角度: 141.7, 風向: 東南
2025-07-10 17:03:36 - ModbusReader - INFO - 風速: 0.6 m/s, 風級: 1, 風向角度: 118.3, 風向: 東南東
2025-07-10 17:03:37 - ModbusReader - INFO - 風速: 0.6 m/s, 風級: 1, 風向角度: 118.3, 風向: 東南東
2025-07-10 17:04:07 - ModbusReader - INFO - 風速: 0.5 m/s, 風級: 1, 風向角度: 346.2, 風向: 北北西
2025-07-10 17:04:08 - ModbusReader - INFO - 風速: 0.5 m/s, 風級: 1, 風向角度: 210.0, 風向: 南南西
2025-07-10 17:04:39 - ModbusReader - INFO - 風速: 0.7 m/s, 風級: 1, 風向角度: 26.3, 風向: 北北東
2025-07-10 17:04:39 - ModbusReader - INFO - 風速: 0.7 m/s, 風級: 1, 風向角度: 26.3, 風向: 北北東
2025-07-10 17:05:10 - ModbusReader - INFO - 風速: 1.5 m/s, 風級: 1, 風向角度: 75.7, 風向: 東北東
2025-07-10 17:05:10 - ModbusReader - INFO - 風速: 1.5 m/s, 風級: 1, 風向角度: 75.7, 風向: 東北東
2025-07-10 17:05:41 - ModbusReader - INFO - 風速: 0.7 m/s, 風級: 1, 風向角度: 248.5, 風向: 西南西
2025-07-10 17:05:42 - ModbusReader - INFO - 風速: 0.7 m/s, 風級: 1, 風向角度: 248.5, 風向: 西南西
2025-07-10 17:06:12 - ModbusReader - INFO - 風速: 0.4 m/s, 風級: 1, 風向角度: 1.4, 風向: 北
2025-07-10 17:06:13 - ModbusReader - INFO - 風速: 0.4 m/s, 風級: 1, 風向角度: 1.4, 風向: 北
2025-07-10 17:06:43 - ModbusReader - INFO - 風速: 0.5 m/s, 風級: 1, 風向角度: 131.6, 風向: 東南
2025-07-10 17:06:44 - ModbusReader - INFO - 風速: 0.5 m/s, 風級: 1, 風向角度: 131.6, 風向: 東南
2025-07-10 17:07:15 - ModbusReader - INFO - 風速: 0.1 m/s, 風級: 0, 風向角度: 338.0, 風向: 北北西
2025-07-10 17:07:15 - ModbusReader - INFO - 風速: 0.1 m/s, 風級: 0, 風向角度: 338.0, 風向: 北北西
2025-07-10 17:07:46 - ModbusReader - INFO - 風速: 0.4 m/s, 風級: 1, 風向角度: 14.9, 風向: 北北東
2025-07-10 17:07:46 - ModbusReader - INFO - 風速: 0.4 m/s, 風級: 1, 風向角度: 14.9, 風向: 北北東
2025-07-10 17:08:17 - ModbusReader - INFO - 風速: 0.4 m/s, 風級: 1, 風向角度: 306.3, 風向: 西北
2025-07-10 17:08:18 - ModbusReader - INFO - 風速: 0.4 m/s, 風級: 1, 風向角度: 306.3, 風向: 西北
2025-07-10 17:08:48 - ModbusReader - INFO - 風速: 0.4 m/s, 風級: 1, 風向角度: 142.2, 風向: 東南
2025-07-10 17:08:49 - ModbusReader - INFO - 風速: 0.4 m/s, 風級: 1, 風向角度: 142.2, 風向: 東南
2025-07-10 17:09:19 - ModbusReader - INFO - 風速: 0.8 m/s, 風級: 1, 風向角度: 189.9, 風向: 南
2025-07-10 17:09:20 - ModbusReader - INFO - 風速: 0.8 m/s, 風級: 1, 風向角度: 189.9, 風向: 南
2025-07-10 17:09:51 - ModbusReader - INFO - 風速: 0.6 m/s, 風級: 1, 風向角度: 350.5, 風向: 北
2025-07-10 17:09:51 - ModbusReader - INFO - 風速: 0.6 m/s, 風級: 1, 風向角度: 350.5, 風向: 北
2025-07-10 17:10:22 - ModbusReader - INFO - 風速: 0.5 m/s, 風級: 1, 風向角度: 348.2, 風向: 北北西
2025-07-10 17:10:22 - ModbusReader - INFO - 風速: 0.5 m/s, 風級: 1, 風向角度: 348.2, 風向: 北北西
2025-07-10 17:10:53 - ModbusReader - INFO - 風速: 0.4 m/s, 風級: 1, 風向角度: 304.1, 風向: 西北
2025-07-10 17:10:54 - ModbusReader - INFO - 風速: 0.4 m/s, 風級: 1, 風向角度: 304.1, 風向: 西北
2025-07-10 17:11:24 - ModbusReader - INFO - 風速: 0.3 m/s, 風級: 1, 風向角度: 143.0, 風向: 東南
2025-07-10 17:11:25 - ModbusReader - INFO - 風速: 0.4 m/s, 風級: 1, 風向角度: 335.5, 風向: 北北西
2025-07-10 17:11:55 - ModbusReader - INFO - 風速: 0.3 m/s, 風級: 1, 風向角度: 55.0, 風向: 東北
2025-07-10 17:11:56 - ModbusReader - INFO - 風速: 0.3 m/s, 風級: 1, 風向角度: 55.0, 風向: 東北
2025-07-10 17:12:27 - ModbusReader - INFO - 風速: 0.4 m/s, 風級: 1, 風向角度: 103.1, 風向: 東南東
2025-07-10 17:12:27 - ModbusReader - INFO - 風速: 0.4 m/s, 風級: 1, 風向角度: 103.1, 風向: 東南東
2025-07-10 17:12:58 - ModbusReader - INFO - 風速: 0.4 m/s, 風級: 1, 風向角度: 135.6, 風向: 東南
2025-07-10 17:12:58 - ModbusReader - INFO - 風速: 0.4 m/s, 風級: 1, 風向角度: 135.6, 風向: 東南
2025-07-10 17:13:29 - ModbusReader - INFO - 風速: 0.5 m/s, 風級: 1, 風向角度: 184.1, 風向: 南
2025-07-10 17:13:30 - ModbusReader - INFO - 風速: 0.5 m/s, 風級: 1, 風向角度: 184.1, 風向: 南
2025-07-10 17:14:00 - ModbusReader - INFO - 風速: 0.9 m/s, 風級: 1, 風向角度: 101.7, 風向: 東南東
2025-07-10 17:14:01 - ModbusReader - INFO - 風速: 0.9 m/s, 風級: 1, 風向角度: 101.7, 風向: 東南東
2025-07-10 17:14:31 - ModbusReader - INFO - 風速: 0.7 m/s, 風級: 1, 風向角度: 91.4, 風向: 東
2025-07-10 17:14:32 - ModbusReader - INFO - 風速: 0.7 m/s, 風級: 1, 風向角度: 91.4, 風向: 東
2025-07-10 17:15:03 - ModbusReader - INFO - 風速: 0.6 m/s, 風級: 1, 風向角度: 95.8, 風向: 東
2025-07-10 17:15:03 - ModbusReader - INFO - 風速: 0.6 m/s, 風級: 1, 風向角度: 95.8, 風向: 東
2025-07-10 17:15:34 - ModbusReader - INFO - 風速: 0.5 m/s, 風級: 1, 風向角度: 279.5, 風向: 西
2025-07-10 17:15:34 - ModbusReader - INFO - 風速: 0.5 m/s, 風級: 1, 風向角度: 279.5, 風向: 西
2025-07-10 17:16:05 - ModbusReader - INFO - 風速: 0.4 m/s, 風級: 1, 風向角度: 78.5, 風向: 東北東
2025-07-10 17:16:06 - ModbusReader - INFO - 風速: 0.4 m/s, 風級: 1, 風向角度: 78.5, 風向: 東北東
2025-07-10 17:16:36 - ModbusReader - INFO - 風速: 0.7 m/s, 風級: 1, 風向角度: 334.0, 風向: 北北西
2025-07-10 17:16:37 - ModbusReader - INFO - 風速: 0.7 m/s, 風級: 1, 風向角度: 334.0, 風向: 北北西
2025-07-10 17:17:07 - ModbusReader - INFO - 風速: 0.4 m/s, 風級: 1, 風向角度: 295.7, 風向: 西北西
2025-07-10 17:17:08 - ModbusReader - INFO - 風速: 0.4 m/s, 風級: 1, 風向角度: 295.7, 風向: 西北西
2025-07-10 17:17:39 - ModbusReader - INFO - 風速: 0.4 m/s, 風級: 1, 風向角度: 304.7, 風向: 西北
2025-07-10 17:17:39 - ModbusReader - INFO - 風速: 0.4 m/s, 風級: 1, 風向角度: 304.7, 風向: 西北
2025-07-10 17:18:10 - ModbusReader - INFO - 風速: 0.4 m/s, 風級: 1, 風向角度: 286.9, 風向: 西北西
2025-07-10 17:18:10 - ModbusReader - INFO - 風速: 0.4 m/s, 風級: 1, 風向角度: 286.9, 風向: 西北西
2025-07-10 17:18:41 - ModbusReader - INFO - 風速: 0.7 m/s, 風級: 1, 風向角度: 109.5, 風向: 東南東
2025-07-10 17:18:42 - ModbusReader - INFO - 風速: 0.6 m/s, 風級: 1, 風向角度: 302.4, 風向: 西北西
2025-07-10 17:19:12 - ModbusReader - INFO - 風速: 0.5 m/s, 風級: 1, 風向角度: 239.1, 風向: 西南西
2025-07-10 17:19:13 - ModbusReader - INFO - 風速: 0.5 m/s, 風級: 1, 風向角度: 239.1, 風向: 西南西
2025-07-10 17:19:43 - ModbusReader - INFO - 風速: 0.2 m/s, 風級: 0, 風向角度: 252.8, 風向: 西南西
2025-07-10 17:19:44 - ModbusReader - INFO - 風速: 0.2 m/s, 風級: 0, 風向角度: 252.8, 風向: 西南西
2025-07-10 17:20:15 - ModbusReader - INFO - 風速: 0.4 m/s, 風級: 1, 風向角度: 334.0, 風向: 北北西
2025-07-10 17:20:15 - ModbusReader - INFO - 風速: 0.4 m/s, 風級: 1, 風向角度: 334.0, 風向: 北北西
2025-07-10 17:20:46 - ModbusReader - INFO - 風速: 0.7 m/s, 風級: 1, 風向角度: 193.3, 風向: 南南西
2025-07-10 17:20:46 - ModbusReader - INFO - 風速: 0.7 m/s, 風級: 1, 風向角度: 193.3, 風向: 南南西
2025-07-10 17:21:17 - ModbusReader - INFO - 風速: 0.5 m/s, 風級: 1, 風向角度: 308.6, 風向: 西北
2025-07-10 17:21:18 - ModbusReader - INFO - 風速: 0.5 m/s, 風級: 1, 風向角度: 308.6, 風向: 西北
2025-07-10 17:21:48 - ModbusReader - INFO - 風速: 0.5 m/s, 風級: 1, 風向角度: 353.5, 風向: 北
2025-07-10 17:21:49 - ModbusReader - INFO - 風速: 0.5 m/s, 風級: 1, 風向角度: 353.5, 風向: 北
2025-07-10 17:22:19 - ModbusReader - INFO - 風速: 0.5 m/s, 風級: 1, 風向角度: 176.8, 風向: 南
2025-07-10 17:22:20 - ModbusReader - INFO - 風速: 0.5 m/s, 風級: 1, 風向角度: 176.8, 風向: 南
2025-07-10 17:22:51 - ModbusReader - INFO - 風速: 0.7 m/s, 風級: 1, 風向角度: 236.8, 風向: 西南西
2025-07-10 17:22:51 - ModbusReader - INFO - 風速: 0.7 m/s, 風級: 1, 風向角度: 236.8, 風向: 西南西
2025-07-10 17:23:22 - ModbusReader - INFO - 風速: 0.5 m/s, 風級: 1, 風向角度: 89.7, 風向: 東
2025-07-10 17:23:22 - ModbusReader - INFO - 風速: 0.5 m/s, 風級: 1, 風向角度: 89.7, 風向: 東
2025-07-10 17:23:53 - ModbusReader - INFO - 風速: 0.4 m/s, 風級: 1, 風向角度: 301.8, 風向: 西北西
2025-07-10 17:23:54 - ModbusReader - INFO - 風速: 0.4 m/s, 風級: 1, 風向角度: 301.8, 風向: 西北西
2025-07-10 17:24:24 - ModbusReader - INFO - 風速: 0.4 m/s, 風級: 1, 風向角度: 204.5, 風向: 南南西
2025-07-10 17:24:25 - ModbusReader - INFO - 風速: 0.4 m/s, 風級: 1, 風向角度: 204.5, 風向: 南南西
2025-07-10 17:24:55 - ModbusReader - INFO - 風速: 0.5 m/s, 風級: 1, 風向角度: 195.9, 風向: 南南西
2025-07-10 17:24:56 - ModbusReader - INFO - 風速: 0.5 m/s, 風級: 1, 風向角度: 195.9, 風向: 南南西
2025-07-10 17:25:27 - ModbusReader - INFO - 風速: 0.7 m/s, 風級: 1, 風向角度: 91.0, 風向: 東
2025-07-10 17:25:27 - ModbusReader - INFO - 風速: 0.7 m/s, 風級: 1, 風向角度: 91.0, 風向: 東
2025-07-10 17:25:58 - ModbusReader - INFO - 風速: 0.5 m/s, 風級: 1, 風向角度: 121.1, 風向: 東南東
2025-07-10 17:25:58 - ModbusReader - INFO - 風速: 0.5 m/s, 風級: 1, 風向角度: 51.6, 風向: 東北
2025-07-10 17:26:29 - ModbusReader - INFO - 風速: 0.4 m/s, 風級: 1, 風向角度: 104.8, 風向: 東南東
2025-07-10 17:26:30 - ModbusReader - INFO - 風速: 0.4 m/s, 風級: 1, 風向角度: 104.8, 風向: 東南東
2025-07-10 17:27:00 - ModbusReader - INFO - 風速: 0.5 m/s, 風級: 1, 風向角度: 210.7, 風向: 南南西
2025-07-10 17:27:01 - ModbusReader - INFO - 風速: 0.5 m/s, 風級: 1, 風向角度: 210.7, 風向: 南南西
2025-07-10 17:27:31 - ModbusReader - INFO - 風速: 0.4 m/s, 風級: 1, 風向角度: 343.0, 風向: 北北西
2025-07-10 17:27:32 - ModbusReader - INFO - 風速: 0.4 m/s, 風級: 1, 風向角度: 343.0, 風向: 北北西
2025-07-10 17:28:03 - ModbusReader - INFO - 風速: 0.9 m/s, 風級: 1, 風向角度: 117.8, 風向: 東南東
2025-07-10 17:28:03 - ModbusReader - INFO - 風速: 0.9 m/s, 風級: 1, 風向角度: 117.8, 風向: 東南東
2025-07-10 17:28:34 - ModbusReader - INFO - 風速: 0.5 m/s, 風級: 1, 風向角度: 24.7, 風向: 北北東
2025-07-10 17:28:34 - ModbusReader - INFO - 風速: 0.5 m/s, 風級: 1, 風向角度: 24.7, 風向: 北北東
2025-07-10 17:29:05 - ModbusReader - INFO - 風速: 0.4 m/s, 風級: 1, 風向角度: 321.9, 風向: 西北
2025-07-10 17:29:06 - ModbusReader - INFO - 風速: 0.4 m/s, 風級: 1, 風向角度: 321.9, 風向: 西北
2025-07-10 17:29:36 - ModbusReader - INFO - 風速: 0.3 m/s, 風級: 1, 風向角度: 30.6, 風向: 北北東
2025-07-10 17:29:37 - ModbusReader - INFO - 風速: 0.3 m/s, 風級: 1, 風向角度: 30.6, 風向: 北北東
2025-07-10 17:30:07 - ModbusReader - INFO - 風速: 0.4 m/s, 風級: 1, 風向角度: 30.5, 風向: 北北東
2025-07-10 17:30:08 - ModbusReader - INFO - 風速: 0.4 m/s, 風級: 1, 風向角度: 30.5, 風向: 北北東
2025-07-10 17:30:39 - ModbusReader - INFO - 風速: 0.7 m/s, 風級: 1, 風向角度: 281.7, 風向: 西北西
2025-07-10 17:30:39 - ModbusReader - INFO - 風速: 0.7 m/s, 風級: 1, 風向角度: 281.7, 風向: 西北西
2025-07-10 17:31:10 - ModbusReader - INFO - 風速: 0.5 m/s, 風級: 1, 風向角度: 68.6, 風向: 東北東
2025-07-10 17:31:10 - ModbusReader - INFO - 風速: 0.5 m/s, 風級: 1, 風向角度: 68.6, 風向: 東北東
2025-07-10 17:31:41 - ModbusReader - INFO - 風速: 0.5 m/s, 風級: 1, 風向角度: 230.1, 風向: 西南
2025-07-10 17:31:42 - ModbusReader - INFO - 風速: 0.5 m/s, 風級: 1, 風向角度: 230.1, 風向: 西南
2025-07-10 17:32:12 - ModbusReader - INFO - 風速: 0.5 m/s, 風級: 1, 風向角度: 279.1, 風向: 西
2025-07-10 17:32:13 - ModbusReader - INFO - 風速: 0.5 m/s, 風級: 1, 風向角度: 279.1, 風向: 西
2025-07-10 17:32:43 - ModbusReader - INFO - 風速: 0.4 m/s, 風級: 1, 風向角度: 244.5, 風向: 西南西
2025-07-10 17:32:44 - ModbusReader - INFO - 風速: 0.4 m/s, 風級: 1, 風向角度: 244.5, 風向: 西南西
2025-07-10 17:33:15 - ModbusReader - INFO - 風速: 0.4 m/s, 風級: 1, 風向角度: 336.2, 風向: 北北西
2025-07-10 17:33:15 - ModbusReader - INFO - 風速: 0.7 m/s, 風級: 1, 風向角度: 118.1, 風向: 東南東
2025-07-10 17:33:46 - ModbusReader - INFO - 風速: 0.4 m/s, 風級: 1, 風向角度: 35.6, 風向: 東北
2025-07-10 17:33:46 - ModbusReader - INFO - 風速: 0.4 m/s, 風級: 1, 風向角度: 35.6, 風向: 東北
2025-07-10 17:34:17 - ModbusReader - INFO - 風速: 0.4 m/s, 風級: 1, 風向角度: 346.4, 風向: 北北西
2025-07-10 17:34:18 - ModbusReader - INFO - 風速: 0.4 m/s, 風級: 1, 風向角度: 346.4, 風向: 北北西
2025-07-10 17:34:48 - ModbusReader - INFO - 風速: 0.4 m/s, 風級: 1, 風向角度: 352.8, 風向: 北
2025-07-10 17:34:49 - ModbusReader - INFO - 風速: 0.4 m/s, 風級: 1, 風向角度: 352.8, 風向: 北
2025-07-10 17:35:19 - ModbusReader - INFO - 風速: 0.7 m/s, 風級: 1, 風向角度: 297.9, 風向: 西北西
2025-07-10 17:35:20 - ModbusReader - INFO - 風速: 0.7 m/s, 風級: 1, 風向角度: 297.9, 風向: 西北西
2025-07-10 17:35:51 - ModbusReader - INFO - 風速: 0.7 m/s, 風級: 1, 風向角度: 252.7, 風向: 西南西
2025-07-10 17:35:51 - ModbusReader - INFO - 風速: 0.7 m/s, 風級: 1, 風向角度: 252.7, 風向: 西南西
2025-07-10 17:36:22 - ModbusReader - INFO - 風速: 0.6 m/s, 風級: 1, 風向角度: 74.0, 風向: 東北東
2025-07-10 17:36:22 - ModbusReader - INFO - 風速: 0.6 m/s, 風級: 1, 風向角度: 74.0, 風向: 東北東
2025-07-10 17:36:53 - ModbusReader - INFO - 風速: 0.5 m/s, 風級: 1, 風向角度: 208.2, 風向: 南南西
2025-07-10 17:36:54 - ModbusReader - INFO - 風速: 0.5 m/s, 風級: 1, 風向角度: 208.2, 風向: 南南西
2025-07-10 17:37:24 - ModbusReader - INFO - 風速: 0.5 m/s, 風級: 1, 風向角度: 126.4, 風向: 東南
2025-07-10 17:37:25 - ModbusReader - INFO - 風速: 0.5 m/s, 風級: 1, 風向角度: 126.4, 風向: 東南
2025-07-10 17:37:55 - ModbusReader - INFO - 風速: 0.7 m/s, 風級: 1, 風向角度: 33.8, 風向: 東北
2025-07-10 17:37:56 - ModbusReader - INFO - 風速: 0.7 m/s, 風級: 1, 風向角度: 33.8, 風向: 東北
2025-07-10 17:38:27 - ModbusReader - INFO - 風速: 0.2 m/s, 風級: 0, 風向角度: 14.4, 風向: 北北東
2025-07-10 17:38:27 - ModbusReader - INFO - 風速: 0.2 m/s, 風級: 0, 風向角度: 14.4, 風向: 北北東
2025-07-10 17:38:58 - ModbusReader - INFO - 風速: 0.1 m/s, 風級: 0, 風向角度: 147.1, 風向: 南南東
2025-07-10 17:38:58 - ModbusReader - INFO - 風速: 0.1 m/s, 風級: 0, 風向角度: 147.1, 風向: 南南東
2025-07-10 17:39:29 - ModbusReader - INFO - 風速: 0.2 m/s, 風級: 0, 風向角度: 262.9, 風向: 西
2025-07-10 17:39:30 - ModbusReader - INFO - 風速: 0.2 m/s, 風級: 0, 風向角度: 262.9, 風向: 西
2025-07-10 17:40:00 - ModbusReader - INFO - 風速: 0.4 m/s, 風級: 1, 風向角度: 14.6, 風向: 北北東
2025-07-10 17:40:01 - ModbusReader - INFO - 風速: 0.4 m/s, 風級: 1, 風向角度: 14.6, 風向: 北北東
2025-07-10 17:40:31 - ModbusReader - INFO - 風速: 0.0 m/s, 風級: 0, 風向角度: 211.4, 風向: 南南西
2025-07-10 17:40:32 - ModbusReader - INFO - 風速: 0.0 m/s, 風級: 0, 風向角度: 211.4, 風向: 南南西
2025-07-10 17:41:03 - ModbusReader - INFO - 風速: 0.2 m/s, 風級: 0, 風向角度: 220.2, 風向: 西南
2025-07-10 17:41:03 - ModbusReader - INFO - 風速: 0.2 m/s, 風級: 0, 風向角度: 220.2, 風向: 西南
2025-07-10 17:41:34 - ModbusReader - INFO - 風速: 0.7 m/s, 風級: 1, 風向角度: 261.8, 風向: 西
2025-07-10 17:41:34 - ModbusReader - INFO - 風速: 0.7 m/s, 風級: 1, 風向角度: 261.8, 風向: 西
2025-07-10 17:42:05 - ModbusReader - INFO - 風速: 0.5 m/s, 風級: 1, 風向角度: 135.7, 風向: 東南
2025-07-10 17:42:06 - ModbusReader - INFO - 風速: 0.5 m/s, 風級: 1, 風向角度: 135.7, 風向: 東南
2025-07-10 17:42:36 - ModbusReader - INFO - 風速: 0.6 m/s, 風級: 1, 風向角度: 314.1, 風向: 西北
2025-07-10 17:42:37 - ModbusReader - INFO - 風速: 0.6 m/s, 風級: 1, 風向角度: 314.1, 風向: 西北
2025-07-10 17:43:07 - ModbusReader - INFO - 風速: 0.4 m/s, 風級: 1, 風向角度: 346.9, 風向: 北北西
2025-07-10 17:43:08 - ModbusReader - INFO - 風速: 0.4 m/s, 風級: 1, 風向角度: 346.9, 風向: 北北西
2025-07-10 17:43:39 - ModbusReader - INFO - 風速: 0.0 m/s, 風級: 0, 風向角度: 23.9, 風向: 北北東
2025-07-10 17:43:39 - ModbusReader - INFO - 風速: 0.0 m/s, 風級: 0, 風向角度: 23.9, 風向: 北北東
2025-07-10 17:44:10 - ModbusReader - INFO - 風速: 0.4 m/s, 風級: 1, 風向角度: 255.2, 風向: 西南西
2025-07-10 17:44:10 - ModbusReader - INFO - 風速: 0.4 m/s, 風級: 1, 風向角度: 255.2, 風向: 西南西
2025-07-10 17:44:41 - ModbusReader - INFO - 風速: 0.8 m/s, 風級: 1, 風向角度: 302.1, 風向: 西北西
2025-07-10 17:44:42 - ModbusReader - INFO - 風速: 0.8 m/s, 風級: 1, 風向角度: 302.1, 風向: 西北西
2025-07-10 17:45:12 - ModbusReader - INFO - 風速: 0.5 m/s, 風級: 1, 風向角度: 249.4, 風向: 西南西
2025-07-10 17:45:13 - ModbusReader - INFO - 風速: 0.5 m/s, 風級: 1, 風向角度: 249.4, 風向: 西南西
2025-07-10 17:45:43 - ModbusReader - INFO - 風速: 0.4 m/s, 風級: 1, 風向角度: 65.8, 風向: 東北東
2025-07-10 17:45:44 - ModbusReader - INFO - 風速: 0.4 m/s, 風級: 1, 風向角度: 65.8, 風向: 東北東
2025-07-10 17:46:15 - ModbusReader - INFO - 風速: 0.4 m/s, 風級: 1, 風向角度: 286.1, 風向: 西北西
2025-07-10 17:46:15 - ModbusReader - INFO - 風速: 0.4 m/s, 風級: 1, 風向角度: 286.1, 風向: 西北西
2025-07-10 17:46:46 - ModbusReader - INFO - 風速: 0.4 m/s, 風級: 1, 風向角度: 3.1, 風向: 北
2025-07-10 17:46:46 - ModbusReader - INFO - 風速: 0.4 m/s, 風級: 1, 風向角度: 3.1, 風向: 北
2025-07-10 17:47:17 - ModbusReader - INFO - 風速: 0.5 m/s, 風級: 1, 風向角度: 8.0, 風向: 北
2025-07-10 17:47:18 - ModbusReader - INFO - 風速: 0.5 m/s, 風級: 1, 風向角度: 8.0, 風向: 北
2025-07-10 17:47:48 - ModbusReader - INFO - 風速: 0.5 m/s, 風級: 1, 風向角度: 159.2, 風向: 南南東
2025-07-10 17:47:49 - ModbusReader - INFO - 風速: 0.5 m/s, 風級: 1, 風向角度: 159.2, 風向: 南南東
2025-07-10 17:48:19 - ModbusReader - INFO - 風速: 0.1 m/s, 風級: 0, 風向角度: 165.3, 風向: 南南東
2025-07-10 17:48:20 - ModbusReader - INFO - 風速: 0.1 m/s, 風級: 0, 風向角度: 165.3, 風向: 南南東
2025-07-10 17:48:51 - ModbusReader - INFO - 風速: 0.5 m/s, 風級: 1, 風向角度: 81.3, 風向: 東
2025-07-10 17:48:51 - ModbusReader - INFO - 風速: 0.5 m/s, 風級: 1, 風向角度: 81.3, 風向: 東
2025-07-10 17:49:22 - ModbusReader - INFO - 風速: 0.4 m/s, 風級: 1, 風向角度: 209.0, 風向: 南南西
2025-07-10 17:49:22 - ModbusReader - INFO - 風速: 0.4 m/s, 風級: 1, 風向角度: 209.0, 風向: 南南西
2025-07-10 17:49:53 - ModbusReader - INFO - 風速: 0.7 m/s, 風級: 1, 風向角度: 17.0, 風向: 北北東
2025-07-10 17:49:54 - ModbusReader - INFO - 風速: 0.7 m/s, 風級: 1, 風向角度: 17.0, 風向: 北北東
2025-07-10 17:50:24 - ModbusReader - INFO - 風速: 0.0 m/s, 風級: 0, 風向角度: 337.9, 風向: 北北西
2025-07-10 17:50:25 - ModbusReader - INFO - 風速: 0.0 m/s, 風級: 0, 風向角度: 337.9, 風向: 北北西
2025-07-10 17:50:55 - ModbusReader - INFO - 風速: 0.4 m/s, 風級: 1, 風向角度: 214.5, 風向: 西南
2025-07-10 17:50:56 - ModbusReader - INFO - 風速: 0.4 m/s, 風級: 1, 風向角度: 214.5, 風向: 西南
2025-07-10 17:51:27 - ModbusReader - INFO - 風速: 0.4 m/s, 風級: 1, 風向角度: 52.7, 風向: 東北
2025-07-10 17:51:27 - ModbusReader - INFO - 風速: 0.4 m/s, 風級: 1, 風向角度: 52.7, 風向: 東北
2025-07-10 17:51:58 - ModbusReader - INFO - 風速: 0.2 m/s, 風級: 0, 風向角度: 343.8, 風向: 北北西
2025-07-10 17:51:58 - ModbusReader - INFO - 風速: 0.2 m/s, 風級: 0, 風向角度: 343.8, 風向: 北北西
2025-07-10 17:52:29 - ModbusReader - INFO - 風速: 0.9 m/s, 風級: 1, 風向角度: 111.7, 風向: 東南東
2025-07-10 17:52:30 - ModbusReader - INFO - 風速: 0.9 m/s, 風級: 1, 風向角度: 111.7, 風向: 東南東
2025-07-10 17:53:00 - ModbusReader - INFO - 風速: 0.5 m/s, 風級: 1, 風向角度: 34.1, 風向: 東北
2025-07-10 17:53:01 - ModbusReader - INFO - 風速: 0.5 m/s, 風級: 1, 風向角度: 34.1, 風向: 東北
2025-07-10 17:53:31 - ModbusReader - INFO - 風速: 0.5 m/s, 風級: 1, 風向角度: 138.1, 風向: 東南
2025-07-10 17:53:32 - ModbusReader - INFO - 風速: 0.5 m/s, 風級: 1, 風向角度: 138.1, 風向: 東南
2025-07-10 17:54:03 - ModbusReader - INFO - 風速: 0.4 m/s, 風級: 1, 風向角度: 27.8, 風向: 北北東
2025-07-10 17:54:03 - ModbusReader - INFO - 風速: 0.4 m/s, 風級: 1, 風向角度: 27.8, 風向: 北北東
2025-07-10 17:54:34 - ModbusReader - INFO - 風速: 0.5 m/s, 風級: 1, 風向角度: 169.0, 風向: 南
2025-07-10 17:54:34 - ModbusReader - INFO - 風速: 0.4 m/s, 風級: 1, 風向角度: 329.9, 風向: 北北西
2025-07-10 17:55:05 - ModbusReader - INFO - 風速: 0.0 m/s, 風級: 0, 風向角度: 133.2, 風向: 東南
2025-07-10 17:55:06 - ModbusReader - INFO - 風速: 0.0 m/s, 風級: 0, 風向角度: 133.2, 風向: 東南
2025-07-10 17:55:36 - ModbusReader - INFO - 風速: 0.0 m/s, 風級: 0, 風向角度: 26.2, 風向: 北北東
2025-07-10 17:55:37 - ModbusReader - INFO - 風速: 0.0 m/s, 風級: 0, 風向角度: 26.2, 風向: 北北東
2025-07-10 17:56:07 - ModbusReader - INFO - 風速: 0.0 m/s, 風級: 0, 風向角度: 141.4, 風向: 東南
2025-07-10 17:56:08 - ModbusReader - INFO - 風速: 0.0 m/s, 風級: 0, 風向角度: 141.4, 風向: 東南
2025-07-10 17:56:39 - ModbusReader - INFO - 風速: 0.0 m/s, 風級: 0, 風向角度: 112.8, 風向: 東南東
2025-07-10 17:56:39 - ModbusReader - INFO - 風速: 0.0 m/s, 風級: 0, 風向角度: 112.8, 風向: 東南東
2025-07-10 17:57:10 - ModbusReader - INFO - 風速: 0.0 m/s, 風級: 0, 風向角度: 5.1, 風向: 北
2025-07-10 17:57:10 - ModbusReader - INFO - 風速: 0.0 m/s, 風級: 0, 風向角度: 5.1, 風向: 北
2025-07-10 17:57:41 - ModbusReader - INFO - 風速: 0.0 m/s, 風級: 0, 風向角度: 214.9, 風向: 西南
2025-07-10 17:57:42 - ModbusReader - INFO - 風速: 0.0 m/s, 風級: 0, 風向角度: 214.9, 風向: 西南
2025-07-10 17:58:12 - ModbusReader - INFO - 風速: 0.0 m/s, 風級: 0, 風向角度: 335.8, 風向: 北北西
2025-07-10 17:58:13 - ModbusReader - INFO - 風速: 0.0 m/s, 風級: 0, 風向角度: 335.8, 風向: 北北西
2025-07-10 17:58:43 - ModbusReader - INFO - 風速: 0.0 m/s, 風級: 0, 風向角度: 163.5, 風向: 南南東
2025-07-10 17:58:44 - ModbusReader - INFO - 風速: 0.0 m/s, 風級: 0, 風向角度: 163.5, 風向: 南南東
2025-07-10 17:59:15 - ModbusReader - INFO - 風速: 0.1 m/s, 風級: 0, 風向角度: 156.0, 風向: 南南東
2025-07-10 17:59:15 - ModbusReader - INFO - 風速: 0.1 m/s, 風級: 0, 風向角度: 156.0, 風向: 南南東
2025-07-10 17:59:46 - ModbusReader - INFO - 風速: 0.0 m/s, 風級: 0, 風向角度: 338.4, 風向: 北北西
2025-07-10 17:59:46 - ModbusReader - INFO - 風速: 0.0 m/s, 風級: 0, 風向角度: 338.4, 風向: 北北西
