2025-07-24 16:21:54 - ModbusReader - ERROR - 讀取 Modbus 失敗: Modbus Error: [Input/Output] No response received after 3 retries, continue with next request
2025-08-20 15:08:40 - ModbusReader - INFO - 找到 風速計 設備: COM3
2025-08-20 15:09:00 - ModbusReader - INFO - 找到 風速計 設備: COM3
2025-08-20 15:09:00 - ModbusReader - INFO - 風速: 0.0 m/s, 風級: 0, 風向角度: 0.0, 風向: 北
2025-08-20 15:09:31 - ModbusReader - INFO - 找到 風速計 設備: COM3
2025-08-20 15:09:31 - ModbusReader - INFO - 風速: 0.0 m/s, 風級: 0, 風向角度: 0.0, 風向: 北
2025-08-20 15:09:36 - ModbusReader - INFO - 找到 風速計 設備: COM3
2025-08-20 15:09:36 - ModbusReader - INFO - 風速: 1.4 m/s, 風級: 1, 風向角度: 0.3, 風向: 北
2025-08-20 15:14:54 - ModbusReader - INFO - 找到 風速計 設備: COM3
2025-08-20 15:14:54 - ModbusReader - INFO - 風速: 1.0 m/s, 風級: 1, 風向角度: 130, 風向: 3
2025-08-20 15:15:14 - ModbusReader - INFO - 找到 風速計 設備: COM3
2025-08-20 15:15:14 - ModbusReader - INFO - 風速: 0.0 m/s, 風級: 0, 風向角度: 0, 風向: N
2025-08-20 15:15:20 - ModbusReader - INFO - 找到 風速計 設備: COM3
2025-08-20 15:15:20 - ModbusReader - INFO - 風速: 1.8 m/s, 風級: 2, 風向角度: 130, 風向: SE
2025-08-20 15:15:23 - ModbusReader - INFO - 找到 風速計 設備: COM3
2025-08-20 15:15:24 - ModbusReader - INFO - 風速: 1.9 m/s, 風級: 2, 風向角度: 131, 風向: SE
2025-08-20 15:15:27 - ModbusReader - INFO - 找到 風速計 設備: COM3
2025-08-20 15:15:27 - ModbusReader - INFO - 風速: 2.2 m/s, 風級: 2, 風向角度: 131, 風向: SE
2025-08-20 15:15:30 - ModbusReader - INFO - 找到 風速計 設備: COM3
2025-08-20 15:15:30 - ModbusReader - INFO - 風速: 2.2 m/s, 風級: 2, 風向角度: 132, 風向: SE
2025-08-20 15:15:33 - ModbusReader - INFO - 找到 風速計 設備: COM3
2025-08-20 15:15:34 - ModbusReader - INFO - 風速: 1.8 m/s, 風級: 2, 風向角度: 90, 風向: E
2025-08-20 15:26:15 - ModbusReader - INFO - 找到 風速計 設備: COM3
2025-08-20 15:26:20 - ModbusReader - ERROR - 讀取 Modbus 失敗: Modbus Error: [Input/Output] No response received after 3 retries, continue with next request
2025-08-20 15:43:56 - ModbusReader - INFO - 找到 風速計 設備: COM3
2025-08-20 15:43:56 - ModbusReader - INFO - 風速: 0.0 m/s, 風級: 0, 風向角度: 0, 風向: N
2025-08-20 15:44:34 - ModbusReader - INFO - 找到 風速計 設備: COM3
2025-08-20 15:44:34 - ModbusReader - INFO - 風速: 0.0 m/s, 風級: 0, 風向角度: 0, 風向: N, 濕度: 37.7%, 溫度: 27.6°C
2025-08-20 15:44:37 - ModbusReader - INFO - 找到 風速計 設備: COM3
2025-08-20 15:44:39 - ModbusReader - INFO - 風速: 0.0 m/s, 風級: 0, 風向角度: 0, 風向: N, 濕度: 37.6%, 溫度: 27.6°C
2025-08-20 15:46:56 - ModbusReader - INFO - 找到 風速計 設備: COM3
2025-08-20 15:46:58 - ModbusReader - INFO - 風速: 0.0 m/s, 風級: 0, 風向角度: 0, 風向: N, 濕度: 37.7%, 溫度: 27.6°C
2025-08-20 15:47:01 - ModbusReader - INFO - 找到 風速計 設備: COM3
2025-08-20 15:47:02 - ModbusReader - INFO - 風速: 0.0 m/s, 風級: 0, 風向角度: 0, 風向: N, 濕度: 37.7%, 溫度: 27.6°C
2025-08-20 15:47:15 - ModbusReader - INFO - 風速: 0.0 m/s, 風級: 0, 風向角度: 0, 風向: N, 濕度: 37.3%, 溫度: 27.6°C
2025-08-20 15:47:29 - ModbusReader - INFO - 風速: 0.0 m/s, 風級: 0, 風向角度: 0, 風向: N, 濕度: 37.3%, 溫度: 27.6°C
2025-08-20 15:47:51 - ModbusReader - INFO - 風速: 0.9 m/s, 風級: 1, 風向角度: 139, 風向: SE, 濕度: 37.7%, 溫度: 27.6°C
2025-08-20 15:48:04 - ModbusReader - INFO - 風速: 0.9 m/s, 風級: 1, 風向角度: 142, 風向: SE, 濕度: 37.7%, 溫度: 27.6°C
2025-08-20 15:49:35 - ModbusReader - INFO - 找到 風速計 設備: COM3
2025-08-20 15:49:37 - ModbusReader - INFO - 風速: 0.0 m/s, 風級: 0, 風向角度: 0, 風向: N, 濕度: 37.4%, 溫度: 27.6°C
2025-08-20 15:49:39 - ModbusReader - INFO - 找到 風速計 設備: COM3
2025-08-20 15:49:41 - ModbusReader - INFO - 風速: 0.0 m/s, 風級: 0, 風向角度: 0, 風向: N, 濕度: 37.4%, 溫度: 27.6°C
2025-08-20 15:49:43 - ModbusReader - INFO - 風速: 0.0 m/s, 風級: 0, 風向角度: 0, 風向: N, 濕度: 37.4%, 溫度: 27.6°C
2025-08-20 15:49:43 - ModbusReader - INFO - 風速: 0.0 m/s, 風級: 0, 風向角度: 0, 風向: N, 濕度: 37.4%, 溫度: 27.6°C
2025-08-20 15:49:43 - ModbusReader - INFO - 風速: 0.0 m/s, 風級: 0, 風向角度: 0, 風向: N, 濕度: 37.4%, 溫度: 27.6°C
2025-08-20 15:49:56 - ModbusReader - INFO - 風速: 0.0 m/s, 風級: 0, 風向角度: 0, 風向: N, 濕度: 37.4%, 溫度: 27.6°C
2025-08-20 15:49:57 - ModbusReader - INFO - 風速: 0.0 m/s, 風級: 0, 風向角度: 0, 風向: N, 濕度: 37.4%, 溫度: 27.6°C
2025-08-20 15:49:57 - ModbusReader - INFO - 風速: 0.0 m/s, 風級: 0, 風向角度: 0, 風向: N, 濕度: 37.4%, 溫度: 27.6°C
2025-08-20 15:49:57 - ModbusReader - INFO - 風速: 0.0 m/s, 風級: 0, 風向角度: 0, 風向: N, 濕度: 37.4%, 溫度: 27.6°C
2025-08-20 15:49:58 - ModbusReader - INFO - 風速: 0.0 m/s, 風級: 0, 風向角度: 0, 風向: N, 濕度: 37.4%, 溫度: 27.6°C
2025-08-20 15:49:58 - ModbusReader - INFO - 風速: 0.0 m/s, 風級: 0, 風向角度: 0, 風向: N, 濕度: 37.4%, 溫度: 27.6°C
2025-08-20 15:49:59 - ModbusReader - INFO - 風速: 0.0 m/s, 風級: 0, 風向角度: 0, 風向: N, 濕度: 37.4%, 溫度: 27.6°C
2025-08-20 15:50:22 - ModbusReader - INFO - 風速: 0.0 m/s, 風級: 0, 風向角度: 0, 風向: N, 濕度: 37.5%, 溫度: 27.6°C
2025-08-20 15:50:25 - ModbusReader - INFO - 風速: 0.0 m/s, 風級: 0, 風向角度: 0, 風向: N, 濕度: 37.5%, 溫度: 27.6°C
2025-08-20 15:50:29 - ModbusReader - INFO - 風速: 0.0 m/s, 風級: 0, 風向角度: 0, 風向: N, 濕度: 37.5%, 溫度: 27.6°C
2025-08-20 15:50:32 - ModbusReader - INFO - 風速: 0.0 m/s, 風級: 0, 風向角度: 0, 風向: N, 濕度: 37.6%, 溫度: 27.6°C
2025-08-20 15:50:36 - ModbusReader - INFO - 風速: 0.0 m/s, 風級: 0, 風向角度: 0, 風向: N, 濕度: 37.6%, 溫度: 27.6°C
2025-08-20 15:50:40 - ModbusReader - INFO - 風速: 0.0 m/s, 風級: 0, 風向角度: 0, 風向: N, 濕度: 37.7%, 溫度: 27.6°C
2025-08-20 15:50:44 - ModbusReader - INFO - 風速: 0.0 m/s, 風級: 0, 風向角度: 0, 風向: N, 濕度: 37.7%, 溫度: 27.6°C
2025-08-20 15:50:47 - ModbusReader - INFO - 風速: 0.0 m/s, 風級: 0, 風向角度: 0, 風向: N, 濕度: 37.8%, 溫度: 27.5°C
2025-08-20 15:50:52 - ModbusReader - INFO - 風速: 0.0 m/s, 風級: 0, 風向角度: 0, 風向: N, 濕度: 37.8%, 溫度: 27.5°C
2025-08-20 15:50:55 - ModbusReader - INFO - 風速: 0.0 m/s, 風級: 0, 風向角度: 0, 風向: N, 濕度: 37.8%, 溫度: 27.5°C
2025-08-20 15:50:59 - ModbusReader - INFO - 風速: 0.6 m/s, 風級: 1, 風向角度: 134, 風向: SE, 濕度: 37.8%, 溫度: 27.5°C
2025-08-20 15:51:03 - ModbusReader - INFO - 風速: 0.7 m/s, 風級: 1, 風向角度: 127, 風向: SE, 濕度: 37.8%, 溫度: 27.5°C
2025-08-20 15:51:07 - ModbusReader - INFO - 風速: 0.6 m/s, 風級: 1, 風向角度: 130, 風向: SE, 濕度: 37.8%, 溫度: 27.5°C
2025-08-20 15:51:10 - ModbusReader - INFO - 風速: 0.5 m/s, 風級: 1, 風向角度: 128, 風向: SE, 濕度: 37.7%, 溫度: 27.5°C
2025-08-20 15:51:15 - ModbusReader - INFO - 風速: 0.0 m/s, 風級: 0, 風向角度: 0, 風向: N, 濕度: 37.7%, 溫度: 27.5°C
2025-08-20 15:51:18 - ModbusReader - INFO - 風速: 0.0 m/s, 風級: 0, 風向角度: 0, 風向: N, 濕度: 37.7%, 溫度: 27.4°C
2025-08-20 15:51:22 - ModbusReader - INFO - 風速: 0.0 m/s, 風級: 0, 風向角度: 0, 風向: N, 濕度: 37.7%, 溫度: 27.4°C
2025-08-20 15:51:27 - ModbusReader - INFO - 風速: 0.0 m/s, 風級: 0, 風向角度: 0, 風向: N, 濕度: 37.8%, 溫度: 27.4°C
2025-08-20 15:51:30 - ModbusReader - INFO - 風速: 0.0 m/s, 風級: 0, 風向角度: 0, 風向: N, 濕度: 37.8%, 溫度: 27.4°C
2025-08-20 15:51:33 - ModbusReader - INFO - 風速: 0.0 m/s, 風級: 0, 風向角度: 0, 風向: N, 濕度: 37.7%, 溫度: 27.4°C
2025-08-20 15:51:38 - ModbusReader - INFO - 風速: 0.0 m/s, 風級: 0, 風向角度: 0, 風向: N, 濕度: 37.7%, 溫度: 27.4°C
2025-08-20 15:51:42 - ModbusReader - INFO - 風速: 0.0 m/s, 風級: 0, 風向角度: 0, 風向: N, 濕度: 37.9%, 溫度: 27.4°C
2025-08-20 15:51:46 - ModbusReader - INFO - 風速: 0.0 m/s, 風級: 0, 風向角度: 0, 風向: N, 濕度: 37.9%, 溫度: 27.4°C
2025-08-20 15:51:50 - ModbusReader - INFO - 風速: 0.0 m/s, 風級: 0, 風向角度: 0, 風向: N, 濕度: 38.1%, 溫度: 27.4°C
2025-08-20 15:51:53 - ModbusReader - INFO - 風速: 0.0 m/s, 風級: 0, 風向角度: 0, 風向: N, 濕度: 38.1%, 溫度: 27.4°C
2025-08-20 15:51:57 - ModbusReader - INFO - 風速: 0.5 m/s, 風級: 1, 風向角度: 90, 風向: E, 濕度: 38.3%, 溫度: 27.3°C
2025-08-20 15:52:02 - ModbusReader - INFO - 風速: 1.0 m/s, 風級: 1, 風向角度: 128, 風向: SE, 濕度: 38.3%, 溫度: 27.3°C
2025-08-20 15:52:05 - ModbusReader - INFO - 風速: 0.6 m/s, 風級: 1, 風向角度: 137, 風向: SE, 濕度: 38.5%, 溫度: 27.3°C
2025-08-20 15:52:09 - ModbusReader - INFO - 風速: 0.0 m/s, 風級: 0, 風向角度: 0, 風向: N, 濕度: 38.5%, 溫度: 27.3°C
2025-08-20 16:01:52 - ModbusReader - INFO - 找到 風速計 設備: COM3
2025-08-20 16:01:56 - ModbusReader - ERROR - 讀取 Modbus 失敗: Modbus Error: [Input/Output] No response received after 3 retries, continue with next request
2025-08-20 16:01:58 - ModbusReader - INFO - 找到 風速計 設備: COM3
2025-08-20 16:02:02 - ModbusReader - ERROR - 讀取 Modbus 失敗: Modbus Error: [Input/Output] No response received after 3 retries, continue with next request
2025-08-20 16:04:58 - ModbusReader - INFO - 找到 風速計 設備: COM3
2025-08-20 16:04:59 - ModbusReader - INFO - 風速: 0.0 m/s, 風級: 0, 風向角度: 0, 風向: N, 濕度: 0.0%, 溫度: 0.0°C
2025-08-20 16:05:09 - ModbusReader - INFO - 找到 風速計 設備: COM3
2025-08-20 16:05:10 - ModbusReader - INFO - 風速: 0.0 m/s, 風級: 0, 風向角度: 0, 風向: N, 濕度: 38.7%, 溫度: 27.1°C
2025-08-20 16:13:57 - ModbusReader - INFO - 找到 風速計 設備: COM3
2025-08-20 16:13:58 - ModbusReader - INFO - 風速: 0.0 m/s, 風級: 0, 風向角度: 0, 風向: N, 濕度: 72.4%, 溫度: 29.0°C
2025-08-20 16:14:02 - ModbusReader - INFO - 找到 風速計 設備: COM3
2025-08-20 16:14:04 - ModbusReader - INFO - 風速: 0.0 m/s, 風級: 0, 風向角度: 0, 風向: N, 濕度: 72.1%, 溫度: 29.0°C
2025-08-20 16:14:26 - ModbusReader - INFO - 風速: 0.0 m/s, 風級: 0, 風向角度: 0, 風向: N, 濕度: 71.8%, 溫度: 29.0°C
2025-08-20 16:14:30 - ModbusReader - INFO - 風速: 0.0 m/s, 風級: 0, 風向角度: 0, 風向: N, 濕度: 71.9%, 溫度: 29.1°C
2025-08-20 16:14:34 - ModbusReader - INFO - 風速: 0.0 m/s, 風級: 0, 風向角度: 0, 風向: N, 濕度: 71.9%, 溫度: 29.1°C
2025-08-20 16:14:37 - ModbusReader - INFO - 風速: 0.0 m/s, 風級: 0, 風向角度: 0, 風向: N, 濕度: 71.9%, 溫度: 29.1°C
2025-08-20 16:14:42 - ModbusReader - INFO - 風速: 0.0 m/s, 風級: 0, 風向角度: 0, 風向: N, 濕度: 71.9%, 溫度: 29.1°C
2025-08-20 16:14:45 - ModbusReader - INFO - 風速: 0.0 m/s, 風級: 0, 風向角度: 0, 風向: N, 濕度: 71.9%, 溫度: 29.1°C
2025-08-20 16:14:49 - ModbusReader - INFO - 風速: 0.0 m/s, 風級: 0, 風向角度: 0, 風向: N, 濕度: 71.9%, 溫度: 29.1°C
2025-08-20 16:15:09 - ModbusReader - INFO - 風速: 0.0 m/s, 風級: 0, 風向角度: 0, 風向: N, 濕度: 72.1%, 溫度: 29.2°C
2025-08-20 16:15:15 - ModbusReader - INFO - 風速: 0.0 m/s, 風級: 0, 風向角度: 0, 風向: N, 濕度: 71.9%, 溫度: 29.2°C
2025-08-20 16:15:20 - ModbusReader - INFO - 風速: 0.0 m/s, 風級: 0, 風向角度: 0, 風向: N, 濕度: 71.9%, 溫度: 29.2°C
2025-08-20 16:15:26 - ModbusReader - INFO - 風速: 0.0 m/s, 風級: 0, 風向角度: 0, 風向: N, 濕度: 71.9%, 溫度: 29.2°C
2025-08-20 16:15:33 - ModbusReader - INFO - 風速: 0.0 m/s, 風級: 0, 風向角度: 0, 風向: N, 濕度: 71.9%, 溫度: 29.2°C
2025-08-20 16:15:39 - ModbusReader - INFO - 風速: 0.0 m/s, 風級: 0, 風向角度: 0, 風向: N, 濕度: 71.8%, 溫度: 29.2°C
2025-08-20 16:15:45 - ModbusReader - INFO - 風速: 0.0 m/s, 風級: 0, 風向角度: 0, 風向: N, 濕度: 71.7%, 溫度: 29.2°C
2025-08-20 16:15:52 - ModbusReader - INFO - 風速: 0.0 m/s, 風級: 0, 風向角度: 0, 風向: N, 濕度: 71.9%, 溫度: 29.3°C
2025-08-20 16:15:58 - ModbusReader - INFO - 風速: 0.0 m/s, 風級: 0, 風向角度: 0, 風向: N, 濕度: 71.9%, 溫度: 29.3°C
2025-08-20 16:16:04 - ModbusReader - INFO - 風速: 0.0 m/s, 風級: 0, 風向角度: 0, 風向: N, 濕度: 71.9%, 溫度: 29.3°C
2025-08-20 16:16:10 - ModbusReader - INFO - 風速: 0.0 m/s, 風級: 0, 風向角度: 0, 風向: N, 濕度: 72.4%, 溫度: 29.3°C
2025-08-20 16:16:16 - ModbusReader - INFO - 風速: 0.0 m/s, 風級: 0, 風向角度: 0, 風向: N, 濕度: 72.6%, 溫度: 29.3°C
2025-08-20 16:16:22 - ModbusReader - INFO - 風速: 0.0 m/s, 風級: 0, 風向角度: 0, 風向: N, 濕度: 72.6%, 溫度: 29.3°C
2025-08-20 16:16:29 - ModbusReader - INFO - 風速: 0.0 m/s, 風級: 0, 風向角度: 0, 風向: N, 濕度: 72.0%, 溫度: 29.3°C
2025-08-20 16:16:35 - ModbusReader - INFO - 風速: 0.0 m/s, 風級: 0, 風向角度: 0, 風向: N, 濕度: 71.6%, 溫度: 29.3°C
2025-08-20 16:16:41 - ModbusReader - INFO - 風速: 0.0 m/s, 風級: 0, 風向角度: 0, 風向: N, 濕度: 71.8%, 溫度: 29.3°C
2025-08-20 16:16:47 - ModbusReader - INFO - 風速: 0.0 m/s, 風級: 0, 風向角度: 0, 風向: N, 濕度: 72.2%, 溫度: 29.3°C
2025-08-20 16:16:54 - ModbusReader - INFO - 風速: 0.0 m/s, 風級: 0, 風向角度: 0, 風向: N, 濕度: 73.0%, 溫度: 29.4°C
2025-08-20 16:17:00 - ModbusReader - INFO - 風速: 0.0 m/s, 風級: 0, 風向角度: 0, 風向: N, 濕度: 73.0%, 溫度: 29.4°C
2025-08-20 16:17:06 - ModbusReader - INFO - 風速: 0.0 m/s, 風級: 0, 風向角度: 0, 風向: N, 濕度: 72.8%, 溫度: 29.4°C
2025-08-20 16:17:13 - ModbusReader - INFO - 風速: 0.0 m/s, 風級: 0, 風向角度: 0, 風向: N, 濕度: 72.6%, 溫度: 29.4°C
2025-08-20 16:17:47 - ModbusReader - INFO - 風速: 0.0 m/s, 風級: 0, 風向角度: 0, 風向: N, 濕度: 70.9%, 溫度: 29.4°C
2025-08-20 16:17:55 - ModbusReader - INFO - 風速: 0.0 m/s, 風級: 0, 風向角度: 0, 風向: N, 濕度: 71.0%, 溫度: 29.4°C
2025-08-20 16:18:09 - ModbusReader - INFO - 風速: 0.0 m/s, 風級: 0, 風向角度: 0, 風向: N, 濕度: 71.4%, 溫度: 29.4°C
2025-08-20 16:18:32 - ModbusReader - INFO - 風速: 0.0 m/s, 風級: 0, 風向角度: 0, 風向: N, 濕度: 70.4%, 溫度: 29.5°C
2025-08-20 16:18:53 - ModbusReader - INFO - 風速: 0.0 m/s, 風級: 0, 風向角度: 0, 風向: N, 濕度: 70.4%, 溫度: 29.5°C
2025-08-20 16:19:18 - ModbusReader - INFO - 風速: 0.0 m/s, 風級: 0, 風向角度: 0, 風向: N, 濕度: 70.9%, 溫度: 29.5°C
2025-08-20 16:19:36 - ModbusReader - INFO - 風速: 0.0 m/s, 風級: 0, 風向角度: 0, 風向: N, 濕度: 71.0%, 溫度: 29.5°C
2025-08-20 16:19:57 - ModbusReader - INFO - 風速: 0.0 m/s, 風級: 0, 風向角度: 0, 風向: N, 濕度: 69.8%, 溫度: 29.6°C
2025-08-20 16:20:16 - ModbusReader - INFO - 風速: 0.0 m/s, 風級: 0, 風向角度: 0, 風向: N, 濕度: 69.2%, 溫度: 29.5°C
2025-08-20 16:20:29 - ModbusReader - INFO - 風速: 0.0 m/s, 風級: 0, 風向角度: 0, 風向: N, 濕度: 69.4%, 溫度: 29.6°C
2025-08-20 16:20:43 - ModbusReader - INFO - 風速: 0.0 m/s, 風級: 0, 風向角度: 0, 風向: N, 濕度: 69.2%, 溫度: 29.6°C
2025-08-20 16:20:52 - ModbusReader - INFO - 風速: 0.0 m/s, 風級: 0, 風向角度: 0, 風向: N, 濕度: 69.4%, 溫度: 29.6°C
2025-08-20 16:21:04 - ModbusReader - INFO - 風速: 0.0 m/s, 風級: 0, 風向角度: 0, 風向: N, 濕度: 69.0%, 溫度: 29.6°C
2025-08-20 16:21:23 - ModbusReader - INFO - 風速: 0.0 m/s, 風級: 0, 風向角度: 0, 風向: N, 濕度: 68.6%, 溫度: 29.6°C
2025-08-20 16:21:35 - ModbusReader - INFO - 風速: 0.0 m/s, 風級: 0, 風向角度: 0, 風向: N, 濕度: 68.8%, 溫度: 29.6°C
2025-08-20 16:21:52 - ModbusReader - INFO - 風速: 0.0 m/s, 風級: 0, 風向角度: 0, 風向: N, 濕度: 69.0%, 溫度: 29.6°C
2025-08-20 16:22:00 - ModbusReader - INFO - 風速: 0.0 m/s, 風級: 0, 風向角度: 0, 風向: N, 濕度: 68.9%, 溫度: 29.6°C
2025-08-20 16:22:11 - ModbusReader - INFO - 風速: 0.0 m/s, 風級: 0, 風向角度: 0, 風向: N, 濕度: 68.9%, 溫度: 29.6°C
2025-08-20 16:22:34 - ModbusReader - INFO - 風速: 0.0 m/s, 風級: 0, 風向角度: 0, 風向: N, 濕度: 68.2%, 溫度: 29.6°C
2025-08-20 16:22:54 - ModbusReader - INFO - 風速: 0.0 m/s, 風級: 0, 風向角度: 0, 風向: N, 濕度: 68.1%, 溫度: 29.6°C
2025-08-20 16:23:07 - ModbusReader - INFO - 風速: 0.0 m/s, 風級: 0, 風向角度: 0, 風向: N, 濕度: 68.1%, 溫度: 29.6°C
2025-08-20 16:23:18 - ModbusReader - INFO - 風速: 0.0 m/s, 風級: 0, 風向角度: 0, 風向: N, 濕度: 68.1%, 溫度: 29.6°C
2025-08-20 16:23:38 - ModbusReader - INFO - 風速: 0.0 m/s, 風級: 0, 風向角度: 0, 風向: N, 濕度: 68.5%, 溫度: 29.7°C
2025-08-20 16:23:55 - ModbusReader - INFO - 風速: 0.0 m/s, 風級: 0, 風向角度: 0, 風向: N, 濕度: 68.4%, 溫度: 29.7°C
2025-08-20 16:24:15 - ModbusReader - INFO - 風速: 0.0 m/s, 風級: 0, 風向角度: 0, 風向: N, 濕度: 69.7%, 溫度: 29.7°C
2025-08-20 16:24:30 - ModbusReader - INFO - 風速: 0.0 m/s, 風級: 0, 風向角度: 0, 風向: N, 濕度: 70.0%, 溫度: 29.7°C
2025-08-20 16:25:00 - ModbusReader - INFO - 風速: 0.0 m/s, 風級: 0, 風向角度: 0, 風向: N, 濕度: 70.8%, 溫度: 29.7°C
2025-08-20 16:25:20 - ModbusReader - INFO - 風速: 0.0 m/s, 風級: 0, 風向角度: 0, 風向: N, 濕度: 70.9%, 溫度: 29.7°C
2025-08-21 12:50:48 - ModbusReader - INFO - 找到 風速計 設備: COM3
2025-08-21 12:50:52 - ModbusReader - ERROR - 讀取 Modbus 失敗: Modbus Error: [Input/Output] No response received after 3 retries, continue with next request
2025-08-21 12:51:01 - ModbusReader - INFO - 找到 風速計 設備: COM3
2025-08-21 12:51:05 - ModbusReader - ERROR - 讀取 Modbus 失敗: Modbus Error: [Input/Output] No response received after 3 retries, continue with next request
2025-08-21 12:51:21 - ModbusReader - INFO - 找到 風速計 設備: COM3
2025-08-21 12:51:25 - ModbusReader - ERROR - 讀取 Modbus 失敗: Modbus Error: [Input/Output] No response received after 3 retries, continue with next request
2025-08-21 12:51:52 - ModbusReader - INFO - 找到 風速計 設備: COM3
2025-08-21 12:51:56 - ModbusReader - ERROR - 讀取 Modbus 失敗: Modbus Error: [Input/Output] No response received after 3 retries, continue with next request
2025-08-21 13:01:22 - ModbusReader - INFO - 找到 風速計 設備: COM3
2025-08-21 13:01:23 - ModbusReader - INFO - 風速: 0.0 m/s, 風級: 0, 風向角度: 0, 風向: N, 濕度: 37.6%, 溫度: 31.2°C
2025-08-21 13:01:28 - ModbusReader - INFO - 找到 風速計 設備: COM3
2025-08-21 13:01:29 - ModbusReader - INFO - 風速: 0.0 m/s, 風級: 0, 風向角度: 0, 風向: N, 濕度: 37.6%, 溫度: 31.2°C
2025-08-21 13:14:32 - ModbusReader - INFO - 找到 風速計 設備: COM3
2025-08-21 13:14:32 - ModbusReader - INFO - 風速: 0.0 m/s, 風級: 0, 風向角度: 0, 風向: N, 濕度: 44.5%, 溫度: 29.5°C
2025-08-21 13:14:35 - ModbusReader - INFO - 找到 風速計 設備: COM3
2025-08-21 13:14:36 - ModbusReader - INFO - 風速: 0.0 m/s, 風級: 0, 風向角度: 0, 風向: N, 濕度: 45.4%, 溫度: 29.5°C
2025-08-21 13:14:41 - ModbusReader - INFO - 找到 風速計 設備: COM3
2025-08-21 13:14:43 - ModbusReader - INFO - 風速: 0.0 m/s, 風級: 0, 風向角度: 0, 風向: N, 濕度: 45.2%, 溫度: 29.5°C
2025-08-25 12:41:26 - ModbusReader - INFO - 找到 風速計 設備: COM3
2025-08-25 12:41:27 - ModbusReader - INFO - 風速: 0.0 m/s, 風級: 0, 風向角度: 0, 風向: N, 濕度: 32.1%, 溫度: 29.0°C
2025-08-25 12:41:30 - ModbusReader - INFO - 風速: 0.0 m/s, 風級: 0, 風向角度: 0, 風向: N, 濕度: 32.1%, 溫度: 29.0°C
2025-08-25 12:41:32 - ModbusReader - INFO - 風速: 0.0 m/s, 風級: 0, 風向角度: 0, 風向: N, 濕度: 32.2%, 溫度: 28.9°C
2025-08-25 12:41:34 - ModbusReader - INFO - 風速: 0.0 m/s, 風級: 0, 風向角度: 0, 風向: N, 濕度: 32.2%, 溫度: 28.9°C
2025-08-25 12:41:37 - ModbusReader - INFO - 風速: 0.0 m/s, 風級: 0, 風向角度: 0, 風向: N, 濕度: 32.2%, 溫度: 28.9°C
2025-08-25 12:41:39 - ModbusReader - INFO - 風速: 0.0 m/s, 風級: 0, 風向角度: 0, 風向: N, 濕度: 32.2%, 溫度: 28.9°C
2025-08-25 12:41:40 - ModbusReader - INFO - 風速: 0.0 m/s, 風級: 0, 風向角度: 0, 風向: N, 濕度: 32.2%, 溫度: 28.9°C
2025-08-25 12:41:43 - ModbusReader - INFO - 風速: 0.0 m/s, 風級: 0, 風向角度: 0, 風向: N, 濕度: 32.2%, 溫度: 28.9°C
2025-08-25 12:41:45 - ModbusReader - INFO - 風速: 0.0 m/s, 風級: 0, 風向角度: 0, 風向: N, 濕度: 32.2%, 溫度: 28.9°C
2025-08-25 12:41:47 - ModbusReader - INFO - 風速: 0.0 m/s, 風級: 0, 風向角度: 0, 風向: N, 濕度: 32.3%, 溫度: 29.0°C
2025-08-25 12:41:50 - ModbusReader - INFO - 風速: 0.0 m/s, 風級: 0, 風向角度: 0, 風向: N, 濕度: 32.3%, 溫度: 29.0°C
2025-08-25 12:41:52 - ModbusReader - INFO - 風速: 0.0 m/s, 風級: 0, 風向角度: 0, 風向: N, 濕度: 32.3%, 溫度: 29.0°C
2025-08-25 12:41:54 - ModbusReader - INFO - 風速: 0.0 m/s, 風級: 0, 風向角度: 0, 風向: N, 濕度: 32.4%, 溫度: 29.0°C
2025-08-25 12:41:59 - ModbusReader - ERROR - 讀取 Modbus 失敗: Modbus Error: [Input/Output] No response received after 3 retries, continue with next request
2025-08-25 12:42:04 - ModbusReader - ERROR - 讀取 Modbus 失敗: Modbus Error: [Input/Output] No response received after 3 retries, continue with next request
2025-08-25 12:42:09 - ModbusReader - ERROR - 讀取 Modbus 失敗: Modbus Error: [Input/Output] No response received after 3 retries, continue with next request
2025-08-25 12:42:14 - ModbusReader - ERROR - 讀取 Modbus 失敗: Modbus Error: [Input/Output] No response received after 3 retries, continue with next request
2025-08-25 12:42:19 - ModbusReader - ERROR - 讀取 Modbus 失敗: Modbus Error: [Input/Output] No response received after 3 retries, continue with next request
2025-08-25 12:42:24 - ModbusReader - ERROR - 讀取 Modbus 失敗: Modbus Error: [Input/Output] No response received after 3 retries, continue with next request
2025-08-25 12:42:29 - ModbusReader - ERROR - 讀取 Modbus 失敗: Modbus Error: [Input/Output] No response received after 3 retries, continue with next request
2025-08-25 12:42:34 - ModbusReader - ERROR - 讀取 Modbus 失敗: Modbus Error: [Input/Output] ERROR: No response received of the last requests (default: retries+3), CLOSING CONNECTION.
2025-08-25 12:42:39 - ModbusReader - ERROR - 讀取 Modbus 失敗: Modbus Error: [Input/Output] ERROR: No response received of the last requests (default: retries+3), CLOSING CONNECTION.
2025-08-25 12:42:45 - ModbusReader - ERROR - 讀取 Modbus 失敗: Modbus Error: [Input/Output] ERROR: No response received of the last requests (default: retries+3), CLOSING CONNECTION.
2025-08-25 12:42:50 - ModbusReader - ERROR - 讀取 Modbus 失敗: Modbus Error: [Input/Output] ERROR: No response received of the last requests (default: retries+3), CLOSING CONNECTION.
2025-08-25 12:42:55 - ModbusReader - ERROR - 讀取 Modbus 失敗: Modbus Error: [Input/Output] ERROR: No response received of the last requests (default: retries+3), CLOSING CONNECTION.
2025-08-25 12:43:00 - ModbusReader - ERROR - 讀取 Modbus 失敗: Modbus Error: [Input/Output] ERROR: No response received of the last requests (default: retries+3), CLOSING CONNECTION.
2025-08-25 12:43:05 - ModbusReader - ERROR - 讀取 Modbus 失敗: Modbus Error: [Input/Output] ERROR: No response received of the last requests (default: retries+3), CLOSING CONNECTION.
2025-08-25 12:43:48 - ModbusReader - INFO - 找到 風速計 設備: COM3
2025-08-25 12:43:52 - ModbusReader - ERROR - 讀取 Modbus 失敗: Modbus Error: [Input/Output] No response received after 3 retries, continue with next request
2025-08-25 12:45:07 - ModbusReader - INFO - 找到 風速計 設備: COM3
2025-08-25 12:45:11 - ModbusReader - ERROR - 讀取 Modbus 失敗: Modbus Error: [Input/Output] No response received after 3 retries, continue with next request
2025-08-25 12:46:38 - ModbusReader - INFO - 找到 風速計 設備: COM3
2025-08-25 12:46:42 - ModbusReader - ERROR - 讀取 Modbus 失敗: Modbus Error: [Input/Output] No response received after 3 retries, continue with next request
2025-08-25 12:47:18 - ModbusReader - INFO - 找到 風速計 設備: COM3
2025-08-25 12:47:20 - ModbusReader - INFO - 風速: 0.0 m/s, 風級: 0, 風向角度: 0, 風向: N, 濕度: 1%, 溫度: 1°C
2025-08-25 12:47:21 - ModbusReader - INFO - 風速: 0.0 m/s, 風級: 0, 風向角度: 0, 風向: N, 濕度: 1%, 溫度: 1°C
2025-08-25 12:47:24 - ModbusReader - INFO - 風速: 0.0 m/s, 風級: 0, 風向角度: 0, 風向: N, 濕度: 1%, 溫度: 1°C
2025-08-25 12:47:26 - ModbusReader - INFO - 風速: 0.0 m/s, 風級: 0, 風向角度: 0, 風向: N, 濕度: 1%, 溫度: 1°C
2025-08-25 12:47:27 - ModbusReader - INFO - 風速: 0.0 m/s, 風級: 0, 風向角度: 0, 風向: N, 濕度: 1%, 溫度: 1°C
2025-08-25 12:47:28 - ModbusReader - INFO - 風速: 0.0 m/s, 風級: 0, 風向角度: 0, 風向: N, 濕度: 1%, 溫度: 1°C
2025-08-25 12:47:29 - ModbusReader - INFO - 風速: 0.0 m/s, 風級: 0, 風向角度: 0, 風向: N, 濕度: 1%, 溫度: 1°C
2025-08-25 12:47:30 - ModbusReader - INFO - 風速: 0.0 m/s, 風級: 0, 風向角度: 0, 風向: N, 濕度: 1%, 溫度: 1°C
2025-08-25 12:47:31 - ModbusReader - INFO - 風速: 0.0 m/s, 風級: 0, 風向角度: 0, 風向: N, 濕度: 1%, 溫度: 1°C
2025-08-25 12:47:33 - ModbusReader - INFO - 風速: 0.0 m/s, 風級: 0, 風向角度: 0, 風向: N, 濕度: 1%, 溫度: 1°C
2025-08-25 12:47:35 - ModbusReader - INFO - 風速: 0.0 m/s, 風級: 0, 風向角度: 0, 風向: N, 濕度: 1%, 溫度: 1°C
2025-08-25 12:47:36 - ModbusReader - INFO - 風速: 0.0 m/s, 風級: 0, 風向角度: 0, 風向: N, 濕度: 1%, 溫度: 1°C
2025-08-25 12:47:37 - ModbusReader - INFO - 風速: 0.0 m/s, 風級: 0, 風向角度: 0, 風向: N, 濕度: 1%, 溫度: 1°C
2025-08-25 12:47:38 - ModbusReader - INFO - 風速: 0.0 m/s, 風級: 0, 風向角度: 0, 風向: N, 濕度: 1%, 溫度: 1°C
2025-08-25 12:47:40 - ModbusReader - INFO - 風速: 0.0 m/s, 風級: 0, 風向角度: 0, 風向: N, 濕度: 1%, 溫度: 1°C
2025-08-25 12:47:41 - ModbusReader - INFO - 風速: 0.0 m/s, 風級: 0, 風向角度: 0, 風向: N, 濕度: 1%, 溫度: 1°C
2025-08-25 12:47:42 - ModbusReader - INFO - 風速: 0.0 m/s, 風級: 0, 風向角度: 0, 風向: N, 濕度: 1%, 溫度: 1°C
2025-08-25 12:47:43 - ModbusReader - INFO - 風速: 0.0 m/s, 風級: 0, 風向角度: 0, 風向: N, 濕度: 1%, 溫度: 1°C
2025-08-25 12:47:44 - ModbusReader - INFO - 風速: 0.0 m/s, 風級: 0, 風向角度: 0, 風向: N, 濕度: 1%, 溫度: 1°C
2025-08-25 12:47:45 - ModbusReader - INFO - 風速: 0.0 m/s, 風級: 0, 風向角度: 0, 風向: N, 濕度: 1%, 溫度: 1°C
2025-08-25 12:47:47 - ModbusReader - INFO - 風速: 0.0 m/s, 風級: 0, 風向角度: 0, 風向: N, 濕度: 1%, 溫度: 1°C
2025-08-25 12:47:49 - ModbusReader - INFO - 風速: 0.0 m/s, 風級: 0, 風向角度: 0, 風向: N, 濕度: 1%, 溫度: 1°C
2025-08-25 12:47:50 - ModbusReader - INFO - 風速: 0.0 m/s, 風級: 0, 風向角度: 0, 風向: N, 濕度: 1%, 溫度: 1°C
2025-08-25 12:47:55 - ModbusReader - ERROR - 讀取 Modbus 失敗: Modbus Error: [Input/Output] No response received after 3 retries, continue with next request
2025-08-25 12:48:00 - ModbusReader - ERROR - 讀取 Modbus 失敗: Modbus Error: [Input/Output] No response received after 3 retries, continue with next request
2025-08-25 12:59:09 - ModbusReader - INFO - 找到 風速計 設備: COM3
2025-08-25 12:59:13 - ModbusReader - ERROR - 讀取 Modbus 失敗: Modbus Error: [Input/Output] No response received after 3 retries, continue with next request
2025-08-25 12:59:20 - ModbusReader - INFO - 找到 風速計 設備: COM3
2025-08-25 12:59:24 - ModbusReader - ERROR - 讀取 Modbus 失敗: Modbus Error: [Input/Output] No response received after 3 retries, continue with next request
2025-08-25 12:59:52 - ModbusReader - INFO - 找到 風速計 設備: COM3
2025-08-25 12:59:52 - ModbusReader - INFO - 風速: 0.0 m/s, 風級: 0, 風向角度: 0, 風向: N, 濕度: 1%, 溫度: 1°C
2025-08-25 12:59:53 - ModbusReader - INFO - 風速: 0.0 m/s, 風級: 0, 風向角度: 0, 風向: N, 濕度: 1%, 溫度: 1°C
2025-08-25 12:59:54 - ModbusReader - INFO - 風速: 0.0 m/s, 風級: 0, 風向角度: 0, 風向: N, 濕度: 1%, 溫度: 1°C
2025-08-25 12:59:55 - ModbusReader - INFO - 風速: 0.0 m/s, 風級: 0, 風向角度: 0, 風向: N, 濕度: 1%, 溫度: 1°C
2025-08-25 12:59:56 - ModbusReader - INFO - 風速: 0.0 m/s, 風級: 0, 風向角度: 0, 風向: N, 濕度: 1%, 溫度: 1°C
2025-08-25 12:59:59 - ModbusReader - INFO - 風速: 0.0 m/s, 風級: 0, 風向角度: 0, 風向: N, 濕度: 1%, 溫度: 1°C
2025-08-25 13:00:00 - ModbusReader - INFO - 風速: 0.0 m/s, 風級: 0, 風向角度: 0, 風向: N, 濕度: 1%, 溫度: 1°C
2025-08-25 13:00:01 - ModbusReader - INFO - 風速: 0.0 m/s, 風級: 0, 風向角度: 0, 風向: N, 濕度: 1%, 溫度: 1°C
2025-08-25 13:00:02 - ModbusReader - INFO - 風速: 0.0 m/s, 風級: 0, 風向角度: 0, 風向: N, 濕度: 1%, 溫度: 1°C
2025-08-25 13:00:03 - ModbusReader - INFO - 風速: 0.0 m/s, 風級: 0, 風向角度: 0, 風向: N, 濕度: 1%, 溫度: 1°C
2025-08-25 13:00:05 - ModbusReader - INFO - 風速: 0.0 m/s, 風級: 0, 風向角度: 0, 風向: N, 濕度: 1%, 溫度: 1°C
2025-08-25 13:00:06 - ModbusReader - INFO - 風速: 0.0 m/s, 風級: 0, 風向角度: 0, 風向: N, 濕度: 1%, 溫度: 1°C
2025-08-25 13:00:07 - ModbusReader - INFO - 風速: 0.0 m/s, 風級: 0, 風向角度: 0, 風向: N, 濕度: 1%, 溫度: 1°C
2025-08-25 13:00:08 - ModbusReader - INFO - 風速: 0.0 m/s, 風級: 0, 風向角度: 0, 風向: N, 濕度: 1%, 溫度: 1°C
2025-08-25 13:00:09 - ModbusReader - INFO - 風速: 0.0 m/s, 風級: 0, 風向角度: 0, 風向: N, 濕度: 1%, 溫度: 1°C
2025-08-25 13:00:10 - ModbusReader - INFO - 風速: 0.0 m/s, 風級: 0, 風向角度: 0, 風向: N, 濕度: 1%, 溫度: 1°C
2025-08-25 13:00:12 - ModbusReader - INFO - 風速: 0.0 m/s, 風級: 0, 風向角度: 0, 風向: N, 濕度: 1%, 溫度: 1°C
2025-08-25 13:00:13 - ModbusReader - INFO - 風速: 0.0 m/s, 風級: 0, 風向角度: 0, 風向: N, 濕度: 1%, 溫度: 1°C
2025-08-25 13:00:14 - ModbusReader - INFO - 風速: 0.0 m/s, 風級: 0, 風向角度: 0, 風向: N, 濕度: 1%, 溫度: 1°C
2025-08-25 13:00:15 - ModbusReader - INFO - 風速: 0.0 m/s, 風級: 0, 風向角度: 0, 風向: N, 濕度: 1%, 溫度: 1°C
2025-08-25 13:00:16 - ModbusReader - INFO - 風速: 0.0 m/s, 風級: 0, 風向角度: 0, 風向: N, 濕度: 1%, 溫度: 1°C
2025-08-25 13:00:17 - ModbusReader - INFO - 風速: 0.0 m/s, 風級: 0, 風向角度: 0, 風向: N, 濕度: 1%, 溫度: 1°C
2025-08-25 13:00:19 - ModbusReader - INFO - 風速: 0.0 m/s, 風級: 0, 風向角度: 0, 風向: N, 濕度: 1%, 溫度: 1°C
2025-08-25 13:00:20 - ModbusReader - INFO - 風速: 0.0 m/s, 風級: 0, 風向角度: 0, 風向: N, 濕度: 1%, 溫度: 1°C
2025-08-25 13:00:21 - ModbusReader - INFO - 風速: 0.0 m/s, 風級: 0, 風向角度: 0, 風向: N, 濕度: 1%, 溫度: 1°C
2025-08-25 13:00:26 - ModbusReader - ERROR - 讀取 Modbus 失敗: Modbus Error: [Input/Output] No response received after 3 retries, continue with next request
2025-08-25 13:00:31 - ModbusReader - ERROR - 讀取 Modbus 失敗: Modbus Error: [Input/Output] No response received after 3 retries, continue with next request
2025-08-25 13:00:36 - ModbusReader - ERROR - 讀取 Modbus 失敗: Modbus Error: [Input/Output] No response received after 3 retries, continue with next request
2025-08-25 13:00:41 - ModbusReader - ERROR - 讀取 Modbus 失敗: Modbus Error: [Input/Output] No response received after 3 retries, continue with next request
2025-08-25 13:00:46 - ModbusReader - ERROR - 讀取 Modbus 失敗: Modbus Error: [Input/Output] No response received after 3 retries, continue with next request
2025-08-25 13:00:51 - ModbusReader - ERROR - 讀取 Modbus 失敗: Modbus Error: [Input/Output] No response received after 3 retries, continue with next request
2025-08-25 13:00:56 - ModbusReader - ERROR - 讀取 Modbus 失敗: Modbus Error: [Input/Output] No response received after 3 retries, continue with next request
2025-08-25 13:01:01 - ModbusReader - ERROR - 讀取 Modbus 失敗: Modbus Error: [Input/Output] ERROR: No response received of the last requests (default: retries+3), CLOSING CONNECTION.
2025-08-25 13:03:59 - ModbusReader - INFO - 找到 風速計 設備: COM3
2025-08-25 13:04:19 - ModbusReader - ERROR - 讀取 Modbus 失敗: Modbus Error: [Input/Output] No response received after 3 retries, continue with next request
2025-08-25 13:04:40 - ModbusReader - ERROR - 讀取 Modbus 失敗: Modbus Error: [Input/Output] No response received after 3 retries, continue with next request
2025-08-25 13:05:01 - ModbusReader - ERROR - 讀取 Modbus 失敗: Modbus Error: [Input/Output] No response received after 3 retries, continue with next request
2025-08-25 13:08:07 - ModbusReader - INFO - 找到 風速計 設備: COM3
2025-08-25 13:08:12 - ModbusReader - INFO - 風速: 0.0 m/s, 風級: 0, 風向角度: 0, 風向: N, 濕度: 1%, 溫度: 1°C
2025-08-25 13:09:30 - ModbusReader - INFO - 找到 風速計 設備: COM3
2025-08-25 13:09:30 - ModbusReader - INFO - 風速: 0.0 m/s, 風級: 0, 風向角度: 0, 風向: N, 濕度: 1%, 溫度: 1°C
2025-08-25 13:09:31 - ModbusReader - INFO - 風速: 0.0 m/s, 風級: 0, 風向角度: 0, 風向: N, 濕度: 1%, 溫度: 1°C
2025-08-25 13:09:32 - ModbusReader - INFO - 風速: 0.0 m/s, 風級: 0, 風向角度: 0, 風向: N, 濕度: 1%, 溫度: 1°C
2025-08-25 13:09:34 - ModbusReader - INFO - 風速: 0.0 m/s, 風級: 0, 風向角度: 0, 風向: N, 濕度: 1%, 溫度: 1°C
2025-08-25 13:09:35 - ModbusReader - INFO - 風速: 0.0 m/s, 風級: 0, 風向角度: 0, 風向: N, 濕度: 1%, 溫度: 1°C
2025-08-25 13:09:36 - ModbusReader - INFO - 風速: 0.0 m/s, 風級: 0, 風向角度: 0, 風向: N, 濕度: 1%, 溫度: 1°C
2025-08-25 13:09:37 - ModbusReader - INFO - 風速: 0.0 m/s, 風級: 0, 風向角度: 0, 風向: N, 濕度: 1%, 溫度: 1°C
2025-08-25 13:09:38 - ModbusReader - INFO - 風速: 0.0 m/s, 風級: 0, 風向角度: 0, 風向: N, 濕度: 1%, 溫度: 1°C
2025-08-25 13:09:39 - ModbusReader - INFO - 風速: 0.0 m/s, 風級: 0, 風向角度: 0, 風向: N, 濕度: 1%, 溫度: 1°C
2025-08-25 13:09:41 - ModbusReader - INFO - 風速: 0.0 m/s, 風級: 0, 風向角度: 0, 風向: N, 濕度: 1%, 溫度: 1°C
2025-08-25 13:09:42 - ModbusReader - INFO - 風速: 0.0 m/s, 風級: 0, 風向角度: 0, 風向: N, 濕度: 1%, 溫度: 1°C
2025-08-25 13:09:43 - ModbusReader - INFO - 風速: 0.0 m/s, 風級: 0, 風向角度: 0, 風向: N, 濕度: 1%, 溫度: 1°C
2025-08-25 13:09:44 - ModbusReader - INFO - 風速: 0.0 m/s, 風級: 0, 風向角度: 0, 風向: N, 濕度: 1%, 溫度: 1°C
2025-08-25 13:09:45 - ModbusReader - INFO - 風速: 0.0 m/s, 風級: 0, 風向角度: 0, 風向: N, 濕度: 1%, 溫度: 1°C
2025-08-25 13:09:46 - ModbusReader - INFO - 風速: 0.0 m/s, 風級: 0, 風向角度: 0, 風向: N, 濕度: 1%, 溫度: 1°C
2025-08-25 13:09:48 - ModbusReader - INFO - 風速: 0.0 m/s, 風級: 0, 風向角度: 0, 風向: N, 濕度: 1%, 溫度: 1°C
2025-08-25 13:09:49 - ModbusReader - INFO - 風速: 0.0 m/s, 風級: 0, 風向角度: 0, 風向: N, 濕度: 1%, 溫度: 1°C
2025-08-25 13:09:50 - ModbusReader - INFO - 風速: 0.0 m/s, 風級: 0, 風向角度: 0, 風向: N, 濕度: 1%, 溫度: 1°C
2025-08-25 13:09:51 - ModbusReader - INFO - 風速: 0.0 m/s, 風級: 0, 風向角度: 0, 風向: N, 濕度: 1%, 溫度: 1°C
2025-08-25 13:09:52 - ModbusReader - INFO - 風速: 0.0 m/s, 風級: 0, 風向角度: 0, 風向: N, 濕度: 1%, 溫度: 1°C
2025-08-25 13:09:53 - ModbusReader - INFO - 風速: 0.0 m/s, 風級: 0, 風向角度: 0, 風向: N, 濕度: 1%, 溫度: 1°C
2025-08-25 13:09:55 - ModbusReader - INFO - 風速: 0.0 m/s, 風級: 0, 風向角度: 0, 風向: N, 濕度: 1%, 溫度: 1°C
2025-08-25 13:09:56 - ModbusReader - INFO - 風速: 0.0 m/s, 風級: 0, 風向角度: 0, 風向: N, 濕度: 1%, 溫度: 1°C
2025-08-25 13:09:57 - ModbusReader - INFO - 風速: 0.0 m/s, 風級: 0, 風向角度: 0, 風向: N, 濕度: 1%, 溫度: 1°C
2025-08-25 13:10:03 - ModbusReader - INFO - 風速: 0.0 m/s, 風級: 0, 風向角度: 0, 風向: N, 濕度: 1%, 溫度: 1°C
2025-08-25 13:10:10 - ModbusReader - INFO - 風速: 0.0 m/s, 風級: 0, 風向角度: 0, 風向: N, 濕度: 1%, 溫度: 1°C
2025-08-25 13:10:11 - ModbusReader - INFO - 風速: 0.0 m/s, 風級: 0, 風向角度: 0, 風向: N, 濕度: 1%, 溫度: 1°C
2025-08-25 13:10:12 - ModbusReader - INFO - 風速: 0.0 m/s, 風級: 0, 風向角度: 0, 風向: N, 濕度: 1%, 溫度: 1°C
2025-08-25 13:10:13 - ModbusReader - INFO - 風速: 0.0 m/s, 風級: 0, 風向角度: 0, 風向: N, 濕度: 1%, 溫度: 1°C
2025-08-25 13:10:14 - ModbusReader - INFO - 風速: 0.0 m/s, 風級: 0, 風向角度: 0, 風向: N, 濕度: 1%, 溫度: 1°C
2025-08-25 13:10:15 - ModbusReader - INFO - 風速: 0.0 m/s, 風級: 0, 風向角度: 0, 風向: N, 濕度: 1%, 溫度: 1°C
2025-08-25 13:10:17 - ModbusReader - INFO - 風速: 0.0 m/s, 風級: 0, 風向角度: 0, 風向: N, 濕度: 1%, 溫度: 1°C
2025-08-25 13:10:38 - ModbusReader - ERROR - 讀取 Modbus 失敗: Modbus Error: [Input/Output] No response received after 3 retries, continue with next request
2025-08-25 13:10:59 - ModbusReader - ERROR - 讀取 Modbus 失敗: Modbus Error: [Input/Output] No response received after 3 retries, continue with next request
2025-08-25 13:11:20 - ModbusReader - ERROR - 讀取 Modbus 失敗: Modbus Error: [Input/Output] No response received after 3 retries, continue with next request
2025-08-25 13:11:41 - ModbusReader - ERROR - 讀取 Modbus 失敗: Modbus Error: [Input/Output] No response received after 3 retries, continue with next request
2025-08-25 13:12:02 - ModbusReader - ERROR - 讀取 Modbus 失敗: Modbus Error: [Input/Output] No response received after 3 retries, continue with next request
2025-08-25 13:12:23 - ModbusReader - ERROR - 讀取 Modbus 失敗: Modbus Error: [Input/Output] No response received after 3 retries, continue with next request
2025-08-25 13:12:44 - ModbusReader - ERROR - 讀取 Modbus 失敗: Modbus Error: [Input/Output] No response received after 3 retries, continue with next request
2025-08-25 13:14:25 - ModbusReader - INFO - 找到 風速計 設備: COM3
2025-08-25 13:14:41 - ModbusReader - INFO - 找到 風速計 設備: COM3
2025-08-25 13:14:41 - ModbusReader - INFO - 風速: 0.0 m/s, 風級: 0, 風向角度: 0, 風向: N, 濕度: 1%, 溫度: 1°C
2025-08-25 13:14:44 - ModbusReader - INFO - 風速: 0.0 m/s, 風級: 0, 風向角度: 0, 風向: N, 濕度: 1%, 溫度: 1°C
2025-08-25 13:14:48 - ModbusReader - INFO - 風速: 0.0 m/s, 風級: 0, 風向角度: 0, 風向: N, 濕度: 1%, 溫度: 1°C
2025-08-25 13:14:51 - ModbusReader - INFO - 風速: 0.0 m/s, 風級: 0, 風向角度: 0, 風向: N, 濕度: 1%, 溫度: 1°C
2025-08-25 13:14:54 - ModbusReader - INFO - 風速: 0.0 m/s, 風級: 0, 風向角度: 0, 風向: N, 濕度: 1%, 溫度: 1°C
2025-08-25 13:14:57 - ModbusReader - INFO - 風速: 0.0 m/s, 風級: 0, 風向角度: 0, 風向: N, 濕度: 1%, 溫度: 1°C
2025-08-25 13:15:00 - ModbusReader - INFO - 風速: 0.0 m/s, 風級: 0, 風向角度: 0, 風向: N, 濕度: 1%, 溫度: 1°C
2025-08-25 13:15:03 - ModbusReader - INFO - 風速: 0.0 m/s, 風級: 0, 風向角度: 0, 風向: N, 濕度: 1%, 溫度: 1°C
2025-08-25 13:15:07 - ModbusReader - INFO - 風速: 0.0 m/s, 風級: 0, 風向角度: 0, 風向: N, 濕度: 1%, 溫度: 1°C
2025-08-25 13:15:10 - ModbusReader - INFO - 風速: 0.0 m/s, 風級: 0, 風向角度: 0, 風向: N, 濕度: 1%, 溫度: 1°C
2025-08-25 13:15:13 - ModbusReader - INFO - 風速: 0.0 m/s, 風級: 0, 風向角度: 0, 風向: N, 濕度: 1%, 溫度: 1°C
2025-08-25 13:15:16 - ModbusReader - INFO - 風速: 0.0 m/s, 風級: 0, 風向角度: 0, 風向: N, 濕度: 1%, 溫度: 1°C
2025-08-25 13:15:19 - ModbusReader - INFO - 風速: 0.0 m/s, 風級: 0, 風向角度: 0, 風向: N, 濕度: 1%, 溫度: 1°C
2025-08-25 13:15:22 - ModbusReader - INFO - 風速: 0.0 m/s, 風級: 0, 風向角度: 0, 風向: N, 濕度: 1%, 溫度: 1°C
2025-08-25 13:15:26 - ModbusReader - INFO - 風速: 0.0 m/s, 風級: 0, 風向角度: 0, 風向: N, 濕度: 1%, 溫度: 1°C
2025-08-25 13:15:29 - ModbusReader - INFO - 風速: 0.0 m/s, 風級: 0, 風向角度: 0, 風向: N, 濕度: 1%, 溫度: 1°C
2025-08-25 13:15:32 - ModbusReader - INFO - 風速: 0.0 m/s, 風級: 0, 風向角度: 0, 風向: N, 濕度: 1%, 溫度: 1°C
2025-08-25 13:15:35 - ModbusReader - INFO - 風速: 0.0 m/s, 風級: 0, 風向角度: 0, 風向: N, 濕度: 1%, 溫度: 1°C
2025-08-25 13:15:38 - ModbusReader - INFO - 風速: 0.0 m/s, 風級: 0, 風向角度: 0, 風向: N, 濕度: 1%, 溫度: 1°C
2025-08-25 13:15:41 - ModbusReader - INFO - 風速: 0.0 m/s, 風級: 0, 風向角度: 0, 風向: N, 濕度: 1%, 溫度: 1°C
2025-08-25 13:16:04 - ModbusReader - ERROR - 讀取 Modbus 失敗: Modbus Error: [Input/Output] No response received after 3 retries, continue with next request
2025-08-25 13:16:27 - ModbusReader - ERROR - 讀取 Modbus 失敗: Modbus Error: [Input/Output] No response received after 3 retries, continue with next request
2025-08-25 13:18:27 - ModbusReader - INFO - 找到 風速計 設備: COM3
2025-08-25 13:18:27 - ModbusReader - INFO - 風速: 0.0 m/s, 風級: 0, 風向角度: 0, 風向: N, 濕度: 1%, 溫度: 1°C
2025-08-25 13:18:30 - ModbusReader - INFO - 風速: 0.0 m/s, 風級: 0, 風向角度: 0, 風向: N, 濕度: 1%, 溫度: 1°C
2025-08-25 13:18:34 - ModbusReader - INFO - 風速: 0.0 m/s, 風級: 0, 風向角度: 0, 風向: N, 濕度: 1%, 溫度: 1°C
2025-08-25 13:18:37 - ModbusReader - INFO - 風速: 0.0 m/s, 風級: 0, 風向角度: 0, 風向: N, 濕度: 1%, 溫度: 1°C
2025-08-25 13:18:40 - ModbusReader - INFO - 風速: 0.0 m/s, 風級: 0, 風向角度: 0, 風向: N, 濕度: 1%, 溫度: 1°C
2025-08-25 13:18:43 - ModbusReader - INFO - 風速: 0.0 m/s, 風級: 0, 風向角度: 0, 風向: N, 濕度: 1%, 溫度: 1°C
2025-08-25 13:18:46 - ModbusReader - INFO - 風速: 0.0 m/s, 風級: 0, 風向角度: 0, 風向: N, 濕度: 1%, 溫度: 1°C
2025-08-25 13:18:49 - ModbusReader - INFO - 風速: 0.0 m/s, 風級: 0, 風向角度: 0, 風向: N, 濕度: 1%, 溫度: 1°C
2025-08-25 13:19:12 - ModbusReader - ERROR - 讀取 Modbus 失敗: Modbus Error: [Input/Output] No response received after 3 retries, continue with next request
2025-08-25 13:19:39 - ModbusReader - INFO - 找到 風速計 設備: COM3
2025-08-25 13:20:00 - ModbusReader - INFO - 找到 風速計 設備: COM3
2025-08-25 13:24:19 - ModbusReader - INFO - 找到 風速計 設備: COM3
2025-08-25 13:24:26 - ModbusReader - INFO - 找到 風速計 設備: COM3
2025-08-25 13:24:27 - ModbusReader - INFO - 風速: 0 m/s, 風級: 0, 風向角度: 0, 風向: unknown, 濕度: 34.0%, 溫度: 28.6°C
2025-08-25 13:24:30 - ModbusReader - INFO - 風速: 0 m/s, 風級: 0, 風向角度: 0, 風向: unknown, 濕度: 34.0%, 溫度: 28.6°C
2025-08-25 13:24:33 - ModbusReader - INFO - 風速: 0 m/s, 風級: 0, 風向角度: 0, 風向: unknown, 濕度: 34.1%, 溫度: 28.6°C
2025-08-25 13:24:36 - ModbusReader - INFO - 風速: 0 m/s, 風級: 0, 風向角度: 0, 風向: unknown, 濕度: 34.1%, 溫度: 28.6°C
2025-08-25 13:24:39 - ModbusReader - INFO - 風速: 0 m/s, 風級: 0, 風向角度: 0, 風向: unknown, 濕度: 34.1%, 溫度: 28.6°C
2025-08-25 13:24:42 - ModbusReader - INFO - 風速: 0 m/s, 風級: 0, 風向角度: 0, 風向: unknown, 濕度: 34.1%, 溫度: 28.6°C
2025-08-25 13:24:45 - ModbusReader - INFO - 風速: 0 m/s, 風級: 0, 風向角度: 0, 風向: unknown, 濕度: 34.1%, 溫度: 28.6°C
2025-08-25 13:24:49 - ModbusReader - INFO - 風速: 0 m/s, 風級: 0, 風向角度: 0, 風向: unknown, 濕度: 33.7%, 溫度: 28.6°C
2025-08-25 13:24:52 - ModbusReader - INFO - 風速: 0 m/s, 風級: 0, 風向角度: 0, 風向: unknown, 濕度: 33.7%, 溫度: 28.6°C
2025-08-25 13:24:55 - ModbusReader - INFO - 風速: 0 m/s, 風級: 0, 風向角度: 0, 風向: unknown, 濕度: 33.7%, 溫度: 28.6°C
2025-08-25 13:24:58 - ModbusReader - INFO - 風速: 0 m/s, 風級: 0, 風向角度: 0, 風向: unknown, 濕度: 33.5%, 溫度: 28.6°C
2025-08-25 13:25:01 - ModbusReader - INFO - 風速: 0 m/s, 風級: 0, 風向角度: 0, 風向: unknown, 濕度: 33.5%, 溫度: 28.6°C
2025-08-25 13:25:04 - ModbusReader - INFO - 風速: 0 m/s, 風級: 0, 風向角度: 0, 風向: unknown, 濕度: 33.6%, 溫度: 28.6°C
2025-08-25 13:25:08 - ModbusReader - INFO - 風速: 0 m/s, 風級: 0, 風向角度: 0, 風向: unknown, 濕度: 33.6%, 溫度: 28.6°C
2025-08-25 13:25:11 - ModbusReader - INFO - 風速: 0 m/s, 風級: 0, 風向角度: 0, 風向: unknown, 濕度: 33.9%, 溫度: 28.6°C
2025-08-25 13:25:14 - ModbusReader - INFO - 風速: 0 m/s, 風級: 0, 風向角度: 0, 風向: unknown, 濕度: 33.9%, 溫度: 28.6°C
2025-08-25 13:25:17 - ModbusReader - INFO - 風速: 0 m/s, 風級: 0, 風向角度: 0, 風向: unknown, 濕度: 33.9%, 溫度: 28.6°C
2025-08-25 13:25:20 - ModbusReader - INFO - 風速: 0 m/s, 風級: 0, 風向角度: 0, 風向: unknown, 濕度: 34.1%, 溫度: 28.6°C
2025-08-25 13:25:23 - ModbusReader - INFO - 風速: 0 m/s, 風級: 0, 風向角度: 0, 風向: unknown, 濕度: 34.1%, 溫度: 28.6°C
2025-08-25 13:25:26 - ModbusReader - INFO - 風速: 0 m/s, 風級: 0, 風向角度: 0, 風向: unknown, 濕度: 34.3%, 溫度: 28.6°C
2025-08-25 13:25:30 - ModbusReader - INFO - 風速: 0 m/s, 風級: 0, 風向角度: 0, 風向: unknown, 濕度: 34.3%, 溫度: 28.6°C
2025-08-25 13:25:33 - ModbusReader - INFO - 風速: 0 m/s, 風級: 0, 風向角度: 0, 風向: unknown, 濕度: 34.3%, 溫度: 28.6°C
2025-08-25 13:25:36 - ModbusReader - INFO - 風速: 0 m/s, 風級: 0, 風向角度: 0, 風向: unknown, 濕度: 34.4%, 溫度: 28.7°C
2025-08-25 13:25:39 - ModbusReader - INFO - 風速: 0 m/s, 風級: 0, 風向角度: 0, 風向: unknown, 濕度: 34.4%, 溫度: 28.7°C
2025-08-25 13:25:42 - ModbusReader - INFO - 風速: 0 m/s, 風級: 0, 風向角度: 0, 風向: unknown, 濕度: 34.3%, 溫度: 28.6°C
2025-08-25 13:25:45 - ModbusReader - INFO - 風速: 0 m/s, 風級: 0, 風向角度: 0, 風向: unknown, 濕度: 34.3%, 溫度: 28.6°C
2025-08-25 13:25:48 - ModbusReader - INFO - 風速: 0 m/s, 風級: 0, 風向角度: 0, 風向: unknown, 濕度: 34.3%, 溫度: 28.6°C
2025-08-25 13:25:52 - ModbusReader - INFO - 風速: 0 m/s, 風級: 0, 風向角度: 0, 風向: unknown, 濕度: 34.1%, 溫度: 28.6°C
2025-08-25 13:25:55 - ModbusReader - INFO - 風速: 0 m/s, 風級: 0, 風向角度: 0, 風向: unknown, 濕度: 34.1%, 溫度: 28.6°C
2025-08-25 13:25:58 - ModbusReader - INFO - 風速: 0 m/s, 風級: 0, 風向角度: 0, 風向: unknown, 濕度: 34.2%, 溫度: 28.7°C
2025-08-25 13:26:01 - ModbusReader - INFO - 風速: 0 m/s, 風級: 0, 風向角度: 0, 風向: unknown, 濕度: 34.2%, 溫度: 28.7°C
2025-08-25 13:26:04 - ModbusReader - INFO - 風速: 0 m/s, 風級: 0, 風向角度: 0, 風向: unknown, 濕度: 34.3%, 溫度: 28.7°C
2025-08-25 13:26:07 - ModbusReader - INFO - 風速: 0 m/s, 風級: 0, 風向角度: 0, 風向: unknown, 濕度: 34.3%, 溫度: 28.7°C
2025-08-25 13:26:11 - ModbusReader - INFO - 風速: 0 m/s, 風級: 0, 風向角度: 0, 風向: unknown, 濕度: 34.3%, 溫度: 28.7°C
2025-08-25 13:26:14 - ModbusReader - INFO - 風速: 0 m/s, 風級: 0, 風向角度: 0, 風向: unknown, 濕度: 34.4%, 溫度: 28.6°C
2025-08-25 13:26:17 - ModbusReader - INFO - 風速: 0 m/s, 風級: 0, 風向角度: 0, 風向: unknown, 濕度: 34.4%, 溫度: 28.6°C
2025-08-25 13:26:20 - ModbusReader - INFO - 風速: 0 m/s, 風級: 0, 風向角度: 0, 風向: unknown, 濕度: 34.4%, 溫度: 28.6°C
2025-08-25 13:26:23 - ModbusReader - INFO - 風速: 0 m/s, 風級: 0, 風向角度: 0, 風向: unknown, 濕度: 34.4%, 溫度: 28.6°C
2025-08-25 13:26:26 - ModbusReader - INFO - 風速: 0 m/s, 風級: 0, 風向角度: 0, 風向: unknown, 濕度: 34.4%, 溫度: 28.6°C
2025-08-25 13:26:29 - ModbusReader - INFO - 風速: 0 m/s, 風級: 0, 風向角度: 0, 風向: unknown, 濕度: 34.4%, 溫度: 28.7°C
2025-08-25 13:26:33 - ModbusReader - INFO - 風速: 0 m/s, 風級: 0, 風向角度: 0, 風向: unknown, 濕度: 34.4%, 溫度: 28.7°C
2025-08-25 13:26:36 - ModbusReader - INFO - 風速: 0 m/s, 風級: 0, 風向角度: 0, 風向: unknown, 濕度: 34.4%, 溫度: 28.7°C
2025-08-25 13:26:39 - ModbusReader - INFO - 風速: 0 m/s, 風級: 0, 風向角度: 0, 風向: unknown, 濕度: 34.4%, 溫度: 28.7°C
2025-08-25 13:26:42 - ModbusReader - INFO - 風速: 0 m/s, 風級: 0, 風向角度: 0, 風向: unknown, 濕度: 34.4%, 溫度: 28.7°C
2025-08-25 13:26:45 - ModbusReader - INFO - 風速: 0 m/s, 風級: 0, 風向角度: 0, 風向: unknown, 濕度: 34.4%, 溫度: 28.6°C
2025-08-25 13:26:48 - ModbusReader - INFO - 風速: 0 m/s, 風級: 0, 風向角度: 0, 風向: unknown, 濕度: 34.4%, 溫度: 28.6°C
2025-08-25 13:26:51 - ModbusReader - INFO - 風速: 0 m/s, 風級: 0, 風向角度: 0, 風向: unknown, 濕度: 34.4%, 溫度: 28.7°C
2025-08-25 13:26:55 - ModbusReader - INFO - 風速: 0 m/s, 風級: 0, 風向角度: 0, 風向: unknown, 濕度: 34.4%, 溫度: 28.7°C
2025-08-25 13:26:58 - ModbusReader - INFO - 風速: 0 m/s, 風級: 0, 風向角度: 0, 風向: unknown, 濕度: 34.4%, 溫度: 28.7°C
2025-08-25 13:27:01 - ModbusReader - INFO - 風速: 0 m/s, 風級: 0, 風向角度: 0, 風向: unknown, 濕度: 34.4%, 溫度: 28.6°C
2025-08-25 13:27:04 - ModbusReader - INFO - 風速: 0 m/s, 風級: 0, 風向角度: 0, 風向: unknown, 濕度: 34.4%, 溫度: 28.6°C
2025-08-25 13:27:07 - ModbusReader - INFO - 風速: 0 m/s, 風級: 0, 風向角度: 0, 風向: unknown, 濕度: 34.4%, 溫度: 28.7°C
2025-08-25 13:27:10 - ModbusReader - INFO - 風速: 0 m/s, 風級: 0, 風向角度: 0, 風向: unknown, 濕度: 34.4%, 溫度: 28.7°C
2025-08-25 13:27:14 - ModbusReader - INFO - 風速: 0 m/s, 風級: 0, 風向角度: 0, 風向: unknown, 濕度: 34.3%, 溫度: 28.7°C
2025-08-25 13:27:17 - ModbusReader - INFO - 風速: 0 m/s, 風級: 0, 風向角度: 0, 風向: unknown, 濕度: 34.3%, 溫度: 28.7°C
2025-08-25 13:27:20 - ModbusReader - INFO - 風速: 0 m/s, 風級: 0, 風向角度: 0, 風向: unknown, 濕度: 34.3%, 溫度: 28.7°C
2025-08-25 13:27:23 - ModbusReader - INFO - 風速: 0 m/s, 風級: 0, 風向角度: 0, 風向: unknown, 濕度: 34.3%, 溫度: 28.7°C
2025-08-25 13:27:26 - ModbusReader - INFO - 風速: 0 m/s, 風級: 0, 風向角度: 0, 風向: unknown, 濕度: 34.3%, 溫度: 28.7°C
2025-08-25 13:27:29 - ModbusReader - INFO - 風速: 0 m/s, 風級: 0, 風向角度: 0, 風向: unknown, 濕度: 34.2%, 溫度: 28.7°C
2025-08-25 13:27:32 - ModbusReader - INFO - 風速: 0 m/s, 風級: 0, 風向角度: 0, 風向: unknown, 濕度: 34.2%, 溫度: 28.7°C
2025-08-25 13:27:36 - ModbusReader - INFO - 風速: 0 m/s, 風級: 0, 風向角度: 0, 風向: unknown, 濕度: 34.2%, 溫度: 28.7°C
2025-08-25 13:27:39 - ModbusReader - INFO - 風速: 0 m/s, 風級: 0, 風向角度: 0, 風向: unknown, 濕度: 34.1%, 溫度: 28.7°C
2025-08-25 13:27:42 - ModbusReader - INFO - 風速: 0 m/s, 風級: 0, 風向角度: 0, 風向: unknown, 濕度: 34.1%, 溫度: 28.7°C
2025-08-25 13:27:45 - ModbusReader - INFO - 風速: 0 m/s, 風級: 0, 風向角度: 0, 風向: unknown, 濕度: 34.1%, 溫度: 28.6°C
2025-08-25 13:27:48 - ModbusReader - INFO - 風速: 0 m/s, 風級: 0, 風向角度: 0, 風向: unknown, 濕度: 34.1%, 溫度: 28.6°C
2025-08-25 13:27:51 - ModbusReader - INFO - 風速: 0 m/s, 風級: 0, 風向角度: 0, 風向: unknown, 濕度: 34.1%, 溫度: 28.6°C
2025-08-25 13:27:55 - ModbusReader - INFO - 風速: 0 m/s, 風級: 0, 風向角度: 0, 風向: unknown, 濕度: 34.1%, 溫度: 28.7°C
2025-08-25 13:27:58 - ModbusReader - INFO - 風速: 0 m/s, 風級: 0, 風向角度: 0, 風向: unknown, 濕度: 34.1%, 溫度: 28.7°C
2025-08-25 13:28:01 - ModbusReader - INFO - 風速: 0 m/s, 風級: 0, 風向角度: 0, 風向: unknown, 濕度: 34.1%, 溫度: 28.7°C
2025-08-25 13:28:04 - ModbusReader - INFO - 風速: 0 m/s, 風級: 0, 風向角度: 0, 風向: unknown, 濕度: 34.1%, 溫度: 28.7°C
2025-08-25 13:28:07 - ModbusReader - INFO - 風速: 0 m/s, 風級: 0, 風向角度: 0, 風向: unknown, 濕度: 34.1%, 溫度: 28.7°C
2025-08-25 13:28:10 - ModbusReader - INFO - 風速: 0 m/s, 風級: 0, 風向角度: 0, 風向: unknown, 濕度: 34.1%, 溫度: 28.7°C
2025-08-25 13:28:13 - ModbusReader - INFO - 風速: 0 m/s, 風級: 0, 風向角度: 0, 風向: unknown, 濕度: 34.1%, 溫度: 28.7°C
2025-08-25 13:28:17 - ModbusReader - INFO - 風速: 0 m/s, 風級: 0, 風向角度: 0, 風向: unknown, 濕度: 34.2%, 溫度: 28.7°C
2025-08-25 13:28:20 - ModbusReader - INFO - 風速: 0 m/s, 風級: 0, 風向角度: 0, 風向: unknown, 濕度: 34.2%, 溫度: 28.7°C
2025-08-25 13:28:23 - ModbusReader - INFO - 風速: 0 m/s, 風級: 0, 風向角度: 0, 風向: unknown, 濕度: 34.1%, 溫度: 28.7°C
2025-08-25 13:28:26 - ModbusReader - INFO - 風速: 0 m/s, 風級: 0, 風向角度: 0, 風向: unknown, 濕度: 34.1%, 溫度: 28.7°C
2025-08-25 13:28:29 - ModbusReader - INFO - 風速: 0 m/s, 風級: 0, 風向角度: 0, 風向: unknown, 濕度: 34.1%, 溫度: 28.7°C
2025-08-25 13:28:32 - ModbusReader - INFO - 風速: 0 m/s, 風級: 0, 風向角度: 0, 風向: unknown, 濕度: 34.1%, 溫度: 28.7°C
2025-08-25 13:28:35 - ModbusReader - INFO - 風速: 0 m/s, 風級: 0, 風向角度: 0, 風向: unknown, 濕度: 34.1%, 溫度: 28.7°C
2025-08-25 13:28:39 - ModbusReader - INFO - 風速: 0 m/s, 風級: 0, 風向角度: 0, 風向: unknown, 濕度: 34.2%, 溫度: 28.7°C
2025-08-25 13:28:42 - ModbusReader - INFO - 風速: 0 m/s, 風級: 0, 風向角度: 0, 風向: unknown, 濕度: 34.2%, 溫度: 28.7°C
2025-08-25 13:28:45 - ModbusReader - INFO - 風速: 0 m/s, 風級: 0, 風向角度: 0, 風向: unknown, 濕度: 34.2%, 溫度: 28.7°C
2025-08-25 13:28:48 - ModbusReader - INFO - 風速: 0 m/s, 風級: 0, 風向角度: 0, 風向: unknown, 濕度: 34.2%, 溫度: 28.7°C
2025-08-25 13:28:51 - ModbusReader - INFO - 風速: 0 m/s, 風級: 0, 風向角度: 0, 風向: unknown, 濕度: 34.2%, 溫度: 28.7°C
2025-08-25 13:28:54 - ModbusReader - INFO - 風速: 0 m/s, 風級: 0, 風向角度: 0, 風向: unknown, 濕度: 34.2%, 溫度: 28.7°C
2025-08-25 13:28:58 - ModbusReader - INFO - 風速: 0 m/s, 風級: 0, 風向角度: 0, 風向: unknown, 濕度: 34.2%, 溫度: 28.7°C
2025-08-25 13:29:01 - ModbusReader - INFO - 風速: 0 m/s, 風級: 0, 風向角度: 0, 風向: unknown, 濕度: 34.2%, 溫度: 28.7°C
2025-08-25 13:29:04 - ModbusReader - INFO - 風速: 0 m/s, 風級: 0, 風向角度: 0, 風向: unknown, 濕度: 34.2%, 溫度: 28.7°C
2025-08-25 13:29:07 - ModbusReader - INFO - 風速: 0 m/s, 風級: 0, 風向角度: 0, 風向: unknown, 濕度: 34.2%, 溫度: 28.7°C
2025-08-25 13:29:10 - ModbusReader - INFO - 風速: 0 m/s, 風級: 0, 風向角度: 0, 風向: unknown, 濕度: 34.1%, 溫度: 28.7°C
2025-08-25 13:29:13 - ModbusReader - INFO - 風速: 0 m/s, 風級: 0, 風向角度: 0, 風向: unknown, 濕度: 34.1%, 溫度: 28.7°C
2025-08-25 13:29:16 - ModbusReader - INFO - 風速: 0 m/s, 風級: 0, 風向角度: 0, 風向: unknown, 濕度: 34.1%, 溫度: 28.7°C
2025-08-25 13:29:20 - ModbusReader - INFO - 風速: 0 m/s, 風級: 0, 風向角度: 0, 風向: unknown, 濕度: 34.2%, 溫度: 28.7°C
2025-08-25 13:29:23 - ModbusReader - INFO - 風速: 0 m/s, 風級: 0, 風向角度: 0, 風向: unknown, 濕度: 34.2%, 溫度: 28.7°C
2025-08-25 13:29:26 - ModbusReader - INFO - 風速: 0 m/s, 風級: 0, 風向角度: 0, 風向: unknown, 濕度: 34.2%, 溫度: 28.7°C
2025-08-25 13:29:29 - ModbusReader - INFO - 風速: 0 m/s, 風級: 0, 風向角度: 0, 風向: unknown, 濕度: 34.2%, 溫度: 28.7°C
2025-08-25 13:29:32 - ModbusReader - INFO - 風速: 0 m/s, 風級: 0, 風向角度: 0, 風向: unknown, 濕度: 34.1%, 溫度: 28.7°C
2025-08-25 13:29:35 - ModbusReader - INFO - 風速: 0 m/s, 風級: 0, 風向角度: 0, 風向: unknown, 濕度: 34.1%, 溫度: 28.7°C
2025-08-25 13:29:39 - ModbusReader - INFO - 風速: 0 m/s, 風級: 0, 風向角度: 0, 風向: unknown, 濕度: 34.1%, 溫度: 28.7°C
2025-08-25 13:29:42 - ModbusReader - INFO - 風速: 0 m/s, 風級: 0, 風向角度: 0, 風向: unknown, 濕度: 33.8%, 溫度: 28.7°C
2025-08-25 13:29:45 - ModbusReader - INFO - 風速: 0 m/s, 風級: 0, 風向角度: 0, 風向: unknown, 濕度: 33.8%, 溫度: 28.7°C
2025-08-25 13:29:48 - ModbusReader - INFO - 風速: 0 m/s, 風級: 0, 風向角度: 0, 風向: unknown, 濕度: 33.8%, 溫度: 28.7°C
2025-08-25 13:29:51 - ModbusReader - INFO - 風速: 0 m/s, 風級: 0, 風向角度: 0, 風向: unknown, 濕度: 33.8%, 溫度: 28.7°C
2025-08-25 13:29:54 - ModbusReader - INFO - 風速: 0 m/s, 風級: 0, 風向角度: 0, 風向: unknown, 濕度: 33.8%, 溫度: 28.7°C
2025-08-25 13:29:57 - ModbusReader - INFO - 風速: 0 m/s, 風級: 0, 風向角度: 0, 風向: unknown, 濕度: 33.9%, 溫度: 28.7°C
2025-08-25 13:30:01 - ModbusReader - INFO - 風速: 0 m/s, 風級: 0, 風向角度: 0, 風向: unknown, 濕度: 33.9%, 溫度: 28.7°C
2025-08-25 13:30:04 - ModbusReader - INFO - 風速: 0 m/s, 風級: 0, 風向角度: 0, 風向: unknown, 濕度: 34.0%, 溫度: 28.7°C
2025-08-25 13:30:07 - ModbusReader - INFO - 風速: 0 m/s, 風級: 0, 風向角度: 0, 風向: unknown, 濕度: 34.0%, 溫度: 28.7°C
2025-08-25 13:30:10 - ModbusReader - INFO - 風速: 0 m/s, 風級: 0, 風向角度: 0, 風向: unknown, 濕度: 34.0%, 溫度: 28.7°C
2025-08-25 13:30:13 - ModbusReader - INFO - 風速: 0 m/s, 風級: 0, 風向角度: 0, 風向: unknown, 濕度: 34.1%, 溫度: 28.7°C
2025-08-25 13:30:16 - ModbusReader - INFO - 風速: 0 m/s, 風級: 0, 風向角度: 0, 風向: unknown, 濕度: 34.1%, 溫度: 28.7°C
2025-08-25 13:30:19 - ModbusReader - INFO - 風速: 0 m/s, 風級: 0, 風向角度: 0, 風向: unknown, 濕度: 34.1%, 溫度: 28.7°C
2025-08-25 13:30:23 - ModbusReader - INFO - 風速: 0 m/s, 風級: 0, 風向角度: 0, 風向: unknown, 濕度: 34.1%, 溫度: 28.7°C
2025-08-25 13:30:26 - ModbusReader - INFO - 風速: 0 m/s, 風級: 0, 風向角度: 0, 風向: unknown, 濕度: 34.1%, 溫度: 28.7°C
2025-08-25 13:30:29 - ModbusReader - INFO - 風速: 0 m/s, 風級: 0, 風向角度: 0, 風向: unknown, 濕度: 34.1%, 溫度: 28.7°C
2025-08-25 13:30:32 - ModbusReader - INFO - 風速: 0 m/s, 風級: 0, 風向角度: 0, 風向: unknown, 濕度: 34.1%, 溫度: 28.7°C
2025-08-25 13:30:35 - ModbusReader - INFO - 風速: 0 m/s, 風級: 0, 風向角度: 0, 風向: unknown, 濕度: 34.0%, 溫度: 28.7°C
2025-08-25 13:30:38 - ModbusReader - INFO - 風速: 0 m/s, 風級: 0, 風向角度: 0, 風向: unknown, 濕度: 34.0%, 溫度: 28.7°C
2025-08-25 13:30:42 - ModbusReader - INFO - 風速: 0 m/s, 風級: 0, 風向角度: 0, 風向: unknown, 濕度: 34.1%, 溫度: 28.7°C
2025-08-25 13:30:45 - ModbusReader - INFO - 風速: 0 m/s, 風級: 0, 風向角度: 0, 風向: unknown, 濕度: 34.1%, 溫度: 28.7°C
2025-08-25 13:30:48 - ModbusReader - INFO - 風速: 0 m/s, 風級: 0, 風向角度: 0, 風向: unknown, 濕度: 34.1%, 溫度: 28.7°C
2025-08-25 13:30:51 - ModbusReader - INFO - 風速: 0 m/s, 風級: 0, 風向角度: 0, 風向: unknown, 濕度: 34.2%, 溫度: 28.7°C
2025-08-25 13:30:54 - ModbusReader - INFO - 風速: 0 m/s, 風級: 0, 風向角度: 0, 風向: unknown, 濕度: 34.2%, 溫度: 28.7°C
2025-08-25 13:30:57 - ModbusReader - INFO - 風速: 0 m/s, 風級: 0, 風向角度: 0, 風向: unknown, 濕度: 34.0%, 溫度: 28.7°C
2025-08-25 13:31:00 - ModbusReader - INFO - 風速: 0 m/s, 風級: 0, 風向角度: 0, 風向: unknown, 濕度: 34.0%, 溫度: 28.7°C
2025-08-25 13:31:04 - ModbusReader - INFO - 風速: 0 m/s, 風級: 0, 風向角度: 0, 風向: unknown, 濕度: 34.0%, 溫度: 28.7°C
2025-08-25 13:31:07 - ModbusReader - INFO - 風速: 0 m/s, 風級: 0, 風向角度: 0, 風向: unknown, 濕度: 33.9%, 溫度: 28.7°C
2025-08-25 13:31:10 - ModbusReader - INFO - 風速: 0 m/s, 風級: 0, 風向角度: 0, 風向: unknown, 濕度: 33.9%, 溫度: 28.7°C
2025-08-25 13:31:13 - ModbusReader - INFO - 風速: 0 m/s, 風級: 0, 風向角度: 0, 風向: unknown, 濕度: 34.0%, 溫度: 28.7°C
2025-08-25 13:31:16 - ModbusReader - INFO - 風速: 0 m/s, 風級: 0, 風向角度: 0, 風向: unknown, 濕度: 34.0%, 溫度: 28.7°C
2025-08-25 13:31:19 - ModbusReader - INFO - 風速: 0 m/s, 風級: 0, 風向角度: 0, 風向: unknown, 濕度: 34.0%, 溫度: 28.7°C
2025-08-25 13:31:22 - ModbusReader - INFO - 風速: 0 m/s, 風級: 0, 風向角度: 0, 風向: unknown, 濕度: 34.0%, 溫度: 28.7°C
2025-08-25 13:31:26 - ModbusReader - INFO - 風速: 0 m/s, 風級: 0, 風向角度: 0, 風向: unknown, 濕度: 34.0%, 溫度: 28.7°C
2025-08-25 13:31:29 - ModbusReader - INFO - 風速: 0 m/s, 風級: 0, 風向角度: 0, 風向: unknown, 濕度: 33.9%, 溫度: 28.7°C
2025-08-25 13:31:32 - ModbusReader - INFO - 風速: 0 m/s, 風級: 0, 風向角度: 0, 風向: unknown, 濕度: 33.9%, 溫度: 28.7°C
2025-08-25 13:31:35 - ModbusReader - INFO - 風速: 0 m/s, 風級: 0, 風向角度: 0, 風向: unknown, 濕度: 33.7%, 溫度: 28.7°C
2025-08-25 13:31:38 - ModbusReader - INFO - 風速: 0 m/s, 風級: 0, 風向角度: 0, 風向: unknown, 濕度: 33.7%, 溫度: 28.7°C
2025-08-25 13:31:41 - ModbusReader - INFO - 風速: 0 m/s, 風級: 0, 風向角度: 0, 風向: unknown, 濕度: 33.7%, 溫度: 28.7°C
2025-08-25 13:31:45 - ModbusReader - INFO - 風速: 0 m/s, 風級: 0, 風向角度: 0, 風向: unknown, 濕度: 33.7%, 溫度: 28.7°C
2025-08-25 13:31:48 - ModbusReader - INFO - 風速: 0 m/s, 風級: 0, 風向角度: 0, 風向: unknown, 濕度: 33.7%, 溫度: 28.7°C
2025-08-25 13:31:51 - ModbusReader - INFO - 風速: 0 m/s, 風級: 0, 風向角度: 0, 風向: unknown, 濕度: 33.9%, 溫度: 28.7°C
2025-08-25 13:31:54 - ModbusReader - INFO - 風速: 0 m/s, 風級: 0, 風向角度: 0, 風向: unknown, 濕度: 33.9%, 溫度: 28.7°C
2025-08-25 13:31:57 - ModbusReader - INFO - 風速: 0 m/s, 風級: 0, 風向角度: 0, 風向: unknown, 濕度: 33.9%, 溫度: 28.7°C
2025-08-25 13:32:00 - ModbusReader - INFO - 風速: 0 m/s, 風級: 0, 風向角度: 0, 風向: unknown, 濕度: 33.9%, 溫度: 28.7°C
2025-08-25 13:32:03 - ModbusReader - INFO - 風速: 0 m/s, 風級: 0, 風向角度: 0, 風向: unknown, 濕度: 33.9%, 溫度: 28.7°C
2025-08-25 13:32:07 - ModbusReader - INFO - 風速: 0 m/s, 風級: 0, 風向角度: 0, 風向: unknown, 濕度: 33.8%, 溫度: 28.7°C
2025-08-25 13:32:10 - ModbusReader - INFO - 風速: 0 m/s, 風級: 0, 風向角度: 0, 風向: unknown, 濕度: 33.8%, 溫度: 28.7°C
2025-08-25 13:32:13 - ModbusReader - INFO - 風速: 0 m/s, 風級: 0, 風向角度: 0, 風向: unknown, 濕度: 33.8%, 溫度: 28.7°C
2025-08-25 13:32:16 - ModbusReader - INFO - 風速: 0 m/s, 風級: 0, 風向角度: 0, 風向: unknown, 濕度: 33.8%, 溫度: 28.7°C
2025-08-25 13:32:19 - ModbusReader - INFO - 風速: 0 m/s, 風級: 0, 風向角度: 0, 風向: unknown, 濕度: 33.8%, 溫度: 28.7°C
2025-08-25 13:32:22 - ModbusReader - INFO - 風速: 0 m/s, 風級: 0, 風向角度: 0, 風向: unknown, 濕度: 34.0%, 溫度: 28.7°C
2025-08-25 13:32:25 - ModbusReader - INFO - 風速: 0 m/s, 風級: 0, 風向角度: 0, 風向: unknown, 濕度: 34.0%, 溫度: 28.7°C
2025-08-25 13:32:29 - ModbusReader - INFO - 風速: 0 m/s, 風級: 0, 風向角度: 0, 風向: unknown, 濕度: 34.1%, 溫度: 28.7°C
2025-08-25 13:32:32 - ModbusReader - INFO - 風速: 0 m/s, 風級: 0, 風向角度: 0, 風向: unknown, 濕度: 34.1%, 溫度: 28.7°C
2025-08-25 13:32:35 - ModbusReader - INFO - 風速: 0 m/s, 風級: 0, 風向角度: 0, 風向: unknown, 濕度: 34.1%, 溫度: 28.7°C
2025-08-25 13:32:38 - ModbusReader - INFO - 風速: 0 m/s, 風級: 0, 風向角度: 0, 風向: unknown, 濕度: 34.0%, 溫度: 28.7°C
2025-08-25 13:32:41 - ModbusReader - INFO - 風速: 0 m/s, 風級: 0, 風向角度: 0, 風向: unknown, 濕度: 34.0%, 溫度: 28.7°C
2025-08-25 13:32:44 - ModbusReader - INFO - 風速: 0 m/s, 風級: 0, 風向角度: 0, 風向: unknown, 濕度: 34.0%, 溫度: 28.7°C
2025-08-25 13:32:48 - ModbusReader - INFO - 風速: 0 m/s, 風級: 0, 風向角度: 0, 風向: unknown, 濕度: 34.0%, 溫度: 28.7°C
2025-08-25 13:32:51 - ModbusReader - INFO - 風速: 0 m/s, 風級: 0, 風向角度: 0, 風向: unknown, 濕度: 34.0%, 溫度: 28.7°C
2025-08-25 13:32:54 - ModbusReader - INFO - 風速: 0 m/s, 風級: 0, 風向角度: 0, 風向: unknown, 濕度: 34.0%, 溫度: 28.7°C
2025-08-25 13:32:57 - ModbusReader - INFO - 風速: 0 m/s, 風級: 0, 風向角度: 0, 風向: unknown, 濕度: 34.0%, 溫度: 28.7°C
2025-08-25 13:33:00 - ModbusReader - INFO - 風速: 0 m/s, 風級: 0, 風向角度: 0, 風向: unknown, 濕度: 33.9%, 溫度: 28.7°C
2025-08-25 13:33:03 - ModbusReader - INFO - 風速: 0 m/s, 風級: 0, 風向角度: 0, 風向: unknown, 濕度: 33.9%, 溫度: 28.7°C
2025-08-25 13:33:06 - ModbusReader - INFO - 風速: 0 m/s, 風級: 0, 風向角度: 0, 風向: unknown, 濕度: 33.9%, 溫度: 28.7°C
2025-08-25 13:33:10 - ModbusReader - INFO - 風速: 0 m/s, 風級: 0, 風向角度: 0, 風向: unknown, 濕度: 33.9%, 溫度: 28.7°C
2025-08-25 13:33:13 - ModbusReader - INFO - 風速: 0 m/s, 風級: 0, 風向角度: 0, 風向: unknown, 濕度: 33.9%, 溫度: 28.7°C
2025-08-25 13:33:16 - ModbusReader - INFO - 風速: 0 m/s, 風級: 0, 風向角度: 0, 風向: unknown, 濕度: 33.9%, 溫度: 28.7°C
2025-08-25 13:33:19 - ModbusReader - INFO - 風速: 0 m/s, 風級: 0, 風向角度: 0, 風向: unknown, 濕度: 33.9%, 溫度: 28.7°C
2025-08-25 13:33:22 - ModbusReader - INFO - 風速: 0 m/s, 風級: 0, 風向角度: 0, 風向: unknown, 濕度: 33.9%, 溫度: 28.7°C
2025-08-25 13:33:25 - ModbusReader - INFO - 風速: 0 m/s, 風級: 0, 風向角度: 0, 風向: unknown, 濕度: 34.0%, 溫度: 28.7°C
2025-08-25 13:33:29 - ModbusReader - INFO - 風速: 0 m/s, 風級: 0, 風向角度: 0, 風向: unknown, 濕度: 34.0%, 溫度: 28.7°C
2025-08-25 13:33:32 - ModbusReader - INFO - 風速: 0 m/s, 風級: 0, 風向角度: 0, 風向: unknown, 濕度: 34.2%, 溫度: 28.7°C
2025-08-25 13:33:35 - ModbusReader - INFO - 風速: 0 m/s, 風級: 0, 風向角度: 0, 風向: unknown, 濕度: 34.2%, 溫度: 28.7°C
2025-08-25 13:33:38 - ModbusReader - INFO - 風速: 0 m/s, 風級: 0, 風向角度: 0, 風向: unknown, 濕度: 34.2%, 溫度: 28.7°C
2025-08-25 13:33:41 - ModbusReader - INFO - 風速: 0 m/s, 風級: 0, 風向角度: 0, 風向: unknown, 濕度: 34.2%, 溫度: 28.7°C
2025-08-25 13:33:44 - ModbusReader - INFO - 風速: 0 m/s, 風級: 0, 風向角度: 0, 風向: unknown, 濕度: 34.2%, 溫度: 28.7°C
2025-08-25 13:33:47 - ModbusReader - INFO - 風速: 0 m/s, 風級: 0, 風向角度: 0, 風向: unknown, 濕度: 34.2%, 溫度: 28.7°C
2025-08-25 13:33:51 - ModbusReader - INFO - 風速: 0 m/s, 風級: 0, 風向角度: 0, 風向: unknown, 濕度: 34.2%, 溫度: 28.7°C
2025-08-25 13:33:54 - ModbusReader - INFO - 風速: 0 m/s, 風級: 0, 風向角度: 0, 風向: unknown, 濕度: 34.3%, 溫度: 28.7°C
2025-08-25 13:33:57 - ModbusReader - INFO - 風速: 0 m/s, 風級: 0, 風向角度: 0, 風向: unknown, 濕度: 34.3%, 溫度: 28.7°C
2025-08-25 13:34:00 - ModbusReader - INFO - 風速: 0 m/s, 風級: 0, 風向角度: 0, 風向: unknown, 濕度: 34.3%, 溫度: 28.7°C
2025-08-25 13:34:03 - ModbusReader - INFO - 風速: 0 m/s, 風級: 0, 風向角度: 0, 風向: unknown, 濕度: 34.4%, 溫度: 28.7°C
2025-08-25 13:34:06 - ModbusReader - INFO - 風速: 0 m/s, 風級: 0, 風向角度: 0, 風向: unknown, 濕度: 34.4%, 溫度: 28.7°C
2025-08-25 13:34:09 - ModbusReader - INFO - 風速: 0 m/s, 風級: 0, 風向角度: 0, 風向: unknown, 濕度: 34.2%, 溫度: 28.7°C
2025-08-25 13:34:13 - ModbusReader - INFO - 風速: 0 m/s, 風級: 0, 風向角度: 0, 風向: unknown, 濕度: 34.2%, 溫度: 28.7°C
2025-08-25 13:34:16 - ModbusReader - INFO - 風速: 0 m/s, 風級: 0, 風向角度: 0, 風向: unknown, 濕度: 34.2%, 溫度: 28.7°C
2025-08-25 13:34:19 - ModbusReader - INFO - 風速: 0 m/s, 風級: 0, 風向角度: 0, 風向: unknown, 濕度: 34.0%, 溫度: 28.7°C
2025-08-25 13:34:22 - ModbusReader - INFO - 風速: 0 m/s, 風級: 0, 風向角度: 0, 風向: unknown, 濕度: 34.0%, 溫度: 28.7°C
2025-08-25 13:34:25 - ModbusReader - INFO - 風速: 0 m/s, 風級: 0, 風向角度: 0, 風向: unknown, 濕度: 33.6%, 溫度: 28.7°C
2025-08-25 13:34:28 - ModbusReader - INFO - 風速: 0 m/s, 風級: 0, 風向角度: 0, 風向: unknown, 濕度: 33.6%, 溫度: 28.7°C
2025-08-25 13:34:32 - ModbusReader - INFO - 風速: 0 m/s, 風級: 0, 風向角度: 0, 風向: unknown, 濕度: 33.6%, 溫度: 28.7°C
2025-08-25 13:34:35 - ModbusReader - INFO - 風速: 0 m/s, 風級: 0, 風向角度: 0, 風向: unknown, 濕度: 33.8%, 溫度: 28.7°C
2025-08-25 13:34:38 - ModbusReader - INFO - 風速: 0 m/s, 風級: 0, 風向角度: 0, 風向: unknown, 濕度: 33.8%, 溫度: 28.7°C
2025-08-25 13:34:41 - ModbusReader - INFO - 風速: 0 m/s, 風級: 0, 風向角度: 0, 風向: unknown, 濕度: 34.0%, 溫度: 28.7°C
2025-08-25 13:34:44 - ModbusReader - INFO - 風速: 0 m/s, 風級: 0, 風向角度: 0, 風向: unknown, 濕度: 34.0%, 溫度: 28.7°C
2025-08-25 13:34:47 - ModbusReader - INFO - 風速: 0 m/s, 風級: 0, 風向角度: 0, 風向: unknown, 濕度: 34.1%, 溫度: 28.7°C
2025-08-25 13:34:50 - ModbusReader - INFO - 風速: 0 m/s, 風級: 0, 風向角度: 0, 風向: unknown, 濕度: 34.1%, 溫度: 28.7°C
2025-08-25 13:34:54 - ModbusReader - INFO - 風速: 0 m/s, 風級: 0, 風向角度: 0, 風向: unknown, 濕度: 34.1%, 溫度: 28.7°C
2025-08-25 13:34:57 - ModbusReader - INFO - 風速: 0 m/s, 風級: 0, 風向角度: 0, 風向: unknown, 濕度: 34.4%, 溫度: 28.7°C
2025-08-25 13:35:00 - ModbusReader - INFO - 風速: 0 m/s, 風級: 0, 風向角度: 0, 風向: unknown, 濕度: 34.4%, 溫度: 28.7°C
2025-08-25 13:35:03 - ModbusReader - INFO - 風速: 0 m/s, 風級: 0, 風向角度: 0, 風向: unknown, 濕度: 34.5%, 溫度: 28.7°C
2025-08-25 13:35:06 - ModbusReader - INFO - 風速: 0 m/s, 風級: 0, 風向角度: 0, 風向: unknown, 濕度: 34.5%, 溫度: 28.7°C
2025-08-25 13:35:09 - ModbusReader - INFO - 風速: 0 m/s, 風級: 0, 風向角度: 0, 風向: unknown, 濕度: 34.5%, 溫度: 28.7°C
2025-08-25 13:35:12 - ModbusReader - INFO - 風速: 0 m/s, 風級: 0, 風向角度: 0, 風向: unknown, 濕度: 33.9%, 溫度: 28.7°C
2025-08-25 13:35:16 - ModbusReader - INFO - 風速: 0 m/s, 風級: 0, 風向角度: 0, 風向: unknown, 濕度: 33.9%, 溫度: 28.7°C
2025-08-25 13:35:19 - ModbusReader - INFO - 風速: 0 m/s, 風級: 0, 風向角度: 0, 風向: unknown, 濕度: 33.7%, 溫度: 28.7°C
2025-08-25 13:35:22 - ModbusReader - INFO - 風速: 0 m/s, 風級: 0, 風向角度: 0, 風向: unknown, 濕度: 33.7%, 溫度: 28.7°C
2025-08-25 13:35:25 - ModbusReader - INFO - 風速: 0 m/s, 風級: 0, 風向角度: 0, 風向: unknown, 濕度: 33.7%, 溫度: 28.7°C
2025-08-25 13:35:28 - ModbusReader - INFO - 風速: 0 m/s, 風級: 0, 風向角度: 0, 風向: unknown, 濕度: 34.4%, 溫度: 28.7°C
2025-08-25 13:35:31 - ModbusReader - INFO - 風速: 0 m/s, 風級: 0, 風向角度: 0, 風向: unknown, 濕度: 34.4%, 溫度: 28.7°C
2025-08-25 13:35:35 - ModbusReader - INFO - 風速: 0 m/s, 風級: 0, 風向角度: 0, 風向: unknown, 濕度: 34.6%, 溫度: 28.7°C
2025-08-25 13:35:38 - ModbusReader - INFO - 風速: 0 m/s, 風級: 0, 風向角度: 0, 風向: unknown, 濕度: 34.6%, 溫度: 28.7°C
2025-08-25 13:35:42 - ModbusReader - INFO - 找到 風速計 設備: COM3
2025-08-25 13:35:47 - ModbusReader - INFO - 風速: 0.0 m/s, 風級: 0, 風向角度: 0, 風向: N, 濕度: 34.6%, 溫度: 28.7°C
2025-08-25 13:36:20 - ModbusReader - ERROR - 讀取 Modbus 失敗: Modbus Error: [Input/Output] No response received after 5 retries, continue with next request
2025-08-25 13:36:52 - ModbusReader - INFO - 找到 風速計 設備: COM3
2025-08-25 13:37:16 - ModbusReader - INFO - 找到 風速計 設備: COM3
2025-08-25 13:37:22 - ModbusReader - INFO - 風速: 0.0 m/s, 風級: 0, 風向角度: 0, 風向: unknown, 濕度: 34.1%, 溫度: 28.7°C
2025-08-25 13:37:30 - ModbusReader - INFO - 風速: 0.0 m/s, 風級: 0, 風向角度: 0, 風向: unknown, 濕度: 33.9%, 溫度: 28.7°C
2025-08-25 13:37:38 - ModbusReader - INFO - 風速: 0.0 m/s, 風級: 0, 風向角度: 0, 風向: unknown, 濕度: 33.9%, 溫度: 28.7°C
2025-08-25 13:37:46 - ModbusReader - INFO - 風速: 0.0 m/s, 風級: 0, 風向角度: 0, 風向: unknown, 濕度: 33.9%, 溫度: 28.7°C
2025-08-25 13:37:55 - ModbusReader - INFO - 風速: 0.0 m/s, 風級: 0, 風向角度: 0, 風向: unknown, 濕度: 33.8%, 溫度: 28.7°C
2025-08-25 13:38:03 - ModbusReader - INFO - 風速: 0.0 m/s, 風級: 0, 風向角度: 0, 風向: unknown, 濕度: 33.8%, 溫度: 28.7°C
2025-08-25 13:47:34 - ModbusReader - INFO - 找到 風速計 設備: COM3
2025-08-25 13:47:40 - ModbusReader - INFO - 找到 風速計 設備: COM3
2025-08-25 13:47:41 - ModbusReader - INFO - 風速: 0.0 m/s, 風級: 0, 風向角度: 0, 風向: unknown, 濕度: 35.2%, 溫度: 28.6°C
2025-08-25 13:47:44 - ModbusReader - INFO - 風速: 0.0 m/s, 風級: 0, 風向角度: 0, 風向: unknown, 濕度: 35.2%, 溫度: 28.6°C
2025-08-25 13:48:03 - ModbusReader - INFO - 找到 風速計 設備: COM3
2025-08-25 13:48:04 - ModbusReader - INFO - 風速: 0.0 m/s, 風級: 0, 風向角度: 0, 風向: N, 濕度: 35.2%, 溫度: 28.6°C
2025-08-25 13:48:07 - ModbusReader - INFO - 風速: 0.0 m/s, 風級: 0, 風向角度: 0, 風向: N, 濕度: 35.2%, 溫度: 28.6°C
2025-08-25 13:48:11 - ModbusReader - INFO - 風速: 0.0 m/s, 風級: 0, 風向角度: 0, 風向: N, 濕度: 35.1%, 溫度: 28.6°C
2025-08-25 13:48:14 - ModbusReader - INFO - 風速: 0.0 m/s, 風級: 0, 風向角度: 0, 風向: N, 濕度: 35.1%, 溫度: 28.6°C
2025-08-25 13:48:18 - ModbusReader - INFO - 風速: 0.0 m/s, 風級: 0, 風向角度: 0, 風向: N, 濕度: 34.9%, 溫度: 28.6°C
2025-08-25 13:48:21 - ModbusReader - INFO - 風速: 0.0 m/s, 風級: 0, 風向角度: 0, 風向: N, 濕度: 34.9%, 溫度: 28.6°C
2025-08-25 13:48:25 - ModbusReader - INFO - 風速: 0.0 m/s, 風級: 0, 風向角度: 0, 風向: N, 濕度: 35.0%, 溫度: 28.6°C
2025-08-25 13:48:28 - ModbusReader - INFO - 風速: 0.0 m/s, 風級: 0, 風向角度: 0, 風向: N, 濕度: 35.0%, 溫度: 28.6°C
2025-08-25 13:48:32 - ModbusReader - INFO - 風速: 0.0 m/s, 風級: 0, 風向角度: 0, 風向: N, 濕度: 35.0%, 溫度: 28.6°C
2025-08-25 13:48:36 - ModbusReader - INFO - 風速: 0.0 m/s, 風級: 0, 風向角度: 0, 風向: N, 濕度: 35.0%, 溫度: 28.6°C
2025-08-25 13:48:39 - ModbusReader - INFO - 風速: 0.0 m/s, 風級: 0, 風向角度: 0, 風向: N, 濕度: 34.9%, 溫度: 28.6°C
2025-08-25 13:48:43 - ModbusReader - INFO - 風速: 0.0 m/s, 風級: 0, 風向角度: 0, 風向: N, 濕度: 34.9%, 溫度: 28.6°C
2025-08-25 13:48:46 - ModbusReader - INFO - 風速: 0.0 m/s, 風級: 0, 風向角度: 0, 風向: N, 濕度: 34.9%, 溫度: 28.6°C
2025-08-25 13:48:50 - ModbusReader - INFO - 風速: 0.0 m/s, 風級: 0, 風向角度: 0, 風向: N, 濕度: 35.1%, 溫度: 28.7°C
2025-08-25 13:48:58 - ModbusReader - INFO - 風速: 0.0 m/s, 風級: 0, 風向角度: 0, 風向: N, 濕度: 35.1%, 溫度: 28.7°C
2025-08-25 13:49:07 - ModbusReader - INFO - 風速: 0.0 m/s, 風級: 0, 風向角度: 0, 風向: N, 濕度: 35.1%, 溫度: 28.7°C
2025-08-25 13:49:10 - ModbusReader - INFO - 風速: 0.0 m/s, 風級: 0, 風向角度: 0, 風向: N, 濕度: 35.1%, 溫度: 28.7°C
2025-08-25 13:49:14 - ModbusReader - INFO - 風速: 0.0 m/s, 風級: 0, 風向角度: 0, 風向: N, 濕度: 35.1%, 溫度: 28.7°C
2025-08-25 13:49:17 - ModbusReader - INFO - 風速: 0.0 m/s, 風級: 0, 風向角度: 0, 風向: N, 濕度: 35.1%, 溫度: 28.7°C
2025-08-25 13:49:21 - ModbusReader - INFO - 風速: 0.0 m/s, 風級: 0, 風向角度: 0, 風向: N, 濕度: 35.1%, 溫度: 28.7°C
2025-08-25 13:49:54 - ModbusReader - ERROR - 讀取 Modbus 失敗: Modbus Error: [Input/Output] No response received after 5 retries, continue with next request
2025-08-25 13:50:36 - ModbusReader - INFO - 找到 風速計 設備: COM3
2025-08-25 13:50:37 - ModbusReader - INFO - 風速: 0.0 m/s, 風級: 0, 風向角度: 0, 風向: N, 濕度: 34.8%, 溫度: 28.7°C
2025-08-25 13:50:41 - ModbusReader - INFO - 風速: 0.0 m/s, 風級: 0, 風向角度: 0, 風向: N, 濕度: 34.8%, 溫度: 28.7°C
2025-08-25 13:50:45 - ModbusReader - INFO - 風速: 0.0 m/s, 風級: 0, 風向角度: 0, 風向: N, 濕度: 34.5%, 溫度: 28.7°C
2025-08-25 13:50:48 - ModbusReader - INFO - 風速: 0.0 m/s, 風級: 0, 風向角度: 0, 風向: N, 濕度: 34.5%, 溫度: 28.7°C
2025-08-25 13:50:52 - ModbusReader - INFO - 風速: 0.0 m/s, 風級: 0, 風向角度: 0, 風向: N, 濕度: 34.6%, 溫度: 28.7°C
2025-08-25 13:50:56 - ModbusReader - INFO - 風速: 0.0 m/s, 風級: 0, 風向角度: 0, 風向: N, 濕度: 34.6%, 溫度: 28.7°C
2025-08-25 13:51:00 - ModbusReader - INFO - 風速: 0.0 m/s, 風級: 0, 風向角度: 0, 風向: N, 濕度: 34.7%, 溫度: 28.7°C
2025-08-25 13:51:04 - ModbusReader - INFO - 風速: 0.0 m/s, 風級: 0, 風向角度: 0, 風向: N, 濕度: 34.7%, 溫度: 28.7°C
2025-08-25 13:51:08 - ModbusReader - INFO - 風速: 0.0 m/s, 風級: 0, 風向角度: 0, 風向: N, 濕度: 34.7%, 溫度: 28.7°C
2025-08-25 13:51:11 - ModbusReader - INFO - 風速: 0.0 m/s, 風級: 0, 風向角度: 0, 風向: N, 濕度: 34.7%, 溫度: 28.7°C
2025-08-25 13:51:15 - ModbusReader - INFO - 風速: 0.0 m/s, 風級: 0, 風向角度: 0, 風向: N, 濕度: 34.8%, 溫度: 28.7°C
2025-08-25 13:51:19 - ModbusReader - INFO - 風速: 0.0 m/s, 風級: 0, 風向角度: 0, 風向: N, 濕度: 34.8%, 溫度: 28.7°C
2025-08-25 13:51:23 - ModbusReader - INFO - 風速: 0.0 m/s, 風級: 0, 風向角度: 0, 風向: N, 濕度: 34.8%, 溫度: 28.7°C
2025-08-25 13:51:27 - ModbusReader - INFO - 風速: 0.0 m/s, 風級: 0, 風向角度: 0, 風向: N, 濕度: 34.8%, 溫度: 28.7°C
2025-08-25 13:51:31 - ModbusReader - INFO - 風速: 0.0 m/s, 風級: 0, 風向角度: 0, 風向: N, 濕度: 34.8%, 溫度: 28.7°C
2025-08-25 13:51:34 - ModbusReader - INFO - 風速: 0.0 m/s, 風級: 0, 風向角度: 0, 風向: N, 濕度: 34.8%, 溫度: 28.7°C
2025-08-25 13:51:38 - ModbusReader - INFO - 風速: 0.0 m/s, 風級: 0, 風向角度: 0, 風向: N, 濕度: 34.7%, 溫度: 28.7°C
2025-08-25 13:51:42 - ModbusReader - INFO - 風速: 0.0 m/s, 風級: 0, 風向角度: 0, 風向: N, 濕度: 34.7%, 溫度: 28.7°C
2025-08-25 13:51:46 - ModbusReader - INFO - 風速: 0.0 m/s, 風級: 0, 風向角度: 0, 風向: N, 濕度: 34.6%, 溫度: 28.7°C
2025-08-25 13:51:50 - ModbusReader - INFO - 風速: 0.0 m/s, 風級: 0, 風向角度: 0, 風向: N, 濕度: 34.6%, 溫度: 28.7°C
2025-08-25 13:51:53 - ModbusReader - INFO - 風速: 0.0 m/s, 風級: 0, 風向角度: 0, 風向: N, 濕度: 34.6%, 溫度: 28.7°C
2025-08-25 13:51:57 - ModbusReader - INFO - 風速: 0.0 m/s, 風級: 0, 風向角度: 0, 風向: N, 濕度: 34.6%, 溫度: 28.7°C
2025-08-25 13:52:01 - ModbusReader - INFO - 風速: 0.0 m/s, 風級: 0, 風向角度: 0, 風向: N, 濕度: 34.7%, 溫度: 28.7°C
2025-08-25 13:52:05 - ModbusReader - INFO - 風速: 0.0 m/s, 風級: 0, 風向角度: 0, 風向: N, 濕度: 34.7%, 溫度: 28.7°C
2025-08-25 13:52:09 - ModbusReader - INFO - 風速: 0.0 m/s, 風級: 0, 風向角度: 0, 風向: N, 濕度: 34.5%, 溫度: 28.7°C
2025-08-25 13:52:13 - ModbusReader - INFO - 風速: 0.0 m/s, 風級: 0, 風向角度: 0, 風向: N, 濕度: 34.5%, 溫度: 28.7°C
2025-08-25 13:52:16 - ModbusReader - INFO - 風速: 0.0 m/s, 風級: 0, 風向角度: 0, 風向: N, 濕度: 34.4%, 溫度: 28.7°C
2025-08-25 13:52:20 - ModbusReader - INFO - 風速: 0.0 m/s, 風級: 0, 風向角度: 0, 風向: N, 濕度: 34.4%, 溫度: 28.7°C
2025-08-25 13:52:24 - ModbusReader - INFO - 風速: 0.0 m/s, 風級: 0, 風向角度: 0, 風向: N, 濕度: 34.4%, 溫度: 28.7°C
2025-08-25 13:52:28 - ModbusReader - INFO - 風速: 0.0 m/s, 風級: 0, 風向角度: 0, 風向: N, 濕度: 34.4%, 溫度: 28.7°C
2025-08-25 13:52:32 - ModbusReader - INFO - 風速: 0.0 m/s, 風級: 0, 風向角度: 0, 風向: N, 濕度: 34.6%, 溫度: 28.7°C
2025-08-25 13:52:35 - ModbusReader - INFO - 風速: 0.0 m/s, 風級: 0, 風向角度: 0, 風向: N, 濕度: 34.6%, 溫度: 28.7°C
2025-08-25 13:52:39 - ModbusReader - INFO - 風速: 0.0 m/s, 風級: 0, 風向角度: 0, 風向: N, 濕度: 34.5%, 溫度: 28.7°C
2025-08-25 13:52:43 - ModbusReader - INFO - 風速: 0.0 m/s, 風級: 0, 風向角度: 0, 風向: N, 濕度: 34.5%, 溫度: 28.7°C
2025-08-25 13:52:47 - ModbusReader - INFO - 風速: 0.0 m/s, 風級: 0, 風向角度: 0, 風向: N, 濕度: 34.6%, 溫度: 28.7°C
2025-08-25 13:52:51 - ModbusReader - INFO - 風速: 0.0 m/s, 風級: 0, 風向角度: 0, 風向: N, 濕度: 34.6%, 溫度: 28.7°C
2025-08-25 13:52:55 - ModbusReader - INFO - 風速: 0.0 m/s, 風級: 0, 風向角度: 0, 風向: N, 濕度: 34.5%, 溫度: 28.7°C
2025-08-25 13:52:58 - ModbusReader - INFO - 風速: 0.0 m/s, 風級: 0, 風向角度: 0, 風向: N, 濕度: 34.5%, 溫度: 28.7°C
2025-08-25 13:53:02 - ModbusReader - INFO - 風速: 0.0 m/s, 風級: 0, 風向角度: 0, 風向: N, 濕度: 34.5%, 溫度: 28.7°C
2025-08-25 13:53:06 - ModbusReader - INFO - 風速: 0.0 m/s, 風級: 0, 風向角度: 0, 風向: N, 濕度: 34.5%, 溫度: 28.7°C
2025-08-25 13:53:10 - ModbusReader - INFO - 風速: 0.0 m/s, 風級: 0, 風向角度: 0, 風向: N, 濕度: 34.3%, 溫度: 28.7°C
2025-08-25 13:53:14 - ModbusReader - INFO - 風速: 0.0 m/s, 風級: 0, 風向角度: 0, 風向: N, 濕度: 34.3%, 溫度: 28.7°C
2025-08-25 13:53:18 - ModbusReader - INFO - 風速: 0.0 m/s, 風級: 0, 風向角度: 0, 風向: N, 濕度: 34.4%, 溫度: 28.6°C
2025-08-25 13:53:21 - ModbusReader - INFO - 風速: 0.0 m/s, 風級: 0, 風向角度: 0, 風向: N, 濕度: 34.4%, 溫度: 28.6°C
2025-08-25 13:53:25 - ModbusReader - INFO - 風速: 0.0 m/s, 風級: 0, 風向角度: 0, 風向: N, 濕度: 34.4%, 溫度: 28.7°C
2025-08-25 13:53:34 - ModbusReader - INFO - 風速: 0.0 m/s, 風級: 0, 風向角度: 0, 風向: N, 濕度: 34.4%, 溫度: 28.7°C
2025-08-25 13:53:38 - ModbusReader - INFO - 風速: 0.0 m/s, 風級: 0, 風向角度: 0, 風向: N, 濕度: 34.4%, 溫度: 28.7°C
2025-08-25 13:53:42 - ModbusReader - INFO - 風速: 0.0 m/s, 風級: 0, 風向角度: 0, 風向: N, 濕度: 34.4%, 溫度: 28.7°C
2025-08-25 13:53:46 - ModbusReader - INFO - 風速: 0.0 m/s, 風級: 0, 風向角度: 0, 風向: N, 濕度: 34.4%, 溫度: 28.7°C
2025-08-25 13:53:49 - ModbusReader - INFO - 風速: 0.0 m/s, 風級: 0, 風向角度: 0, 風向: N, 濕度: 34.6%, 溫度: 28.6°C
2025-08-25 13:53:53 - ModbusReader - INFO - 風速: 0.0 m/s, 風級: 0, 風向角度: 0, 風向: N, 濕度: 34.6%, 溫度: 28.6°C
2025-08-25 13:53:57 - ModbusReader - INFO - 風速: 0.0 m/s, 風級: 0, 風向角度: 0, 風向: N, 濕度: 34.5%, 溫度: 28.7°C
2025-08-25 13:54:01 - ModbusReader - INFO - 風速: 0.0 m/s, 風級: 0, 風向角度: 0, 風向: N, 濕度: 34.5%, 溫度: 28.7°C
2025-08-25 13:54:05 - ModbusReader - INFO - 風速: 0.0 m/s, 風級: 0, 風向角度: 0, 風向: N, 濕度: 34.3%, 溫度: 28.7°C
2025-08-25 13:54:09 - ModbusReader - INFO - 風速: 0.0 m/s, 風級: 0, 風向角度: 0, 風向: N, 濕度: 34.3%, 溫度: 28.7°C
2025-08-25 13:54:12 - ModbusReader - INFO - 風速: 0.0 m/s, 風級: 0, 風向角度: 0, 風向: N, 濕度: 34.4%, 溫度: 28.7°C
2025-08-25 13:54:16 - ModbusReader - INFO - 風速: 0.0 m/s, 風級: 0, 風向角度: 0, 風向: N, 濕度: 34.4%, 溫度: 28.7°C
2025-08-25 13:54:20 - ModbusReader - INFO - 風速: 0.0 m/s, 風級: 0, 風向角度: 0, 風向: N, 濕度: 34.4%, 溫度: 28.7°C
2025-08-25 13:54:24 - ModbusReader - INFO - 風速: 0.0 m/s, 風級: 0, 風向角度: 0, 風向: N, 濕度: 34.4%, 溫度: 28.7°C
2025-08-25 13:54:28 - ModbusReader - INFO - 風速: 0.0 m/s, 風級: 0, 風向角度: 0, 風向: N, 濕度: 34.4%, 溫度: 28.7°C
2025-08-25 13:54:31 - ModbusReader - INFO - 風速: 0.0 m/s, 風級: 0, 風向角度: 0, 風向: N, 濕度: 34.4%, 溫度: 28.7°C
2025-08-25 13:54:40 - ModbusReader - INFO - 風速: 0.0 m/s, 風級: 0, 風向角度: 0, 風向: N, 濕度: 34.3%, 溫度: 28.7°C
2025-08-25 13:54:44 - ModbusReader - INFO - 風速: 0.0 m/s, 風級: 0, 風向角度: 0, 風向: N, 濕度: 34.3%, 溫度: 28.7°C
2025-08-25 13:54:48 - ModbusReader - INFO - 風速: 0.0 m/s, 風級: 0, 風向角度: 0, 風向: N, 濕度: 34.3%, 溫度: 28.7°C
2025-08-25 13:54:52 - ModbusReader - INFO - 風速: 0.0 m/s, 風級: 0, 風向角度: 0, 風向: N, 濕度: 34.4%, 溫度: 28.7°C
2025-08-25 13:54:56 - ModbusReader - INFO - 風速: 0.0 m/s, 風級: 0, 風向角度: 0, 風向: N, 濕度: 34.4%, 溫度: 28.7°C
2025-08-25 13:55:00 - ModbusReader - INFO - 風速: 0.0 m/s, 風級: 0, 風向角度: 0, 風向: N, 濕度: 34.4%, 溫度: 28.7°C
2025-08-25 13:55:03 - ModbusReader - INFO - 風速: 0.0 m/s, 風級: 0, 風向角度: 0, 風向: N, 濕度: 34.4%, 溫度: 28.7°C
2025-08-25 13:55:07 - ModbusReader - INFO - 風速: 0.0 m/s, 風級: 0, 風向角度: 0, 風向: N, 濕度: 34.3%, 溫度: 28.7°C
2025-08-25 13:55:11 - ModbusReader - INFO - 風速: 0.0 m/s, 風級: 0, 風向角度: 0, 風向: N, 濕度: 34.3%, 溫度: 28.7°C
2025-08-25 13:55:15 - ModbusReader - INFO - 風速: 0.0 m/s, 風級: 0, 風向角度: 0, 風向: N, 濕度: 34.4%, 溫度: 28.6°C
2025-08-25 13:55:19 - ModbusReader - INFO - 風速: 0.0 m/s, 風級: 0, 風向角度: 0, 風向: N, 濕度: 34.4%, 溫度: 28.6°C
2025-08-25 13:55:23 - ModbusReader - INFO - 風速: 0.0 m/s, 風級: 0, 風向角度: 0, 風向: N, 濕度: 34.3%, 溫度: 28.7°C
2025-08-25 13:55:26 - ModbusReader - INFO - 風速: 0.0 m/s, 風級: 0, 風向角度: 0, 風向: N, 濕度: 34.3%, 溫度: 28.7°C
2025-08-25 13:55:59 - ModbusReader - INFO - 風速: 0.0 m/s, 風級: 0, 風向角度: 0, 風向: N, 濕度: 34.1%, 溫度: 28.6°C
2025-08-25 13:56:09 - ModbusReader - INFO - 風速: 0.0 m/s, 風級: 0, 風向角度: 0, 風向: N, 濕度: 34.2%, 溫度: 28.7°C
2025-08-25 13:56:32 - ModbusReader - INFO - 風速: 0.0 m/s, 風級: 0, 風向角度: 0, 風向: N, 濕度: 34.2%, 溫度: 28.7°C
2025-08-25 13:56:46 - ModbusReader - INFO - 風速: 0.0 m/s, 風級: 0, 風向角度: 0, 風向: N, 濕度: 34.1%, 溫度: 28.7°C
2025-08-25 13:57:01 - ModbusReader - INFO - 風速: 0.0 m/s, 風級: 0, 風向角度: 0, 風向: N, 濕度: 34.2%, 溫度: 28.7°C
2025-08-25 13:57:13 - ModbusReader - INFO - 風速: 0.0 m/s, 風級: 0, 風向角度: 0, 風向: N, 濕度: 34.3%, 溫度: 28.6°C
2025-08-25 13:57:32 - ModbusReader - INFO - 風速: 0.0 m/s, 風級: 0, 風向角度: 0, 風向: N, 濕度: 33.9%, 溫度: 28.6°C
2025-08-25 13:57:44 - ModbusReader - INFO - 風速: 0.0 m/s, 風級: 0, 風向角度: 0, 風向: N, 濕度: 33.9%, 溫度: 28.7°C
2025-08-25 13:57:56 - ModbusReader - INFO - 風速: 0.0 m/s, 風級: 0, 風向角度: 0, 風向: N, 濕度: 34.0%, 溫度: 28.7°C
2025-08-25 13:58:15 - ModbusReader - INFO - 風速: 0.0 m/s, 風級: 0, 風向角度: 0, 風向: N, 濕度: 34.2%, 溫度: 28.7°C
2025-08-25 13:58:37 - ModbusReader - INFO - 風速: 0.0 m/s, 風級: 0, 風向角度: 0, 風向: N, 濕度: 34.2%, 溫度: 28.7°C
2025-08-25 13:58:57 - ModbusReader - INFO - 風速: 0.0 m/s, 風級: 0, 風向角度: 0, 風向: N, 濕度: 34.3%, 溫度: 28.7°C
2025-08-25 13:59:16 - ModbusReader - INFO - 風速: 0.0 m/s, 風級: 0, 風向角度: 0, 風向: N, 濕度: 34.0%, 溫度: 28.7°C
2025-08-25 13:59:39 - ModbusReader - INFO - 風速: 0.0 m/s, 風級: 0, 風向角度: 0, 風向: N, 濕度: 34.0%, 溫度: 28.6°C
2025-08-25 13:59:50 - ModbusReader - INFO - 風速: 0.0 m/s, 風級: 0, 風向角度: 0, 風向: N, 濕度: 32.2%, 溫度: 28.6°C
2025-08-25 14:00:00 - ModbusReader - INFO - 風速: 0.0 m/s, 風級: 0, 風向角度: 0, 風向: N, 濕度: 32.3%, 溫度: 28.6°C
2025-08-25 14:00:21 - ModbusReader - INFO - 風速: 0.0 m/s, 風級: 0, 風向角度: 0, 風向: N, 濕度: 33.9%, 溫度: 28.6°C
2025-08-25 14:00:38 - ModbusReader - INFO - 風速: 0.0 m/s, 風級: 0, 風向角度: 0, 風向: N, 濕度: 34.7%, 溫度: 28.6°C
2025-08-25 14:00:56 - ModbusReader - INFO - 風速: 0.0 m/s, 風級: 0, 風向角度: 0, 風向: N, 濕度: 34.9%, 溫度: 28.6°C
2025-08-25 14:01:19 - ModbusReader - INFO - 風速: 0.0 m/s, 風級: 0, 風向角度: 0, 風向: N, 濕度: 34.7%, 溫度: 28.7°C
2025-08-25 14:01:33 - ModbusReader - INFO - 風速: 0.0 m/s, 風級: 0, 風向角度: 0, 風向: N, 濕度: 34.9%, 溫度: 28.6°C
2025-08-25 14:01:50 - ModbusReader - INFO - 風速: 0.0 m/s, 風級: 0, 風向角度: 0, 風向: N, 濕度: 34.8%, 溫度: 28.6°C
2025-08-25 14:02:04 - ModbusReader - INFO - 風速: 0.0 m/s, 風級: 0, 風向角度: 0, 風向: N, 濕度: 34.8%, 溫度: 28.6°C
2025-08-25 14:02:32 - ModbusReader - INFO - 風速: 0.0 m/s, 風級: 0, 風向角度: 0, 風向: N, 濕度: 34.4%, 溫度: 28.7°C
2025-08-25 14:02:44 - ModbusReader - INFO - 風速: 0.0 m/s, 風級: 0, 風向角度: 0, 風向: N, 濕度: 34.4%, 溫度: 28.7°C
2025-08-25 14:03:04 - ModbusReader - INFO - 風速: 0.0 m/s, 風級: 0, 風向角度: 0, 風向: N, 濕度: 34.2%, 溫度: 28.7°C
2025-08-25 14:03:24 - ModbusReader - INFO - 風速: 0.0 m/s, 風級: 0, 風向角度: 0, 風向: N, 濕度: 34.2%, 溫度: 28.7°C
2025-08-25 14:03:46 - ModbusReader - INFO - 風速: 0.0 m/s, 風級: 0, 風向角度: 0, 風向: N, 濕度: 34.1%, 溫度: 28.7°C
2025-08-25 14:04:02 - ModbusReader - INFO - 風速: 0.0 m/s, 風級: 0, 風向角度: 0, 風向: N, 濕度: 34.0%, 溫度: 28.7°C
2025-08-25 14:04:20 - ModbusReader - INFO - 風速: 0.0 m/s, 風級: 0, 風向角度: 0, 風向: N, 濕度: 33.9%, 溫度: 28.7°C
2025-08-25 14:04:38 - ModbusReader - INFO - 風速: 0.0 m/s, 風級: 0, 風向角度: 0, 風向: N, 濕度: 34.0%, 溫度: 28.7°C
2025-08-25 14:04:55 - ModbusReader - INFO - 風速: 0.0 m/s, 風級: 0, 風向角度: 0, 風向: N, 濕度: 34.0%, 溫度: 28.7°C
2025-08-25 14:05:11 - ModbusReader - INFO - 風速: 0.0 m/s, 風級: 0, 風向角度: 0, 風向: N, 濕度: 34.0%, 溫度: 28.7°C
2025-08-25 14:05:27 - ModbusReader - INFO - 風速: 0.0 m/s, 風級: 0, 風向角度: 0, 風向: N, 濕度: 33.9%, 溫度: 28.7°C
2025-08-25 14:05:41 - ModbusReader - INFO - 風速: 0.0 m/s, 風級: 0, 風向角度: 0, 風向: N, 濕度: 33.8%, 溫度: 28.7°C
2025-08-25 14:05:59 - ModbusReader - INFO - 風速: 0.0 m/s, 風級: 0, 風向角度: 0, 風向: N, 濕度: 33.8%, 溫度: 28.7°C
2025-08-25 14:06:13 - ModbusReader - INFO - 風速: 0.0 m/s, 風級: 0, 風向角度: 0, 風向: N, 濕度: 33.7%, 溫度: 28.7°C
2025-08-25 14:06:24 - ModbusReader - INFO - 風速: 0.0 m/s, 風級: 0, 風向角度: 0, 風向: N, 濕度: 33.7%, 溫度: 28.7°C
2025-08-25 14:06:38 - ModbusReader - INFO - 風速: 0.0 m/s, 風級: 0, 風向角度: 0, 風向: N, 濕度: 33.9%, 溫度: 28.7°C
2025-08-25 14:06:59 - ModbusReader - INFO - 風速: 0.0 m/s, 風級: 0, 風向角度: 0, 風向: N, 濕度: 33.7%, 溫度: 28.7°C
2025-08-25 14:07:13 - ModbusReader - INFO - 風速: 0.0 m/s, 風級: 0, 風向角度: 0, 風向: N, 濕度: 33.8%, 溫度: 28.7°C
2025-08-25 14:07:32 - ModbusReader - INFO - 風速: 0.0 m/s, 風級: 0, 風向角度: 0, 風向: N, 濕度: 33.7%, 溫度: 28.7°C
2025-08-25 14:07:55 - ModbusReader - INFO - 風速: 0.0 m/s, 風級: 0, 風向角度: 0, 風向: N, 濕度: 33.5%, 溫度: 28.7°C
2025-08-25 14:08:09 - ModbusReader - INFO - 風速: 0.0 m/s, 風級: 0, 風向角度: 0, 風向: N, 濕度: 33.6%, 溫度: 28.7°C
2025-08-25 14:08:20 - ModbusReader - INFO - 風速: 0.0 m/s, 風級: 0, 風向角度: 0, 風向: N, 濕度: 33.6%, 溫度: 28.7°C
2025-08-25 14:08:36 - ModbusReader - INFO - 風速: 0.0 m/s, 風級: 0, 風向角度: 0, 風向: N, 濕度: 33.4%, 溫度: 28.7°C
2025-08-25 14:08:55 - ModbusReader - INFO - 風速: 0.0 m/s, 風級: 0, 風向角度: 0, 風向: N, 濕度: 33.4%, 溫度: 28.7°C
2025-08-25 14:09:17 - ModbusReader - INFO - 風速: 0.0 m/s, 風級: 0, 風向角度: 0, 風向: N, 濕度: 33.4%, 溫度: 28.7°C
2025-08-25 14:09:34 - ModbusReader - INFO - 風速: 0.0 m/s, 風級: 0, 風向角度: 0, 風向: N, 濕度: 33.3%, 溫度: 28.7°C
2025-08-25 14:09:47 - ModbusReader - INFO - 風速: 0.0 m/s, 風級: 0, 風向角度: 0, 風向: N, 濕度: 33.2%, 溫度: 28.7°C
2025-08-25 14:10:06 - ModbusReader - INFO - 風速: 0.0 m/s, 風級: 0, 風向角度: 0, 風向: N, 濕度: 33.3%, 溫度: 28.7°C
2025-08-25 14:10:17 - ModbusReader - INFO - 風速: 0.0 m/s, 風級: 0, 風向角度: 0, 風向: N, 濕度: 33.1%, 溫度: 28.7°C
2025-08-25 14:10:32 - ModbusReader - INFO - 風速: 0.0 m/s, 風級: 0, 風向角度: 0, 風向: N, 濕度: 33.1%, 溫度: 28.7°C
2025-08-25 14:10:50 - ModbusReader - INFO - 風速: 0.0 m/s, 風級: 0, 風向角度: 0, 風向: N, 濕度: 33.2%, 溫度: 28.7°C
2025-08-25 14:11:11 - ModbusReader - INFO - 風速: 0.0 m/s, 風級: 0, 風向角度: 0, 風向: N, 濕度: 33.0%, 溫度: 28.7°C
2025-08-25 14:11:23 - ModbusReader - INFO - 風速: 0.0 m/s, 風級: 0, 風向角度: 0, 風向: N, 濕度: 33.3%, 溫度: 28.7°C
2025-08-25 14:11:38 - ModbusReader - INFO - 風速: 0.0 m/s, 風級: 0, 風向角度: 0, 風向: N, 濕度: 33.4%, 溫度: 28.7°C
2025-08-25 14:12:00 - ModbusReader - INFO - 風速: 0.0 m/s, 風級: 0, 風向角度: 0, 風向: N, 濕度: 33.0%, 溫度: 28.7°C
2025-08-25 14:12:11 - ModbusReader - INFO - 風速: 0.0 m/s, 風級: 0, 風向角度: 0, 風向: N, 濕度: 33.0%, 溫度: 28.7°C
2025-08-25 14:12:31 - ModbusReader - INFO - 風速: 0.0 m/s, 風級: 0, 風向角度: 0, 風向: N, 濕度: 33.3%, 溫度: 28.7°C
2025-08-25 14:12:41 - ModbusReader - INFO - 風速: 0.0 m/s, 風級: 0, 風向角度: 0, 風向: N, 濕度: 33.6%, 溫度: 28.7°C
2025-08-25 14:12:54 - ModbusReader - INFO - 風速: 0.0 m/s, 風級: 0, 風向角度: 0, 風向: N, 濕度: 33.5%, 溫度: 28.7°C
2025-08-25 14:13:10 - ModbusReader - INFO - 風速: 0.0 m/s, 風級: 0, 風向角度: 0, 風向: N, 濕度: 32.5%, 溫度: 28.7°C
2025-08-25 14:13:29 - ModbusReader - INFO - 風速: 0.0 m/s, 風級: 0, 風向角度: 0, 風向: N, 濕度: 31.8%, 溫度: 28.7°C
2025-08-25 14:13:50 - ModbusReader - INFO - 風速: 0.0 m/s, 風級: 0, 風向角度: 0, 風向: N, 濕度: 33.3%, 溫度: 28.7°C
2025-08-25 14:14:03 - ModbusReader - INFO - 風速: 0.0 m/s, 風級: 0, 風向角度: 0, 風向: N, 濕度: 33.8%, 溫度: 28.6°C
2025-08-25 14:14:16 - ModbusReader - INFO - 風速: 0.0 m/s, 風級: 0, 風向角度: 0, 風向: N, 濕度: 34.1%, 溫度: 28.7°C
2025-08-25 14:14:34 - ModbusReader - INFO - 風速: 0.0 m/s, 風級: 0, 風向角度: 0, 風向: N, 濕度: 32.3%, 溫度: 28.6°C
2025-08-25 14:14:58 - ModbusReader - INFO - 風速: 0.0 m/s, 風級: 0, 風向角度: 0, 風向: N, 濕度: 33.2%, 溫度: 28.6°C
2025-08-25 14:15:18 - ModbusReader - INFO - 風速: 0.0 m/s, 風級: 0, 風向角度: 0, 風向: N, 濕度: 33.5%, 溫度: 28.6°C
2025-08-25 14:15:36 - ModbusReader - INFO - 風速: 0.0 m/s, 風級: 0, 風向角度: 0, 風向: N, 濕度: 33.7%, 溫度: 28.6°C
2025-08-25 14:15:50 - ModbusReader - INFO - 風速: 0.0 m/s, 風級: 0, 風向角度: 0, 風向: N, 濕度: 33.7%, 溫度: 28.6°C
2025-08-25 14:16:11 - ModbusReader - INFO - 風速: 0.0 m/s, 風級: 0, 風向角度: 0, 風向: N, 濕度: 33.6%, 溫度: 28.6°C
2025-08-25 14:16:29 - ModbusReader - INFO - 風速: 0.0 m/s, 風級: 0, 風向角度: 0, 風向: N, 濕度: 33.6%, 溫度: 28.7°C
2025-08-25 14:16:51 - ModbusReader - INFO - 風速: 0.0 m/s, 風級: 0, 風向角度: 0, 風向: N, 濕度: 33.5%, 溫度: 28.7°C
2025-08-25 14:17:13 - ModbusReader - INFO - 風速: 0.0 m/s, 風級: 0, 風向角度: 0, 風向: N, 濕度: 33.6%, 溫度: 28.6°C
2025-08-25 14:17:36 - ModbusReader - INFO - 風速: 0.0 m/s, 風級: 0, 風向角度: 0, 風向: N, 濕度: 33.4%, 溫度: 28.7°C
2025-08-25 14:17:56 - ModbusReader - INFO - 風速: 0.0 m/s, 風級: 0, 風向角度: 0, 風向: N, 濕度: 33.3%, 溫度: 28.7°C
2025-08-25 14:18:19 - ModbusReader - INFO - 風速: 0.0 m/s, 風級: 0, 風向角度: 0, 風向: N, 濕度: 33.3%, 溫度: 28.7°C
2025-08-25 14:18:41 - ModbusReader - INFO - 風速: 0.0 m/s, 風級: 0, 風向角度: 0, 風向: N, 濕度: 33.1%, 溫度: 28.7°C
2025-08-25 14:19:03 - ModbusReader - INFO - 風速: 0.0 m/s, 風級: 0, 風向角度: 0, 風向: N, 濕度: 33.2%, 溫度: 28.7°C
2025-08-25 14:19:24 - ModbusReader - INFO - 風速: 0.0 m/s, 風級: 0, 風向角度: 0, 風向: N, 濕度: 33.0%, 溫度: 28.7°C
2025-08-25 14:19:39 - ModbusReader - INFO - 風速: 0.0 m/s, 風級: 0, 風向角度: 0, 風向: N, 濕度: 33.1%, 溫度: 28.7°C
2025-08-25 14:19:49 - ModbusReader - INFO - 風速: 0.0 m/s, 風級: 0, 風向角度: 0, 風向: N, 濕度: 33.1%, 溫度: 28.7°C
2025-08-25 14:20:00 - ModbusReader - INFO - 風速: 0.0 m/s, 風級: 0, 風向角度: 0, 風向: N, 濕度: 32.8%, 溫度: 28.7°C
2025-08-25 14:20:21 - ModbusReader - INFO - 風速: 0.0 m/s, 風級: 0, 風向角度: 0, 風向: N, 濕度: 33.0%, 溫度: 28.7°C
2025-08-25 14:20:30 - ModbusReader - INFO - 風速: 0.0 m/s, 風級: 0, 風向角度: 0, 風向: N, 濕度: 33.0%, 溫度: 28.7°C
2025-08-25 14:20:50 - ModbusReader - INFO - 風速: 0.0 m/s, 風級: 0, 風向角度: 0, 風向: N, 濕度: 32.8%, 溫度: 28.7°C
2025-08-25 14:21:13 - ModbusReader - INFO - 風速: 0.0 m/s, 風級: 0, 風向角度: 0, 風向: N, 濕度: 32.9%, 溫度: 28.7°C
2025-08-25 14:21:29 - ModbusReader - INFO - 風速: 0.0 m/s, 風級: 0, 風向角度: 0, 風向: N, 濕度: 32.8%, 溫度: 28.7°C
2025-08-25 14:21:46 - ModbusReader - INFO - 風速: 0.0 m/s, 風級: 0, 風向角度: 0, 風向: N, 濕度: 32.8%, 溫度: 28.7°C
2025-08-25 14:22:01 - ModbusReader - INFO - 風速: 0.0 m/s, 風級: 0, 風向角度: 0, 風向: N, 濕度: 32.8%, 溫度: 28.7°C
2025-08-25 14:22:23 - ModbusReader - INFO - 風速: 0.0 m/s, 風級: 0, 風向角度: 0, 風向: N, 濕度: 32.7%, 溫度: 28.7°C
2025-08-25 14:22:40 - ModbusReader - INFO - 風速: 0.0 m/s, 風級: 0, 風向角度: 0, 風向: N, 濕度: 32.7%, 溫度: 28.7°C
2025-08-25 14:22:53 - ModbusReader - INFO - 風速: 0.0 m/s, 風級: 0, 風向角度: 0, 風向: N, 濕度: 32.7%, 溫度: 28.7°C
2025-08-25 14:23:09 - ModbusReader - INFO - 風速: 0.0 m/s, 風級: 0, 風向角度: 0, 風向: N, 濕度: 32.7%, 溫度: 28.7°C
2025-08-25 14:23:25 - ModbusReader - INFO - 風速: 0.0 m/s, 風級: 0, 風向角度: 0, 風向: N, 濕度: 32.7%, 溫度: 28.7°C
2025-08-25 14:23:38 - ModbusReader - INFO - 風速: 0.0 m/s, 風級: 0, 風向角度: 0, 風向: N, 濕度: 32.6%, 溫度: 28.7°C
2025-08-25 14:23:59 - ModbusReader - INFO - 風速: 0.0 m/s, 風級: 0, 風向角度: 0, 風向: N, 濕度: 32.6%, 溫度: 28.7°C
2025-08-25 14:24:22 - ModbusReader - INFO - 風速: 0.0 m/s, 風級: 0, 風向角度: 0, 風向: N, 濕度: 32.6%, 溫度: 28.7°C
2025-08-25 14:24:35 - ModbusReader - INFO - 風速: 0.0 m/s, 風級: 0, 風向角度: 0, 風向: N, 濕度: 32.7%, 溫度: 28.7°C
2025-08-25 14:24:46 - ModbusReader - INFO - 風速: 0.0 m/s, 風級: 0, 風向角度: 0, 風向: N, 濕度: 32.7%, 溫度: 28.7°C
2025-08-25 14:25:03 - ModbusReader - INFO - 風速: 0.0 m/s, 風級: 0, 風向角度: 0, 風向: N, 濕度: 32.8%, 溫度: 28.7°C
2025-08-25 14:25:27 - ModbusReader - INFO - 風速: 0.0 m/s, 風級: 0, 風向角度: 0, 風向: N, 濕度: 32.9%, 溫度: 28.7°C
2025-08-25 14:25:47 - ModbusReader - INFO - 風速: 0.0 m/s, 風級: 0, 風向角度: 0, 風向: N, 濕度: 33.2%, 溫度: 28.7°C
2025-08-25 14:26:07 - ModbusReader - INFO - 風速: 0.0 m/s, 風級: 0, 風向角度: 0, 風向: N, 濕度: 33.2%, 溫度: 28.7°C
2025-08-25 14:26:24 - ModbusReader - INFO - 風速: 0.0 m/s, 風級: 0, 風向角度: 0, 風向: N, 濕度: 33.3%, 溫度: 28.7°C
2025-08-25 14:26:47 - ModbusReader - INFO - 風速: 0.0 m/s, 風級: 0, 風向角度: 0, 風向: N, 濕度: 31.9%, 溫度: 28.7°C
2025-08-25 14:27:07 - ModbusReader - INFO - 風速: 0.0 m/s, 風級: 0, 風向角度: 0, 風向: N, 濕度: 31.7%, 溫度: 28.7°C
2025-08-25 14:27:18 - ModbusReader - INFO - 風速: 0.0 m/s, 風級: 0, 風向角度: 0, 風向: N, 濕度: 32.7%, 溫度: 28.7°C
2025-08-25 14:27:28 - ModbusReader - INFO - 風速: 0.0 m/s, 風級: 0, 風向角度: 0, 風向: N, 濕度: 32.9%, 溫度: 28.6°C
2025-08-25 14:27:52 - ModbusReader - INFO - 風速: 0.0 m/s, 風級: 0, 風向角度: 0, 風向: N, 濕度: 33.4%, 溫度: 28.6°C
2025-08-25 14:28:05 - ModbusReader - INFO - 風速: 0.0 m/s, 風級: 0, 風向角度: 0, 風向: N, 濕度: 33.3%, 溫度: 28.6°C
2025-08-25 14:28:18 - ModbusReader - INFO - 風速: 0.0 m/s, 風級: 0, 風向角度: 0, 風向: N, 濕度: 33.4%, 溫度: 28.6°C
2025-08-25 14:28:38 - ModbusReader - INFO - 風速: 0.0 m/s, 風級: 0, 風向角度: 0, 風向: N, 濕度: 33.5%, 溫度: 28.6°C
2025-08-25 14:28:49 - ModbusReader - INFO - 風速: 0.0 m/s, 風級: 0, 風向角度: 0, 風向: N, 濕度: 33.4%, 溫度: 28.7°C
2025-08-25 14:29:11 - ModbusReader - INFO - 風速: 0.0 m/s, 風級: 0, 風向角度: 0, 風向: N, 濕度: 32.6%, 溫度: 28.6°C
2025-08-27 12:59:50 - ModbusReader - INFO - 風速: 0.0 m/s, 風級: 0, 風向角度: 0, 風向: N, 濕度: 32.1%, 溫度: 28.7°C
2025-08-27 13:00:15 - ModbusReader - INFO - 風速: 0.0 m/s, 風級: 0, 風向角度: 0, 風向: N, 濕度: 32.1%, 溫度: 28.8°C
2025-08-27 13:00:34 - ModbusReader - INFO - 風速: 0.0 m/s, 風級: 0, 風向角度: 0, 風向: N, 濕度: 31.9%, 溫度: 28.8°C
2025-08-27 13:00:51 - ModbusReader - INFO - 風速: 0.0 m/s, 風級: 0, 風向角度: 0, 風向: N, 濕度: 32.0%, 溫度: 28.8°C
2025-08-27 13:01:14 - ModbusReader - INFO - 風速: 0.0 m/s, 風級: 0, 風向角度: 0, 風向: N, 濕度: 31.6%, 溫度: 28.7°C
2025-08-27 13:01:37 - ModbusReader - INFO - 風速: 0.0 m/s, 風級: 0, 風向角度: 0, 風向: N, 濕度: 31.7%, 溫度: 28.8°C
2025-08-27 13:01:50 - ModbusReader - INFO - 風速: 0.0 m/s, 風級: 0, 風向角度: 0, 風向: N, 濕度: 31.8%, 溫度: 28.8°C
2025-08-27 13:02:04 - ModbusReader - INFO - 風速: 0.0 m/s, 風級: 0, 風向角度: 0, 風向: N, 濕度: 31.9%, 溫度: 28.8°C
2025-08-27 13:02:17 - ModbusReader - INFO - 風速: 0.0 m/s, 風級: 0, 風向角度: 0, 風向: N, 濕度: 31.8%, 溫度: 28.8°C
2025-08-27 13:02:34 - ModbusReader - INFO - 風速: 0.0 m/s, 風級: 0, 風向角度: 0, 風向: N, 濕度: 31.3%, 溫度: 28.8°C
2025-08-27 13:02:45 - ModbusReader - INFO - 風速: 0.0 m/s, 風級: 0, 風向角度: 0, 風向: N, 濕度: 31.3%, 溫度: 28.8°C
2025-08-27 13:02:55 - ModbusReader - INFO - 風速: 0.0 m/s, 風級: 0, 風向角度: 0, 風向: N, 濕度: 31.2%, 溫度: 28.7°C
2025-08-27 13:03:16 - ModbusReader - INFO - 風速: 0.0 m/s, 風級: 0, 風向角度: 0, 風向: N, 濕度: 31.3%, 溫度: 28.8°C
2025-08-27 13:03:40 - ModbusReader - INFO - 風速: 0.0 m/s, 風級: 0, 風向角度: 0, 風向: N, 濕度: 31.0%, 溫度: 28.7°C
2025-08-27 13:03:51 - ModbusReader - INFO - 風速: 0.0 m/s, 風級: 0, 風向角度: 0, 風向: N, 濕度: 30.9%, 溫度: 28.7°C
2025-08-27 13:04:07 - ModbusReader - INFO - 風速: 0.0 m/s, 風級: 0, 風向角度: 0, 風向: N, 濕度: 30.7%, 溫度: 28.7°C
2025-08-27 13:04:27 - ModbusReader - INFO - 風速: 0.0 m/s, 風級: 0, 風向角度: 0, 風向: N, 濕度: 30.7%, 溫度: 28.7°C
2025-08-27 13:04:41 - ModbusReader - INFO - 風速: 0.0 m/s, 風級: 0, 風向角度: 0, 風向: N, 濕度: 30.9%, 溫度: 28.7°C
2025-08-27 13:05:03 - ModbusReader - INFO - 風速: 0.0 m/s, 風級: 0, 風向角度: 0, 風向: N, 濕度: 30.9%, 溫度: 28.7°C
2025-08-27 13:05:25 - ModbusReader - INFO - 風速: 0.0 m/s, 風級: 0, 風向角度: 0, 風向: N, 濕度: 30.6%, 溫度: 28.7°C
2025-08-27 13:05:45 - ModbusReader - INFO - 風速: 0.0 m/s, 風級: 0, 風向角度: 0, 風向: N, 濕度: 30.5%, 溫度: 28.7°C
2025-08-27 13:06:00 - ModbusReader - INFO - 風速: 0.0 m/s, 風級: 0, 風向角度: 0, 風向: N, 濕度: 30.5%, 溫度: 28.7°C
2025-08-27 13:06:18 - ModbusReader - INFO - 風速: 0.0 m/s, 風級: 0, 風向角度: 0, 風向: N, 濕度: 30.8%, 溫度: 28.7°C
2025-08-27 13:06:37 - ModbusReader - INFO - 風速: 0.0 m/s, 風級: 0, 風向角度: 0, 風向: N, 濕度: 30.7%, 溫度: 28.7°C
2025-08-27 13:06:48 - ModbusReader - INFO - 風速: 0.0 m/s, 風級: 0, 風向角度: 0, 風向: N, 濕度: 30.6%, 溫度: 28.7°C
2025-08-27 13:07:06 - ModbusReader - INFO - 風速: 0.0 m/s, 風級: 0, 風向角度: 0, 風向: N, 濕度: 30.5%, 溫度: 28.7°C
2025-08-27 13:07:22 - ModbusReader - INFO - 風速: 0.0 m/s, 風級: 0, 風向角度: 0, 風向: N, 濕度: 30.8%, 溫度: 28.7°C
2025-08-27 13:07:45 - ModbusReader - INFO - 風速: 0.0 m/s, 風級: 0, 風向角度: 0, 風向: N, 濕度: 31.2%, 溫度: 28.7°C
2025-08-27 13:08:06 - ModbusReader - INFO - 風速: 0.0 m/s, 風級: 0, 風向角度: 0, 風向: N, 濕度: 32.0%, 溫度: 28.7°C
2025-08-27 13:08:22 - ModbusReader - INFO - 風速: 0.0 m/s, 風級: 0, 風向角度: 0, 風向: N, 濕度: 32.4%, 溫度: 28.7°C
2025-08-27 13:08:45 - ModbusReader - INFO - 風速: 0.0 m/s, 風級: 0, 風向角度: 0, 風向: N, 濕度: 33.0%, 溫度: 28.7°C
2025-08-27 13:09:07 - ModbusReader - INFO - 風速: 0.0 m/s, 風級: 0, 風向角度: 0, 風向: N, 濕度: 33.2%, 溫度: 28.7°C
2025-08-27 13:09:22 - ModbusReader - INFO - 風速: 0.0 m/s, 風級: 0, 風向角度: 0, 風向: N, 濕度: 33.6%, 溫度: 28.7°C
2025-08-27 13:09:35 - ModbusReader - INFO - 風速: 0.0 m/s, 風級: 0, 風向角度: 0, 風向: N, 濕度: 34.5%, 溫度: 28.7°C
2025-08-27 13:09:58 - ModbusReader - INFO - 風速: 0.0 m/s, 風級: 0, 風向角度: 0, 風向: N, 濕度: 34.5%, 溫度: 28.7°C
2025-08-27 13:10:11 - ModbusReader - INFO - 風速: 0.0 m/s, 風級: 0, 風向角度: 0, 風向: N, 濕度: 34.5%, 溫度: 28.7°C
2025-08-27 13:10:32 - ModbusReader - INFO - 風速: 0.0 m/s, 風級: 0, 風向角度: 0, 風向: N, 濕度: 34.6%, 溫度: 28.7°C
2025-08-27 13:10:45 - ModbusReader - INFO - 風速: 0.0 m/s, 風級: 0, 風向角度: 0, 風向: N, 濕度: 34.6%, 溫度: 28.7°C
2025-08-27 13:11:07 - ModbusReader - INFO - 風速: 0.0 m/s, 風級: 0, 風向角度: 0, 風向: N, 濕度: 34.4%, 溫度: 28.7°C
2025-08-27 13:11:27 - ModbusReader - INFO - 風速: 0.0 m/s, 風級: 0, 風向角度: 0, 風向: N, 濕度: 34.4%, 溫度: 28.7°C
2025-08-27 13:11:45 - ModbusReader - INFO - 風速: 0.0 m/s, 風級: 0, 風向角度: 0, 風向: N, 濕度: 34.3%, 溫度: 28.7°C
2025-08-27 13:11:56 - ModbusReader - INFO - 風速: 0.0 m/s, 風級: 0, 風向角度: 0, 風向: N, 濕度: 34.3%, 溫度: 28.7°C
2025-08-27 13:12:14 - ModbusReader - INFO - 風速: 0.0 m/s, 風級: 0, 風向角度: 0, 風向: N, 濕度: 34.1%, 溫度: 28.7°C
2025-08-27 13:12:25 - ModbusReader - INFO - 風速: 0.0 m/s, 風級: 0, 風向角度: 0, 風向: N, 濕度: 34.1%, 溫度: 28.8°C
2025-08-27 13:12:36 - ModbusReader - INFO - 風速: 0.0 m/s, 風級: 0, 風向角度: 0, 風向: N, 濕度: 34.0%, 溫度: 28.7°C
2025-08-27 13:12:52 - ModbusReader - INFO - 風速: 0.0 m/s, 風級: 0, 風向角度: 0, 風向: N, 濕度: 34.0%, 溫度: 28.7°C
2025-08-27 13:13:13 - ModbusReader - INFO - 風速: 0.0 m/s, 風級: 0, 風向角度: 0, 風向: N, 濕度: 33.9%, 溫度: 28.7°C
2025-08-27 13:13:27 - ModbusReader - INFO - 風速: 0.0 m/s, 風級: 0, 風向角度: 0, 風向: N, 濕度: 33.8%, 溫度: 28.7°C
2025-08-27 13:13:45 - ModbusReader - INFO - 風速: 0.0 m/s, 風級: 0, 風向角度: 0, 風向: N, 濕度: 33.6%, 溫度: 28.8°C
2025-08-27 13:14:01 - ModbusReader - INFO - 風速: 0.0 m/s, 風級: 0, 風向角度: 0, 風向: N, 濕度: 33.6%, 溫度: 28.8°C
2025-08-27 13:14:16 - ModbusReader - INFO - 風速: 0.0 m/s, 風級: 0, 風向角度: 0, 風向: N, 濕度: 33.5%, 溫度: 28.8°C
2025-08-27 13:14:27 - ModbusReader - INFO - 風速: 0.0 m/s, 風級: 0, 風向角度: 0, 風向: N, 濕度: 33.4%, 溫度: 28.8°C
2025-08-27 13:14:50 - ModbusReader - INFO - 風速: 0.0 m/s, 風級: 0, 風向角度: 0, 風向: N, 濕度: 33.5%, 溫度: 28.7°C
2025-08-27 13:15:12 - ModbusReader - INFO - 風速: 0.0 m/s, 風級: 0, 風向角度: 0, 風向: N, 濕度: 33.2%, 溫度: 28.8°C
2025-08-27 13:15:26 - ModbusReader - INFO - 風速: 0.0 m/s, 風級: 0, 風向角度: 0, 風向: N, 濕度: 33.0%, 溫度: 28.8°C
2025-08-27 13:15:37 - ModbusReader - INFO - 風速: 0.0 m/s, 風級: 0, 風向角度: 0, 風向: N, 濕度: 33.0%, 溫度: 28.8°C
2025-08-27 13:15:57 - ModbusReader - INFO - 風速: 0.0 m/s, 風級: 0, 風向角度: 0, 風向: N, 濕度: 33.0%, 溫度: 28.8°C
2025-08-27 13:16:16 - ModbusReader - INFO - 風速: 0.0 m/s, 風級: 0, 風向角度: 0, 風向: N, 濕度: 33.0%, 溫度: 28.8°C
2025-08-27 13:16:35 - ModbusReader - INFO - 風速: 0.0 m/s, 風級: 0, 風向角度: 0, 風向: N, 濕度: 33.0%, 溫度: 28.8°C
2025-08-27 13:16:57 - ModbusReader - INFO - 風速: 0.0 m/s, 風級: 0, 風向角度: 0, 風向: N, 濕度: 33.0%, 溫度: 28.8°C
2025-08-27 13:17:13 - ModbusReader - INFO - 風速: 0.0 m/s, 風級: 0, 風向角度: 0, 風向: N, 濕度: 32.8%, 溫度: 28.8°C
2025-08-27 13:17:33 - ModbusReader - INFO - 風速: 0.0 m/s, 風級: 0, 風向角度: 0, 風向: N, 濕度: 32.6%, 溫度: 28.8°C
2025-08-27 13:17:45 - ModbusReader - INFO - 風速: 0.0 m/s, 風級: 0, 風向角度: 0, 風向: N, 濕度: 32.5%, 溫度: 28.8°C
2025-08-27 13:18:02 - ModbusReader - INFO - 風速: 0.0 m/s, 風級: 0, 風向角度: 0, 風向: N, 濕度: 32.3%, 溫度: 28.8°C
2025-08-27 13:18:15 - ModbusReader - INFO - 風速: 0.0 m/s, 風級: 0, 風向角度: 0, 風向: N, 濕度: 32.4%, 溫度: 28.8°C
2025-08-27 13:18:37 - ModbusReader - INFO - 風速: 0.0 m/s, 風級: 0, 風向角度: 0, 風向: N, 濕度: 32.2%, 溫度: 28.8°C
2025-08-27 13:18:54 - ModbusReader - INFO - 風速: 0.0 m/s, 風級: 0, 風向角度: 0, 風向: N, 濕度: 32.1%, 溫度: 28.8°C
2025-08-27 13:19:16 - ModbusReader - INFO - 風速: 0.0 m/s, 風級: 0, 風向角度: 0, 風向: N, 濕度: 32.0%, 溫度: 28.8°C
2025-08-27 13:19:33 - ModbusReader - INFO - 風速: 0.0 m/s, 風級: 0, 風向角度: 0, 風向: N, 濕度: 32.0%, 溫度: 28.8°C
2025-08-27 13:19:50 - ModbusReader - INFO - 風速: 0.0 m/s, 風級: 0, 風向角度: 0, 風向: N, 濕度: 32.1%, 溫度: 28.8°C
2025-08-27 13:20:11 - ModbusReader - INFO - 風速: 0.0 m/s, 風級: 0, 風向角度: 0, 風向: N, 濕度: 32.4%, 溫度: 28.7°C
2025-08-27 13:20:22 - ModbusReader - INFO - 風速: 0.0 m/s, 風級: 0, 風向角度: 0, 風向: N, 濕度: 32.4%, 溫度: 28.7°C
2025-08-27 13:20:33 - ModbusReader - INFO - 風速: 0.0 m/s, 風級: 0, 風向角度: 0, 風向: N, 濕度: 32.4%, 溫度: 28.7°C
2025-08-27 13:20:57 - ModbusReader - INFO - 風速: 0.0 m/s, 風級: 0, 風向角度: 0, 風向: N, 濕度: 32.5%, 溫度: 28.8°C
2025-08-27 13:21:16 - ModbusReader - INFO - 風速: 0.0 m/s, 風級: 0, 風向角度: 0, 風向: N, 濕度: 32.5%, 溫度: 28.8°C
2025-08-27 13:21:27 - ModbusReader - INFO - 風速: 0.0 m/s, 風級: 0, 風向角度: 0, 風向: N, 濕度: 32.4%, 溫度: 28.7°C
2025-08-27 13:21:43 - ModbusReader - INFO - 風速: 0.0 m/s, 風級: 0, 風向角度: 0, 風向: N, 濕度: 32.2%, 溫度: 28.7°C
2025-08-27 13:22:06 - ModbusReader - INFO - 風速: 0.0 m/s, 風級: 0, 風向角度: 0, 風向: N, 濕度: 32.1%, 溫度: 28.7°C
2025-08-27 13:22:27 - ModbusReader - INFO - 風速: 0.0 m/s, 風級: 0, 風向角度: 0, 風向: N, 濕度: 32.1%, 溫度: 28.7°C
2025-08-27 13:22:40 - ModbusReader - INFO - 風速: 0.0 m/s, 風級: 0, 風向角度: 0, 風向: N, 濕度: 32.1%, 溫度: 28.7°C
2025-08-27 13:22:54 - ModbusReader - INFO - 風速: 0.0 m/s, 風級: 0, 風向角度: 0, 風向: N, 濕度: 31.9%, 溫度: 28.7°C
2025-08-27 13:23:13 - ModbusReader - INFO - 風速: 0.0 m/s, 風級: 0, 風向角度: 0, 風向: N, 濕度: 31.7%, 溫度: 28.7°C
2025-08-27 13:23:24 - ModbusReader - INFO - 風速: 0.0 m/s, 風級: 0, 風向角度: 0, 風向: N, 濕度: 31.7%, 溫度: 28.7°C
2025-08-27 13:23:36 - ModbusReader - INFO - 風速: 0.0 m/s, 風級: 0, 風向角度: 0, 風向: N, 濕度: 31.8%, 溫度: 28.7°C
2025-08-27 13:24:00 - ModbusReader - INFO - 風速: 0.0 m/s, 風級: 0, 風向角度: 0, 風向: N, 濕度: 31.8%, 溫度: 28.7°C
2025-08-27 13:24:21 - ModbusReader - INFO - 風速: 0.0 m/s, 風級: 0, 風向角度: 0, 風向: N, 濕度: 32.1%, 溫度: 28.7°C
2025-08-27 13:24:41 - ModbusReader - INFO - 風速: 0.0 m/s, 風級: 0, 風向角度: 0, 風向: N, 濕度: 32.5%, 溫度: 28.7°C
2025-08-27 13:25:03 - ModbusReader - INFO - 風速: 0.0 m/s, 風級: 0, 風向角度: 0, 風向: N, 濕度: 33.6%, 溫度: 28.7°C
2025-08-27 13:26:34 - ModbusReader - INFO - 風速: 0.0 m/s, 風級: 0, 風向角度: 0, 風向: N, 濕度: 35.2%, 溫度: 28.7°C
2025-08-27 13:26:56 - ModbusReader - INFO - 風速: 0.0 m/s, 風級: 0, 風向角度: 0, 風向: N, 濕度: 35.6%, 溫度: 28.7°C
2025-08-27 13:27:06 - ModbusReader - INFO - 風速: 0.0 m/s, 風級: 0, 風向角度: 0, 風向: N, 濕度: 35.5%, 溫度: 28.7°C
2025-08-27 13:27:16 - ModbusReader - INFO - 風速: 0.0 m/s, 風級: 0, 風向角度: 0, 風向: N, 濕度: 35.5%, 溫度: 28.7°C
2025-08-27 13:27:39 - ModbusReader - INFO - 風速: 0.0 m/s, 風級: 0, 風向角度: 0, 風向: N, 濕度: 35.2%, 溫度: 28.7°C
2025-08-27 13:27:58 - ModbusReader - INFO - 風速: 0.0 m/s, 風級: 0, 風向角度: 0, 風向: N, 濕度: 35.1%, 溫度: 28.7°C
2025-08-27 13:28:20 - ModbusReader - INFO - 風速: 0.0 m/s, 風級: 0, 風向角度: 0, 風向: N, 濕度: 34.9%, 溫度: 28.7°C
2025-08-27 13:28:43 - ModbusReader - INFO - 風速: 0.0 m/s, 風級: 0, 風向角度: 0, 風向: N, 濕度: 34.8%, 溫度: 28.7°C
2025-08-27 13:28:57 - ModbusReader - INFO - 風速: 0.0 m/s, 風級: 0, 風向角度: 0, 風向: N, 濕度: 34.5%, 溫度: 28.7°C
2025-08-27 13:29:11 - ModbusReader - INFO - 風速: 0.0 m/s, 風級: 0, 風向角度: 0, 風向: N, 濕度: 34.5%, 溫度: 28.7°C
2025-08-27 13:29:31 - ModbusReader - INFO - 風速: 0.0 m/s, 風級: 0, 風向角度: 0, 風向: N, 濕度: 34.1%, 溫度: 28.7°C
2025-08-27 13:29:44 - ModbusReader - INFO - 風速: 0.0 m/s, 風級: 0, 風向角度: 0, 風向: N, 濕度: 33.4%, 溫度: 28.7°C
2025-08-27 13:30:01 - ModbusReader - INFO - 風速: 0.0 m/s, 風級: 0, 風向角度: 0, 風向: N, 濕度: 33.4%, 溫度: 28.7°C
2025-08-27 13:30:17 - ModbusReader - INFO - 風速: 0.0 m/s, 風級: 0, 風向角度: 0, 風向: N, 濕度: 33.5%, 溫度: 28.7°C
2025-08-27 13:30:35 - ModbusReader - INFO - 風速: 0.0 m/s, 風級: 0, 風向角度: 0, 風向: N, 濕度: 33.6%, 溫度: 28.7°C
2025-08-27 13:30:55 - ModbusReader - INFO - 風速: 0.0 m/s, 風級: 0, 風向角度: 0, 風向: N, 濕度: 33.4%, 溫度: 28.7°C
2025-08-27 13:31:18 - ModbusReader - INFO - 風速: 0.0 m/s, 風級: 0, 風向角度: 0, 風向: N, 濕度: 33.3%, 溫度: 28.7°C
2025-08-27 13:31:37 - ModbusReader - INFO - 風速: 0.0 m/s, 風級: 0, 風向角度: 0, 風向: N, 濕度: 33.4%, 溫度: 28.7°C
2025-08-27 13:31:49 - ModbusReader - INFO - 風速: 0.0 m/s, 風級: 0, 風向角度: 0, 風向: N, 濕度: 33.2%, 溫度: 28.7°C
2025-08-27 13:32:10 - ModbusReader - INFO - 風速: 0.0 m/s, 風級: 0, 風向角度: 0, 風向: N, 濕度: 33.0%, 溫度: 28.7°C
2025-08-27 13:32:21 - ModbusReader - INFO - 風速: 0.0 m/s, 風級: 0, 風向角度: 0, 風向: N, 濕度: 33.3%, 溫度: 28.7°C
2025-08-27 13:32:38 - ModbusReader - INFO - 風速: 0.0 m/s, 風級: 0, 風向角度: 0, 風向: N, 濕度: 33.4%, 溫度: 28.7°C
2025-08-27 13:32:52 - ModbusReader - INFO - 風速: 0.0 m/s, 風級: 0, 風向角度: 0, 風向: N, 濕度: 33.2%, 溫度: 28.7°C
2025-08-27 13:33:07 - ModbusReader - INFO - 風速: 0.0 m/s, 風級: 0, 風向角度: 0, 風向: N, 濕度: 33.1%, 溫度: 28.7°C
2025-08-27 13:33:25 - ModbusReader - INFO - 風速: 0.0 m/s, 風級: 0, 風向角度: 0, 風向: N, 濕度: 33.0%, 溫度: 28.7°C
2025-08-27 13:33:47 - ModbusReader - INFO - 風速: 0.0 m/s, 風級: 0, 風向角度: 0, 風向: N, 濕度: 33.1%, 溫度: 28.7°C
2025-08-27 13:33:58 - ModbusReader - INFO - 風速: 0.0 m/s, 風級: 0, 風向角度: 0, 風向: N, 濕度: 33.2%, 溫度: 28.7°C
2025-08-27 13:34:15 - ModbusReader - INFO - 風速: 0.0 m/s, 風級: 0, 風向角度: 0, 風向: N, 濕度: 32.5%, 溫度: 28.7°C
2025-08-27 13:34:33 - ModbusReader - INFO - 風速: 0.0 m/s, 風級: 0, 風向角度: 0, 風向: N, 濕度: 32.7%, 溫度: 28.7°C
2025-08-27 13:34:43 - ModbusReader - INFO - 風速: 0.0 m/s, 風級: 0, 風向角度: 0, 風向: N, 濕度: 32.6%, 溫度: 28.7°C
2025-08-27 13:34:56 - ModbusReader - INFO - 風速: 0.0 m/s, 風級: 0, 風向角度: 0, 風向: N, 濕度: 32.6%, 溫度: 28.7°C
2025-08-27 13:35:10 - ModbusReader - INFO - 風速: 0.0 m/s, 風級: 0, 風向角度: 0, 風向: N, 濕度: 32.5%, 溫度: 28.7°C
2025-08-27 13:35:27 - ModbusReader - INFO - 風速: 0.0 m/s, 風級: 0, 風向角度: 0, 風向: N, 濕度: 32.5%, 溫度: 28.7°C
2025-08-27 13:35:49 - ModbusReader - INFO - 風速: 0.0 m/s, 風級: 0, 風向角度: 0, 風向: N, 濕度: 32.0%, 溫度: 28.6°C
2025-08-27 13:36:02 - ModbusReader - INFO - 風速: 0.0 m/s, 風級: 0, 風向角度: 0, 風向: N, 濕度: 32.1%, 溫度: 28.7°C
2025-08-27 13:36:24 - ModbusReader - INFO - 風速: 0.0 m/s, 風級: 0, 風向角度: 0, 風向: N, 濕度: 32.1%, 溫度: 28.6°C
2025-08-27 13:36:39 - ModbusReader - INFO - 風速: 0.0 m/s, 風級: 0, 風向角度: 0, 風向: N, 濕度: 31.7%, 溫度: 28.6°C
2025-08-27 13:36:53 - ModbusReader - INFO - 風速: 0.0 m/s, 風級: 0, 風向角度: 0, 風向: N, 濕度: 31.8%, 溫度: 28.6°C
2025-08-27 13:37:05 - ModbusReader - INFO - 風速: 0.0 m/s, 風級: 0, 風向角度: 0, 風向: N, 濕度: 31.7%, 溫度: 28.6°C
2025-08-27 13:37:26 - ModbusReader - INFO - 風速: 0.0 m/s, 風級: 0, 風向角度: 0, 風向: N, 濕度: 31.8%, 溫度: 28.6°C
2025-08-27 13:37:44 - ModbusReader - INFO - 風速: 0.0 m/s, 風級: 0, 風向角度: 0, 風向: N, 濕度: 32.1%, 溫度: 28.6°C
2025-08-27 13:37:54 - ModbusReader - INFO - 風速: 0.0 m/s, 風級: 0, 風向角度: 0, 風向: N, 濕度: 32.2%, 溫度: 28.6°C
2025-08-27 13:38:13 - ModbusReader - INFO - 風速: 0.0 m/s, 風級: 0, 風向角度: 0, 風向: N, 濕度: 32.9%, 溫度: 28.6°C
2025-08-27 13:38:36 - ModbusReader - INFO - 風速: 0.0 m/s, 風級: 0, 風向角度: 0, 風向: N, 濕度: 33.5%, 溫度: 28.6°C
2025-08-27 13:38:50 - ModbusReader - INFO - 風速: 0.0 m/s, 風級: 0, 風向角度: 0, 風向: N, 濕度: 33.7%, 溫度: 28.6°C
2025-08-27 13:39:01 - ModbusReader - INFO - 風速: 0.0 m/s, 風級: 0, 風向角度: 0, 風向: N, 濕度: 33.8%, 溫度: 28.6°C
2025-08-27 13:39:16 - ModbusReader - INFO - 風速: 0.0 m/s, 風級: 0, 風向角度: 0, 風向: N, 濕度: 34.1%, 溫度: 28.6°C
2025-08-27 13:39:29 - ModbusReader - INFO - 風速: 0.0 m/s, 風級: 0, 風向角度: 0, 風向: N, 濕度: 34.5%, 溫度: 28.6°C
2025-08-27 13:39:46 - ModbusReader - INFO - 風速: 0.0 m/s, 風級: 0, 風向角度: 0, 風向: N, 濕度: 34.9%, 溫度: 28.6°C
2025-08-27 13:40:04 - ModbusReader - INFO - 風速: 0.0 m/s, 風級: 0, 風向角度: 0, 風向: N, 濕度: 34.9%, 溫度: 28.6°C
2025-08-27 13:40:24 - ModbusReader - INFO - 風速: 0.0 m/s, 風級: 0, 風向角度: 0, 風向: N, 濕度: 35.0%, 溫度: 28.6°C
2025-08-27 13:40:41 - ModbusReader - INFO - 風速: 0.0 m/s, 風級: 0, 風向角度: 0, 風向: N, 濕度: 35.0%, 溫度: 28.7°C
2025-08-27 13:40:57 - ModbusReader - INFO - 風速: 0.0 m/s, 風級: 0, 風向角度: 0, 風向: N, 濕度: 34.9%, 溫度: 28.7°C
2025-08-27 13:41:10 - ModbusReader - INFO - 風速: 0.0 m/s, 風級: 0, 風向角度: 0, 風向: N, 濕度: 34.8%, 溫度: 28.7°C
2025-08-27 13:41:25 - ModbusReader - INFO - 風速: 0.0 m/s, 風級: 0, 風向角度: 0, 風向: N, 濕度: 34.7%, 溫度: 28.7°C
2025-08-27 13:41:45 - ModbusReader - INFO - 風速: 0.0 m/s, 風級: 0, 風向角度: 0, 風向: N, 濕度: 34.6%, 溫度: 28.6°C
2025-08-27 13:41:59 - ModbusReader - INFO - 風速: 0.0 m/s, 風級: 0, 風向角度: 0, 風向: N, 濕度: 34.5%, 溫度: 28.7°C
2025-08-27 13:42:14 - ModbusReader - INFO - 風速: 0.0 m/s, 風級: 0, 風向角度: 0, 風向: N, 濕度: 34.4%, 溫度: 28.7°C
2025-08-27 13:42:30 - ModbusReader - INFO - 風速: 0.0 m/s, 風級: 0, 風向角度: 0, 風向: N, 濕度: 34.0%, 溫度: 28.7°C
2025-08-27 13:42:49 - ModbusReader - INFO - 風速: 0.0 m/s, 風級: 0, 風向角度: 0, 風向: N, 濕度: 33.8%, 溫度: 28.7°C
2025-08-27 13:43:02 - ModbusReader - INFO - 風速: 0.0 m/s, 風級: 0, 風向角度: 0, 風向: N, 濕度: 33.5%, 溫度: 28.7°C
2025-08-27 13:43:15 - ModbusReader - INFO - 風速: 0.0 m/s, 風級: 0, 風向角度: 0, 風向: N, 濕度: 33.5%, 溫度: 28.7°C
2025-08-27 13:43:28 - ModbusReader - INFO - 風速: 0.0 m/s, 風級: 0, 風向角度: 0, 風向: N, 濕度: 33.6%, 溫度: 28.7°C
2025-08-27 13:43:39 - ModbusReader - INFO - 風速: 0.0 m/s, 風級: 0, 風向角度: 0, 風向: N, 濕度: 33.4%, 溫度: 28.7°C
2025-08-27 13:43:51 - ModbusReader - INFO - 風速: 0.0 m/s, 風級: 0, 風向角度: 0, 風向: N, 濕度: 33.3%, 溫度: 28.7°C
2025-08-27 13:44:05 - ModbusReader - INFO - 風速: 0.0 m/s, 風級: 0, 風向角度: 0, 風向: N, 濕度: 33.3%, 溫度: 28.6°C
2025-08-27 13:44:21 - ModbusReader - INFO - 風速: 0.0 m/s, 風級: 0, 風向角度: 0, 風向: N, 濕度: 33.2%, 溫度: 28.7°C
2025-08-27 13:44:36 - ModbusReader - INFO - 風速: 0.0 m/s, 風級: 0, 風向角度: 0, 風向: N, 濕度: 33.1%, 溫度: 28.7°C
2025-08-27 13:44:47 - ModbusReader - INFO - 風速: 0.0 m/s, 風級: 0, 風向角度: 0, 風向: N, 濕度: 33.0%, 溫度: 28.6°C
2025-08-27 13:45:09 - ModbusReader - INFO - 風速: 0.0 m/s, 風級: 0, 風向角度: 0, 風向: N, 濕度: 32.9%, 溫度: 28.6°C
2025-08-27 13:45:22 - ModbusReader - INFO - 風速: 0.0 m/s, 風級: 0, 風向角度: 0, 風向: N, 濕度: 32.7%, 溫度: 28.6°C
2025-08-27 13:45:45 - ModbusReader - INFO - 風速: 0.0 m/s, 風級: 0, 風向角度: 0, 風向: N, 濕度: 32.5%, 溫度: 28.6°C
2025-08-27 13:46:07 - ModbusReader - INFO - 風速: 0.0 m/s, 風級: 0, 風向角度: 0, 風向: N, 濕度: 32.3%, 溫度: 28.6°C
2025-08-27 13:46:19 - ModbusReader - INFO - 風速: 0.0 m/s, 風級: 0, 風向角度: 0, 風向: N, 濕度: 32.4%, 溫度: 28.6°C
2025-08-27 13:46:33 - ModbusReader - INFO - 風速: 0.0 m/s, 風級: 0, 風向角度: 0, 風向: N, 濕度: 32.3%, 溫度: 28.6°C
2025-08-27 13:46:48 - ModbusReader - INFO - 風速: 0.0 m/s, 風級: 0, 風向角度: 0, 風向: N, 濕度: 32.4%, 溫度: 28.6°C
2025-08-27 13:47:03 - ModbusReader - INFO - 風速: 0.0 m/s, 風級: 0, 風向角度: 0, 風向: N, 濕度: 32.0%, 溫度: 28.6°C
2025-08-27 13:47:16 - ModbusReader - INFO - 風速: 0.0 m/s, 風級: 0, 風向角度: 0, 風向: N, 濕度: 32.2%, 溫度: 28.6°C
2025-08-27 13:47:36 - ModbusReader - INFO - 風速: 0.0 m/s, 風級: 0, 風向角度: 0, 風向: N, 濕度: 32.2%, 溫度: 28.6°C
2025-08-27 13:47:58 - ModbusReader - INFO - 風速: 0.0 m/s, 風級: 0, 風向角度: 0, 風向: N, 濕度: 31.9%, 溫度: 28.7°C
2025-08-27 13:48:12 - ModbusReader - INFO - 風速: 0.0 m/s, 風級: 0, 風向角度: 0, 風向: N, 濕度: 31.9%, 溫度: 28.6°C
2025-08-27 13:48:34 - ModbusReader - INFO - 風速: 0.0 m/s, 風級: 0, 風向角度: 0, 風向: N, 濕度: 31.9%, 溫度: 28.6°C
2025-08-27 13:48:57 - ModbusReader - INFO - 風速: 0.0 m/s, 風級: 0, 風向角度: 0, 風向: N, 濕度: 31.8%, 溫度: 28.6°C
2025-08-27 13:49:19 - ModbusReader - INFO - 風速: 0.0 m/s, 風級: 0, 風向角度: 0, 風向: N, 濕度: 31.6%, 溫度: 28.6°C
2025-08-27 13:49:30 - ModbusReader - INFO - 風速: 0.0 m/s, 風級: 0, 風向角度: 0, 風向: N, 濕度: 31.5%, 溫度: 28.6°C
2025-08-27 13:49:42 - ModbusReader - INFO - 風速: 0.0 m/s, 風級: 0, 風向角度: 0, 風向: N, 濕度: 31.4%, 溫度: 28.6°C
2025-08-27 13:49:52 - ModbusReader - INFO - 風速: 0.0 m/s, 風級: 0, 風向角度: 0, 風向: N, 濕度: 31.4%, 溫度: 28.6°C
2025-08-27 13:50:06 - ModbusReader - INFO - 風速: 0.0 m/s, 風級: 0, 風向角度: 0, 風向: N, 濕度: 31.5%, 溫度: 28.6°C
2025-08-27 13:50:21 - ModbusReader - INFO - 風速: 0.0 m/s, 風級: 0, 風向角度: 0, 風向: N, 濕度: 31.3%, 溫度: 28.6°C
2025-08-27 13:50:39 - ModbusReader - INFO - 風速: 0.0 m/s, 風級: 0, 風向角度: 0, 風向: N, 濕度: 31.4%, 溫度: 28.6°C
2025-08-27 13:51:02 - ModbusReader - INFO - 風速: 0.0 m/s, 風級: 0, 風向角度: 0, 風向: N, 濕度: 31.8%, 溫度: 28.6°C
2025-08-27 13:51:25 - ModbusReader - INFO - 風速: 0.0 m/s, 風級: 0, 風向角度: 0, 風向: N, 濕度: 32.5%, 溫度: 28.6°C
2025-08-27 13:51:41 - ModbusReader - INFO - 風速: 0.0 m/s, 風級: 0, 風向角度: 0, 風向: N, 濕度: 32.7%, 溫度: 28.6°C
2025-08-27 13:51:53 - ModbusReader - INFO - 風速: 0.0 m/s, 風級: 0, 風向角度: 0, 風向: N, 濕度: 32.9%, 溫度: 28.6°C
2025-08-27 13:52:16 - ModbusReader - INFO - 風速: 0.0 m/s, 風級: 0, 風向角度: 0, 風向: N, 濕度: 33.2%, 溫度: 28.6°C
2025-08-27 13:52:36 - ModbusReader - INFO - 風速: 0.0 m/s, 風級: 0, 風向角度: 0, 風向: N, 濕度: 33.6%, 溫度: 28.6°C
2025-08-27 13:52:47 - ModbusReader - INFO - 風速: 0.0 m/s, 風級: 0, 風向角度: 0, 風向: N, 濕度: 33.9%, 溫度: 28.6°C
2025-08-27 13:52:59 - ModbusReader - INFO - 風速: 0.0 m/s, 風級: 0, 風向角度: 0, 風向: N, 濕度: 33.9%, 溫度: 28.6°C
2025-08-27 13:53:20 - ModbusReader - INFO - 風速: 0.0 m/s, 風級: 0, 風向角度: 0, 風向: N, 濕度: 34.4%, 溫度: 28.6°C
2025-08-27 13:53:34 - ModbusReader - INFO - 風速: 0.0 m/s, 風級: 0, 風向角度: 0, 風向: N, 濕度: 34.7%, 溫度: 28.6°C
2025-08-27 13:53:51 - ModbusReader - INFO - 風速: 0.0 m/s, 風級: 0, 風向角度: 0, 風向: N, 濕度: 34.6%, 溫度: 28.6°C
2025-08-27 13:54:11 - ModbusReader - INFO - 風速: 0.0 m/s, 風級: 0, 風向角度: 0, 風向: N, 濕度: 34.7%, 溫度: 28.6°C
2025-08-27 13:54:24 - ModbusReader - INFO - 風速: 0.0 m/s, 風級: 0, 風向角度: 0, 風向: N, 濕度: 34.7%, 溫度: 28.6°C
2025-08-27 13:54:46 - ModbusReader - INFO - 風速: 0.0 m/s, 風級: 0, 風向角度: 0, 風向: N, 濕度: 34.6%, 溫度: 28.6°C
2025-08-27 13:55:05 - ModbusReader - INFO - 風速: 0.0 m/s, 風級: 0, 風向角度: 0, 風向: N, 濕度: 34.6%, 溫度: 28.6°C
2025-08-27 13:55:22 - ModbusReader - INFO - 風速: 0.0 m/s, 風級: 0, 風向角度: 0, 風向: N, 濕度: 34.4%, 溫度: 28.6°C
2025-08-27 13:55:44 - ModbusReader - INFO - 風速: 0.0 m/s, 風級: 0, 風向角度: 0, 風向: N, 濕度: 34.3%, 溫度: 28.6°C
2025-08-27 13:56:04 - ModbusReader - INFO - 風速: 0.0 m/s, 風級: 0, 風向角度: 0, 風向: N, 濕度: 34.0%, 溫度: 28.6°C
2025-08-27 13:56:14 - ModbusReader - INFO - 風速: 0.0 m/s, 風級: 0, 風向角度: 0, 風向: N, 濕度: 33.9%, 溫度: 28.6°C
2025-08-27 13:56:35 - ModbusReader - INFO - 風速: 0.0 m/s, 風級: 0, 風向角度: 0, 風向: N, 濕度: 33.6%, 溫度: 28.6°C
2025-08-27 13:56:51 - ModbusReader - INFO - 風速: 0.0 m/s, 風級: 0, 風向角度: 0, 風向: N, 濕度: 33.5%, 溫度: 28.6°C
2025-08-27 13:57:06 - ModbusReader - INFO - 風速: 0.0 m/s, 風級: 0, 風向角度: 0, 風向: N, 濕度: 33.3%, 溫度: 28.6°C
2025-08-27 13:57:29 - ModbusReader - INFO - 風速: 0.0 m/s, 風級: 0, 風向角度: 0, 風向: N, 濕度: 33.4%, 溫度: 28.6°C
2025-08-27 13:57:44 - ModbusReader - INFO - 風速: 0.0 m/s, 風級: 0, 風向角度: 0, 風向: N, 濕度: 33.2%, 溫度: 28.6°C
2025-08-27 13:58:00 - ModbusReader - INFO - 風速: 0.0 m/s, 風級: 0, 風向角度: 0, 風向: N, 濕度: 33.0%, 溫度: 28.6°C
2025-08-27 13:58:17 - ModbusReader - INFO - 風速: 0.0 m/s, 風級: 0, 風向角度: 0, 風向: N, 濕度: 33.1%, 溫度: 28.6°C
2025-08-27 13:58:30 - ModbusReader - INFO - 風速: 0.0 m/s, 風級: 0, 風向角度: 0, 風向: N, 濕度: 32.5%, 溫度: 28.6°C
2025-08-27 13:58:47 - ModbusReader - INFO - 風速: 0.0 m/s, 風級: 0, 風向角度: 0, 風向: N, 濕度: 32.6%, 溫度: 28.6°C
2025-08-27 13:58:59 - ModbusReader - INFO - 風速: 0.0 m/s, 風級: 0, 風向角度: 0, 風向: N, 濕度: 32.3%, 溫度: 28.6°C
2025-08-27 13:59:14 - ModbusReader - INFO - 風速: 0.0 m/s, 風級: 0, 風向角度: 0, 風向: N, 濕度: 32.5%, 溫度: 28.6°C
2025-08-27 13:59:26 - ModbusReader - INFO - 風速: 0.0 m/s, 風級: 0, 風向角度: 0, 風向: N, 濕度: 32.4%, 溫度: 28.6°C
2025-08-27 13:59:38 - ModbusReader - INFO - 風速: 0.0 m/s, 風級: 0, 風向角度: 0, 風向: N, 濕度: 32.4%, 溫度: 28.6°C
2025-08-27 13:59:51 - ModbusReader - INFO - 風速: 0.0 m/s, 風級: 0, 風向角度: 0, 風向: N, 濕度: 32.4%, 溫度: 28.6°C
2025-08-27 14:00:08 - ModbusReader - INFO - 風速: 0.0 m/s, 風級: 0, 風向角度: 0, 風向: N, 濕度: 32.2%, 溫度: 28.6°C
2025-08-27 14:00:30 - ModbusReader - INFO - 風速: 0.0 m/s, 風級: 0, 風向角度: 0, 風向: N, 濕度: 32.2%, 溫度: 28.6°C
2025-08-27 14:00:41 - ModbusReader - INFO - 風速: 0.0 m/s, 風級: 0, 風向角度: 0, 風向: N, 濕度: 32.1%, 溫度: 28.6°C
2025-08-27 14:00:51 - ModbusReader - INFO - 風速: 0.0 m/s, 風級: 0, 風向角度: 0, 風向: N, 濕度: 32.1%, 溫度: 28.6°C
2025-08-27 14:01:10 - ModbusReader - INFO - 風速: 0.0 m/s, 風級: 0, 風向角度: 0, 風向: N, 濕度: 31.9%, 溫度: 28.6°C
2025-08-27 14:01:28 - ModbusReader - INFO - 風速: 0.0 m/s, 風級: 0, 風向角度: 0, 風向: N, 濕度: 31.6%, 溫度: 28.6°C
2025-08-27 14:01:48 - ModbusReader - INFO - 風速: 0.0 m/s, 風級: 0, 風向角度: 0, 風向: N, 濕度: 31.7%, 溫度: 28.5°C
2025-08-27 14:02:03 - ModbusReader - INFO - 風速: 0.0 m/s, 風級: 0, 風向角度: 0, 風向: N, 濕度: 31.7%, 溫度: 28.6°C
2025-08-27 14:02:21 - ModbusReader - INFO - 風速: 0.0 m/s, 風級: 0, 風向角度: 0, 風向: N, 濕度: 31.3%, 溫度: 28.5°C
2025-08-27 14:02:40 - ModbusReader - INFO - 風速: 0.0 m/s, 風級: 0, 風向角度: 0, 風向: N, 濕度: 31.5%, 溫度: 28.5°C
2025-08-27 14:02:54 - ModbusReader - INFO - 風速: 0.0 m/s, 風級: 0, 風向角度: 0, 風向: N, 濕度: 31.6%, 溫度: 28.5°C
2025-08-27 14:03:11 - ModbusReader - INFO - 風速: 0.0 m/s, 風級: 0, 風向角度: 0, 風向: N, 濕度: 31.5%, 溫度: 28.6°C
2025-08-27 14:03:25 - ModbusReader - INFO - 風速: 0.0 m/s, 風級: 0, 風向角度: 0, 風向: N, 濕度: 31.4%, 溫度: 28.5°C
2025-08-27 14:03:45 - ModbusReader - INFO - 風速: 0.0 m/s, 風級: 0, 風向角度: 0, 風向: N, 濕度: 31.4%, 溫度: 28.5°C
2025-08-27 14:04:07 - ModbusReader - INFO - 風速: 0.0 m/s, 風級: 0, 風向角度: 0, 風向: N, 濕度: 31.2%, 溫度: 28.5°C
2025-08-27 14:04:26 - ModbusReader - INFO - 風速: 0.0 m/s, 風級: 0, 風向角度: 0, 風向: N, 濕度: 31.3%, 溫度: 28.5°C
2025-08-27 14:04:47 - ModbusReader - INFO - 風速: 0.0 m/s, 風級: 0, 風向角度: 0, 風向: N, 濕度: 31.7%, 溫度: 28.5°C
2025-08-27 14:05:00 - ModbusReader - INFO - 風速: 0.0 m/s, 風級: 0, 風向角度: 0, 風向: N, 濕度: 31.9%, 溫度: 28.5°C
2025-08-27 14:05:14 - ModbusReader - INFO - 風速: 0.0 m/s, 風級: 0, 風向角度: 0, 風向: N, 濕度: 32.4%, 溫度: 28.5°C
2025-08-27 14:05:34 - ModbusReader - INFO - 風速: 0.0 m/s, 風級: 0, 風向角度: 0, 風向: N, 濕度: 33.1%, 溫度: 28.5°C
2025-08-27 14:05:49 - ModbusReader - INFO - 風速: 0.0 m/s, 風級: 0, 風向角度: 0, 風向: N, 濕度: 33.4%, 溫度: 28.5°C
2025-08-27 14:06:07 - ModbusReader - INFO - 風速: 0.0 m/s, 風級: 0, 風向角度: 0, 風向: N, 濕度: 33.5%, 溫度: 28.5°C
2025-08-27 14:06:21 - ModbusReader - INFO - 風速: 0.0 m/s, 風級: 0, 風向角度: 0, 風向: N, 濕度: 34.2%, 溫度: 28.5°C
2025-08-27 14:06:32 - ModbusReader - INFO - 風速: 0.0 m/s, 風級: 0, 風向角度: 0, 風向: N, 濕度: 34.2%, 溫度: 28.5°C
2025-08-27 14:06:49 - ModbusReader - INFO - 風速: 0.0 m/s, 風級: 0, 風向角度: 0, 風向: N, 濕度: 34.7%, 溫度: 28.5°C
2025-08-27 14:07:12 - ModbusReader - INFO - 風速: 0.0 m/s, 風級: 0, 風向角度: 0, 風向: N, 濕度: 35.1%, 溫度: 28.5°C
2025-08-27 14:07:33 - ModbusReader - INFO - 風速: 0.0 m/s, 風級: 0, 風向角度: 0, 風向: N, 濕度: 35.0%, 溫度: 28.5°C
2025-08-27 14:07:48 - ModbusReader - INFO - 風速: 0.0 m/s, 風級: 0, 風向角度: 0, 風向: N, 濕度: 35.1%, 溫度: 28.5°C
2025-08-27 14:08:09 - ModbusReader - INFO - 風速: 0.0 m/s, 風級: 0, 風向角度: 0, 風向: N, 濕度: 35.4%, 溫度: 28.5°C
2025-08-27 14:08:32 - ModbusReader - INFO - 風速: 0.0 m/s, 風級: 0, 風向角度: 0, 風向: N, 濕度: 35.1%, 溫度: 28.5°C
2025-08-27 14:08:46 - ModbusReader - INFO - 風速: 0.0 m/s, 風級: 0, 風向角度: 0, 風向: N, 濕度: 35.0%, 溫度: 28.5°C
2025-08-27 14:09:03 - ModbusReader - INFO - 風速: 0.0 m/s, 風級: 0, 風向角度: 0, 風向: N, 濕度: 34.9%, 溫度: 28.5°C
2025-08-27 14:09:20 - ModbusReader - INFO - 風速: 0.0 m/s, 風級: 0, 風向角度: 0, 風向: N, 濕度: 34.8%, 溫度: 28.5°C
2025-08-27 14:09:38 - ModbusReader - INFO - 風速: 0.0 m/s, 風級: 0, 風向角度: 0, 風向: N, 濕度: 34.6%, 溫度: 28.5°C
2025-08-27 14:09:51 - ModbusReader - INFO - 風速: 0.0 m/s, 風級: 0, 風向角度: 0, 風向: N, 濕度: 34.6%, 溫度: 28.5°C
2025-08-27 14:10:10 - ModbusReader - INFO - 風速: 0.0 m/s, 風級: 0, 風向角度: 0, 風向: N, 濕度: 34.2%, 溫度: 28.5°C
2025-08-27 14:10:21 - ModbusReader - INFO - 風速: 0.0 m/s, 風級: 0, 風向角度: 0, 風向: N, 濕度: 34.0%, 溫度: 28.5°C
2025-08-27 14:10:42 - ModbusReader - INFO - 風速: 0.0 m/s, 風級: 0, 風向角度: 0, 風向: N, 濕度: 33.7%, 溫度: 28.5°C
2025-08-27 14:10:56 - ModbusReader - INFO - 風速: 0.0 m/s, 風級: 0, 風向角度: 0, 風向: N, 濕度: 33.5%, 溫度: 28.5°C
2025-08-27 14:11:08 - ModbusReader - INFO - 風速: 0.0 m/s, 風級: 0, 風向角度: 0, 風向: N, 濕度: 33.5%, 溫度: 28.5°C
2025-08-27 14:11:31 - ModbusReader - INFO - 風速: 0.0 m/s, 風級: 0, 風向角度: 0, 風向: N, 濕度: 33.4%, 溫度: 28.5°C
2025-08-27 14:11:53 - ModbusReader - INFO - 風速: 0.0 m/s, 風級: 0, 風向角度: 0, 風向: N, 濕度: 33.3%, 溫度: 28.5°C
2025-08-27 14:12:12 - ModbusReader - INFO - 風速: 0.0 m/s, 風級: 0, 風向角度: 0, 風向: N, 濕度: 33.4%, 溫度: 28.5°C
2025-08-27 14:12:26 - ModbusReader - INFO - 風速: 0.0 m/s, 風級: 0, 風向角度: 0, 風向: N, 濕度: 33.6%, 溫度: 28.5°C
2025-08-27 14:12:47 - ModbusReader - INFO - 風速: 0.0 m/s, 風級: 0, 風向角度: 0, 風向: N, 濕度: 33.4%, 溫度: 28.6°C
2025-08-27 14:13:04 - ModbusReader - INFO - 風速: 0.0 m/s, 風級: 0, 風向角度: 0, 風向: N, 濕度: 33.3%, 溫度: 28.5°C
2025-08-27 14:13:20 - ModbusReader - INFO - 風速: 0.0 m/s, 風級: 0, 風向角度: 0, 風向: N, 濕度: 33.2%, 溫度: 28.5°C
2025-08-27 14:13:31 - ModbusReader - INFO - 風速: 0.0 m/s, 風級: 0, 風向角度: 0, 風向: N, 濕度: 33.0%, 溫度: 28.5°C
2025-08-27 14:13:52 - ModbusReader - INFO - 風速: 0.0 m/s, 風級: 0, 風向角度: 0, 風向: N, 濕度: 32.9%, 溫度: 28.5°C
2025-08-27 14:14:05 - ModbusReader - INFO - 風速: 0.0 m/s, 風級: 0, 風向角度: 0, 風向: N, 濕度: 32.8%, 溫度: 28.5°C
2025-08-27 14:14:26 - ModbusReader - INFO - 風速: 0.0 m/s, 風級: 0, 風向角度: 0, 風向: N, 濕度: 32.7%, 溫度: 28.5°C
2025-08-27 14:14:49 - ModbusReader - INFO - 風速: 0.0 m/s, 風級: 0, 風向角度: 0, 風向: N, 濕度: 32.4%, 溫度: 28.5°C
2025-08-27 14:15:07 - ModbusReader - INFO - 風速: 0.0 m/s, 風級: 0, 風向角度: 0, 風向: N, 濕度: 32.2%, 溫度: 28.5°C
2025-08-27 14:15:27 - ModbusReader - INFO - 風速: 0.0 m/s, 風級: 0, 風向角度: 0, 風向: N, 濕度: 32.3%, 溫度: 28.5°C
2025-08-27 14:15:47 - ModbusReader - INFO - 風速: 0.0 m/s, 風級: 0, 風向角度: 0, 風向: N, 濕度: 32.2%, 溫度: 28.5°C
2025-08-27 14:16:01 - ModbusReader - INFO - 風速: 0.0 m/s, 風級: 0, 風向角度: 0, 風向: N, 濕度: 32.1%, 溫度: 28.5°C
2025-08-27 14:16:12 - ModbusReader - INFO - 風速: 0.0 m/s, 風級: 0, 風向角度: 0, 風向: N, 濕度: 32.0%, 溫度: 28.5°C
2025-08-27 14:16:27 - ModbusReader - INFO - 風速: 0.0 m/s, 風級: 0, 風向角度: 0, 風向: N, 濕度: 31.8%, 溫度: 28.5°C
2025-08-27 14:16:40 - ModbusReader - INFO - 風速: 0.0 m/s, 風級: 0, 風向角度: 0, 風向: N, 濕度: 31.8%, 溫度: 28.5°C
2025-08-27 14:17:01 - ModbusReader - INFO - 風速: 0.0 m/s, 風級: 0, 風向角度: 0, 風向: N, 濕度: 31.8%, 溫度: 28.5°C
2025-08-27 14:17:17 - ModbusReader - INFO - 風速: 0.0 m/s, 風級: 0, 風向角度: 0, 風向: N, 濕度: 32.2%, 溫度: 28.5°C
2025-08-27 14:17:39 - ModbusReader - INFO - 風速: 0.0 m/s, 風級: 0, 風向角度: 0, 風向: N, 濕度: 32.8%, 溫度: 28.5°C
2025-08-27 14:18:00 - ModbusReader - INFO - 風速: 0.0 m/s, 風級: 0, 風向角度: 0, 風向: N, 濕度: 33.5%, 溫度: 28.5°C
2025-08-27 14:18:23 - ModbusReader - INFO - 風速: 0.0 m/s, 風級: 0, 風向角度: 0, 風向: N, 濕度: 34.5%, 溫度: 28.4°C
2025-08-27 14:18:36 - ModbusReader - INFO - 風速: 0.0 m/s, 風級: 0, 風向角度: 0, 風向: N, 濕度: 34.9%, 溫度: 28.5°C
2025-08-27 14:18:46 - ModbusReader - INFO - 風速: 0.0 m/s, 風級: 0, 風向角度: 0, 風向: N, 濕度: 35.2%, 溫度: 28.5°C
2025-08-27 14:19:00 - ModbusReader - INFO - 風速: 0.0 m/s, 風級: 0, 風向角度: 0, 風向: N, 濕度: 35.1%, 溫度: 28.5°C
2025-08-27 14:19:20 - ModbusReader - INFO - 風速: 0.0 m/s, 風級: 0, 風向角度: 0, 風向: N, 濕度: 35.7%, 溫度: 28.5°C
2025-08-27 14:19:41 - ModbusReader - INFO - 風速: 0.0 m/s, 風級: 0, 風向角度: 0, 風向: N, 濕度: 36.0%, 溫度: 28.5°C
2025-08-27 14:19:52 - ModbusReader - INFO - 風速: 0.0 m/s, 風級: 0, 風向角度: 0, 風向: N, 濕度: 35.9%, 溫度: 28.5°C
2025-08-27 14:20:03 - ModbusReader - INFO - 風速: 0.0 m/s, 風級: 0, 風向角度: 0, 風向: N, 濕度: 35.9%, 溫度: 28.5°C
2025-08-27 14:20:19 - ModbusReader - INFO - 風速: 0.0 m/s, 風級: 0, 風向角度: 0, 風向: N, 濕度: 35.9%, 溫度: 28.5°C
2025-08-27 14:20:33 - ModbusReader - INFO - 風速: 0.0 m/s, 風級: 0, 風向角度: 0, 風向: N, 濕度: 35.8%, 溫度: 28.5°C
2025-08-27 14:20:46 - ModbusReader - INFO - 風速: 0.0 m/s, 風級: 0, 風向角度: 0, 風向: N, 濕度: 35.7%, 溫度: 28.5°C
2025-08-27 14:21:07 - ModbusReader - INFO - 風速: 0.0 m/s, 風級: 0, 風向角度: 0, 風向: N, 濕度: 35.6%, 溫度: 28.5°C
2025-08-27 14:21:23 - ModbusReader - INFO - 風速: 0.0 m/s, 風級: 0, 風向角度: 0, 風向: N, 濕度: 35.5%, 溫度: 28.5°C
2025-08-27 14:21:40 - ModbusReader - INFO - 風速: 0.0 m/s, 風級: 0, 風向角度: 0, 風向: N, 濕度: 35.2%, 溫度: 28.5°C
2025-08-27 14:22:00 - ModbusReader - INFO - 風速: 0.0 m/s, 風級: 0, 風向角度: 0, 風向: N, 濕度: 35.2%, 溫度: 28.5°C
2025-08-27 14:22:20 - ModbusReader - INFO - 風速: 0.0 m/s, 風級: 0, 風向角度: 0, 風向: N, 濕度: 34.9%, 溫度: 28.5°C
2025-08-27 14:22:42 - ModbusReader - INFO - 風速: 0.0 m/s, 風級: 0, 風向角度: 0, 風向: N, 濕度: 34.3%, 溫度: 28.5°C
2025-08-27 14:23:05 - ModbusReader - INFO - 風速: 0.0 m/s, 風級: 0, 風向角度: 0, 風向: N, 濕度: 34.0%, 溫度: 28.5°C
2025-08-27 14:23:25 - ModbusReader - INFO - 風速: 0.0 m/s, 風級: 0, 風向角度: 0, 風向: N, 濕度: 34.1%, 溫度: 28.5°C
2025-08-27 14:23:44 - ModbusReader - INFO - 風速: 0.0 m/s, 風級: 0, 風向角度: 0, 風向: N, 濕度: 33.7%, 溫度: 28.5°C
2025-08-27 14:24:04 - ModbusReader - INFO - 風速: 0.0 m/s, 風級: 0, 風向角度: 0, 風向: N, 濕度: 33.4%, 溫度: 28.5°C
2025-08-27 14:24:25 - ModbusReader - INFO - 風速: 0.0 m/s, 風級: 0, 風向角度: 0, 風向: N, 濕度: 33.3%, 溫度: 28.5°C
2025-08-27 14:24:42 - ModbusReader - INFO - 風速: 0.0 m/s, 風級: 0, 風向角度: 0, 風向: N, 濕度: 33.3%, 溫度: 28.5°C
2025-08-27 14:25:02 - ModbusReader - INFO - 風速: 0.0 m/s, 風級: 0, 風向角度: 0, 風向: N, 濕度: 33.3%, 溫度: 28.5°C
2025-08-27 14:25:15 - ModbusReader - INFO - 風速: 0.0 m/s, 風級: 0, 風向角度: 0, 風向: N, 濕度: 33.2%, 溫度: 28.5°C
2025-08-27 14:25:28 - ModbusReader - INFO - 風速: 0.0 m/s, 風級: 0, 風向角度: 0, 風向: N, 濕度: 33.1%, 溫度: 28.5°C
2025-08-27 14:25:45 - ModbusReader - INFO - 風速: 0.0 m/s, 風級: 0, 風向角度: 0, 風向: N, 濕度: 32.9%, 溫度: 28.5°C
2025-08-27 14:26:05 - ModbusReader - INFO - 風速: 0.0 m/s, 風級: 0, 風向角度: 0, 風向: N, 濕度: 32.7%, 溫度: 28.5°C
2025-08-27 14:26:23 - ModbusReader - INFO - 風速: 0.0 m/s, 風級: 0, 風向角度: 0, 風向: N, 濕度: 32.7%, 溫度: 28.5°C
2025-08-27 14:26:40 - ModbusReader - INFO - 風速: 0.0 m/s, 風級: 0, 風向角度: 0, 風向: N, 濕度: 32.6%, 溫度: 28.5°C
2025-08-27 14:27:01 - ModbusReader - INFO - 風速: 0.0 m/s, 風級: 0, 風向角度: 0, 風向: N, 濕度: 32.9%, 溫度: 28.5°C
2025-08-27 14:27:12 - ModbusReader - INFO - 風速: 0.0 m/s, 風級: 0, 風向角度: 0, 風向: N, 濕度: 32.8%, 溫度: 28.5°C
2025-08-27 14:27:35 - ModbusReader - INFO - 風速: 0.0 m/s, 風級: 0, 風向角度: 0, 風向: N, 濕度: 32.5%, 溫度: 28.5°C
2025-08-27 14:27:50 - ModbusReader - INFO - 風速: 0.0 m/s, 風級: 0, 風向角度: 0, 風向: N, 濕度: 32.5%, 溫度: 28.5°C
2025-08-27 14:28:13 - ModbusReader - INFO - 風速: 0.0 m/s, 風級: 0, 風向角度: 0, 風向: N, 濕度: 32.4%, 溫度: 28.5°C
2025-08-27 14:28:29 - ModbusReader - INFO - 風速: 0.0 m/s, 風級: 0, 風向角度: 0, 風向: N, 濕度: 32.2%, 溫度: 28.5°C
2025-08-27 14:28:49 - ModbusReader - INFO - 風速: 0.0 m/s, 風級: 0, 風向角度: 0, 風向: N, 濕度: 31.9%, 溫度: 28.5°C
2025-08-27 14:29:10 - ModbusReader - INFO - 風速: 0.0 m/s, 風級: 0, 風向角度: 0, 風向: N, 濕度: 31.9%, 溫度: 28.5°C
2025-08-27 14:29:26 - ModbusReader - INFO - 風速: 0.0 m/s, 風級: 0, 風向角度: 0, 風向: N, 濕度: 32.2%, 溫度: 28.4°C
2025-08-27 14:29:48 - ModbusReader - INFO - 風速: 0.0 m/s, 風級: 0, 風向角度: 0, 風向: N, 濕度: 32.7%, 溫度: 28.4°C
2025-08-27 14:30:00 - ModbusReader - INFO - 風速: 0.0 m/s, 風級: 0, 風向角度: 0, 風向: N, 濕度: 33.0%, 溫度: 28.5°C
2025-08-27 14:30:11 - ModbusReader - INFO - 風速: 0.0 m/s, 風級: 0, 風向角度: 0, 風向: N, 濕度: 33.3%, 溫度: 28.4°C
2025-08-27 14:30:30 - ModbusReader - INFO - 風速: 0.0 m/s, 風級: 0, 風向角度: 0, 風向: N, 濕度: 33.9%, 溫度: 28.4°C
2025-08-27 14:30:51 - ModbusReader - INFO - 風速: 0.0 m/s, 風級: 0, 風向角度: 0, 風向: N, 濕度: 34.1%, 溫度: 28.5°C
2025-08-27 14:31:11 - ModbusReader - INFO - 風速: 0.0 m/s, 風級: 0, 風向角度: 0, 風向: N, 濕度: 34.7%, 溫度: 28.5°C
2025-08-27 14:31:28 - ModbusReader - INFO - 風速: 0.0 m/s, 風級: 0, 風向角度: 0, 風向: N, 濕度: 34.9%, 溫度: 28.5°C
2025-08-27 14:31:42 - ModbusReader - INFO - 風速: 0.0 m/s, 風級: 0, 風向角度: 0, 風向: N, 濕度: 35.4%, 溫度: 28.5°C
2025-08-27 14:31:57 - ModbusReader - INFO - 風速: 0.0 m/s, 風級: 0, 風向角度: 0, 風向: N, 濕度: 35.5%, 溫度: 28.4°C
2025-08-27 14:32:19 - ModbusReader - INFO - 風速: 0.0 m/s, 風級: 0, 風向角度: 0, 風向: N, 濕度: 35.5%, 溫度: 28.5°C
2025-08-27 14:32:39 - ModbusReader - INFO - 風速: 0.0 m/s, 風級: 0, 風向角度: 0, 風向: N, 濕度: 35.3%, 溫度: 28.5°C
2025-08-27 14:32:52 - ModbusReader - INFO - 風速: 0.0 m/s, 風級: 0, 風向角度: 0, 風向: N, 濕度: 35.2%, 溫度: 28.5°C
2025-08-27 14:33:10 - ModbusReader - INFO - 風速: 0.0 m/s, 風級: 0, 風向角度: 0, 風向: N, 濕度: 35.1%, 溫度: 28.5°C
2025-08-27 14:33:27 - ModbusReader - INFO - 風速: 0.0 m/s, 風級: 0, 風向角度: 0, 風向: N, 濕度: 35.0%, 溫度: 28.5°C
2025-08-27 14:33:49 - ModbusReader - INFO - 風速: 0.0 m/s, 風級: 0, 風向角度: 0, 風向: N, 濕度: 34.8%, 溫度: 28.5°C
2025-08-27 14:34:08 - ModbusReader - INFO - 風速: 0.0 m/s, 風級: 0, 風向角度: 0, 風向: N, 濕度: 34.6%, 溫度: 28.5°C
2025-08-27 14:34:25 - ModbusReader - INFO - 風速: 0.0 m/s, 風級: 0, 風向角度: 0, 風向: N, 濕度: 34.5%, 溫度: 28.5°C
2025-08-27 14:34:43 - ModbusReader - INFO - 風速: 0.0 m/s, 風級: 0, 風向角度: 0, 風向: N, 濕度: 34.3%, 溫度: 28.5°C
2025-08-27 14:35:04 - ModbusReader - INFO - 風速: 0.0 m/s, 風級: 0, 風向角度: 0, 風向: N, 濕度: 33.9%, 溫度: 28.5°C
2025-08-27 14:35:24 - ModbusReader - INFO - 風速: 0.0 m/s, 風級: 0, 風向角度: 0, 風向: N, 濕度: 33.9%, 溫度: 28.5°C
2025-08-27 14:35:39 - ModbusReader - INFO - 風速: 0.0 m/s, 風級: 0, 風向角度: 0, 風向: N, 濕度: 33.7%, 溫度: 28.5°C
2025-08-27 14:35:57 - ModbusReader - INFO - 風速: 0.0 m/s, 風級: 0, 風向角度: 0, 風向: N, 濕度: 33.5%, 溫度: 28.5°C
2025-08-27 14:36:08 - ModbusReader - INFO - 風速: 0.0 m/s, 風級: 0, 風向角度: 0, 風向: N, 濕度: 33.5%, 溫度: 28.5°C
2025-08-27 14:36:19 - ModbusReader - INFO - 風速: 0.0 m/s, 風級: 0, 風向角度: 0, 風向: N, 濕度: 33.7%, 溫度: 28.5°C
2025-08-27 14:36:40 - ModbusReader - INFO - 風速: 0.0 m/s, 風級: 0, 風向角度: 0, 風向: N, 濕度: 33.6%, 溫度: 28.5°C
2025-08-27 14:36:50 - ModbusReader - INFO - 風速: 0.0 m/s, 風級: 0, 風向角度: 0, 風向: N, 濕度: 33.4%, 溫度: 28.5°C
2025-08-27 14:37:09 - ModbusReader - INFO - 風速: 0.0 m/s, 風級: 0, 風向角度: 0, 風向: N, 濕度: 33.2%, 溫度: 28.5°C
2025-08-27 14:37:24 - ModbusReader - INFO - 風速: 0.0 m/s, 風級: 0, 風向角度: 0, 風向: N, 濕度: 33.0%, 溫度: 28.5°C
2025-08-27 14:37:44 - ModbusReader - INFO - 風速: 0.0 m/s, 風級: 0, 風向角度: 0, 風向: N, 濕度: 33.0%, 溫度: 28.5°C
2025-08-27 14:38:01 - ModbusReader - INFO - 風速: 0.0 m/s, 風級: 0, 風向角度: 0, 風向: N, 濕度: 32.8%, 溫度: 28.5°C
2025-08-27 14:38:14 - ModbusReader - INFO - 風速: 0.0 m/s, 風級: 0, 風向角度: 0, 風向: N, 濕度: 32.8%, 溫度: 28.5°C
2025-08-27 14:38:34 - ModbusReader - INFO - 風速: 0.0 m/s, 風級: 0, 風向角度: 0, 風向: N, 濕度: 32.4%, 溫度: 28.5°C
2025-08-27 14:38:51 - ModbusReader - INFO - 風速: 0.0 m/s, 風級: 0, 風向角度: 0, 風向: N, 濕度: 32.2%, 溫度: 28.5°C
2025-08-27 14:39:10 - ModbusReader - INFO - 風速: 0.0 m/s, 風級: 0, 風向角度: 0, 風向: N, 濕度: 32.1%, 溫度: 28.4°C
2025-08-27 14:39:32 - ModbusReader - INFO - 風速: 0.0 m/s, 風級: 0, 風向角度: 0, 風向: N, 濕度: 32.2%, 溫度: 28.5°C
2025-08-27 14:39:48 - ModbusReader - INFO - 風速: 0.0 m/s, 風級: 0, 風向角度: 0, 風向: N, 濕度: 31.9%, 溫度: 28.5°C
2025-08-27 14:40:06 - ModbusReader - INFO - 風速: 0.0 m/s, 風級: 0, 風向角度: 0, 風向: N, 濕度: 32.0%, 溫度: 28.5°C
2025-08-27 14:40:18 - ModbusReader - INFO - 風速: 0.0 m/s, 風級: 0, 風向角度: 0, 風向: N, 濕度: 32.0%, 溫度: 28.5°C
2025-08-27 14:40:41 - ModbusReader - INFO - 風速: 0.0 m/s, 風級: 0, 風向角度: 0, 風向: N, 濕度: 32.4%, 溫度: 28.5°C
2025-08-27 14:40:52 - ModbusReader - INFO - 風速: 0.0 m/s, 風級: 0, 風向角度: 0, 風向: N, 濕度: 32.6%, 溫度: 28.4°C
2025-08-27 14:41:06 - ModbusReader - INFO - 風速: 0.0 m/s, 風級: 0, 風向角度: 0, 風向: N, 濕度: 33.0%, 溫度: 28.5°C
2025-08-27 14:41:16 - ModbusReader - INFO - 風速: 0.0 m/s, 風級: 0, 風向角度: 0, 風向: N, 濕度: 33.2%, 溫度: 28.4°C
2025-08-27 14:41:30 - ModbusReader - INFO - 風速: 0.0 m/s, 風級: 0, 風向角度: 0, 風向: N, 濕度: 33.8%, 溫度: 28.4°C
2025-08-27 14:41:50 - ModbusReader - INFO - 風速: 0.0 m/s, 風級: 0, 風向角度: 0, 風向: N, 濕度: 34.4%, 溫度: 28.5°C
2025-08-27 14:42:09 - ModbusReader - INFO - 風速: 0.0 m/s, 風級: 0, 風向角度: 0, 風向: N, 濕度: 35.0%, 溫度: 28.5°C
2025-08-27 14:42:18 - ModbusReader - INFO - 風速: 0.0 m/s, 風級: 0, 風向角度: 0, 風向: N, 濕度: 34.8%, 溫度: 28.5°C
2025-08-27 14:42:40 - ModbusReader - INFO - 風速: 0.0 m/s, 風級: 0, 風向角度: 0, 風向: N, 濕度: 35.4%, 溫度: 28.5°C
2025-08-27 14:42:55 - ModbusReader - INFO - 風速: 0.0 m/s, 風級: 0, 風向角度: 0, 風向: N, 濕度: 35.3%, 溫度: 28.5°C
2025-08-27 14:43:10 - ModbusReader - INFO - 風速: 0.0 m/s, 風級: 0, 風向角度: 0, 風向: N, 濕度: 35.7%, 溫度: 28.5°C
2025-08-27 14:43:23 - ModbusReader - INFO - 風速: 0.0 m/s, 風級: 0, 風向角度: 0, 風向: N, 濕度: 35.9%, 溫度: 28.5°C
2025-08-27 14:43:36 - ModbusReader - INFO - 風速: 0.0 m/s, 風級: 0, 風向角度: 0, 風向: N, 濕度: 35.7%, 溫度: 28.5°C
2025-08-27 14:43:59 - ModbusReader - INFO - 風速: 0.0 m/s, 風級: 0, 風向角度: 0, 風向: N, 濕度: 35.5%, 溫度: 28.5°C
2025-08-27 14:44:17 - ModbusReader - INFO - 風速: 0.0 m/s, 風級: 0, 風向角度: 0, 風向: N, 濕度: 35.3%, 溫度: 28.5°C
2025-08-27 14:44:33 - ModbusReader - INFO - 風速: 0.0 m/s, 風級: 0, 風向角度: 0, 風向: N, 濕度: 35.1%, 溫度: 28.5°C
2025-08-27 14:44:49 - ModbusReader - INFO - 風速: 0.0 m/s, 風級: 0, 風向角度: 0, 風向: N, 濕度: 35.0%, 溫度: 28.5°C
2025-08-27 14:45:05 - ModbusReader - INFO - 風速: 0.0 m/s, 風級: 0, 風向角度: 0, 風向: N, 濕度: 34.9%, 溫度: 28.5°C
2025-08-27 14:45:21 - ModbusReader - INFO - 風速: 0.0 m/s, 風級: 0, 風向角度: 0, 風向: N, 濕度: 34.6%, 溫度: 28.5°C
2025-08-27 14:45:39 - ModbusReader - INFO - 風速: 0.0 m/s, 風級: 0, 風向角度: 0, 風向: N, 濕度: 34.5%, 溫度: 28.5°C
2025-08-27 14:46:00 - ModbusReader - INFO - 風速: 0.0 m/s, 風級: 0, 風向角度: 0, 風向: N, 濕度: 34.3%, 溫度: 28.5°C
2025-08-27 14:46:11 - ModbusReader - INFO - 風速: 0.0 m/s, 風級: 0, 風向角度: 0, 風向: N, 濕度: 34.2%, 溫度: 28.5°C
2025-08-27 14:46:25 - ModbusReader - INFO - 風速: 0.0 m/s, 風級: 0, 風向角度: 0, 風向: N, 濕度: 34.0%, 溫度: 28.5°C
2025-08-27 14:46:47 - ModbusReader - INFO - 風速: 0.0 m/s, 風級: 0, 風向角度: 0, 風向: N, 濕度: 33.6%, 溫度: 28.5°C
2025-08-27 14:46:57 - ModbusReader - INFO - 風速: 0.0 m/s, 風級: 0, 風向角度: 0, 風向: N, 濕度: 33.6%, 溫度: 28.5°C
2025-08-27 14:47:15 - ModbusReader - INFO - 風速: 0.0 m/s, 風級: 0, 風向角度: 0, 風向: N, 濕度: 33.6%, 溫度: 28.5°C
2025-08-27 14:47:29 - ModbusReader - INFO - 風速: 0.0 m/s, 風級: 0, 風向角度: 0, 風向: N, 濕度: 33.5%, 溫度: 28.5°C
2025-08-27 14:47:47 - ModbusReader - INFO - 風速: 0.0 m/s, 風級: 0, 風向角度: 0, 風向: N, 濕度: 33.4%, 溫度: 28.6°C
2025-08-27 14:48:00 - ModbusReader - INFO - 風速: 0.0 m/s, 風級: 0, 風向角度: 0, 風向: N, 濕度: 32.9%, 溫度: 28.5°C
2025-08-27 14:48:15 - ModbusReader - INFO - 風速: 0.0 m/s, 風級: 0, 風向角度: 0, 風向: N, 濕度: 33.0%, 溫度: 28.5°C
2025-08-27 14:48:28 - ModbusReader - INFO - 風速: 0.0 m/s, 風級: 0, 風向角度: 0, 風向: N, 濕度: 33.0%, 溫度: 28.5°C
2025-08-27 14:48:50 - ModbusReader - INFO - 風速: 0.0 m/s, 風級: 0, 風向角度: 0, 風向: N, 濕度: 33.2%, 溫度: 28.5°C
2025-08-27 14:49:11 - ModbusReader - INFO - 風速: 0.0 m/s, 風級: 0, 風向角度: 0, 風向: N, 濕度: 33.3%, 溫度: 28.5°C
2025-08-27 14:49:26 - ModbusReader - INFO - 風速: 0.0 m/s, 風級: 0, 風向角度: 0, 風向: N, 濕度: 32.8%, 溫度: 28.5°C
2025-08-27 14:49:44 - ModbusReader - INFO - 風速: 0.0 m/s, 風級: 0, 風向角度: 0, 風向: N, 濕度: 32.7%, 溫度: 28.5°C
2025-08-27 14:50:03 - ModbusReader - INFO - 風速: 0.0 m/s, 風級: 0, 風向角度: 0, 風向: N, 濕度: 32.2%, 溫度: 28.5°C
2025-08-27 14:50:16 - ModbusReader - INFO - 風速: 0.0 m/s, 風級: 0, 風向角度: 0, 風向: N, 濕度: 32.3%, 溫度: 28.5°C
2025-08-27 14:50:32 - ModbusReader - INFO - 風速: 0.0 m/s, 風級: 0, 風向角度: 0, 風向: N, 濕度: 31.8%, 溫度: 28.5°C
2025-08-27 14:50:45 - ModbusReader - INFO - 風速: 0.0 m/s, 風級: 0, 風向角度: 0, 風向: N, 濕度: 31.8%, 溫度: 28.5°C
2025-08-27 14:50:58 - ModbusReader - INFO - 風速: 0.0 m/s, 風級: 0, 風向角度: 0, 風向: N, 濕度: 31.9%, 溫度: 28.5°C
2025-08-27 14:51:11 - ModbusReader - INFO - 風速: 0.0 m/s, 風級: 0, 風向角度: 0, 風向: N, 濕度: 31.8%, 溫度: 28.5°C
2025-08-27 14:51:27 - ModbusReader - INFO - 風速: 0.0 m/s, 風級: 0, 風向角度: 0, 風向: N, 濕度: 31.6%, 溫度: 28.5°C
2025-08-27 14:51:46 - ModbusReader - INFO - 風速: 0.0 m/s, 風級: 0, 風向角度: 0, 風向: N, 濕度: 31.7%, 溫度: 28.5°C
2025-08-27 14:52:08 - ModbusReader - INFO - 風速: 0.0 m/s, 風級: 0, 風向角度: 0, 風向: N, 濕度: 31.8%, 溫度: 28.5°C
2025-08-27 14:52:18 - ModbusReader - INFO - 風速: 0.0 m/s, 風級: 0, 風向角度: 0, 風向: N, 濕度: 31.7%, 溫度: 28.5°C
2025-08-27 14:52:35 - ModbusReader - INFO - 風速: 0.0 m/s, 風級: 0, 風向角度: 0, 風向: N, 濕度: 31.5%, 溫度: 28.5°C
2025-08-27 14:52:45 - ModbusReader - INFO - 風速: 0.0 m/s, 風級: 0, 風向角度: 0, 風向: N, 濕度: 31.6%, 溫度: 28.5°C
2025-08-27 14:53:08 - ModbusReader - INFO - 風速: 0.0 m/s, 風級: 0, 風向角度: 0, 風向: N, 濕度: 31.9%, 溫度: 28.5°C
2025-08-27 14:53:30 - ModbusReader - INFO - 風速: 0.0 m/s, 風級: 0, 風向角度: 0, 風向: N, 濕度: 31.8%, 溫度: 28.5°C
2025-08-27 14:53:42 - ModbusReader - INFO - 風速: 0.0 m/s, 風級: 0, 風向角度: 0, 風向: N, 濕度: 31.7%, 溫度: 28.5°C
2025-08-27 14:53:57 - ModbusReader - INFO - 風速: 0.0 m/s, 風級: 0, 風向角度: 0, 風向: N, 濕度: 31.4%, 溫度: 28.5°C
2025-08-27 14:54:15 - ModbusReader - INFO - 風速: 0.0 m/s, 風級: 0, 風向角度: 0, 風向: N, 濕度: 31.5%, 溫度: 28.5°C
2025-08-27 14:54:34 - ModbusReader - INFO - 風速: 0.0 m/s, 風級: 0, 風向角度: 0, 風向: N, 濕度: 32.0%, 溫度: 28.5°C
2025-08-27 14:54:57 - ModbusReader - INFO - 風速: 0.0 m/s, 風級: 0, 風向角度: 0, 風向: N, 濕度: 32.5%, 溫度: 28.5°C
2025-08-27 14:55:14 - ModbusReader - INFO - 風速: 0.0 m/s, 風級: 0, 風向角度: 0, 風向: N, 濕度: 33.0%, 溫度: 28.5°C
2025-08-27 14:55:31 - ModbusReader - INFO - 風速: 0.0 m/s, 風級: 0, 風向角度: 0, 風向: N, 濕度: 33.6%, 溫度: 28.5°C
2025-08-27 14:55:51 - ModbusReader - INFO - 風速: 0.0 m/s, 風級: 0, 風向角度: 0, 風向: N, 濕度: 34.2%, 溫度: 28.5°C
2025-08-27 14:56:08 - ModbusReader - INFO - 風速: 0.0 m/s, 風級: 0, 風向角度: 0, 風向: N, 濕度: 34.4%, 溫度: 28.5°C
2025-08-27 14:56:27 - ModbusReader - INFO - 風速: 0.0 m/s, 風級: 0, 風向角度: 0, 風向: N, 濕度: 34.9%, 溫度: 28.5°C
2025-08-27 14:56:43 - ModbusReader - INFO - 風速: 0.0 m/s, 風級: 0, 風向角度: 0, 風向: N, 濕度: 35.1%, 溫度: 28.6°C
2025-08-27 14:56:54 - ModbusReader - INFO - 風速: 0.0 m/s, 風級: 0, 風向角度: 0, 風向: N, 濕度: 35.5%, 溫度: 28.6°C
2025-08-27 14:57:17 - ModbusReader - INFO - 風速: 0.0 m/s, 風級: 0, 風向角度: 0, 風向: N, 濕度: 35.4%, 溫度: 28.6°C
2025-08-27 14:57:38 - ModbusReader - INFO - 風速: 0.0 m/s, 風級: 0, 風向角度: 0, 風向: N, 濕度: 35.6%, 溫度: 28.6°C
2025-08-27 14:58:00 - ModbusReader - INFO - 風速: 0.0 m/s, 風級: 0, 風向角度: 0, 風向: N, 濕度: 35.5%, 溫度: 28.5°C
2025-08-27 14:58:20 - ModbusReader - INFO - 風速: 0.0 m/s, 風級: 0, 風向角度: 0, 風向: N, 濕度: 35.5%, 溫度: 28.6°C
2025-08-27 14:58:36 - ModbusReader - INFO - 風速: 0.0 m/s, 風級: 0, 風向角度: 0, 風向: N, 濕度: 35.3%, 溫度: 28.6°C
2025-08-27 14:58:49 - ModbusReader - INFO - 風速: 0.0 m/s, 風級: 0, 風向角度: 0, 風向: N, 濕度: 35.3%, 溫度: 28.6°C
2025-08-27 14:59:06 - ModbusReader - INFO - 風速: 0.0 m/s, 風級: 0, 風向角度: 0, 風向: N, 濕度: 35.1%, 溫度: 28.6°C
2025-08-27 14:59:20 - ModbusReader - INFO - 風速: 0.0 m/s, 風級: 0, 風向角度: 0, 風向: N, 濕度: 34.7%, 溫度: 28.6°C
2025-08-27 14:59:40 - ModbusReader - INFO - 風速: 0.0 m/s, 風級: 0, 風向角度: 0, 風向: N, 濕度: 34.6%, 溫度: 28.6°C
2025-08-27 14:59:56 - ModbusReader - INFO - 風速: 0.0 m/s, 風級: 0, 風向角度: 0, 風向: N, 濕度: 34.6%, 溫度: 28.6°C
2025-08-27 15:00:17 - ModbusReader - INFO - 風速: 0.0 m/s, 風級: 0, 風向角度: 0, 風向: N, 濕度: 34.5%, 溫度: 28.6°C
2025-08-27 15:00:28 - ModbusReader - INFO - 風速: 0.0 m/s, 風級: 0, 風向角度: 0, 風向: N, 濕度: 34.4%, 溫度: 28.6°C
2025-08-27 15:00:45 - ModbusReader - INFO - 風速: 0.0 m/s, 風級: 0, 風向角度: 0, 風向: N, 濕度: 34.0%, 溫度: 28.6°C
2025-08-27 15:00:55 - ModbusReader - INFO - 風速: 0.0 m/s, 風級: 0, 風向角度: 0, 風向: N, 濕度: 34.0%, 溫度: 28.6°C
2025-08-27 15:01:06 - ModbusReader - INFO - 風速: 0.0 m/s, 風級: 0, 風向角度: 0, 風向: N, 濕度: 33.8%, 溫度: 28.6°C
2025-08-27 15:01:18 - ModbusReader - INFO - 風速: 0.0 m/s, 風級: 0, 風向角度: 0, 風向: N, 濕度: 33.6%, 溫度: 28.6°C
2025-08-27 15:01:36 - ModbusReader - INFO - 風速: 0.0 m/s, 風級: 0, 風向角度: 0, 風向: N, 濕度: 33.5%, 溫度: 28.6°C
2025-08-27 15:01:53 - ModbusReader - INFO - 風速: 0.0 m/s, 風級: 0, 風向角度: 0, 風向: N, 濕度: 33.6%, 溫度: 28.6°C
2025-08-27 15:02:04 - ModbusReader - INFO - 風速: 0.0 m/s, 風級: 0, 風向角度: 0, 風向: N, 濕度: 33.6%, 溫度: 28.6°C
2025-08-27 15:02:18 - ModbusReader - INFO - 風速: 0.0 m/s, 風級: 0, 風向角度: 0, 風向: N, 濕度: 33.5%, 溫度: 28.6°C
2025-08-27 15:02:35 - ModbusReader - INFO - 風速: 0.0 m/s, 風級: 0, 風向角度: 0, 風向: N, 濕度: 33.3%, 溫度: 28.6°C
2025-08-27 15:02:53 - ModbusReader - INFO - 風速: 0.0 m/s, 風級: 0, 風向角度: 0, 風向: N, 濕度: 33.1%, 溫度: 28.6°C
2025-08-27 15:03:06 - ModbusReader - INFO - 風速: 0.0 m/s, 風級: 0, 風向角度: 0, 風向: N, 濕度: 33.1%, 溫度: 28.6°C
2025-08-27 15:03:26 - ModbusReader - INFO - 風速: 0.0 m/s, 風級: 0, 風向角度: 0, 風向: N, 濕度: 33.1%, 溫度: 28.6°C
2025-08-27 15:03:46 - ModbusReader - INFO - 風速: 0.0 m/s, 風級: 0, 風向角度: 0, 風向: N, 濕度: 33.0%, 溫度: 28.6°C
2025-08-27 15:04:01 - ModbusReader - INFO - 風速: 0.0 m/s, 風級: 0, 風向角度: 0, 風向: N, 濕度: 32.9%, 溫度: 28.6°C
2025-08-27 15:04:18 - ModbusReader - INFO - 風速: 0.0 m/s, 風級: 0, 風向角度: 0, 風向: N, 濕度: 33.0%, 溫度: 28.7°C
2025-08-27 15:04:29 - ModbusReader - INFO - 風速: 0.0 m/s, 風級: 0, 風向角度: 0, 風向: N, 濕度: 32.6%, 溫度: 28.6°C
2025-08-27 15:04:50 - ModbusReader - INFO - 風速: 0.0 m/s, 風級: 0, 風向角度: 0, 風向: N, 濕度: 32.4%, 溫度: 28.7°C
2025-08-27 15:05:13 - ModbusReader - INFO - 風速: 0.0 m/s, 風級: 0, 風向角度: 0, 風向: N, 濕度: 32.5%, 溫度: 28.6°C
2025-08-27 15:05:35 - ModbusReader - INFO - 風速: 0.0 m/s, 風級: 0, 風向角度: 0, 風向: N, 濕度: 32.9%, 溫度: 28.6°C
2025-08-27 15:05:51 - ModbusReader - INFO - 風速: 0.0 m/s, 風級: 0, 風向角度: 0, 風向: N, 濕度: 32.8%, 溫度: 28.6°C
2025-08-27 15:06:00 - ModbusReader - INFO - 風速: 0.0 m/s, 風級: 0, 風向角度: 0, 風向: N, 濕度: 32.7%, 溫度: 28.6°C
2025-08-27 15:06:14 - ModbusReader - INFO - 風速: 0.0 m/s, 風級: 0, 風向角度: 0, 風向: N, 濕度: 32.5%, 溫度: 28.6°C
2025-08-27 15:06:24 - ModbusReader - INFO - 風速: 0.0 m/s, 風級: 0, 風向角度: 0, 風向: N, 濕度: 32.6%, 溫度: 28.7°C
2025-08-27 15:06:45 - ModbusReader - INFO - 風速: 0.0 m/s, 風級: 0, 風向角度: 0, 風向: N, 濕度: 32.7%, 溫度: 28.7°C
2025-08-27 15:06:54 - ModbusReader - INFO - 風速: 0.0 m/s, 風級: 0, 風向角度: 0, 風向: N, 濕度: 32.8%, 溫度: 28.6°C
2025-08-27 15:07:15 - ModbusReader - INFO - 風速: 0.0 m/s, 風級: 0, 風向角度: 0, 風向: N, 濕度: 33.0%, 溫度: 28.7°C
2025-08-27 15:07:31 - ModbusReader - INFO - 風速: 0.0 m/s, 風級: 0, 風向角度: 0, 風向: N, 濕度: 33.3%, 溫度: 28.6°C
2025-08-27 15:07:42 - ModbusReader - INFO - 風速: 0.0 m/s, 風級: 0, 風向角度: 0, 風向: N, 濕度: 33.4%, 溫度: 28.7°C
2025-08-27 15:08:03 - ModbusReader - INFO - 風速: 0.0 m/s, 風級: 0, 風向角度: 0, 風向: N, 濕度: 33.7%, 溫度: 28.7°C
2025-08-27 15:08:24 - ModbusReader - INFO - 風速: 0.0 m/s, 風級: 0, 風向角度: 0, 風向: N, 濕度: 34.3%, 溫度: 28.7°C
2025-08-27 15:08:36 - ModbusReader - INFO - 風速: 0.0 m/s, 風級: 0, 風向角度: 0, 風向: N, 濕度: 34.4%, 溫度: 28.7°C
2025-08-27 15:08:55 - ModbusReader - INFO - 風速: 0.0 m/s, 風級: 0, 風向角度: 0, 風向: N, 濕度: 35.0%, 溫度: 28.7°C
2025-08-27 15:09:12 - ModbusReader - INFO - 風速: 0.0 m/s, 風級: 0, 風向角度: 0, 風向: N, 濕度: 35.4%, 溫度: 28.7°C
2025-08-27 15:09:34 - ModbusReader - INFO - 風速: 0.0 m/s, 風級: 0, 風向角度: 0, 風向: N, 濕度: 35.3%, 溫度: 28.7°C
2025-08-27 15:09:46 - ModbusReader - INFO - 風速: 0.0 m/s, 風級: 0, 風向角度: 0, 風向: N, 濕度: 35.3%, 溫度: 28.7°C
2025-08-27 15:10:02 - ModbusReader - INFO - 風速: 0.0 m/s, 風級: 0, 風向角度: 0, 風向: N, 濕度: 35.5%, 溫度: 28.7°C
2025-08-27 15:10:24 - ModbusReader - INFO - 風速: 0.0 m/s, 風級: 0, 風向角度: 0, 風向: N, 濕度: 35.3%, 溫度: 28.7°C
2025-08-27 15:10:45 - ModbusReader - INFO - 風速: 0.0 m/s, 風級: 0, 風向角度: 0, 風向: N, 濕度: 35.1%, 溫度: 28.7°C
2025-08-27 15:11:03 - ModbusReader - INFO - 風速: 0.0 m/s, 風級: 0, 風向角度: 0, 風向: N, 濕度: 35.0%, 溫度: 28.7°C
2025-08-27 15:11:22 - ModbusReader - INFO - 風速: 0.0 m/s, 風級: 0, 風向角度: 0, 風向: N, 濕度: 34.6%, 溫度: 28.7°C
2025-08-27 15:11:37 - ModbusReader - INFO - 風速: 0.0 m/s, 風級: 0, 風向角度: 0, 風向: N, 濕度: 34.6%, 溫度: 28.7°C
2025-08-27 15:11:56 - ModbusReader - INFO - 風速: 0.0 m/s, 風級: 0, 風向角度: 0, 風向: N, 濕度: 34.4%, 溫度: 28.7°C
2025-08-27 15:12:16 - ModbusReader - INFO - 風速: 0.0 m/s, 風級: 0, 風向角度: 0, 風向: N, 濕度: 34.1%, 溫度: 28.7°C
2025-08-27 15:12:26 - ModbusReader - INFO - 風速: 0.0 m/s, 風級: 0, 風向角度: 0, 風向: N, 濕度: 34.0%, 溫度: 28.7°C
2025-08-27 15:12:44 - ModbusReader - INFO - 風速: 0.0 m/s, 風級: 0, 風向角度: 0, 風向: N, 濕度: 34.0%, 溫度: 28.7°C
2025-08-27 15:12:56 - ModbusReader - INFO - 風速: 0.0 m/s, 風級: 0, 風向角度: 0, 風向: N, 濕度: 33.8%, 溫度: 28.7°C
2025-08-27 15:13:11 - ModbusReader - INFO - 風速: 0.0 m/s, 風級: 0, 風向角度: 0, 風向: N, 濕度: 33.8%, 溫度: 28.7°C
2025-08-27 15:13:34 - ModbusReader - INFO - 風速: 0.0 m/s, 風級: 0, 風向角度: 0, 風向: N, 濕度: 33.5%, 溫度: 28.7°C
2025-08-27 15:13:57 - ModbusReader - INFO - 風速: 0.0 m/s, 風級: 0, 風向角度: 0, 風向: N, 濕度: 33.5%, 溫度: 28.7°C
2025-08-27 15:14:13 - ModbusReader - INFO - 風速: 0.0 m/s, 風級: 0, 風向角度: 0, 風向: N, 濕度: 33.4%, 溫度: 28.7°C
2025-08-27 15:14:24 - ModbusReader - INFO - 風速: 0.0 m/s, 風級: 0, 風向角度: 0, 風向: N, 濕度: 33.3%, 溫度: 28.7°C
2025-08-27 15:14:42 - ModbusReader - INFO - 風速: 0.0 m/s, 風級: 0, 風向角度: 0, 風向: N, 濕度: 32.7%, 溫度: 28.7°C
2025-08-27 15:14:59 - ModbusReader - INFO - 風速: 0.0 m/s, 風級: 0, 風向角度: 0, 風向: N, 濕度: 32.9%, 溫度: 28.7°C
2025-08-27 15:15:11 - ModbusReader - INFO - 風速: 0.0 m/s, 風級: 0, 風向角度: 0, 風向: N, 濕度: 33.0%, 溫度: 28.7°C
2025-08-27 15:15:34 - ModbusReader - INFO - 風速: 0.0 m/s, 風級: 0, 風向角度: 0, 風向: N, 濕度: 33.1%, 溫度: 28.7°C
2025-08-27 15:15:54 - ModbusReader - INFO - 風速: 0.0 m/s, 風級: 0, 風向角度: 0, 風向: N, 濕度: 32.9%, 溫度: 28.7°C
2025-08-27 15:16:07 - ModbusReader - INFO - 風速: 0.0 m/s, 風級: 0, 風向角度: 0, 風向: N, 濕度: 32.8%, 溫度: 28.7°C
2025-08-27 15:16:28 - ModbusReader - INFO - 風速: 0.0 m/s, 風級: 0, 風向角度: 0, 風向: N, 濕度: 32.9%, 溫度: 28.7°C
2025-08-27 15:16:39 - ModbusReader - INFO - 風速: 0.0 m/s, 風級: 0, 風向角度: 0, 風向: N, 濕度: 32.8%, 溫度: 28.7°C
2025-08-27 15:16:59 - ModbusReader - INFO - 風速: 0.0 m/s, 風級: 0, 風向角度: 0, 風向: N, 濕度: 32.5%, 溫度: 28.8°C
2025-08-27 15:17:19 - ModbusReader - INFO - 風速: 0.0 m/s, 風級: 0, 風向角度: 0, 風向: N, 濕度: 32.9%, 溫度: 28.7°C
2025-08-27 15:17:41 - ModbusReader - INFO - 風速: 0.0 m/s, 風級: 0, 風向角度: 0, 風向: N, 濕度: 32.8%, 溫度: 28.7°C
2025-08-27 15:18:01 - ModbusReader - INFO - 風速: 0.0 m/s, 風級: 0, 風向角度: 0, 風向: N, 濕度: 32.4%, 溫度: 28.8°C
2025-08-27 15:18:11 - ModbusReader - INFO - 風速: 0.0 m/s, 風級: 0, 風向角度: 0, 風向: N, 濕度: 32.4%, 溫度: 28.7°C
2025-08-27 15:18:23 - ModbusReader - INFO - 風速: 0.0 m/s, 風級: 0, 風向角度: 0, 風向: N, 濕度: 32.2%, 溫度: 28.7°C
2025-08-27 15:18:43 - ModbusReader - INFO - 風速: 0.0 m/s, 風級: 0, 風向角度: 0, 風向: N, 濕度: 32.0%, 溫度: 28.7°C
2025-08-27 15:19:02 - ModbusReader - INFO - 風速: 0.0 m/s, 風級: 0, 風向角度: 0, 風向: N, 濕度: 32.0%, 溫度: 28.7°C
2025-08-27 15:19:15 - ModbusReader - INFO - 風速: 0.0 m/s, 風級: 0, 風向角度: 0, 風向: N, 濕度: 32.1%, 溫度: 28.7°C
2025-08-27 15:19:25 - ModbusReader - INFO - 風速: 0.0 m/s, 風級: 0, 風向角度: 0, 風向: N, 濕度: 32.0%, 溫度: 28.7°C
2025-08-27 15:19:47 - ModbusReader - INFO - 風速: 0.0 m/s, 風級: 0, 風向角度: 0, 風向: N, 濕度: 32.2%, 溫度: 28.7°C
2025-08-27 15:20:09 - ModbusReader - INFO - 風速: 0.0 m/s, 風級: 0, 風向角度: 0, 風向: N, 濕度: 32.4%, 溫度: 28.8°C
2025-08-27 15:20:25 - ModbusReader - INFO - 風速: 0.0 m/s, 風級: 0, 風向角度: 0, 風向: N, 濕度: 31.7%, 溫度: 28.7°C
2025-08-27 15:20:46 - ModbusReader - INFO - 風速: 0.0 m/s, 風級: 0, 風向角度: 0, 風向: N, 濕度: 31.5%, 溫度: 28.7°C
2025-08-27 15:21:00 - ModbusReader - INFO - 風速: 0.0 m/s, 風級: 0, 風向角度: 0, 風向: N, 濕度: 31.7%, 溫度: 28.7°C
2025-08-27 15:21:14 - ModbusReader - INFO - 風速: 0.0 m/s, 風級: 0, 風向角度: 0, 風向: N, 濕度: 31.7%, 溫度: 28.7°C
2025-08-27 15:21:33 - ModbusReader - INFO - 風速: 0.0 m/s, 風級: 0, 風向角度: 0, 風向: N, 濕度: 31.8%, 溫度: 28.7°C
2025-08-27 15:21:56 - ModbusReader - INFO - 風速: 0.0 m/s, 風級: 0, 風向角度: 0, 風向: N, 濕度: 32.1%, 溫度: 28.7°C
2025-08-27 15:22:10 - ModbusReader - INFO - 風速: 0.0 m/s, 風級: 0, 風向角度: 0, 風向: N, 濕度: 32.4%, 溫度: 28.7°C
2025-08-27 15:22:25 - ModbusReader - INFO - 風速: 0.0 m/s, 風級: 0, 風向角度: 0, 風向: N, 濕度: 33.0%, 溫度: 28.7°C
2025-08-27 15:22:38 - ModbusReader - INFO - 風速: 0.0 m/s, 風級: 0, 風向角度: 0, 風向: N, 濕度: 33.0%, 溫度: 28.8°C
2025-08-27 15:22:56 - ModbusReader - INFO - 風速: 0.0 m/s, 風級: 0, 風向角度: 0, 風向: N, 濕度: 33.7%, 溫度: 28.7°C
2025-08-27 15:23:14 - ModbusReader - INFO - 風速: 0.0 m/s, 風級: 0, 風向角度: 0, 風向: N, 濕度: 33.9%, 溫度: 28.7°C
2025-08-27 15:23:28 - ModbusReader - INFO - 風速: 0.0 m/s, 風級: 0, 風向角度: 0, 風向: N, 濕度: 34.0%, 溫度: 28.7°C
2025-08-27 15:23:47 - ModbusReader - INFO - 風速: 0.0 m/s, 風級: 0, 風向角度: 0, 風向: N, 濕度: 34.3%, 溫度: 28.7°C
2025-08-27 15:24:06 - ModbusReader - INFO - 風速: 0.0 m/s, 風級: 0, 風向角度: 0, 風向: N, 濕度: 34.8%, 溫度: 28.7°C
2025-08-27 15:24:28 - ModbusReader - INFO - 風速: 0.0 m/s, 風級: 0, 風向角度: 0, 風向: N, 濕度: 34.7%, 溫度: 28.8°C
2025-08-27 15:24:45 - ModbusReader - INFO - 風速: 0.0 m/s, 風級: 0, 風向角度: 0, 風向: N, 濕度: 34.3%, 溫度: 28.7°C
2025-08-27 15:24:55 - ModbusReader - INFO - 風速: 0.0 m/s, 風級: 0, 風向角度: 0, 風向: N, 濕度: 34.3%, 溫度: 28.8°C
2025-08-27 15:25:05 - ModbusReader - INFO - 風速: 0.0 m/s, 風級: 0, 風向角度: 0, 風向: N, 濕度: 34.3%, 溫度: 28.7°C
2025-08-27 15:25:25 - ModbusReader - INFO - 風速: 0.0 m/s, 風級: 0, 風向角度: 0, 風向: N, 濕度: 34.1%, 溫度: 28.7°C
2025-08-27 15:25:45 - ModbusReader - INFO - 風速: 0.0 m/s, 風級: 0, 風向角度: 0, 風向: N, 濕度: 34.0%, 溫度: 28.7°C
2025-08-27 15:25:58 - ModbusReader - INFO - 風速: 0.0 m/s, 風級: 0, 風向角度: 0, 風向: N, 濕度: 34.0%, 溫度: 28.7°C
2025-08-27 15:26:19 - ModbusReader - INFO - 風速: 0.0 m/s, 風級: 0, 風向角度: 0, 風向: N, 濕度: 34.1%, 溫度: 28.7°C
2025-08-27 15:26:41 - ModbusReader - INFO - 風速: 0.0 m/s, 風級: 0, 風向角度: 0, 風向: N, 濕度: 34.1%, 溫度: 28.7°C
2025-08-27 15:27:00 - ModbusReader - INFO - 風速: 0.0 m/s, 風級: 0, 風向角度: 0, 風向: N, 濕度: 33.3%, 溫度: 28.7°C
2025-08-27 15:27:17 - ModbusReader - INFO - 風速: 0.0 m/s, 風級: 0, 風向角度: 0, 風向: N, 濕度: 33.3%, 溫度: 28.7°C
2025-08-27 15:27:32 - ModbusReader - INFO - 風速: 0.0 m/s, 風級: 0, 風向角度: 0, 風向: N, 濕度: 33.4%, 溫度: 28.7°C
2025-08-27 15:27:54 - ModbusReader - INFO - 風速: 0.0 m/s, 風級: 0, 風向角度: 0, 風向: N, 濕度: 33.0%, 溫度: 28.7°C
2025-08-27 15:28:15 - ModbusReader - INFO - 風速: 0.0 m/s, 風級: 0, 風向角度: 0, 風向: N, 濕度: 33.2%, 溫度: 28.7°C
2025-08-27 15:28:26 - ModbusReader - INFO - 風速: 0.0 m/s, 風級: 0, 風向角度: 0, 風向: N, 濕度: 33.1%, 溫度: 28.7°C
2025-08-27 15:28:47 - ModbusReader - INFO - 風速: 0.0 m/s, 風級: 0, 風向角度: 0, 風向: N, 濕度: 32.9%, 溫度: 28.7°C
2025-08-27 15:28:59 - ModbusReader - INFO - 風速: 0.0 m/s, 風級: 0, 風向角度: 0, 風向: N, 濕度: 33.0%, 溫度: 28.7°C
2025-08-27 15:29:17 - ModbusReader - INFO - 風速: 0.0 m/s, 風級: 0, 風向角度: 0, 風向: N, 濕度: 33.0%, 溫度: 28.7°C
2025-08-27 15:29:37 - ModbusReader - INFO - 風速: 0.0 m/s, 風級: 0, 風向角度: 0, 風向: N, 濕度: 32.5%, 溫度: 28.7°C
2025-08-27 15:29:52 - ModbusReader - INFO - 風速: 0.0 m/s, 風級: 0, 風向角度: 0, 風向: N, 濕度: 32.6%, 溫度: 28.7°C
2025-08-27 15:30:10 - ModbusReader - INFO - 風速: 0.0 m/s, 風級: 0, 風向角度: 0, 風向: N, 濕度: 32.1%, 溫度: 28.7°C
2025-08-27 15:30:30 - ModbusReader - INFO - 風速: 0.0 m/s, 風級: 0, 風向角度: 0, 風向: N, 濕度: 32.3%, 溫度: 28.7°C
2025-08-27 15:30:49 - ModbusReader - INFO - 風速: 0.0 m/s, 風級: 0, 風向角度: 0, 風向: N, 濕度: 32.2%, 溫度: 28.7°C
2025-08-27 15:31:04 - ModbusReader - INFO - 風速: 0.0 m/s, 風級: 0, 風向角度: 0, 風向: N, 濕度: 31.8%, 溫度: 28.7°C
2025-08-27 15:31:20 - ModbusReader - INFO - 風速: 0.0 m/s, 風級: 0, 風向角度: 0, 風向: N, 濕度: 31.7%, 溫度: 28.7°C
2025-08-27 15:31:29 - ModbusReader - INFO - 風速: 0.0 m/s, 風級: 0, 風向角度: 0, 風向: N, 濕度: 31.7%, 溫度: 28.7°C
2025-08-27 15:31:45 - ModbusReader - INFO - 風速: 0.0 m/s, 風級: 0, 風向角度: 0, 風向: N, 濕度: 31.5%, 溫度: 28.7°C
2025-08-27 15:31:58 - ModbusReader - INFO - 風速: 0.0 m/s, 風級: 0, 風向角度: 0, 風向: N, 濕度: 31.5%, 溫度: 28.7°C
2025-08-27 15:32:11 - ModbusReader - INFO - 風速: 0.0 m/s, 風級: 0, 風向角度: 0, 風向: N, 濕度: 31.7%, 溫度: 28.7°C
2025-08-27 15:32:31 - ModbusReader - INFO - 風速: 0.0 m/s, 風級: 0, 風向角度: 0, 風向: N, 濕度: 31.9%, 溫度: 28.7°C
2025-08-27 15:32:54 - ModbusReader - INFO - 風速: 0.0 m/s, 風級: 0, 風向角度: 0, 風向: N, 濕度: 32.0%, 溫度: 28.7°C
2025-08-27 15:33:09 - ModbusReader - INFO - 風速: 0.0 m/s, 風級: 0, 風向角度: 0, 風向: N, 濕度: 32.0%, 溫度: 28.7°C
2025-08-27 15:33:25 - ModbusReader - INFO - 風速: 0.0 m/s, 風級: 0, 風向角度: 0, 風向: N, 濕度: 32.3%, 溫度: 28.7°C
2025-08-27 15:33:42 - ModbusReader - INFO - 風速: 0.0 m/s, 風級: 0, 風向角度: 0, 風向: N, 濕度: 32.6%, 溫度: 28.7°C
2025-08-27 15:34:04 - ModbusReader - INFO - 風速: 0.0 m/s, 風級: 0, 風向角度: 0, 風向: N, 濕度: 33.0%, 溫度: 28.7°C
2025-08-27 15:34:27 - ModbusReader - INFO - 風速: 0.0 m/s, 風級: 0, 風向角度: 0, 風向: N, 濕度: 33.9%, 溫度: 28.8°C
2025-08-27 15:34:38 - ModbusReader - INFO - 風速: 0.0 m/s, 風級: 0, 風向角度: 0, 風向: N, 濕度: 34.3%, 溫度: 28.7°C
2025-08-27 15:34:58 - ModbusReader - INFO - 風速: 0.0 m/s, 風級: 0, 風向角度: 0, 風向: N, 濕度: 34.8%, 溫度: 28.7°C
2025-08-27 15:35:16 - ModbusReader - INFO - 風速: 0.0 m/s, 風級: 0, 風向角度: 0, 風向: N, 濕度: 34.9%, 溫度: 28.7°C
2025-08-27 15:35:39 - ModbusReader - INFO - 風速: 0.0 m/s, 風級: 0, 風向角度: 0, 風向: N, 濕度: 35.2%, 溫度: 28.7°C
2025-08-27 15:35:55 - ModbusReader - INFO - 風速: 0.0 m/s, 風級: 0, 風向角度: 0, 風向: N, 濕度: 35.0%, 溫度: 28.7°C
2025-08-27 15:36:17 - ModbusReader - INFO - 風速: 0.0 m/s, 風級: 0, 風向角度: 0, 風向: N, 濕度: 34.7%, 溫度: 28.8°C
2025-08-27 15:36:38 - ModbusReader - INFO - 風速: 0.0 m/s, 風級: 0, 風向角度: 0, 風向: N, 濕度: 34.7%, 溫度: 28.7°C
2025-08-27 15:36:58 - ModbusReader - INFO - 風速: 0.0 m/s, 風級: 0, 風向角度: 0, 風向: N, 濕度: 34.6%, 溫度: 28.8°C
2025-08-27 15:37:18 - ModbusReader - INFO - 風速: 0.0 m/s, 風級: 0, 風向角度: 0, 風向: N, 濕度: 34.4%, 溫度: 28.8°C
2025-08-27 15:37:41 - ModbusReader - INFO - 風速: 0.0 m/s, 風級: 0, 風向角度: 0, 風向: N, 濕度: 34.2%, 溫度: 28.8°C
2025-08-27 15:37:51 - ModbusReader - INFO - 風速: 0.0 m/s, 風級: 0, 風向角度: 0, 風向: N, 濕度: 34.2%, 溫度: 28.8°C
2025-08-27 15:38:02 - ModbusReader - INFO - 風速: 0.0 m/s, 風級: 0, 風向角度: 0, 風向: N, 濕度: 33.8%, 溫度: 28.7°C
2025-08-27 15:38:19 - ModbusReader - INFO - 風速: 0.0 m/s, 風級: 0, 風向角度: 0, 風向: N, 濕度: 33.6%, 溫度: 28.7°C
2025-08-27 15:38:35 - ModbusReader - INFO - 風速: 0.0 m/s, 風級: 0, 風向角度: 0, 風向: N, 濕度: 33.5%, 溫度: 28.8°C
2025-08-27 15:38:46 - ModbusReader - INFO - 風速: 0.0 m/s, 風級: 0, 風向角度: 0, 風向: N, 濕度: 33.5%, 溫度: 28.8°C
2025-08-27 15:38:59 - ModbusReader - INFO - 風速: 0.0 m/s, 風級: 0, 風向角度: 0, 風向: N, 濕度: 33.2%, 溫度: 28.8°C
2025-08-27 15:39:19 - ModbusReader - INFO - 風速: 0.0 m/s, 風級: 0, 風向角度: 0, 風向: N, 濕度: 33.3%, 溫度: 28.8°C
2025-08-27 15:39:36 - ModbusReader - INFO - 風速: 0.0 m/s, 風級: 0, 風向角度: 0, 風向: N, 濕度: 33.2%, 溫度: 28.8°C
2025-08-27 15:39:58 - ModbusReader - INFO - 風速: 0.0 m/s, 風級: 0, 風向角度: 0, 風向: N, 濕度: 32.8%, 溫度: 28.7°C
2025-08-27 15:40:08 - ModbusReader - INFO - 風速: 0.0 m/s, 風級: 0, 風向角度: 0, 風向: N, 濕度: 32.9%, 溫度: 28.7°C
2025-08-27 15:40:29 - ModbusReader - INFO - 風速: 0.0 m/s, 風級: 0, 風向角度: 0, 風向: N, 濕度: 32.7%, 溫度: 28.8°C
2025-08-27 15:40:43 - ModbusReader - INFO - 風速: 0.0 m/s, 風級: 0, 風向角度: 0, 風向: N, 濕度: 32.8%, 溫度: 28.8°C
2025-08-27 15:40:58 - ModbusReader - INFO - 風速: 0.0 m/s, 風級: 0, 風向角度: 0, 風向: N, 濕度: 32.6%, 溫度: 28.8°C
2025-08-27 15:41:08 - ModbusReader - INFO - 風速: 0.0 m/s, 風級: 0, 風向角度: 0, 風向: N, 濕度: 32.5%, 溫度: 28.7°C
2025-08-27 15:41:27 - ModbusReader - INFO - 風速: 0.0 m/s, 風級: 0, 風向角度: 0, 風向: N, 濕度: 32.2%, 溫度: 28.7°C
2025-08-27 15:41:39 - ModbusReader - INFO - 風速: 0.0 m/s, 風級: 0, 風向角度: 0, 風向: N, 濕度: 32.2%, 溫度: 28.8°C
2025-08-27 15:41:53 - ModbusReader - INFO - 風速: 0.0 m/s, 風級: 0, 風向角度: 0, 風向: N, 濕度: 32.2%, 溫度: 28.7°C
2025-08-27 15:42:06 - ModbusReader - INFO - 風速: 0.0 m/s, 風級: 0, 風向角度: 0, 風向: N, 濕度: 32.1%, 溫度: 28.8°C
2025-08-27 15:42:18 - ModbusReader - INFO - 風速: 0.0 m/s, 風級: 0, 風向角度: 0, 風向: N, 濕度: 31.9%, 溫度: 28.8°C
2025-08-27 15:42:40 - ModbusReader - INFO - 風速: 0.0 m/s, 風級: 0, 風向角度: 0, 風向: N, 濕度: 31.8%, 溫度: 28.7°C
2025-08-27 15:42:58 - ModbusReader - INFO - 風速: 0.0 m/s, 風級: 0, 風向角度: 0, 風向: N, 濕度: 31.8%, 溫度: 28.7°C
2025-08-27 15:43:10 - ModbusReader - INFO - 風速: 0.0 m/s, 風級: 0, 風向角度: 0, 風向: N, 濕度: 31.9%, 溫度: 28.7°C
2025-08-27 15:43:24 - ModbusReader - INFO - 風速: 0.0 m/s, 風級: 0, 風向角度: 0, 風向: N, 濕度: 32.1%, 溫度: 28.7°C
2025-08-27 15:43:40 - ModbusReader - INFO - 風速: 0.0 m/s, 風級: 0, 風向角度: 0, 風向: N, 濕度: 32.1%, 溫度: 28.8°C
2025-08-27 15:43:59 - ModbusReader - INFO - 風速: 0.0 m/s, 風級: 0, 風向角度: 0, 風向: N, 濕度: 32.2%, 溫度: 28.7°C
2025-08-27 15:44:10 - ModbusReader - INFO - 風速: 0.0 m/s, 風級: 0, 風向角度: 0, 風向: N, 濕度: 32.2%, 溫度: 28.7°C
2025-08-27 15:44:30 - ModbusReader - INFO - 風速: 0.0 m/s, 風級: 0, 風向角度: 0, 風向: N, 濕度: 31.8%, 溫度: 28.7°C
2025-08-27 15:44:47 - ModbusReader - INFO - 風速: 0.0 m/s, 風級: 0, 風向角度: 0, 風向: N, 濕度: 31.0%, 溫度: 28.7°C
2025-08-27 15:45:02 - ModbusReader - INFO - 風速: 0.0 m/s, 風級: 0, 風向角度: 0, 風向: N, 濕度: 31.2%, 溫度: 28.7°C
2025-08-27 15:45:22 - ModbusReader - INFO - 風速: 0.0 m/s, 風級: 0, 風向角度: 0, 風向: N, 濕度: 31.1%, 溫度: 28.7°C
2025-08-27 15:45:44 - ModbusReader - INFO - 風速: 0.0 m/s, 風級: 0, 風向角度: 0, 風向: N, 濕度: 30.9%, 溫度: 28.7°C
2025-08-27 15:46:02 - ModbusReader - INFO - 風速: 0.0 m/s, 風級: 0, 風向角度: 0, 風向: N, 濕度: 30.9%, 溫度: 28.7°C
2025-08-27 15:46:22 - ModbusReader - INFO - 風速: 0.0 m/s, 風級: 0, 風向角度: 0, 風向: N, 濕度: 30.7%, 溫度: 28.7°C
2025-08-27 15:46:39 - ModbusReader - INFO - 風速: 0.0 m/s, 風級: 0, 風向角度: 0, 風向: N, 濕度: 30.8%, 溫度: 28.7°C
2025-08-27 15:46:51 - ModbusReader - INFO - 風速: 0.0 m/s, 風級: 0, 風向角度: 0, 風向: N, 濕度: 31.0%, 溫度: 28.7°C
2025-08-27 15:47:12 - ModbusReader - INFO - 風速: 0.0 m/s, 風級: 0, 風向角度: 0, 風向: N, 濕度: 31.0%, 溫度: 28.7°C
2025-08-27 15:47:42 - ModbusReader - INFO - 風速: 0.0 m/s, 風級: 0, 風向角度: 0, 風向: N, 濕度: 31.4%, 溫度: 28.7°C
2025-08-27 15:47:59 - ModbusReader - INFO - 風速: 0.0 m/s, 風級: 0, 風向角度: 0, 風向: N, 濕度: 31.6%, 溫度: 28.7°C
2025-08-27 15:57:42 - ModbusReader - INFO - 風速: 0.0 m/s, 風級: 0, 風向角度: 0, 風向: N, 濕度: 32.1%, 溫度: 28.8°C
2025-08-27 15:58:50 - ModbusReader - INFO - 風速: 0.0 m/s, 風級: 0, 風向角度: 0, 風向: N, 濕度: 31.6%, 溫度: 28.8°C
2025-08-27 15:59:11 - ModbusReader - INFO - 風速: 0.0 m/s, 風級: 0, 風向角度: 0, 風向: N, 濕度: 32.5%, 溫度: 28.8°C
2025-08-27 15:59:21 - ModbusReader - INFO - 風速: 0.0 m/s, 風級: 0, 風向角度: 0, 風向: N, 濕度: 32.9%, 溫度: 28.8°C
2025-08-27 15:59:39 - ModbusReader - INFO - 風速: 0.0 m/s, 風級: 0, 風向角度: 0, 風向: N, 濕度: 33.0%, 溫度: 28.8°C
2025-08-27 16:00:20 - ModbusReader - INFO - 風速: 0.0 m/s, 風級: 0, 風向角度: 0, 風向: N, 濕度: 34.1%, 溫度: 28.8°C
2025-08-27 16:00:30 - ModbusReader - INFO - 風速: 0.0 m/s, 風級: 0, 風向角度: 0, 風向: N, 濕度: 34.5%, 溫度: 28.8°C
2025-08-27 16:00:46 - ModbusReader - INFO - 風速: 0.0 m/s, 風級: 0, 風向角度: 0, 風向: N, 濕度: 35.1%, 溫度: 28.8°C
2025-08-27 16:01:07 - ModbusReader - INFO - 風速: 0.0 m/s, 風級: 0, 風向角度: 0, 風向: N, 濕度: 35.1%, 溫度: 28.8°C
2025-08-27 16:01:25 - ModbusReader - INFO - 風速: 0.0 m/s, 風級: 0, 風向角度: 0, 風向: N, 濕度: 35.4%, 溫度: 28.8°C
2025-08-27 16:01:42 - ModbusReader - INFO - 風速: 0.0 m/s, 風級: 0, 風向角度: 0, 風向: N, 濕度: 35.6%, 溫度: 28.8°C
2025-08-27 16:01:55 - ModbusReader - INFO - 風速: 0.0 m/s, 風級: 0, 風向角度: 0, 風向: N, 濕度: 35.6%, 溫度: 28.8°C
2025-08-27 16:02:06 - ModbusReader - INFO - 風速: 0.0 m/s, 風級: 0, 風向角度: 0, 風向: N, 濕度: 35.6%, 溫度: 28.8°C
2025-08-27 16:02:18 - ModbusReader - INFO - 風速: 0.0 m/s, 風級: 0, 風向角度: 0, 風向: N, 濕度: 35.4%, 溫度: 28.8°C
2025-08-27 16:02:28 - ModbusReader - INFO - 風速: 0.0 m/s, 風級: 0, 風向角度: 0, 風向: N, 濕度: 35.3%, 溫度: 28.8°C
2025-08-27 16:02:48 - ModbusReader - INFO - 風速: 0.0 m/s, 風級: 0, 風向角度: 0, 風向: N, 濕度: 35.1%, 溫度: 28.8°C
2025-08-27 16:03:03 - ModbusReader - INFO - 風速: 0.0 m/s, 風級: 0, 風向角度: 0, 風向: N, 濕度: 35.0%, 溫度: 28.8°C
2025-08-27 16:03:16 - ModbusReader - INFO - 風速: 0.0 m/s, 風級: 0, 風向角度: 0, 風向: N, 濕度: 34.8%, 溫度: 28.8°C
2025-08-27 16:07:30 - ModbusReader - INFO - 風速: 0.0 m/s, 風級: 0, 風向角度: 0, 風向: N, 濕度: 32.1%, 溫度: 28.7°C
2025-08-27 16:20:18 - ModbusReader - INFO - 風速: 0.0 m/s, 風級: 0, 風向角度: 0, 風向: N, 濕度: 32.1%, 溫度: 28.6°C
2025-08-27 16:21:11 - ModbusReader - INFO - 風速: 0.0 m/s, 風級: 0, 風向角度: 0, 風向: N, 濕度: 33.4%, 溫度: 28.6°C
2025-08-27 16:21:23 - ModbusReader - INFO - 風速: 0.0 m/s, 風級: 0, 風向角度: 0, 風向: N, 濕度: 33.5%, 溫度: 28.6°C
2025-08-27 16:21:38 - ModbusReader - INFO - 風速: 0.0 m/s, 風級: 0, 風向角度: 0, 風向: N, 濕度: 33.7%, 溫度: 28.6°C
2025-08-27 16:21:58 - ModbusReader - INFO - 風速: 0.0 m/s, 風級: 0, 風向角度: 0, 風向: N, 濕度: 34.0%, 溫度: 28.6°C
2025-08-27 16:22:09 - ModbusReader - INFO - 風速: 0.0 m/s, 風級: 0, 風向角度: 0, 風向: N, 濕度: 34.5%, 溫度: 28.6°C
2025-08-27 16:22:20 - ModbusReader - INFO - 風速: 0.0 m/s, 風級: 0, 風向角度: 0, 風向: N, 濕度: 34.6%, 溫度: 28.6°C
2025-08-27 16:22:34 - ModbusReader - INFO - 風速: 0.0 m/s, 風級: 0, 風向角度: 0, 風向: N, 濕度: 34.6%, 溫度: 28.6°C
2025-08-27 16:22:57 - ModbusReader - INFO - 風速: 0.0 m/s, 風級: 0, 風向角度: 0, 風向: N, 濕度: 34.5%, 溫度: 28.6°C
